country,field,year,num_articles,complete,num_citations,pillar,is_group
ASEAN,AI Safety,2015,31,True,9382.0,publications,True
ASEAN,AI Safety,2016,39,True,1734.0,publications,True
ASEAN,AI Safety,2017,39,True,1594.0,publications,True
ASEAN,AI Safety,2018,67,True,12577.0,publications,True
ASEAN,AI Safety,2019,117,True,11582.0,publications,True
ASEAN,AI Safety,2020,141,True,12222.0,publications,True
ASEAN,AI Safety,2021,172,True,10172.0,publications,True
ASEAN,AI Safety,2022,146,True,3822.0,publications,True
ASEAN,AI Safety,2023,310,True,6598.0,publications,True
ASEAN,AI Safety,2024,519,False,3928.0,publications,True
ASEAN,AI Safety,2025,302,False,493.0,publications,True
ASEAN,All,2015,5042,True,141731.0,publications,True
ASEAN,All,2016,5549,True,155099.0,publications,True
ASEAN,All,2017,6429,True,199284.0,publications,True
ASEAN,All,2018,8408,True,263640.0,publications,True
ASEAN,All,2019,10232,True,302225.0,publications,True
ASEAN,All,2020,11574,True,336764.0,publications,True
ASEAN,All,2021,14323,True,319358.0,publications,True
ASEAN,All,2022,15336,True,222845.0,publications,True
ASEAN,All,2023,19745,True,207500.0,publications,True
ASEAN,All,2024,19665,False,83762.0,publications,True
ASEAN,All,2025,7998,False,8235.0,publications,True
ASEAN,Computer Vision,2015,1833,True,66899.0,publications,True
ASEAN,Computer Vision,2016,1885,True,67528.0,publications,True
ASEAN,Computer Vision,2017,2165,True,69125.0,publications,True
ASEAN,Computer Vision,2018,2774,True,94122.0,publications,True
ASEAN,Computer Vision,2019,3378,True,104969.0,publications,True
ASEAN,Computer Vision,2020,3689,True,117844.0,publications,True
ASEAN,Computer Vision,2021,4681,True,120066.0,publications,True
ASEAN,Computer Vision,2022,4997,True,79555.0,publications,True
ASEAN,Computer Vision,2023,6307,True,73151.0,publications,True
ASEAN,Computer Vision,2024,5932,False,25118.0,publications,True
ASEAN,Computer Vision,2025,2277,False,2437.0,publications,True
ASEAN,Large language models,2015,11,True,431.0,publications,True
ASEAN,Large language models,2016,22,True,1655.0,publications,True
ASEAN,Large language models,2017,25,True,1494.0,publications,True
ASEAN,Large language models,2018,68,True,7839.0,publications,True
ASEAN,Large language models,2019,163,True,12934.0,publications,True
ASEAN,Large language models,2020,290,True,25251.0,publications,True
ASEAN,Large language models,2021,557,True,39670.0,publications,True
ASEAN,Large language models,2022,706,True,27859.0,publications,True
ASEAN,Large language models,2023,1313,True,44534.0,publications,True
ASEAN,Large language models,2024,1462,False,13880.0,publications,True
ASEAN,Large language models,2025,737,False,1371.0,publications,True
ASEAN,Natural Language Processing,2015,488,True,11423.0,publications,True
ASEAN,Natural Language Processing,2016,613,True,17777.0,publications,True
ASEAN,Natural Language Processing,2017,708,True,24549.0,publications,True
ASEAN,Natural Language Processing,2018,950,True,31525.0,publications,True
ASEAN,Natural Language Processing,2019,1133,True,28724.0,publications,True
ASEAN,Natural Language Processing,2020,1183,True,35222.0,publications,True
ASEAN,Natural Language Processing,2021,1560,True,36111.0,publications,True
ASEAN,Natural Language Processing,2022,1673,True,21492.0,publications,True
ASEAN,Natural Language Processing,2023,2262,True,32401.0,publications,True
ASEAN,Natural Language Processing,2024,1991,False,8241.0,publications,True
ASEAN,Natural Language Processing,2025,777,False,728.0,publications,True
ASEAN,Robotics,2015,990,True,15457.0,publications,True
ASEAN,Robotics,2016,1066,True,22841.0,publications,True
ASEAN,Robotics,2017,1140,True,20651.0,publications,True
ASEAN,Robotics,2018,1358,True,25465.0,publications,True
ASEAN,Robotics,2019,1466,True,24148.0,publications,True
ASEAN,Robotics,2020,1591,True,29611.0,publications,True
ASEAN,Robotics,2021,1777,True,21918.0,publications,True
ASEAN,Robotics,2022,1707,True,16986.0,publications,True
ASEAN,Robotics,2023,2026,True,14800.0,publications,True
ASEAN,Robotics,2024,1874,False,7224.0,publications,True
ASEAN,Robotics,2025,863,False,796.0,publications,True
Afghanistan,AI Safety,2023,2,True,43.0,publications,False
Afghanistan,AI Safety,2024,3,False,70.0,publications,False
Afghanistan,All,2015,1,True,7.0,publications,False
Afghanistan,All,2017,1,True,5.0,publications,False
Afghanistan,All,2018,2,True,13.0,publications,False
Afghanistan,All,2019,8,True,51.0,publications,False
Afghanistan,All,2020,11,True,150.0,publications,False
Afghanistan,All,2021,17,True,429.0,publications,False
Afghanistan,All,2022,46,True,1175.0,publications,False
Afghanistan,All,2023,44,True,795.0,publications,False
Afghanistan,All,2024,70,False,777.0,publications,False
Afghanistan,All,2025,72,False,115.0,publications,False
Afghanistan,Computer Vision,2017,1,True,5.0,publications,False
Afghanistan,Computer Vision,2019,2,True,14.0,publications,False
Afghanistan,Computer Vision,2020,4,True,71.0,publications,False
Afghanistan,Computer Vision,2021,3,True,34.0,publications,False
Afghanistan,Computer Vision,2022,16,True,401.0,publications,False
Afghanistan,Computer Vision,2023,9,True,92.0,publications,False
Afghanistan,Computer Vision,2024,19,False,82.0,publications,False
Afghanistan,Computer Vision,2025,17,False,23.0,publications,False
Afghanistan,Large language models,2022,1,True,5.0,publications,False
Afghanistan,Large language models,2025,3,False,2.0,publications,False
Afghanistan,Natural Language Processing,2015,1,True,7.0,publications,False
Afghanistan,Natural Language Processing,2019,5,True,3.0,publications,False
Afghanistan,Natural Language Processing,2020,2,True,21.0,publications,False
Afghanistan,Natural Language Processing,2021,2,True,1.0,publications,False
Afghanistan,Natural Language Processing,2022,6,True,68.0,publications,False
Afghanistan,Natural Language Processing,2023,3,True,52.0,publications,False
Afghanistan,Natural Language Processing,2024,2,False,1.0,publications,False
Afghanistan,Natural Language Processing,2025,1,False,2.0,publications,False
Afghanistan,Robotics,2020,1,True,42.0,publications,False
Afghanistan,Robotics,2021,1,True,2.0,publications,False
Afghanistan,Robotics,2022,3,True,139.0,publications,False
Afghanistan,Robotics,2023,2,True,12.0,publications,False
Afghanistan,Robotics,2024,3,False,57.0,publications,False
Afghanistan,Robotics,2025,3,False,6.0,publications,False
Africa,AI Safety,2015,10,True,82.0,publications,True
Africa,AI Safety,2016,15,True,99.0,publications,True
Africa,AI Safety,2017,18,True,174.0,publications,True
Africa,AI Safety,2018,18,True,177.0,publications,True
Africa,AI Safety,2019,25,True,943.0,publications,True
Africa,AI Safety,2020,29,True,979.0,publications,True
Africa,AI Safety,2021,46,True,485.0,publications,True
Africa,AI Safety,2022,49,True,464.0,publications,True
Africa,AI Safety,2023,126,True,1164.0,publications,True
Africa,AI Safety,2024,257,False,1627.0,publications,True
Africa,AI Safety,2025,173,False,236.0,publications,True
Africa,All,2015,2748,True,40930.0,publications,True
Africa,All,2016,3192,True,41954.0,publications,True
Africa,All,2017,3329,True,57700.0,publications,True
Africa,All,2018,3847,True,71579.0,publications,True
Africa,All,2019,4444,True,90425.0,publications,True
Africa,All,2020,5672,True,119107.0,publications,True
Africa,All,2021,7099,True,155736.0,publications,True
Africa,All,2022,8276,True,120652.0,publications,True
Africa,All,2023,9484,True,99945.0,publications,True
Africa,All,2024,10163,False,53881.0,publications,True
Africa,All,2025,4657,False,5371.0,publications,True
Africa,Computer Vision,2015,981,True,14214.0,publications,True
Africa,Computer Vision,2016,1162,True,14334.0,publications,True
Africa,Computer Vision,2017,1134,True,22090.0,publications,True
Africa,Computer Vision,2018,1236,True,23177.0,publications,True
Africa,Computer Vision,2019,1354,True,28736.0,publications,True
Africa,Computer Vision,2020,1724,True,42319.0,publications,True
Africa,Computer Vision,2021,2105,True,66757.0,publications,True
Africa,Computer Vision,2022,2537,True,38499.0,publications,True
Africa,Computer Vision,2023,2607,True,25937.0,publications,True
Africa,Computer Vision,2024,2678,False,12563.0,publications,True
Africa,Computer Vision,2025,1163,False,1453.0,publications,True
Africa,Large language models,2015,6,True,141.0,publications,True
Africa,Large language models,2016,2,True,41.0,publications,True
Africa,Large language models,2017,8,True,786.0,publications,True
Africa,Large language models,2018,14,True,701.0,publications,True
Africa,Large language models,2019,28,True,3946.0,publications,True
Africa,Large language models,2020,57,True,3866.0,publications,True
Africa,Large language models,2021,108,True,2763.0,publications,True
Africa,Large language models,2022,140,True,2148.0,publications,True
Africa,Large language models,2023,272,True,2817.0,publications,True
Africa,Large language models,2024,307,False,1793.0,publications,True
Africa,Large language models,2025,262,False,202.0,publications,True
Africa,Natural Language Processing,2015,310,True,4629.0,publications,True
Africa,Natural Language Processing,2016,367,True,4920.0,publications,True
Africa,Natural Language Processing,2017,401,True,5826.0,publications,True
Africa,Natural Language Processing,2018,459,True,7118.0,publications,True
Africa,Natural Language Processing,2019,531,True,11800.0,publications,True
Africa,Natural Language Processing,2020,573,True,10784.0,publications,True
Africa,Natural Language Processing,2021,670,True,10104.0,publications,True
Africa,Natural Language Processing,2022,771,True,7576.0,publications,True
Africa,Natural Language Processing,2023,922,True,7329.0,publications,True
Africa,Natural Language Processing,2024,811,False,2937.0,publications,True
Africa,Natural Language Processing,2025,337,False,253.0,publications,True
Africa,Robotics,2015,344,True,3854.0,publications,True
Africa,Robotics,2016,390,True,5162.0,publications,True
Africa,Robotics,2017,432,True,6769.0,publications,True
Africa,Robotics,2018,478,True,7088.0,publications,True
Africa,Robotics,2019,516,True,8138.0,publications,True
Africa,Robotics,2020,577,True,7663.0,publications,True
Africa,Robotics,2021,656,True,7922.0,publications,True
Africa,Robotics,2022,745,True,6108.0,publications,True
Africa,Robotics,2023,826,True,4206.0,publications,True
Africa,Robotics,2024,699,False,2261.0,publications,True
Africa,Robotics,2025,333,False,278.0,publications,True
Albania,AI Safety,2023,1,True,4.0,publications,False
Albania,AI Safety,2024,1,False,,publications,False
Albania,AI Safety,2025,2,False,,publications,False
Albania,All,2015,17,True,238.0,publications,False
Albania,All,2016,15,True,66.0,publications,False
Albania,All,2017,26,True,539.0,publications,False
Albania,All,2018,21,True,83.0,publications,False
Albania,All,2019,19,True,175.0,publications,False
Albania,All,2020,17,True,124.0,publications,False
Albania,All,2021,36,True,555.0,publications,False
Albania,All,2022,37,True,191.0,publications,False
Albania,All,2023,65,True,287.0,publications,False
Albania,All,2024,70,False,253.0,publications,False
Albania,All,2025,35,False,17.0,publications,False
Albania,Computer Vision,2016,2,True,17.0,publications,False
Albania,Computer Vision,2017,7,True,129.0,publications,False
Albania,Computer Vision,2018,6,True,3.0,publications,False
Albania,Computer Vision,2019,6,True,88.0,publications,False
Albania,Computer Vision,2020,6,True,67.0,publications,False
Albania,Computer Vision,2021,4,True,4.0,publications,False
Albania,Computer Vision,2022,8,True,80.0,publications,False
Albania,Computer Vision,2023,11,True,43.0,publications,False
Albania,Computer Vision,2024,8,False,17.0,publications,False
Albania,Computer Vision,2025,7,False,4.0,publications,False
Albania,Large language models,2022,1,True,3.0,publications,False
Albania,Large language models,2023,1,True,5.0,publications,False
Albania,Large language models,2025,2,False,,publications,False
Albania,Natural Language Processing,2015,2,True,,publications,False
Albania,Natural Language Processing,2016,5,True,9.0,publications,False
Albania,Natural Language Processing,2017,5,True,36.0,publications,False
Albania,Natural Language Processing,2018,13,True,73.0,publications,False
Albania,Natural Language Processing,2019,1,True,4.0,publications,False
Albania,Natural Language Processing,2020,3,True,22.0,publications,False
Albania,Natural Language Processing,2021,6,True,358.0,publications,False
Albania,Natural Language Processing,2022,5,True,12.0,publications,False
Albania,Natural Language Processing,2023,11,True,52.0,publications,False
Albania,Natural Language Processing,2024,7,False,35.0,publications,False
Albania,Natural Language Processing,2025,3,False,,publications,False
Albania,Robotics,2015,4,True,18.0,publications,False
Albania,Robotics,2016,1,True,,publications,False
Albania,Robotics,2017,1,True,140.0,publications,False
Albania,Robotics,2019,1,True,4.0,publications,False
Albania,Robotics,2020,2,True,6.0,publications,False
Albania,Robotics,2022,1,True,3.0,publications,False
Albania,Robotics,2023,2,True,11.0,publications,False
Albania,Robotics,2024,4,False,2.0,publications,False
Albania,Robotics,2025,3,False,,publications,False
Algeria,AI Safety,2015,3,True,20.0,publications,False
Algeria,AI Safety,2016,1,True,25.0,publications,False
Algeria,AI Safety,2018,3,True,28.0,publications,False
Algeria,AI Safety,2019,3,True,81.0,publications,False
Algeria,AI Safety,2020,2,True,18.0,publications,False
Algeria,AI Safety,2021,7,True,81.0,publications,False
Algeria,AI Safety,2022,7,True,82.0,publications,False
Algeria,AI Safety,2023,13,True,185.0,publications,False
Algeria,AI Safety,2024,33,False,111.0,publications,False
Algeria,AI Safety,2025,14,False,46.0,publications,False
Algeria,All,2015,543,True,5713.0,publications,False
Algeria,All,2016,517,True,5629.0,publications,False
Algeria,All,2017,505,True,6279.0,publications,False
Algeria,All,2018,694,True,7565.0,publications,False
Algeria,All,2019,627,True,9990.0,publications,False
Algeria,All,2020,676,True,11984.0,publications,False
Algeria,All,2021,804,True,11010.0,publications,False
Algeria,All,2022,971,True,9642.0,publications,False
Algeria,All,2023,924,True,6856.0,publications,False
Algeria,All,2024,1224,False,4212.0,publications,False
Algeria,All,2025,406,False,378.0,publications,False
Algeria,Computer Vision,2015,197,True,2312.0,publications,False
Algeria,Computer Vision,2016,192,True,1963.0,publications,False
Algeria,Computer Vision,2017,178,True,3333.0,publications,False
Algeria,Computer Vision,2018,246,True,2534.0,publications,False
Algeria,Computer Vision,2019,210,True,2479.0,publications,False
Algeria,Computer Vision,2020,248,True,4696.0,publications,False
Algeria,Computer Vision,2021,294,True,3816.0,publications,False
Algeria,Computer Vision,2022,332,True,3069.0,publications,False
Algeria,Computer Vision,2023,253,True,1557.0,publications,False
Algeria,Computer Vision,2024,379,False,995.0,publications,False
Algeria,Computer Vision,2025,113,False,76.0,publications,False
Algeria,Large language models,2015,3,True,136.0,publications,False
Algeria,Large language models,2016,1,True,1.0,publications,False
Algeria,Large language models,2019,1,True,6.0,publications,False
Algeria,Large language models,2020,5,True,42.0,publications,False
Algeria,Large language models,2021,7,True,170.0,publications,False
Algeria,Large language models,2022,5,True,65.0,publications,False
Algeria,Large language models,2023,21,True,101.0,publications,False
Algeria,Large language models,2024,28,False,304.0,publications,False
Algeria,Large language models,2025,20,False,14.0,publications,False
Algeria,Natural Language Processing,2015,47,True,747.0,publications,False
Algeria,Natural Language Processing,2016,36,True,449.0,publications,False
Algeria,Natural Language Processing,2017,46,True,651.0,publications,False
Algeria,Natural Language Processing,2018,62,True,719.0,publications,False
Algeria,Natural Language Processing,2019,58,True,815.0,publications,False
Algeria,Natural Language Processing,2020,55,True,562.0,publications,False
Algeria,Natural Language Processing,2021,56,True,815.0,publications,False
Algeria,Natural Language Processing,2022,82,True,907.0,publications,False
Algeria,Natural Language Processing,2023,78,True,445.0,publications,False
Algeria,Natural Language Processing,2024,87,False,298.0,publications,False
Algeria,Natural Language Processing,2025,27,False,13.0,publications,False
Algeria,Robotics,2015,89,True,948.0,publications,False
Algeria,Robotics,2016,89,True,1435.0,publications,False
Algeria,Robotics,2017,86,True,1080.0,publications,False
Algeria,Robotics,2018,108,True,1468.0,publications,False
Algeria,Robotics,2019,101,True,1658.0,publications,False
Algeria,Robotics,2020,86,True,957.0,publications,False
Algeria,Robotics,2021,95,True,918.0,publications,False
Algeria,Robotics,2022,122,True,941.0,publications,False
Algeria,Robotics,2023,129,True,771.0,publications,False
Algeria,Robotics,2024,126,False,268.0,publications,False
Algeria,Robotics,2025,47,False,32.0,publications,False
Andorra,All,2016,2,True,91.0,publications,False
Andorra,All,2023,1,True,1.0,publications,False
Andorra,All,2024,1,False,,publications,False
Andorra,All,2025,1,False,,publications,False
Angola,AI Safety,2019,1,True,14.0,publications,False
Angola,AI Safety,2023,1,True,9.0,publications,False
Angola,All,2016,2,True,6.0,publications,False
Angola,All,2017,2,True,24.0,publications,False
Angola,All,2018,1,True,,publications,False
Angola,All,2019,6,True,17.0,publications,False
Angola,All,2020,3,True,5.0,publications,False
Angola,All,2021,2,True,8.0,publications,False
Angola,All,2022,20,True,849.0,publications,False
Angola,All,2023,28,True,521.0,publications,False
Angola,All,2024,15,False,121.0,publications,False
Angola,All,2025,11,False,17.0,publications,False
Angola,Computer Vision,2019,1,True,,publications,False
Angola,Computer Vision,2022,8,True,454.0,publications,False
Angola,Computer Vision,2023,10,True,219.0,publications,False
Angola,Computer Vision,2024,3,False,12.0,publications,False
Angola,Computer Vision,2025,4,False,10.0,publications,False
Angola,Large language models,2023,2,True,67.0,publications,False
Angola,Large language models,2025,1,False,,publications,False
Angola,Natural Language Processing,2022,1,True,26.0,publications,False
Angola,Natural Language Processing,2023,3,True,69.0,publications,False
Angola,Natural Language Processing,2024,2,False,8.0,publications,False
Angola,Natural Language Processing,2025,1,False,,publications,False
Angola,Robotics,2016,1,True,1.0,publications,False
Antigua and Barbuda,All,2023,2,True,81.0,publications,False
Antigua and Barbuda,All,2024,6,False,10.0,publications,False
Antigua and Barbuda,All,2025,1,False,1.0,publications,False
Antigua and Barbuda,Robotics,2024,2,False,1.0,publications,False
Argentina,AI Safety,2015,4,True,21.0,publications,False
Argentina,AI Safety,2016,3,True,78.0,publications,False
Argentina,AI Safety,2017,4,True,188.0,publications,False
Argentina,AI Safety,2018,3,True,670.0,publications,False
Argentina,AI Safety,2019,3,True,45.0,publications,False
Argentina,AI Safety,2020,2,True,23.0,publications,False
Argentina,AI Safety,2021,10,True,195.0,publications,False
Argentina,AI Safety,2022,2,True,198.0,publications,False
Argentina,AI Safety,2023,9,True,292.0,publications,False
Argentina,AI Safety,2024,7,False,34.0,publications,False
Argentina,AI Safety,2025,2,False,2.0,publications,False
Argentina,All,2015,222,True,5271.0,publications,False
Argentina,All,2016,216,True,5150.0,publications,False
Argentina,All,2017,225,True,8189.0,publications,False
Argentina,All,2018,279,True,6341.0,publications,False
Argentina,All,2019,254,True,3642.0,publications,False
Argentina,All,2020,333,True,5434.0,publications,False
Argentina,All,2021,314,True,3955.0,publications,False
Argentina,All,2022,233,True,3066.0,publications,False
Argentina,All,2023,286,True,2470.0,publications,False
Argentina,All,2024,282,False,917.0,publications,False
Argentina,All,2025,137,False,116.0,publications,False
Argentina,Computer Vision,2015,56,True,626.0,publications,False
Argentina,Computer Vision,2016,40,True,1770.0,publications,False
Argentina,Computer Vision,2017,54,True,1506.0,publications,False
Argentina,Computer Vision,2018,55,True,961.0,publications,False
Argentina,Computer Vision,2019,48,True,1101.0,publications,False
Argentina,Computer Vision,2020,81,True,1714.0,publications,False
Argentina,Computer Vision,2021,73,True,796.0,publications,False
Argentina,Computer Vision,2022,47,True,947.0,publications,False
Argentina,Computer Vision,2023,51,True,583.0,publications,False
Argentina,Computer Vision,2024,56,False,141.0,publications,False
Argentina,Computer Vision,2025,30,False,37.0,publications,False
Argentina,Large language models,2017,1,True,,publications,False
Argentina,Large language models,2018,3,True,383.0,publications,False
Argentina,Large language models,2020,6,True,88.0,publications,False
Argentina,Large language models,2021,10,True,623.0,publications,False
Argentina,Large language models,2022,5,True,27.0,publications,False
Argentina,Large language models,2023,9,True,97.0,publications,False
Argentina,Large language models,2024,21,False,72.0,publications,False
Argentina,Large language models,2025,9,False,4.0,publications,False
Argentina,Natural Language Processing,2015,38,True,718.0,publications,False
Argentina,Natural Language Processing,2016,35,True,852.0,publications,False
Argentina,Natural Language Processing,2017,27,True,349.0,publications,False
Argentina,Natural Language Processing,2018,35,True,721.0,publications,False
Argentina,Natural Language Processing,2019,40,True,507.0,publications,False
Argentina,Natural Language Processing,2020,52,True,425.0,publications,False
Argentina,Natural Language Processing,2021,41,True,379.0,publications,False
Argentina,Natural Language Processing,2022,34,True,545.0,publications,False
Argentina,Natural Language Processing,2023,26,True,162.0,publications,False
Argentina,Natural Language Processing,2024,33,False,94.0,publications,False
Argentina,Natural Language Processing,2025,10,False,4.0,publications,False
Argentina,Robotics,2015,43,True,734.0,publications,False
Argentina,Robotics,2016,44,True,660.0,publications,False
Argentina,Robotics,2017,52,True,1025.0,publications,False
Argentina,Robotics,2018,60,True,982.0,publications,False
Argentina,Robotics,2019,50,True,358.0,publications,False
Argentina,Robotics,2020,54,True,448.0,publications,False
Argentina,Robotics,2021,40,True,346.0,publications,False
Argentina,Robotics,2022,31,True,271.0,publications,False
Argentina,Robotics,2023,49,True,476.0,publications,False
Argentina,Robotics,2024,50,False,116.0,publications,False
Argentina,Robotics,2025,29,False,8.0,publications,False
Armenia,AI Safety,2018,1,True,1.0,publications,False
Armenia,AI Safety,2023,1,True,3.0,publications,False
Armenia,AI Safety,2024,2,False,,publications,False
Armenia,AI Safety,2025,1,False,,publications,False
Armenia,All,2015,17,True,54.0,publications,False
Armenia,All,2016,10,True,61.0,publications,False
Armenia,All,2017,27,True,1815.0,publications,False
Armenia,All,2018,22,True,2696.0,publications,False
Armenia,All,2019,18,True,1641.0,publications,False
Armenia,All,2020,33,True,569.0,publications,False
Armenia,All,2021,43,True,190.0,publications,False
Armenia,All,2022,50,True,382.0,publications,False
Armenia,All,2023,94,True,281.0,publications,False
Armenia,All,2024,67,False,265.0,publications,False
Armenia,All,2025,39,False,46.0,publications,False
Armenia,Computer Vision,2015,7,True,23.0,publications,False
Armenia,Computer Vision,2016,3,True,7.0,publications,False
Armenia,Computer Vision,2017,6,True,21.0,publications,False
Armenia,Computer Vision,2018,4,True,3.0,publications,False
Armenia,Computer Vision,2019,6,True,118.0,publications,False
Armenia,Computer Vision,2020,9,True,86.0,publications,False
Armenia,Computer Vision,2021,6,True,14.0,publications,False
Armenia,Computer Vision,2022,9,True,98.0,publications,False
Armenia,Computer Vision,2023,15,True,71.0,publications,False
Armenia,Computer Vision,2024,15,False,47.0,publications,False
Armenia,Computer Vision,2025,10,False,10.0,publications,False
Armenia,Large language models,2017,1,True,18.0,publications,False
Armenia,Large language models,2020,2,True,376.0,publications,False
Armenia,Large language models,2021,2,True,16.0,publications,False
Armenia,Large language models,2022,4,True,47.0,publications,False
Armenia,Large language models,2023,2,True,41.0,publications,False
Armenia,Large language models,2024,2,False,2.0,publications,False
Armenia,Large language models,2025,1,False,,publications,False
Armenia,Natural Language Processing,2015,1,True,4.0,publications,False
Armenia,Natural Language Processing,2017,6,True,590.0,publications,False
Armenia,Natural Language Processing,2018,5,True,680.0,publications,False
Armenia,Natural Language Processing,2019,3,True,5.0,publications,False
Armenia,Natural Language Processing,2020,10,True,405.0,publications,False
Armenia,Natural Language Processing,2021,11,True,4.0,publications,False
Armenia,Natural Language Processing,2022,14,True,47.0,publications,False
Armenia,Natural Language Processing,2023,16,True,23.0,publications,False
Armenia,Natural Language Processing,2024,7,False,5.0,publications,False
Armenia,Natural Language Processing,2025,2,False,2.0,publications,False
Armenia,Robotics,2016,1,True,38.0,publications,False
Armenia,Robotics,2017,1,True,107.0,publications,False
Armenia,Robotics,2018,1,True,30.0,publications,False
Armenia,Robotics,2019,2,True,5.0,publications,False
Armenia,Robotics,2020,2,True,46.0,publications,False
Armenia,Robotics,2021,5,True,14.0,publications,False
Armenia,Robotics,2022,6,True,3.0,publications,False
Armenia,Robotics,2023,9,True,4.0,publications,False
Armenia,Robotics,2024,3,False,,publications,False
Armenia,Robotics,2025,5,False,4.0,publications,False
Asia,AI Safety,2015,236,True,24454.0,publications,True
Asia,AI Safety,2016,253,True,15150.0,publications,True
Asia,AI Safety,2017,373,True,56270.0,publications,True
Asia,AI Safety,2018,647,True,98630.0,publications,True
Asia,AI Safety,2019,1027,True,77756.0,publications,True
Asia,AI Safety,2020,1469,True,89733.0,publications,True
Asia,AI Safety,2021,1805,True,71997.0,publications,True
Asia,AI Safety,2022,1705,True,35458.0,publications,True
Asia,AI Safety,2023,3168,True,45872.0,publications,True
Asia,AI Safety,2024,5315,False,25192.0,publications,True
Asia,AI Safety,2025,3253,False,3635.0,publications,True
Asia,All,2015,53111,True,1220222.0,publications,True
Asia,All,2016,55310,True,1568593.0,publications,True
Asia,All,2017,64148,True,2009255.0,publications,True
Asia,All,2018,81486,True,2445962.0,publications,True
Asia,All,2019,101901,True,2960451.0,publications,True
Asia,All,2020,118889,True,3175975.0,publications,True
Asia,All,2021,152317,True,3075246.0,publications,True
Asia,All,2022,165858,True,2304578.0,publications,True
Asia,All,2023,209787,True,1946512.0,publications,True
Asia,All,2024,228417,False,877470.0,publications,True
Asia,All,2025,117175,False,92397.0,publications,True
Asia,Computer Vision,2015,21728,True,595963.0,publications,True
Asia,Computer Vision,2016,21335,True,728364.0,publications,True
Asia,Computer Vision,2017,24659,True,913949.0,publications,True
Asia,Computer Vision,2018,30853,True,1112697.0,publications,True
Asia,Computer Vision,2019,38554,True,1262896.0,publications,True
Asia,Computer Vision,2020,44121,True,1368996.0,publications,True
Asia,Computer Vision,2021,57695,True,1356636.0,publications,True
Asia,Computer Vision,2022,62903,True,985241.0,publications,True
Asia,Computer Vision,2023,77938,True,781509.0,publications,True
Asia,Computer Vision,2024,82960,False,334798.0,publications,True
Asia,Computer Vision,2025,40103,False,34164.0,publications,True
Asia,Large language models,2015,143,True,4728.0,publications,True
Asia,Large language models,2016,249,True,28359.0,publications,True
Asia,Large language models,2017,483,True,56853.0,publications,True
Asia,Large language models,2018,1119,True,88188.0,publications,True
Asia,Large language models,2019,2452,True,232449.0,publications,True
Asia,Large language models,2020,4203,True,266166.0,publications,True
Asia,Large language models,2021,7069,True,412781.0,publications,True
Asia,Large language models,2022,8946,True,258895.0,publications,True
Asia,Large language models,2023,15165,True,334280.0,publications,True
Asia,Large language models,2024,18506,False,131234.0,publications,True
Asia,Large language models,2025,10450,False,13401.0,publications,True
Asia,Natural Language Processing,2015,4427,True,111840.0,publications,True
Asia,Natural Language Processing,2016,5185,True,161082.0,publications,True
Asia,Natural Language Processing,2017,5792,True,183907.0,publications,True
Asia,Natural Language Processing,2018,7686,True,226040.0,publications,True
Asia,Natural Language Processing,2019,9460,True,329390.0,publications,True
Asia,Natural Language Processing,2020,11308,True,309667.0,publications,True
Asia,Natural Language Processing,2021,14077,True,280805.0,publications,True
Asia,Natural Language Processing,2022,13686,True,175421.0,publications,True
Asia,Natural Language Processing,2023,17681,True,209457.0,publications,True
Asia,Natural Language Processing,2024,16546,False,62030.0,publications,True
Asia,Natural Language Processing,2025,7673,False,5474.0,publications,True
Asia,Robotics,2015,11501,True,155634.0,publications,True
Asia,Robotics,2016,12002,True,180066.0,publications,True
Asia,Robotics,2017,13438,True,212885.0,publications,True
Asia,Robotics,2018,15597,True,251968.0,publications,True
Asia,Robotics,2019,17800,True,278685.0,publications,True
Asia,Robotics,2020,18643,True,298429.0,publications,True
Asia,Robotics,2021,22084,True,279531.0,publications,True
Asia,Robotics,2022,24218,True,245958.0,publications,True
Asia,Robotics,2023,28482,True,192543.0,publications,True
Asia,Robotics,2024,29174,False,90369.0,publications,True
Asia,Robotics,2025,15438,False,9954.0,publications,True
Australia,AI Safety,2015,59,True,2709.0,publications,False
Australia,AI Safety,2016,56,True,5582.0,publications,False
Australia,AI Safety,2017,87,True,10813.0,publications,False
Australia,AI Safety,2018,103,True,13837.0,publications,False
Australia,AI Safety,2019,129,True,17755.0,publications,False
Australia,AI Safety,2020,223,True,15891.0,publications,False
Australia,AI Safety,2021,220,True,11382.0,publications,False
Australia,AI Safety,2022,196,True,6045.0,publications,False
Australia,AI Safety,2023,262,True,6928.0,publications,False
Australia,AI Safety,2024,345,False,2751.0,publications,False
Australia,AI Safety,2025,207,False,439.0,publications,False
Australia,All,2015,2770,True,116750.0,publications,False
Australia,All,2016,3047,True,156298.0,publications,False
Australia,All,2017,3221,True,197336.0,publications,False
Australia,All,2018,3981,True,220668.0,publications,False
Australia,All,2019,4943,True,316612.0,publications,False
Australia,All,2020,5969,True,311465.0,publications,False
Australia,All,2021,6706,True,264298.0,publications,False
Australia,All,2022,6308,True,170339.0,publications,False
Australia,All,2023,7744,True,142927.0,publications,False
Australia,All,2024,7486,False,58102.0,publications,False
Australia,All,2025,3704,False,5921.0,publications,False
Australia,Computer Vision,2015,847,True,53546.0,publications,False
Australia,Computer Vision,2016,924,True,78759.0,publications,False
Australia,Computer Vision,2017,1041,True,105390.0,publications,False
Australia,Computer Vision,2018,1261,True,98285.0,publications,False
Australia,Computer Vision,2019,1507,True,144020.0,publications,False
Australia,Computer Vision,2020,1806,True,131539.0,publications,False
Australia,Computer Vision,2021,2030,True,101059.0,publications,False
Australia,Computer Vision,2022,1888,True,61776.0,publications,False
Australia,Computer Vision,2023,2232,True,42527.0,publications,False
Australia,Computer Vision,2024,2083,False,16101.0,publications,False
Australia,Computer Vision,2025,927,False,1787.0,publications,False
Australia,Large language models,2015,7,True,287.0,publications,False
Australia,Large language models,2016,14,True,846.0,publications,False
Australia,Large language models,2017,29,True,3956.0,publications,False
Australia,Large language models,2018,52,True,4994.0,publications,False
Australia,Large language models,2019,106,True,9160.0,publications,False
Australia,Large language models,2020,233,True,22062.0,publications,False
Australia,Large language models,2021,370,True,25192.0,publications,False
Australia,Large language models,2022,418,True,18655.0,publications,False
Australia,Large language models,2023,745,True,23833.0,publications,False
Australia,Large language models,2024,796,False,9462.0,publications,False
Australia,Large language models,2025,451,False,1136.0,publications,False
Australia,Natural Language Processing,2015,257,True,13039.0,publications,False
Australia,Natural Language Processing,2016,227,True,12433.0,publications,False
Australia,Natural Language Processing,2017,282,True,14771.0,publications,False
Australia,Natural Language Processing,2018,356,True,11946.0,publications,False
Australia,Natural Language Processing,2019,403,True,12723.0,publications,False
Australia,Natural Language Processing,2020,502,True,21452.0,publications,False
Australia,Natural Language Processing,2021,591,True,15038.0,publications,False
Australia,Natural Language Processing,2022,513,True,9717.0,publications,False
Australia,Natural Language Processing,2023,751,True,18326.0,publications,False
Australia,Natural Language Processing,2024,643,False,5028.0,publications,False
Australia,Natural Language Processing,2025,314,False,590.0,publications,False
Australia,Robotics,2015,495,True,14191.0,publications,False
Australia,Robotics,2016,613,True,22411.0,publications,False
Australia,Robotics,2017,561,True,17843.0,publications,False
Australia,Robotics,2018,633,True,23902.0,publications,False
Australia,Robotics,2019,742,True,23526.0,publications,False
Australia,Robotics,2020,789,True,20486.0,publications,False
Australia,Robotics,2021,829,True,19437.0,publications,False
Australia,Robotics,2022,719,True,10894.0,publications,False
Australia,Robotics,2023,787,True,8777.0,publications,False
Australia,Robotics,2024,762,False,3882.0,publications,False
Australia,Robotics,2025,467,False,460.0,publications,False
Austria,AI Safety,2015,14,True,762.0,publications,False
Austria,AI Safety,2016,8,True,209.0,publications,False
Austria,AI Safety,2017,21,True,855.0,publications,False
Austria,AI Safety,2018,30,True,1191.0,publications,False
Austria,AI Safety,2019,32,True,1187.0,publications,False
Austria,AI Safety,2020,55,True,2288.0,publications,False
Austria,AI Safety,2021,54,True,1549.0,publications,False
Austria,AI Safety,2022,56,True,1829.0,publications,False
Austria,AI Safety,2023,101,True,1998.0,publications,False
Austria,AI Safety,2024,91,False,388.0,publications,False
Austria,AI Safety,2025,44,False,87.0,publications,False
Austria,All,2015,849,True,37677.0,publications,False
Austria,All,2016,950,True,53574.0,publications,False
Austria,All,2017,1005,True,56439.0,publications,False
Austria,All,2018,1156,True,44281.0,publications,False
Austria,All,2019,1385,True,57975.0,publications,False
Austria,All,2020,1578,True,52078.0,publications,False
Austria,All,2021,1802,True,42760.0,publications,False
Austria,All,2022,1888,True,32685.0,publications,False
Austria,All,2023,1984,True,26472.0,publications,False
Austria,All,2024,1775,False,10495.0,publications,False
Austria,All,2025,883,False,958.0,publications,False
Austria,Computer Vision,2015,247,True,21436.0,publications,False
Austria,Computer Vision,2016,248,True,29603.0,publications,False
Austria,Computer Vision,2017,257,True,25973.0,publications,False
Austria,Computer Vision,2018,264,True,16766.0,publications,False
Austria,Computer Vision,2019,302,True,16176.0,publications,False
Austria,Computer Vision,2020,329,True,13256.0,publications,False
Austria,Computer Vision,2021,376,True,9006.0,publications,False
Austria,Computer Vision,2022,418,True,8117.0,publications,False
Austria,Computer Vision,2023,449,True,7218.0,publications,False
Austria,Computer Vision,2024,348,False,2194.0,publications,False
Austria,Computer Vision,2025,180,False,176.0,publications,False
Austria,Large language models,2016,1,True,69.0,publications,False
Austria,Large language models,2017,1,True,,publications,False
Austria,Large language models,2018,7,True,1149.0,publications,False
Austria,Large language models,2019,8,True,809.0,publications,False
Austria,Large language models,2020,21,True,1491.0,publications,False
Austria,Large language models,2021,56,True,2606.0,publications,False
Austria,Large language models,2022,45,True,1028.0,publications,False
Austria,Large language models,2023,100,True,4070.0,publications,False
Austria,Large language models,2024,114,False,948.0,publications,False
Austria,Large language models,2025,66,False,85.0,publications,False
Austria,Natural Language Processing,2015,51,True,1561.0,publications,False
Austria,Natural Language Processing,2016,77,True,1345.0,publications,False
Austria,Natural Language Processing,2017,71,True,1857.0,publications,False
Austria,Natural Language Processing,2018,98,True,2467.0,publications,False
Austria,Natural Language Processing,2019,107,True,9489.0,publications,False
Austria,Natural Language Processing,2020,143,True,2905.0,publications,False
Austria,Natural Language Processing,2021,153,True,3030.0,publications,False
Austria,Natural Language Processing,2022,150,True,1728.0,publications,False
Austria,Natural Language Processing,2023,193,True,1952.0,publications,False
Austria,Natural Language Processing,2024,169,False,803.0,publications,False
Austria,Natural Language Processing,2025,70,False,31.0,publications,False
Austria,Robotics,2015,170,True,5621.0,publications,False
Austria,Robotics,2016,211,True,5310.0,publications,False
Austria,Robotics,2017,211,True,5138.0,publications,False
Austria,Robotics,2018,237,True,5142.0,publications,False
Austria,Robotics,2019,263,True,5534.0,publications,False
Austria,Robotics,2020,265,True,7277.0,publications,False
Austria,Robotics,2021,329,True,5250.0,publications,False
Austria,Robotics,2022,329,True,3290.0,publications,False
Austria,Robotics,2023,336,True,2380.0,publications,False
Austria,Robotics,2024,324,False,959.0,publications,False
Austria,Robotics,2025,155,False,92.0,publications,False
Azerbaijan,AI Safety,2017,1,True,14.0,publications,False
Azerbaijan,AI Safety,2022,1,True,5.0,publications,False
Azerbaijan,AI Safety,2023,3,True,3.0,publications,False
Azerbaijan,AI Safety,2024,4,False,18.0,publications,False
Azerbaijan,AI Safety,2025,1,False,,publications,False
Azerbaijan,All,2015,24,True,277.0,publications,False
Azerbaijan,All,2016,34,True,471.0,publications,False
Azerbaijan,All,2017,26,True,384.0,publications,False
Azerbaijan,All,2018,55,True,696.0,publications,False
Azerbaijan,All,2019,46,True,634.0,publications,False
Azerbaijan,All,2020,51,True,310.0,publications,False
Azerbaijan,All,2021,82,True,645.0,publications,False
Azerbaijan,All,2022,89,True,343.0,publications,False
Azerbaijan,All,2023,132,True,532.0,publications,False
Azerbaijan,All,2024,130,False,438.0,publications,False
Azerbaijan,All,2025,84,False,185.0,publications,False
Azerbaijan,Computer Vision,2015,4,True,8.0,publications,False
Azerbaijan,Computer Vision,2016,2,True,9.0,publications,False
Azerbaijan,Computer Vision,2017,1,True,58.0,publications,False
Azerbaijan,Computer Vision,2018,6,True,12.0,publications,False
Azerbaijan,Computer Vision,2019,5,True,76.0,publications,False
Azerbaijan,Computer Vision,2020,3,True,3.0,publications,False
Azerbaijan,Computer Vision,2021,9,True,47.0,publications,False
Azerbaijan,Computer Vision,2022,19,True,57.0,publications,False
Azerbaijan,Computer Vision,2023,16,True,44.0,publications,False
Azerbaijan,Computer Vision,2024,12,False,37.0,publications,False
Azerbaijan,Computer Vision,2025,9,False,89.0,publications,False
Azerbaijan,Large language models,2018,1,True,128.0,publications,False
Azerbaijan,Large language models,2021,1,True,9.0,publications,False
Azerbaijan,Large language models,2023,1,True,1.0,publications,False
Azerbaijan,Large language models,2024,6,False,17.0,publications,False
Azerbaijan,Large language models,2025,4,False,,publications,False
Azerbaijan,Natural Language Processing,2015,7,True,14.0,publications,False
Azerbaijan,Natural Language Processing,2016,9,True,92.0,publications,False
Azerbaijan,Natural Language Processing,2017,4,True,24.0,publications,False
Azerbaijan,Natural Language Processing,2018,16,True,261.0,publications,False
Azerbaijan,Natural Language Processing,2019,9,True,100.0,publications,False
Azerbaijan,Natural Language Processing,2020,12,True,41.0,publications,False
Azerbaijan,Natural Language Processing,2021,13,True,59.0,publications,False
Azerbaijan,Natural Language Processing,2022,5,True,2.0,publications,False
Azerbaijan,Natural Language Processing,2023,19,True,39.0,publications,False
Azerbaijan,Natural Language Processing,2024,15,False,27.0,publications,False
Azerbaijan,Natural Language Processing,2025,9,False,12.0,publications,False
Azerbaijan,Robotics,2016,3,True,10.0,publications,False
Azerbaijan,Robotics,2017,1,True,4.0,publications,False
Azerbaijan,Robotics,2018,3,True,28.0,publications,False
Azerbaijan,Robotics,2019,7,True,25.0,publications,False
Azerbaijan,Robotics,2020,4,True,3.0,publications,False
Azerbaijan,Robotics,2021,5,True,40.0,publications,False
Azerbaijan,Robotics,2022,12,True,21.0,publications,False
Azerbaijan,Robotics,2023,26,True,37.0,publications,False
Azerbaijan,Robotics,2024,11,False,5.0,publications,False
Azerbaijan,Robotics,2025,7,False,4.0,publications,False
Bahamas,All,2018,1,True,100.0,publications,False
Bahamas,All,2019,1,True,,publications,False
Bahamas,All,2021,3,True,18.0,publications,False
Bahamas,All,2022,3,True,34.0,publications,False
Bahamas,All,2023,2,True,20.0,publications,False
Bahamas,All,2024,2,False,21.0,publications,False
Bahamas,All,2025,1,False,,publications,False
Bahamas,Computer Vision,2021,1,True,3.0,publications,False
Bahamas,Natural Language Processing,2022,1,True,1.0,publications,False
Bahamas,Natural Language Processing,2024,1,False,21.0,publications,False
Bahamas,Robotics,2021,1,True,4.0,publications,False
Bahrain,AI Safety,2019,1,True,,publications,False
Bahrain,AI Safety,2020,2,True,3.0,publications,False
Bahrain,AI Safety,2022,1,True,3.0,publications,False
Bahrain,AI Safety,2023,2,True,3.0,publications,False
Bahrain,AI Safety,2024,8,False,29.0,publications,False
Bahrain,AI Safety,2025,7,False,1.0,publications,False
Bahrain,All,2015,19,True,755.0,publications,False
Bahrain,All,2016,19,True,226.0,publications,False
Bahrain,All,2017,15,True,101.0,publications,False
Bahrain,All,2018,34,True,436.0,publications,False
Bahrain,All,2019,35,True,479.0,publications,False
Bahrain,All,2020,61,True,610.0,publications,False
Bahrain,All,2021,110,True,1564.0,publications,False
Bahrain,All,2022,165,True,2552.0,publications,False
Bahrain,All,2023,194,True,1458.0,publications,False
Bahrain,All,2024,272,False,1074.0,publications,False
Bahrain,All,2025,135,False,153.0,publications,False
Bahrain,Computer Vision,2015,5,True,21.0,publications,False
Bahrain,Computer Vision,2016,6,True,13.0,publications,False
Bahrain,Computer Vision,2017,4,True,50.0,publications,False
Bahrain,Computer Vision,2018,7,True,206.0,publications,False
Bahrain,Computer Vision,2019,7,True,73.0,publications,False
Bahrain,Computer Vision,2020,12,True,85.0,publications,False
Bahrain,Computer Vision,2021,22,True,204.0,publications,False
Bahrain,Computer Vision,2022,33,True,352.0,publications,False
Bahrain,Computer Vision,2023,33,True,405.0,publications,False
Bahrain,Computer Vision,2024,44,False,163.0,publications,False
Bahrain,Computer Vision,2025,17,False,32.0,publications,False
Bahrain,Large language models,2023,2,True,21.0,publications,False
Bahrain,Large language models,2024,6,False,9.0,publications,False
Bahrain,Large language models,2025,5,False,2.0,publications,False
Bahrain,Natural Language Processing,2015,2,True,36.0,publications,False
Bahrain,Natural Language Processing,2016,4,True,129.0,publications,False
Bahrain,Natural Language Processing,2017,1,True,1.0,publications,False
Bahrain,Natural Language Processing,2018,3,True,41.0,publications,False
Bahrain,Natural Language Processing,2019,2,True,34.0,publications,False
Bahrain,Natural Language Processing,2020,6,True,89.0,publications,False
Bahrain,Natural Language Processing,2021,8,True,172.0,publications,False
Bahrain,Natural Language Processing,2022,14,True,143.0,publications,False
Bahrain,Natural Language Processing,2023,11,True,154.0,publications,False
Bahrain,Natural Language Processing,2024,17,False,64.0,publications,False
Bahrain,Natural Language Processing,2025,8,False,2.0,publications,False
Bahrain,Robotics,2015,8,True,94.0,publications,False
Bahrain,Robotics,2016,5,True,8.0,publications,False
Bahrain,Robotics,2017,5,True,5.0,publications,False
Bahrain,Robotics,2018,6,True,68.0,publications,False
Bahrain,Robotics,2019,4,True,63.0,publications,False
Bahrain,Robotics,2020,4,True,45.0,publications,False
Bahrain,Robotics,2021,8,True,27.0,publications,False
Bahrain,Robotics,2022,13,True,95.0,publications,False
Bahrain,Robotics,2023,23,True,111.0,publications,False
Bahrain,Robotics,2024,12,False,40.0,publications,False
Bahrain,Robotics,2025,4,False,33.0,publications,False
Bangladesh,AI Safety,2015,1,True,7.0,publications,False
Bangladesh,AI Safety,2018,6,True,66.0,publications,False
Bangladesh,AI Safety,2019,4,True,375.0,publications,False
Bangladesh,AI Safety,2020,10,True,385.0,publications,False
Bangladesh,AI Safety,2021,7,True,352.0,publications,False
Bangladesh,AI Safety,2022,11,True,216.0,publications,False
Bangladesh,AI Safety,2023,33,True,376.0,publications,False
Bangladesh,AI Safety,2024,71,False,333.0,publications,False
Bangladesh,AI Safety,2025,46,False,34.0,publications,False
Bangladesh,All,2015,275,True,4649.0,publications,False
Bangladesh,All,2016,309,True,6055.0,publications,False
Bangladesh,All,2017,470,True,9694.0,publications,False
Bangladesh,All,2018,654,True,14256.0,publications,False
Bangladesh,All,2019,1112,True,30262.0,publications,False
Bangladesh,All,2020,1350,True,39327.0,publications,False
Bangladesh,All,2021,1996,True,47765.0,publications,False
Bangladesh,All,2022,1886,True,31885.0,publications,False
Bangladesh,All,2023,2558,True,29608.0,publications,False
Bangladesh,All,2024,3177,False,16914.0,publications,False
Bangladesh,All,2025,1674,False,1150.0,publications,False
Bangladesh,Computer Vision,2015,122,True,1920.0,publications,False
Bangladesh,Computer Vision,2016,123,True,2472.0,publications,False
Bangladesh,Computer Vision,2017,184,True,3177.0,publications,False
Bangladesh,Computer Vision,2018,259,True,6561.0,publications,False
Bangladesh,Computer Vision,2019,403,True,13449.0,publications,False
Bangladesh,Computer Vision,2020,480,True,16475.0,publications,False
Bangladesh,Computer Vision,2021,755,True,16291.0,publications,False
Bangladesh,Computer Vision,2022,658,True,11055.0,publications,False
Bangladesh,Computer Vision,2023,1000,True,11359.0,publications,False
Bangladesh,Computer Vision,2024,1251,False,5646.0,publications,False
Bangladesh,Computer Vision,2025,631,False,440.0,publications,False
Bangladesh,Large language models,2016,2,True,131.0,publications,False
Bangladesh,Large language models,2017,2,True,7.0,publications,False
Bangladesh,Large language models,2018,2,True,113.0,publications,False
Bangladesh,Large language models,2019,12,True,545.0,publications,False
Bangladesh,Large language models,2020,30,True,828.0,publications,False
Bangladesh,Large language models,2021,56,True,1542.0,publications,False
Bangladesh,Large language models,2022,69,True,1291.0,publications,False
Bangladesh,Large language models,2023,149,True,1886.0,publications,False
Bangladesh,Large language models,2024,184,False,810.0,publications,False
Bangladesh,Large language models,2025,107,False,88.0,publications,False
Bangladesh,Natural Language Processing,2015,23,True,307.0,publications,False
Bangladesh,Natural Language Processing,2016,44,True,814.0,publications,False
Bangladesh,Natural Language Processing,2017,58,True,1162.0,publications,False
Bangladesh,Natural Language Processing,2018,102,True,2148.0,publications,False
Bangladesh,Natural Language Processing,2019,172,True,3763.0,publications,False
Bangladesh,Natural Language Processing,2020,189,True,4040.0,publications,False
Bangladesh,Natural Language Processing,2021,262,True,4665.0,publications,False
Bangladesh,Natural Language Processing,2022,253,True,2887.0,publications,False
Bangladesh,Natural Language Processing,2023,326,True,3416.0,publications,False
Bangladesh,Natural Language Processing,2024,357,False,1645.0,publications,False
Bangladesh,Natural Language Processing,2025,175,False,85.0,publications,False
Bangladesh,Robotics,2015,20,True,183.0,publications,False
Bangladesh,Robotics,2016,45,True,539.0,publications,False
Bangladesh,Robotics,2017,62,True,522.0,publications,False
Bangladesh,Robotics,2018,55,True,647.0,publications,False
Bangladesh,Robotics,2019,89,True,833.0,publications,False
Bangladesh,Robotics,2020,78,True,914.0,publications,False
Bangladesh,Robotics,2021,90,True,1192.0,publications,False
Bangladesh,Robotics,2022,79,True,794.0,publications,False
Bangladesh,Robotics,2023,105,True,810.0,publications,False
Bangladesh,Robotics,2024,113,False,301.0,publications,False
Bangladesh,Robotics,2025,47,False,9.0,publications,False
Barbados,AI Safety,2018,1,True,3.0,publications,False
Barbados,AI Safety,2022,1,True,5.0,publications,False
Barbados,All,2015,2,True,31.0,publications,False
Barbados,All,2017,1,True,1.0,publications,False
Barbados,All,2018,2,True,4.0,publications,False
Barbados,All,2019,4,True,7.0,publications,False
Barbados,All,2020,2,True,38.0,publications,False
Barbados,All,2021,3,True,45.0,publications,False
Barbados,All,2022,5,True,24.0,publications,False
Barbados,All,2023,7,True,90.0,publications,False
Barbados,All,2024,7,False,28.0,publications,False
Barbados,All,2025,8,False,36.0,publications,False
Barbados,Computer Vision,2020,1,True,38.0,publications,False
Barbados,Computer Vision,2023,2,True,56.0,publications,False
Barbados,Computer Vision,2024,2,False,24.0,publications,False
Barbados,Large language models,2018,1,True,1.0,publications,False
Barbados,Large language models,2024,1,False,1.0,publications,False
Barbados,Large language models,2025,2,False,,publications,False
Barbados,Natural Language Processing,2015,1,True,28.0,publications,False
Barbados,Natural Language Processing,2024,2,False,1.0,publications,False
Barbados,Natural Language Processing,2025,2,False,35.0,publications,False
Barbados,Robotics,2019,2,True,1.0,publications,False
Barbados,Robotics,2021,2,True,35.0,publications,False
Barbados,Robotics,2022,3,True,8.0,publications,False
Barbados,Robotics,2023,2,True,3.0,publications,False
Barbados,Robotics,2024,2,False,1.0,publications,False
Barbados,Robotics,2025,1,False,,publications,False
Belarus,AI Safety,2020,1,True,,publications,False
Belarus,All,2015,33,True,2213.0,publications,False
Belarus,All,2016,76,True,169.0,publications,False
Belarus,All,2017,56,True,3729.0,publications,False
Belarus,All,2018,60,True,3913.0,publications,False
Belarus,All,2019,102,True,423.0,publications,False
Belarus,All,2020,93,True,643.0,publications,False
Belarus,All,2021,97,True,791.0,publications,False
Belarus,All,2022,103,True,757.0,publications,False
Belarus,All,2023,110,True,203.0,publications,False
Belarus,All,2024,112,False,139.0,publications,False
Belarus,All,2025,72,False,15.0,publications,False
Belarus,Computer Vision,2015,5,True,2075.0,publications,False
Belarus,Computer Vision,2016,32,True,48.0,publications,False
Belarus,Computer Vision,2017,18,True,3606.0,publications,False
Belarus,Computer Vision,2018,28,True,3748.0,publications,False
Belarus,Computer Vision,2019,41,True,293.0,publications,False
Belarus,Computer Vision,2020,37,True,256.0,publications,False
Belarus,Computer Vision,2021,40,True,467.0,publications,False
Belarus,Computer Vision,2022,49,True,651.0,publications,False
Belarus,Computer Vision,2023,40,True,53.0,publications,False
Belarus,Computer Vision,2024,41,False,64.0,publications,False
Belarus,Computer Vision,2025,23,False,3.0,publications,False
Belarus,Large language models,2019,1,True,10.0,publications,False
Belarus,Large language models,2021,2,True,68.0,publications,False
Belarus,Large language models,2025,2,False,3.0,publications,False
Belarus,Natural Language Processing,2015,8,True,54.0,publications,False
Belarus,Natural Language Processing,2016,9,True,14.0,publications,False
Belarus,Natural Language Processing,2017,7,True,1.0,publications,False
Belarus,Natural Language Processing,2018,4,True,15.0,publications,False
Belarus,Natural Language Processing,2019,7,True,18.0,publications,False
Belarus,Natural Language Processing,2020,7,True,18.0,publications,False
Belarus,Natural Language Processing,2021,5,True,5.0,publications,False
Belarus,Natural Language Processing,2022,6,True,3.0,publications,False
Belarus,Natural Language Processing,2023,7,True,1.0,publications,False
Belarus,Natural Language Processing,2024,3,False,5.0,publications,False
Belarus,Natural Language Processing,2025,5,False,4.0,publications,False
Belarus,Robotics,2015,11,True,30.0,publications,False
Belarus,Robotics,2016,14,True,48.0,publications,False
Belarus,Robotics,2017,15,True,35.0,publications,False
Belarus,Robotics,2018,6,True,49.0,publications,False
Belarus,Robotics,2019,25,True,30.0,publications,False
Belarus,Robotics,2020,13,True,75.0,publications,False
Belarus,Robotics,2021,15,True,40.0,publications,False
Belarus,Robotics,2022,21,True,24.0,publications,False
Belarus,Robotics,2023,14,True,28.0,publications,False
Belarus,Robotics,2024,19,False,11.0,publications,False
Belarus,Robotics,2025,11,False,,publications,False
Belgium,AI Safety,2015,24,True,2004.0,publications,False
Belgium,AI Safety,2016,16,True,1083.0,publications,False
Belgium,AI Safety,2017,19,True,1685.0,publications,False
Belgium,AI Safety,2018,19,True,1011.0,publications,False
Belgium,AI Safety,2019,35,True,2599.0,publications,False
Belgium,AI Safety,2020,55,True,2542.0,publications,False
Belgium,AI Safety,2021,56,True,1848.0,publications,False
Belgium,AI Safety,2022,58,True,1116.0,publications,False
Belgium,AI Safety,2023,62,True,1277.0,publications,False
Belgium,AI Safety,2024,65,False,274.0,publications,False
Belgium,AI Safety,2025,43,False,83.0,publications,False
Belgium,All,2015,1072,True,42713.0,publications,False
Belgium,All,2016,1050,True,47976.0,publications,False
Belgium,All,2017,1052,True,46420.0,publications,False
Belgium,All,2018,1285,True,53875.0,publications,False
Belgium,All,2019,1355,True,48322.0,publications,False
Belgium,All,2020,1674,True,54358.0,publications,False
Belgium,All,2021,1821,True,48795.0,publications,False
Belgium,All,2022,1899,True,33534.0,publications,False
Belgium,All,2023,1988,True,21580.0,publications,False
Belgium,All,2024,1801,False,10330.0,publications,False
Belgium,All,2025,889,False,1016.0,publications,False
Belgium,Computer Vision,2015,232,True,13106.0,publications,False
Belgium,Computer Vision,2016,283,True,18646.0,publications,False
Belgium,Computer Vision,2017,271,True,18439.0,publications,False
Belgium,Computer Vision,2018,287,True,14219.0,publications,False
Belgium,Computer Vision,2019,299,True,16846.0,publications,False
Belgium,Computer Vision,2020,376,True,16735.0,publications,False
Belgium,Computer Vision,2021,425,True,19904.0,publications,False
Belgium,Computer Vision,2022,468,True,11476.0,publications,False
Belgium,Computer Vision,2023,463,True,5994.0,publications,False
Belgium,Computer Vision,2024,405,False,2270.0,publications,False
Belgium,Computer Vision,2025,187,False,191.0,publications,False
Belgium,Large language models,2015,3,True,7.0,publications,False
Belgium,Large language models,2016,5,True,816.0,publications,False
Belgium,Large language models,2017,8,True,458.0,publications,False
Belgium,Large language models,2018,18,True,748.0,publications,False
Belgium,Large language models,2019,16,True,317.0,publications,False
Belgium,Large language models,2020,45,True,1968.0,publications,False
Belgium,Large language models,2021,70,True,3181.0,publications,False
Belgium,Large language models,2022,78,True,2638.0,publications,False
Belgium,Large language models,2023,106,True,1597.0,publications,False
Belgium,Large language models,2024,100,False,1027.0,publications,False
Belgium,Large language models,2025,63,False,129.0,publications,False
Belgium,Natural Language Processing,2015,186,True,5743.0,publications,False
Belgium,Natural Language Processing,2016,152,True,6253.0,publications,False
Belgium,Natural Language Processing,2017,147,True,3763.0,publications,False
Belgium,Natural Language Processing,2018,189,True,6694.0,publications,False
Belgium,Natural Language Processing,2019,158,True,2839.0,publications,False
Belgium,Natural Language Processing,2020,186,True,3155.0,publications,False
Belgium,Natural Language Processing,2021,193,True,2803.0,publications,False
Belgium,Natural Language Processing,2022,220,True,2824.0,publications,False
Belgium,Natural Language Processing,2023,217,True,2670.0,publications,False
Belgium,Natural Language Processing,2024,164,False,838.0,publications,False
Belgium,Natural Language Processing,2025,82,False,145.0,publications,False
Belgium,Robotics,2015,187,True,6330.0,publications,False
Belgium,Robotics,2016,191,True,7026.0,publications,False
Belgium,Robotics,2017,195,True,6656.0,publications,False
Belgium,Robotics,2018,265,True,9575.0,publications,False
Belgium,Robotics,2019,271,True,5791.0,publications,False
Belgium,Robotics,2020,310,True,6772.0,publications,False
Belgium,Robotics,2021,339,True,6718.0,publications,False
Belgium,Robotics,2022,376,True,4637.0,publications,False
Belgium,Robotics,2023,350,True,3055.0,publications,False
Belgium,Robotics,2024,290,False,1038.0,publications,False
Belgium,Robotics,2025,176,False,167.0,publications,False
Belize,AI Safety,2025,1,False,1.0,publications,False
Belize,All,2019,1,True,41.0,publications,False
Belize,All,2020,3,True,14.0,publications,False
Belize,All,2023,3,True,30.0,publications,False
Belize,All,2024,2,False,8.0,publications,False
Belize,All,2025,2,False,2.0,publications,False
Belize,Computer Vision,2024,1,False,6.0,publications,False
Belize,Natural Language Processing,2020,1,True,1.0,publications,False
Belize,Robotics,2024,1,False,2.0,publications,False
Benin,All,2015,7,True,44.0,publications,False
Benin,All,2016,10,True,107.0,publications,False
Benin,All,2017,7,True,22.0,publications,False
Benin,All,2018,11,True,299.0,publications,False
Benin,All,2019,10,True,63.0,publications,False
Benin,All,2020,19,True,321.0,publications,False
Benin,All,2021,12,True,261.0,publications,False
Benin,All,2022,30,True,195.0,publications,False
Benin,All,2023,32,True,113.0,publications,False
Benin,All,2024,33,False,87.0,publications,False
Benin,All,2025,4,False,2.0,publications,False
Benin,Computer Vision,2015,4,True,23.0,publications,False
Benin,Computer Vision,2016,5,True,30.0,publications,False
Benin,Computer Vision,2017,2,True,5.0,publications,False
Benin,Computer Vision,2018,4,True,7.0,publications,False
Benin,Computer Vision,2019,6,True,53.0,publications,False
Benin,Computer Vision,2020,3,True,2.0,publications,False
Benin,Computer Vision,2021,6,True,108.0,publications,False
Benin,Computer Vision,2022,10,True,58.0,publications,False
Benin,Computer Vision,2023,11,True,56.0,publications,False
Benin,Computer Vision,2024,11,False,30.0,publications,False
Benin,Computer Vision,2025,3,False,2.0,publications,False
Benin,Large language models,2019,1,True,1.0,publications,False
Benin,Large language models,2024,1,False,5.0,publications,False
Benin,Natural Language Processing,2015,1,True,8.0,publications,False
Benin,Natural Language Processing,2016,3,True,34.0,publications,False
Benin,Natural Language Processing,2017,1,True,1.0,publications,False
Benin,Natural Language Processing,2019,2,True,4.0,publications,False
Benin,Natural Language Processing,2020,1,True,2.0,publications,False
Benin,Natural Language Processing,2022,1,True,,publications,False
Benin,Natural Language Processing,2023,5,True,13.0,publications,False
Benin,Robotics,2018,2,True,1.0,publications,False
Benin,Robotics,2020,1,True,5.0,publications,False
Benin,Robotics,2022,1,True,2.0,publications,False
Benin,Robotics,2023,3,True,7.0,publications,False
Benin,Robotics,2024,1,False,1.0,publications,False
Bhutan,All,2015,1,True,1.0,publications,False
Bhutan,All,2016,1,True,2.0,publications,False
Bhutan,All,2017,3,True,60.0,publications,False
Bhutan,All,2019,3,True,5.0,publications,False
Bhutan,All,2020,5,True,231.0,publications,False
Bhutan,All,2021,11,True,155.0,publications,False
Bhutan,All,2022,11,True,550.0,publications,False
Bhutan,All,2023,9,True,14.0,publications,False
Bhutan,All,2024,7,False,25.0,publications,False
Bhutan,All,2025,5,False,,publications,False
Bhutan,Computer Vision,2020,2,True,106.0,publications,False
Bhutan,Computer Vision,2021,2,True,65.0,publications,False
Bhutan,Computer Vision,2022,1,True,30.0,publications,False
Bhutan,Computer Vision,2024,2,False,4.0,publications,False
Bhutan,Natural Language Processing,2015,1,True,1.0,publications,False
Bhutan,Natural Language Processing,2016,1,True,2.0,publications,False
Bhutan,Natural Language Processing,2017,1,True,2.0,publications,False
Bhutan,Natural Language Processing,2021,1,True,2.0,publications,False
Bhutan,Natural Language Processing,2023,3,True,6.0,publications,False
Bhutan,Natural Language Processing,2024,1,False,,publications,False
Bhutan,Robotics,2019,1,True,4.0,publications,False
Bhutan,Robotics,2024,1,False,12.0,publications,False
Bolivia,AI Safety,2024,1,False,2.0,publications,False
Bolivia,All,2015,1,True,,publications,False
Bolivia,All,2016,2,True,53.0,publications,False
Bolivia,All,2017,3,True,25.0,publications,False
Bolivia,All,2018,5,True,152.0,publications,False
Bolivia,All,2019,3,True,21.0,publications,False
Bolivia,All,2020,5,True,144.0,publications,False
Bolivia,All,2021,8,True,28.0,publications,False
Bolivia,All,2022,8,True,254.0,publications,False
Bolivia,All,2023,16,True,232.0,publications,False
Bolivia,All,2024,21,False,55.0,publications,False
Bolivia,All,2025,12,False,11.0,publications,False
Bolivia,Computer Vision,2017,1,True,22.0,publications,False
Bolivia,Computer Vision,2018,1,True,11.0,publications,False
Bolivia,Computer Vision,2020,2,True,29.0,publications,False
Bolivia,Computer Vision,2021,1,True,4.0,publications,False
Bolivia,Computer Vision,2022,3,True,27.0,publications,False
Bolivia,Computer Vision,2023,3,True,15.0,publications,False
Bolivia,Computer Vision,2024,5,False,12.0,publications,False
Bolivia,Computer Vision,2025,3,False,5.0,publications,False
Bolivia,Large language models,2025,1,False,1.0,publications,False
Bolivia,Natural Language Processing,2021,1,True,9.0,publications,False
Bolivia,Natural Language Processing,2023,2,True,4.0,publications,False
Bolivia,Robotics,2016,1,True,,publications,False
Bolivia,Robotics,2017,1,True,3.0,publications,False
Bolivia,Robotics,2018,2,True,4.0,publications,False
Bolivia,Robotics,2019,1,True,6.0,publications,False
Bolivia,Robotics,2020,1,True,20.0,publications,False
Bolivia,Robotics,2021,3,True,4.0,publications,False
Bolivia,Robotics,2022,2,True,6.0,publications,False
Bolivia,Robotics,2023,2,True,165.0,publications,False
Bolivia,Robotics,2024,5,False,7.0,publications,False
Bolivia,Robotics,2025,2,False,,publications,False
Bosnia and Herzegovina,AI Safety,2020,2,True,3.0,publications,False
Bosnia and Herzegovina,AI Safety,2023,2,True,4.0,publications,False
Bosnia and Herzegovina,AI Safety,2024,2,False,1.0,publications,False
Bosnia and Herzegovina,AI Safety,2025,4,False,1.0,publications,False
Bosnia and Herzegovina,All,2015,41,True,441.0,publications,False
Bosnia and Herzegovina,All,2016,62,True,942.0,publications,False
Bosnia and Herzegovina,All,2017,84,True,1234.0,publications,False
Bosnia and Herzegovina,All,2018,104,True,2748.0,publications,False
Bosnia and Herzegovina,All,2019,119,True,1613.0,publications,False
Bosnia and Herzegovina,All,2020,108,True,1430.0,publications,False
Bosnia and Herzegovina,All,2021,124,True,1370.0,publications,False
Bosnia and Herzegovina,All,2022,116,True,698.0,publications,False
Bosnia and Herzegovina,All,2023,143,True,914.0,publications,False
Bosnia and Herzegovina,All,2024,127,False,346.0,publications,False
Bosnia and Herzegovina,All,2025,70,False,96.0,publications,False
Bosnia and Herzegovina,Computer Vision,2015,12,True,134.0,publications,False
Bosnia and Herzegovina,Computer Vision,2016,15,True,409.0,publications,False
Bosnia and Herzegovina,Computer Vision,2017,22,True,354.0,publications,False
Bosnia and Herzegovina,Computer Vision,2018,22,True,614.0,publications,False
Bosnia and Herzegovina,Computer Vision,2019,28,True,270.0,publications,False
Bosnia and Herzegovina,Computer Vision,2020,23,True,374.0,publications,False
Bosnia and Herzegovina,Computer Vision,2021,19,True,394.0,publications,False
Bosnia and Herzegovina,Computer Vision,2022,23,True,201.0,publications,False
Bosnia and Herzegovina,Computer Vision,2023,27,True,101.0,publications,False
Bosnia and Herzegovina,Computer Vision,2024,31,False,35.0,publications,False
Bosnia and Herzegovina,Computer Vision,2025,12,False,3.0,publications,False
Bosnia and Herzegovina,Large language models,2021,1,True,9.0,publications,False
Bosnia and Herzegovina,Large language models,2023,3,True,46.0,publications,False
Bosnia and Herzegovina,Large language models,2024,1,False,18.0,publications,False
Bosnia and Herzegovina,Large language models,2025,4,False,17.0,publications,False
Bosnia and Herzegovina,Natural Language Processing,2015,4,True,2.0,publications,False
Bosnia and Herzegovina,Natural Language Processing,2016,5,True,105.0,publications,False
Bosnia and Herzegovina,Natural Language Processing,2017,7,True,84.0,publications,False
Bosnia and Herzegovina,Natural Language Processing,2018,4,True,7.0,publications,False
Bosnia and Herzegovina,Natural Language Processing,2019,10,True,22.0,publications,False
Bosnia and Herzegovina,Natural Language Processing,2020,8,True,53.0,publications,False
Bosnia and Herzegovina,Natural Language Processing,2021,16,True,23.0,publications,False
Bosnia and Herzegovina,Natural Language Processing,2022,8,True,10.0,publications,False
Bosnia and Herzegovina,Natural Language Processing,2023,15,True,41.0,publications,False
Bosnia and Herzegovina,Natural Language Processing,2024,6,False,2.0,publications,False
Bosnia and Herzegovina,Natural Language Processing,2025,3,False,13.0,publications,False
Bosnia and Herzegovina,Robotics,2015,9,True,117.0,publications,False
Bosnia and Herzegovina,Robotics,2016,14,True,174.0,publications,False
Bosnia and Herzegovina,Robotics,2017,23,True,231.0,publications,False
Bosnia and Herzegovina,Robotics,2018,26,True,506.0,publications,False
Bosnia and Herzegovina,Robotics,2019,24,True,261.0,publications,False
Bosnia and Herzegovina,Robotics,2020,30,True,234.0,publications,False
Bosnia and Herzegovina,Robotics,2021,20,True,101.0,publications,False
Bosnia and Herzegovina,Robotics,2022,16,True,61.0,publications,False
Bosnia and Herzegovina,Robotics,2023,24,True,105.0,publications,False
Bosnia and Herzegovina,Robotics,2024,9,False,5.0,publications,False
Bosnia and Herzegovina,Robotics,2025,7,False,1.0,publications,False
Botswana,AI Safety,2022,1,True,20.0,publications,False
Botswana,AI Safety,2023,1,True,6.0,publications,False
Botswana,AI Safety,2024,2,False,36.0,publications,False
Botswana,AI Safety,2025,2,False,,publications,False
Botswana,All,2015,6,True,34.0,publications,False
Botswana,All,2016,13,True,166.0,publications,False
Botswana,All,2017,12,True,152.0,publications,False
Botswana,All,2018,8,True,25.0,publications,False
Botswana,All,2019,13,True,62.0,publications,False
Botswana,All,2020,16,True,452.0,publications,False
Botswana,All,2021,46,True,1453.0,publications,False
Botswana,All,2022,31,True,375.0,publications,False
Botswana,All,2023,52,True,691.0,publications,False
Botswana,All,2024,75,False,324.0,publications,False
Botswana,All,2025,23,False,11.0,publications,False
Botswana,Computer Vision,2015,1,True,,publications,False
Botswana,Computer Vision,2016,2,True,15.0,publications,False
Botswana,Computer Vision,2017,3,True,58.0,publications,False
Botswana,Computer Vision,2018,1,True,,publications,False
Botswana,Computer Vision,2019,3,True,9.0,publications,False
Botswana,Computer Vision,2020,4,True,20.0,publications,False
Botswana,Computer Vision,2021,11,True,158.0,publications,False
Botswana,Computer Vision,2022,9,True,51.0,publications,False
Botswana,Computer Vision,2023,13,True,138.0,publications,False
Botswana,Computer Vision,2024,12,False,8.0,publications,False
Botswana,Computer Vision,2025,4,False,3.0,publications,False
Botswana,Large language models,2023,2,True,42.0,publications,False
Botswana,Large language models,2024,4,False,2.0,publications,False
Botswana,Large language models,2025,1,False,,publications,False
Botswana,Natural Language Processing,2015,2,True,7.0,publications,False
Botswana,Natural Language Processing,2016,4,True,13.0,publications,False
Botswana,Natural Language Processing,2017,2,True,8.0,publications,False
Botswana,Natural Language Processing,2018,2,True,9.0,publications,False
Botswana,Natural Language Processing,2019,1,True,2.0,publications,False
Botswana,Natural Language Processing,2022,7,True,11.0,publications,False
Botswana,Natural Language Processing,2023,7,True,49.0,publications,False
Botswana,Natural Language Processing,2024,14,False,86.0,publications,False
Botswana,Robotics,2015,2,True,19.0,publications,False
Botswana,Robotics,2016,2,True,7.0,publications,False
Botswana,Robotics,2017,1,True,7.0,publications,False
Botswana,Robotics,2019,2,True,4.0,publications,False
Botswana,Robotics,2020,4,True,65.0,publications,False
Botswana,Robotics,2021,12,True,154.0,publications,False
Botswana,Robotics,2022,3,True,75.0,publications,False
Botswana,Robotics,2023,2,True,5.0,publications,False
Botswana,Robotics,2024,2,False,33.0,publications,False
Botswana,Robotics,2025,3,False,,publications,False
Brazil,AI Safety,2015,20,True,369.0,publications,False
Brazil,AI Safety,2016,17,True,466.0,publications,False
Brazil,AI Safety,2017,27,True,1184.0,publications,False
Brazil,AI Safety,2018,40,True,1100.0,publications,False
Brazil,AI Safety,2019,44,True,2235.0,publications,False
Brazil,AI Safety,2020,57,True,1980.0,publications,False
Brazil,AI Safety,2021,64,True,1418.0,publications,False
Brazil,AI Safety,2022,67,True,1176.0,publications,False
Brazil,AI Safety,2023,60,True,485.0,publications,False
Brazil,AI Safety,2024,83,False,278.0,publications,False
Brazil,AI Safety,2025,55,False,29.0,publications,False
Brazil,All,2015,2078,True,35173.0,publications,False
Brazil,All,2016,2026,True,39421.0,publications,False
Brazil,All,2017,2194,True,44139.0,publications,False
Brazil,All,2018,2915,True,52607.0,publications,False
Brazil,All,2019,3332,True,55746.0,publications,False
Brazil,All,2020,3809,True,69495.0,publications,False
Brazil,All,2021,3917,True,53145.0,publications,False
Brazil,All,2022,3273,True,32038.0,publications,False
Brazil,All,2023,3592,True,22652.0,publications,False
Brazil,All,2024,3172,False,9943.0,publications,False
Brazil,All,2025,1636,False,1174.0,publications,False
Brazil,Computer Vision,2015,526,True,10805.0,publications,False
Brazil,Computer Vision,2016,488,True,16133.0,publications,False
Brazil,Computer Vision,2017,579,True,15238.0,publications,False
Brazil,Computer Vision,2018,699,True,18818.0,publications,False
Brazil,Computer Vision,2019,878,True,17165.0,publications,False
Brazil,Computer Vision,2020,993,True,26714.0,publications,False
Brazil,Computer Vision,2021,1012,True,15866.0,publications,False
Brazil,Computer Vision,2022,776,True,9026.0,publications,False
Brazil,Computer Vision,2023,874,True,5585.0,publications,False
Brazil,Computer Vision,2024,757,False,2271.0,publications,False
Brazil,Computer Vision,2025,386,False,315.0,publications,False
Brazil,Large language models,2015,1,True,12.0,publications,False
Brazil,Large language models,2016,2,True,88.0,publications,False
Brazil,Large language models,2017,5,True,239.0,publications,False
Brazil,Large language models,2018,19,True,951.0,publications,False
Brazil,Large language models,2019,14,True,435.0,publications,False
Brazil,Large language models,2020,47,True,1923.0,publications,False
Brazil,Large language models,2021,69,True,1200.0,publications,False
Brazil,Large language models,2022,78,True,1094.0,publications,False
Brazil,Large language models,2023,106,True,1369.0,publications,False
Brazil,Large language models,2024,149,False,838.0,publications,False
Brazil,Large language models,2025,87,False,83.0,publications,False
Brazil,Natural Language Processing,2015,201,True,2693.0,publications,False
Brazil,Natural Language Processing,2016,251,True,3226.0,publications,False
Brazil,Natural Language Processing,2017,237,True,2745.0,publications,False
Brazil,Natural Language Processing,2018,352,True,5516.0,publications,False
Brazil,Natural Language Processing,2019,306,True,3818.0,publications,False
Brazil,Natural Language Processing,2020,468,True,5765.0,publications,False
Brazil,Natural Language Processing,2021,405,True,4125.0,publications,False
Brazil,Natural Language Processing,2022,269,True,1974.0,publications,False
Brazil,Natural Language Processing,2023,332,True,2279.0,publications,False
Brazil,Natural Language Processing,2024,224,False,754.0,publications,False
Brazil,Natural Language Processing,2025,102,False,80.0,publications,False
Brazil,Robotics,2015,385,True,4620.0,publications,False
Brazil,Robotics,2016,420,True,6128.0,publications,False
Brazil,Robotics,2017,431,True,5941.0,publications,False
Brazil,Robotics,2018,524,True,7113.0,publications,False
Brazil,Robotics,2019,666,True,9668.0,publications,False
Brazil,Robotics,2020,588,True,6516.0,publications,False
Brazil,Robotics,2021,604,True,6065.0,publications,False
Brazil,Robotics,2022,557,True,3427.0,publications,False
Brazil,Robotics,2023,539,True,1880.0,publications,False
Brazil,Robotics,2024,535,False,909.0,publications,False
Brazil,Robotics,2025,254,False,80.0,publications,False
Brunei Darussalam,AI Safety,2017,1,True,37.0,publications,False
Brunei Darussalam,AI Safety,2022,2,True,10.0,publications,False
Brunei Darussalam,AI Safety,2023,2,True,5.0,publications,False
Brunei Darussalam,AI Safety,2024,9,False,21.0,publications,False
Brunei Darussalam,AI Safety,2025,2,False,2.0,publications,False
Brunei Darussalam,All,2015,14,True,73.0,publications,False
Brunei Darussalam,All,2016,22,True,153.0,publications,False
Brunei Darussalam,All,2017,16,True,644.0,publications,False
Brunei Darussalam,All,2018,15,True,312.0,publications,False
Brunei Darussalam,All,2019,27,True,1011.0,publications,False
Brunei Darussalam,All,2020,34,True,549.0,publications,False
Brunei Darussalam,All,2021,52,True,1022.0,publications,False
Brunei Darussalam,All,2022,94,True,2176.0,publications,False
Brunei Darussalam,All,2023,128,True,1426.0,publications,False
Brunei Darussalam,All,2024,103,False,682.0,publications,False
Brunei Darussalam,All,2025,38,False,49.0,publications,False
Brunei Darussalam,Computer Vision,2015,4,True,6.0,publications,False
Brunei Darussalam,Computer Vision,2016,7,True,8.0,publications,False
Brunei Darussalam,Computer Vision,2017,3,True,32.0,publications,False
Brunei Darussalam,Computer Vision,2018,3,True,27.0,publications,False
Brunei Darussalam,Computer Vision,2019,10,True,281.0,publications,False
Brunei Darussalam,Computer Vision,2020,10,True,101.0,publications,False
Brunei Darussalam,Computer Vision,2021,16,True,490.0,publications,False
Brunei Darussalam,Computer Vision,2022,19,True,430.0,publications,False
Brunei Darussalam,Computer Vision,2023,39,True,489.0,publications,False
Brunei Darussalam,Computer Vision,2024,13,False,147.0,publications,False
Brunei Darussalam,Computer Vision,2025,9,False,35.0,publications,False
Brunei Darussalam,Large language models,2022,2,True,29.0,publications,False
Brunei Darussalam,Large language models,2023,6,True,35.0,publications,False
Brunei Darussalam,Large language models,2024,2,False,15.0,publications,False
Brunei Darussalam,Natural Language Processing,2016,1,True,5.0,publications,False
Brunei Darussalam,Natural Language Processing,2017,1,True,83.0,publications,False
Brunei Darussalam,Natural Language Processing,2019,1,True,60.0,publications,False
Brunei Darussalam,Natural Language Processing,2020,4,True,6.0,publications,False
Brunei Darussalam,Natural Language Processing,2021,6,True,69.0,publications,False
Brunei Darussalam,Natural Language Processing,2022,12,True,421.0,publications,False
Brunei Darussalam,Natural Language Processing,2023,10,True,37.0,publications,False
Brunei Darussalam,Natural Language Processing,2024,5,False,15.0,publications,False
Brunei Darussalam,Natural Language Processing,2025,5,False,4.0,publications,False
Brunei Darussalam,Robotics,2015,5,True,32.0,publications,False
Brunei Darussalam,Robotics,2016,7,True,115.0,publications,False
Brunei Darussalam,Robotics,2017,3,True,325.0,publications,False
Brunei Darussalam,Robotics,2018,4,True,68.0,publications,False
Brunei Darussalam,Robotics,2019,4,True,199.0,publications,False
Brunei Darussalam,Robotics,2020,6,True,110.0,publications,False
Brunei Darussalam,Robotics,2021,5,True,22.0,publications,False
Brunei Darussalam,Robotics,2022,5,True,21.0,publications,False
Brunei Darussalam,Robotics,2023,10,True,82.0,publications,False
Brunei Darussalam,Robotics,2024,8,False,86.0,publications,False
Brunei Darussalam,Robotics,2025,2,False,,publications,False
Bulgaria,AI Safety,2018,1,True,7.0,publications,False
Bulgaria,AI Safety,2019,2,True,26.0,publications,False
Bulgaria,AI Safety,2021,1,True,42.0,publications,False
Bulgaria,AI Safety,2022,1,True,1.0,publications,False
Bulgaria,AI Safety,2023,6,True,123.0,publications,False
Bulgaria,AI Safety,2024,10,False,24.0,publications,False
Bulgaria,AI Safety,2025,7,False,,publications,False
Bulgaria,All,2015,134,True,1412.0,publications,False
Bulgaria,All,2016,140,True,1506.0,publications,False
Bulgaria,All,2017,160,True,2324.0,publications,False
Bulgaria,All,2018,220,True,3767.0,publications,False
Bulgaria,All,2019,293,True,5121.0,publications,False
Bulgaria,All,2020,282,True,3947.0,publications,False
Bulgaria,All,2021,349,True,3813.0,publications,False
Bulgaria,All,2022,352,True,2305.0,publications,False
Bulgaria,All,2023,450,True,3524.0,publications,False
Bulgaria,All,2024,479,False,1755.0,publications,False
Bulgaria,All,2025,253,False,212.0,publications,False
Bulgaria,Computer Vision,2015,26,True,281.0,publications,False
Bulgaria,Computer Vision,2016,25,True,415.0,publications,False
Bulgaria,Computer Vision,2017,25,True,202.0,publications,False
Bulgaria,Computer Vision,2018,33,True,485.0,publications,False
Bulgaria,Computer Vision,2019,46,True,513.0,publications,False
Bulgaria,Computer Vision,2020,45,True,273.0,publications,False
Bulgaria,Computer Vision,2021,66,True,376.0,publications,False
Bulgaria,Computer Vision,2022,76,True,510.0,publications,False
Bulgaria,Computer Vision,2023,80,True,1002.0,publications,False
Bulgaria,Computer Vision,2024,114,False,470.0,publications,False
Bulgaria,Computer Vision,2025,65,False,125.0,publications,False
Bulgaria,Large language models,2017,2,True,10.0,publications,False
Bulgaria,Large language models,2018,1,True,16.0,publications,False
Bulgaria,Large language models,2019,6,True,140.0,publications,False
Bulgaria,Large language models,2020,5,True,487.0,publications,False
Bulgaria,Large language models,2021,6,True,288.0,publications,False
Bulgaria,Large language models,2022,3,True,38.0,publications,False
Bulgaria,Large language models,2023,9,True,133.0,publications,False
Bulgaria,Large language models,2024,18,False,118.0,publications,False
Bulgaria,Large language models,2025,9,False,2.0,publications,False
Bulgaria,Natural Language Processing,2015,38,True,305.0,publications,False
Bulgaria,Natural Language Processing,2016,26,True,479.0,publications,False
Bulgaria,Natural Language Processing,2017,36,True,652.0,publications,False
Bulgaria,Natural Language Processing,2018,30,True,918.0,publications,False
Bulgaria,Natural Language Processing,2019,56,True,2371.0,publications,False
Bulgaria,Natural Language Processing,2020,38,True,1292.0,publications,False
Bulgaria,Natural Language Processing,2021,47,True,1444.0,publications,False
Bulgaria,Natural Language Processing,2022,33,True,420.0,publications,False
Bulgaria,Natural Language Processing,2023,32,True,184.0,publications,False
Bulgaria,Natural Language Processing,2024,26,False,80.0,publications,False
Bulgaria,Natural Language Processing,2025,11,False,,publications,False
Bulgaria,Robotics,2015,20,True,126.0,publications,False
Bulgaria,Robotics,2016,20,True,252.0,publications,False
Bulgaria,Robotics,2017,29,True,657.0,publications,False
Bulgaria,Robotics,2018,56,True,1060.0,publications,False
Bulgaria,Robotics,2019,76,True,1078.0,publications,False
Bulgaria,Robotics,2020,64,True,802.0,publications,False
Bulgaria,Robotics,2021,68,True,683.0,publications,False
Bulgaria,Robotics,2022,92,True,448.0,publications,False
Bulgaria,Robotics,2023,89,True,220.0,publications,False
Bulgaria,Robotics,2024,77,False,253.0,publications,False
Bulgaria,Robotics,2025,38,False,8.0,publications,False
Burkina Faso,AI Safety,2022,1,True,1.0,publications,False
Burkina Faso,All,2015,2,True,26.0,publications,False
Burkina Faso,All,2016,2,True,32.0,publications,False
Burkina Faso,All,2017,2,True,331.0,publications,False
Burkina Faso,All,2018,5,True,146.0,publications,False
Burkina Faso,All,2019,5,True,23.0,publications,False
Burkina Faso,All,2020,11,True,70.0,publications,False
Burkina Faso,All,2021,14,True,74.0,publications,False
Burkina Faso,All,2022,18,True,117.0,publications,False
Burkina Faso,All,2023,20,True,73.0,publications,False
Burkina Faso,All,2024,31,False,45.0,publications,False
Burkina Faso,All,2025,22,False,12.0,publications,False
Burkina Faso,Computer Vision,2015,1,True,25.0,publications,False
Burkina Faso,Computer Vision,2018,1,True,8.0,publications,False
Burkina Faso,Computer Vision,2020,1,True,5.0,publications,False
Burkina Faso,Computer Vision,2021,2,True,10.0,publications,False
Burkina Faso,Computer Vision,2022,3,True,2.0,publications,False
Burkina Faso,Computer Vision,2023,4,True,20.0,publications,False
Burkina Faso,Computer Vision,2024,9,False,22.0,publications,False
Burkina Faso,Computer Vision,2025,5,False,5.0,publications,False
Burkina Faso,Large language models,2024,1,False,,publications,False
Burkina Faso,Large language models,2025,3,False,2.0,publications,False
Burkina Faso,Natural Language Processing,2018,1,True,15.0,publications,False
Burkina Faso,Natural Language Processing,2019,1,True,1.0,publications,False
Burkina Faso,Natural Language Processing,2020,2,True,35.0,publications,False
Burkina Faso,Natural Language Processing,2021,3,True,3.0,publications,False
Burkina Faso,Natural Language Processing,2022,2,True,5.0,publications,False
Burkina Faso,Natural Language Processing,2023,4,True,4.0,publications,False
Burkina Faso,Natural Language Processing,2024,2,False,1.0,publications,False
Burkina Faso,Natural Language Processing,2025,2,False,,publications,False
Burkina Faso,Robotics,2019,1,True,1.0,publications,False
Burkina Faso,Robotics,2021,1,True,2.0,publications,False
Burundi,All,2015,1,True,,publications,False
Burundi,All,2018,2,True,85.0,publications,False
Burundi,All,2019,11,True,515.0,publications,False
Burundi,All,2020,2,True,8.0,publications,False
Burundi,All,2021,6,True,322.0,publications,False
Burundi,All,2022,2,True,4.0,publications,False
Burundi,All,2023,10,True,61.0,publications,False
Burundi,All,2024,1,False,6.0,publications,False
Burundi,Computer Vision,2018,1,True,17.0,publications,False
Burundi,Computer Vision,2019,3,True,366.0,publications,False
Burundi,Computer Vision,2021,1,True,78.0,publications,False
Burundi,Computer Vision,2023,2,True,9.0,publications,False
Burundi,Large language models,2023,1,True,42.0,publications,False
Burundi,Natural Language Processing,2019,1,True,2.0,publications,False
Burundi,Natural Language Processing,2023,3,True,44.0,publications,False
Burundi,Robotics,2019,1,True,16.0,publications,False
Cambodia,AI Safety,2024,1,False,15.0,publications,False
Cambodia,AI Safety,2025,1,False,,publications,False
Cambodia,All,2015,2,True,50.0,publications,False
Cambodia,All,2016,5,True,185.0,publications,False
Cambodia,All,2017,4,True,48.0,publications,False
Cambodia,All,2018,11,True,211.0,publications,False
Cambodia,All,2019,9,True,75.0,publications,False
Cambodia,All,2020,11,True,140.0,publications,False
Cambodia,All,2021,19,True,298.0,publications,False
Cambodia,All,2022,28,True,534.0,publications,False
Cambodia,All,2023,32,True,711.0,publications,False
Cambodia,All,2024,44,False,135.0,publications,False
Cambodia,All,2025,22,False,52.0,publications,False
Cambodia,Computer Vision,2015,1,True,49.0,publications,False
Cambodia,Computer Vision,2016,4,True,88.0,publications,False
Cambodia,Computer Vision,2017,3,True,46.0,publications,False
Cambodia,Computer Vision,2018,8,True,190.0,publications,False
Cambodia,Computer Vision,2019,2,True,9.0,publications,False
Cambodia,Computer Vision,2020,3,True,27.0,publications,False
Cambodia,Computer Vision,2021,5,True,34.0,publications,False
Cambodia,Computer Vision,2022,5,True,98.0,publications,False
Cambodia,Computer Vision,2023,12,True,23.0,publications,False
Cambodia,Computer Vision,2024,5,False,10.0,publications,False
Cambodia,Computer Vision,2025,6,False,40.0,publications,False
Cambodia,Large language models,2020,1,True,18.0,publications,False
Cambodia,Large language models,2021,2,True,11.0,publications,False
Cambodia,Large language models,2022,1,True,3.0,publications,False
Cambodia,Large language models,2023,4,True,10.0,publications,False
Cambodia,Large language models,2024,5,False,6.0,publications,False
Cambodia,Natural Language Processing,2016,1,True,97.0,publications,False
Cambodia,Natural Language Processing,2017,1,True,2.0,publications,False
Cambodia,Natural Language Processing,2018,1,True,2.0,publications,False
Cambodia,Natural Language Processing,2019,3,True,12.0,publications,False
Cambodia,Natural Language Processing,2020,1,True,3.0,publications,False
Cambodia,Natural Language Processing,2021,4,True,36.0,publications,False
Cambodia,Natural Language Processing,2022,4,True,8.0,publications,False
Cambodia,Natural Language Processing,2023,4,True,327.0,publications,False
Cambodia,Natural Language Processing,2024,8,False,11.0,publications,False
Cambodia,Robotics,2018,1,True,14.0,publications,False
Cambodia,Robotics,2019,1,True,1.0,publications,False
Cambodia,Robotics,2021,2,True,71.0,publications,False
Cambodia,Robotics,2022,4,True,8.0,publications,False
Cambodia,Robotics,2023,1,True,1.0,publications,False
Cambodia,Robotics,2024,5,False,28.0,publications,False
Cambodia,Robotics,2025,3,False,3.0,publications,False
Cameroon,AI Safety,2020,1,True,8.0,publications,False
Cameroon,AI Safety,2023,3,True,23.0,publications,False
Cameroon,AI Safety,2024,3,False,4.0,publications,False
Cameroon,AI Safety,2025,4,False,5.0,publications,False
Cameroon,All,2015,17,True,390.0,publications,False
Cameroon,All,2016,10,True,38.0,publications,False
Cameroon,All,2017,21,True,171.0,publications,False
Cameroon,All,2018,25,True,339.0,publications,False
Cameroon,All,2019,39,True,646.0,publications,False
Cameroon,All,2020,56,True,2281.0,publications,False
Cameroon,All,2021,59,True,919.0,publications,False
Cameroon,All,2022,63,True,427.0,publications,False
Cameroon,All,2023,92,True,1011.0,publications,False
Cameroon,All,2024,114,False,462.0,publications,False
Cameroon,All,2025,43,False,36.0,publications,False
Cameroon,Computer Vision,2015,6,True,105.0,publications,False
Cameroon,Computer Vision,2016,2,True,34.0,publications,False
Cameroon,Computer Vision,2017,3,True,16.0,publications,False
Cameroon,Computer Vision,2018,9,True,166.0,publications,False
Cameroon,Computer Vision,2019,11,True,320.0,publications,False
Cameroon,Computer Vision,2020,15,True,310.0,publications,False
Cameroon,Computer Vision,2021,14,True,417.0,publications,False
Cameroon,Computer Vision,2022,14,True,82.0,publications,False
Cameroon,Computer Vision,2023,15,True,254.0,publications,False
Cameroon,Computer Vision,2024,26,False,92.0,publications,False
Cameroon,Computer Vision,2025,11,False,5.0,publications,False
Cameroon,Large language models,2021,1,True,12.0,publications,False
Cameroon,Large language models,2022,1,True,4.0,publications,False
Cameroon,Large language models,2023,7,True,146.0,publications,False
Cameroon,Large language models,2024,2,False,5.0,publications,False
Cameroon,Natural Language Processing,2017,2,True,,publications,False
Cameroon,Natural Language Processing,2018,1,True,2.0,publications,False
Cameroon,Natural Language Processing,2019,5,True,34.0,publications,False
Cameroon,Natural Language Processing,2020,4,True,7.0,publications,False
Cameroon,Natural Language Processing,2021,7,True,73.0,publications,False
Cameroon,Natural Language Processing,2022,4,True,7.0,publications,False
Cameroon,Natural Language Processing,2023,11,True,102.0,publications,False
Cameroon,Natural Language Processing,2024,9,False,18.0,publications,False
Cameroon,Natural Language Processing,2025,2,False,,publications,False
Cameroon,Robotics,2015,3,True,220.0,publications,False
Cameroon,Robotics,2016,1,True,,publications,False
Cameroon,Robotics,2017,5,True,79.0,publications,False
Cameroon,Robotics,2018,4,True,101.0,publications,False
Cameroon,Robotics,2019,2,True,15.0,publications,False
Cameroon,Robotics,2020,13,True,136.0,publications,False
Cameroon,Robotics,2021,6,True,50.0,publications,False
Cameroon,Robotics,2022,9,True,31.0,publications,False
Cameroon,Robotics,2023,4,True,27.0,publications,False
Cameroon,Robotics,2024,2,False,3.0,publications,False
Cameroon,Robotics,2025,1,False,,publications,False
Canada,AI Safety,2015,55,True,4089.0,publications,False
Canada,AI Safety,2016,58,True,7166.0,publications,False
Canada,AI Safety,2017,56,True,9606.0,publications,False
Canada,AI Safety,2018,119,True,13560.0,publications,False
Canada,AI Safety,2019,215,True,13011.0,publications,False
Canada,AI Safety,2020,242,True,17490.0,publications,False
Canada,AI Safety,2021,332,True,12058.0,publications,False
Canada,AI Safety,2022,226,True,7124.0,publications,False
Canada,AI Safety,2023,325,True,7623.0,publications,False
Canada,AI Safety,2024,391,False,3247.0,publications,False
Canada,AI Safety,2025,214,False,355.0,publications,False
Canada,All,2015,3396,True,205156.0,publications,False
Canada,All,2016,3545,True,235926.0,publications,False
Canada,All,2017,3858,True,264458.0,publications,False
Canada,All,2018,4605,True,283526.0,publications,False
Canada,All,2019,5920,True,282710.0,publications,False
Canada,All,2020,7369,True,320095.0,publications,False
Canada,All,2021,8645,True,245658.0,publications,False
Canada,All,2022,7775,True,159330.0,publications,False
Canada,All,2023,9020,True,137164.0,publications,False
Canada,All,2024,8295,False,53423.0,publications,False
Canada,All,2025,4212,False,5294.0,publications,False
Canada,Computer Vision,2015,946,True,66605.0,publications,False
Canada,Computer Vision,2016,981,True,76331.0,publications,False
Canada,Computer Vision,2017,1083,True,90204.0,publications,False
Canada,Computer Vision,2018,1267,True,88848.0,publications,False
Canada,Computer Vision,2019,1581,True,88635.0,publications,False
Canada,Computer Vision,2020,1887,True,87438.0,publications,False
Canada,Computer Vision,2021,2274,True,72346.0,publications,False
Canada,Computer Vision,2022,1991,True,45102.0,publications,False
Canada,Computer Vision,2023,2193,True,38242.0,publications,False
Canada,Computer Vision,2024,1934,False,10639.0,publications,False
Canada,Computer Vision,2025,926,False,1030.0,publications,False
Canada,Large language models,2015,25,True,10784.0,publications,False
Canada,Large language models,2016,32,True,11396.0,publications,False
Canada,Large language models,2017,40,True,6034.0,publications,False
Canada,Large language models,2018,87,True,13123.0,publications,False
Canada,Large language models,2019,177,True,22244.0,publications,False
Canada,Large language models,2020,309,True,21688.0,publications,False
Canada,Large language models,2021,444,True,22975.0,publications,False
Canada,Large language models,2022,421,True,18615.0,publications,False
Canada,Large language models,2023,689,True,29347.0,publications,False
Canada,Large language models,2024,715,False,7987.0,publications,False
Canada,Large language models,2025,390,False,800.0,publications,False
Canada,Natural Language Processing,2015,337,True,32665.0,publications,False
Canada,Natural Language Processing,2016,397,True,25710.0,publications,False
Canada,Natural Language Processing,2017,425,True,19984.0,publications,False
Canada,Natural Language Processing,2018,524,True,29723.0,publications,False
Canada,Natural Language Processing,2019,568,True,26270.0,publications,False
Canada,Natural Language Processing,2020,730,True,28065.0,publications,False
Canada,Natural Language Processing,2021,856,True,22778.0,publications,False
Canada,Natural Language Processing,2022,727,True,16224.0,publications,False
Canada,Natural Language Processing,2023,894,True,18139.0,publications,False
Canada,Natural Language Processing,2024,647,False,5356.0,publications,False
Canada,Natural Language Processing,2025,318,False,701.0,publications,False
Canada,Robotics,2015,768,True,22947.0,publications,False
Canada,Robotics,2016,805,True,26884.0,publications,False
Canada,Robotics,2017,854,True,23483.0,publications,False
Canada,Robotics,2018,904,True,25763.0,publications,False
Canada,Robotics,2019,1028,True,31564.0,publications,False
Canada,Robotics,2020,1145,True,28663.0,publications,False
Canada,Robotics,2021,1221,True,26162.0,publications,False
Canada,Robotics,2022,1145,True,16427.0,publications,False
Canada,Robotics,2023,1308,True,14343.0,publications,False
Canada,Robotics,2024,1109,False,4935.0,publications,False
Canada,Robotics,2025,639,False,462.0,publications,False
Cape Verde,AI Safety,2024,1,False,2.0,publications,False
Cape Verde,All,2017,3,True,9.0,publications,False
Cape Verde,All,2018,2,True,4.0,publications,False
Cape Verde,All,2019,1,True,5.0,publications,False
Cape Verde,All,2024,3,False,15.0,publications,False
Cape Verde,Computer Vision,2017,2,True,7.0,publications,False
Cape Verde,Computer Vision,2018,1,True,4.0,publications,False
Cape Verde,Computer Vision,2019,1,True,5.0,publications,False
Cape Verde,Natural Language Processing,2017,1,True,2.0,publications,False
Cape Verde,Natural Language Processing,2024,1,False,,publications,False
Cape Verde,Robotics,2017,1,True,2.0,publications,False
Cape Verde,Robotics,2018,1,True,,publications,False
Chad,AI Safety,2025,1,False,,publications,False
Chad,All,2015,1,True,20.0,publications,False
Chad,All,2017,1,True,,publications,False
Chad,All,2021,3,True,32.0,publications,False
Chad,All,2022,1,True,27.0,publications,False
Chad,All,2023,5,True,7.0,publications,False
Chad,All,2024,6,False,26.0,publications,False
Chad,All,2025,8,False,3.0,publications,False
Chad,Computer Vision,2017,1,True,,publications,False
Chad,Computer Vision,2023,1,True,,publications,False
Chad,Computer Vision,2024,3,False,13.0,publications,False
Chad,Computer Vision,2025,3,False,3.0,publications,False
Chad,Large language models,2025,1,False,,publications,False
Chad,Natural Language Processing,2022,1,True,27.0,publications,False
Chad,Robotics,2015,1,True,20.0,publications,False
Chile,AI Safety,2015,5,True,14.0,publications,False
Chile,AI Safety,2016,5,True,20.0,publications,False
Chile,AI Safety,2017,1,True,9.0,publications,False
Chile,AI Safety,2018,3,True,235.0,publications,False
Chile,AI Safety,2019,4,True,46.0,publications,False
Chile,AI Safety,2020,7,True,186.0,publications,False
Chile,AI Safety,2021,10,True,174.0,publications,False
Chile,AI Safety,2022,9,True,118.0,publications,False
Chile,AI Safety,2023,7,True,148.0,publications,False
Chile,AI Safety,2024,22,False,35.0,publications,False
Chile,AI Safety,2025,8,False,13.0,publications,False
Chile,All,2015,263,True,3824.0,publications,False
Chile,All,2016,252,True,5070.0,publications,False
Chile,All,2017,240,True,5840.0,publications,False
Chile,All,2018,293,True,6056.0,publications,False
Chile,All,2019,334,True,6237.0,publications,False
Chile,All,2020,407,True,11342.0,publications,False
Chile,All,2021,522,True,8123.0,publications,False
Chile,All,2022,460,True,5828.0,publications,False
Chile,All,2023,551,True,5559.0,publications,False
Chile,All,2024,570,False,2288.0,publications,False
Chile,All,2025,352,False,500.0,publications,False
Chile,Computer Vision,2015,55,True,990.0,publications,False
Chile,Computer Vision,2016,50,True,1656.0,publications,False
Chile,Computer Vision,2017,60,True,1425.0,publications,False
Chile,Computer Vision,2018,70,True,1680.0,publications,False
Chile,Computer Vision,2019,68,True,1073.0,publications,False
Chile,Computer Vision,2020,72,True,2126.0,publications,False
Chile,Computer Vision,2021,106,True,1894.0,publications,False
Chile,Computer Vision,2022,79,True,1022.0,publications,False
Chile,Computer Vision,2023,120,True,838.0,publications,False
Chile,Computer Vision,2024,101,False,443.0,publications,False
Chile,Computer Vision,2025,55,False,52.0,publications,False
Chile,Large language models,2018,2,True,105.0,publications,False
Chile,Large language models,2019,4,True,211.0,publications,False
Chile,Large language models,2020,7,True,60.0,publications,False
Chile,Large language models,2021,13,True,166.0,publications,False
Chile,Large language models,2022,10,True,131.0,publications,False
Chile,Large language models,2023,23,True,320.0,publications,False
Chile,Large language models,2024,24,False,119.0,publications,False
Chile,Large language models,2025,26,False,27.0,publications,False
Chile,Natural Language Processing,2015,19,True,170.0,publications,False
Chile,Natural Language Processing,2016,19,True,170.0,publications,False
Chile,Natural Language Processing,2017,20,True,252.0,publications,False
Chile,Natural Language Processing,2018,32,True,466.0,publications,False
Chile,Natural Language Processing,2019,32,True,565.0,publications,False
Chile,Natural Language Processing,2020,58,True,816.0,publications,False
Chile,Natural Language Processing,2021,56,True,399.0,publications,False
Chile,Natural Language Processing,2022,45,True,454.0,publications,False
Chile,Natural Language Processing,2023,44,True,401.0,publications,False
Chile,Natural Language Processing,2024,46,False,266.0,publications,False
Chile,Natural Language Processing,2025,33,False,41.0,publications,False
Chile,Robotics,2015,54,True,768.0,publications,False
Chile,Robotics,2016,50,True,1744.0,publications,False
Chile,Robotics,2017,47,True,758.0,publications,False
Chile,Robotics,2018,51,True,869.0,publications,False
Chile,Robotics,2019,54,True,1266.0,publications,False
Chile,Robotics,2020,63,True,882.0,publications,False
Chile,Robotics,2021,65,True,1212.0,publications,False
Chile,Robotics,2022,59,True,638.0,publications,False
Chile,Robotics,2023,71,True,550.0,publications,False
Chile,Robotics,2024,83,False,224.0,publications,False
Chile,Robotics,2025,50,False,64.0,publications,False
China (mainland),AI Safety,2015,83,True,11331.0,publications,False
China (mainland),AI Safety,2016,86,True,8940.0,publications,False
China (mainland),AI Safety,2017,171,True,27723.0,publications,False
China (mainland),AI Safety,2018,307,True,47318.0,publications,False
China (mainland),AI Safety,2019,494,True,45774.0,publications,False
China (mainland),AI Safety,2020,742,True,52256.0,publications,False
China (mainland),AI Safety,2021,956,True,46276.0,publications,False
China (mainland),AI Safety,2022,954,True,21998.0,publications,False
China (mainland),AI Safety,2023,1632,True,28379.0,publications,False
China (mainland),AI Safety,2024,2577,False,14049.0,publications,False
China (mainland),AI Safety,2025,1653,False,2144.0,publications,False
China (mainland),All,2015,22117,True,656315.0,publications,False
China (mainland),All,2016,21898,True,890693.0,publications,False
China (mainland),All,2017,26399,True,1152114.0,publications,False
China (mainland),All,2018,35540,True,1397820.0,publications,False
China (mainland),All,2019,47100,True,1768848.0,publications,False
China (mainland),All,2020,54274,True,1834649.0,publications,False
China (mainland),All,2021,71209,True,1762489.0,publications,False
China (mainland),All,2022,82118,True,1363542.0,publications,False
China (mainland),All,2023,103672,True,1144143.0,publications,False
China (mainland),All,2024,115061,False,509219.0,publications,False
China (mainland),All,2025,62333,False,57188.0,publications,False
China (mainland),Computer Vision,2015,10402,True,372188.0,publications,False
China (mainland),Computer Vision,2016,9851,True,487316.0,publications,False
China (mainland),Computer Vision,2017,11803,True,608414.0,publications,False
China (mainland),Computer Vision,2018,15598,True,721877.0,publications,False
China (mainland),Computer Vision,2019,20550,True,853316.0,publications,False
China (mainland),Computer Vision,2020,23344,True,887871.0,publications,False
China (mainland),Computer Vision,2021,30766,True,894433.0,publications,False
China (mainland),Computer Vision,2022,34925,True,648757.0,publications,False
China (mainland),Computer Vision,2023,43196,True,528919.0,publications,False
China (mainland),Computer Vision,2024,47021,False,224006.0,publications,False
China (mainland),Computer Vision,2025,23637,False,23974.0,publications,False
China (mainland),Large language models,2015,76,True,3391.0,publications,False
China (mainland),Large language models,2016,124,True,14804.0,publications,False
China (mainland),Large language models,2017,286,True,36267.0,publications,False
China (mainland),Large language models,2018,702,True,55687.0,publications,False
China (mainland),Large language models,2019,1588,True,136113.0,publications,False
China (mainland),Large language models,2020,2666,True,174827.0,publications,False
China (mainland),Large language models,2021,4577,True,263231.0,publications,False
China (mainland),Large language models,2022,6333,True,191153.0,publications,False
China (mainland),Large language models,2023,10791,True,255002.0,publications,False
China (mainland),Large language models,2024,13204,False,101407.0,publications,False
China (mainland),Large language models,2025,7047,False,9946.0,publications,False
China (mainland),Natural Language Processing,2015,1657,True,55768.0,publications,False
China (mainland),Natural Language Processing,2016,1683,True,62470.0,publications,False
China (mainland),Natural Language Processing,2017,1947,True,78894.0,publications,False
China (mainland),Natural Language Processing,2018,2805,True,102813.0,publications,False
China (mainland),Natural Language Processing,2019,3831,True,159737.0,publications,False
China (mainland),Natural Language Processing,2020,4638,True,145338.0,publications,False
China (mainland),Natural Language Processing,2021,5967,True,140518.0,publications,False
China (mainland),Natural Language Processing,2022,6081,True,91611.0,publications,False
China (mainland),Natural Language Processing,2023,7907,True,123689.0,publications,False
China (mainland),Natural Language Processing,2024,7150,False,33040.0,publications,False
China (mainland),Natural Language Processing,2025,3372,False,2984.0,publications,False
China (mainland),Robotics,2015,4117,True,64132.0,publications,False
China (mainland),Robotics,2016,4236,True,77063.0,publications,False
China (mainland),Robotics,2017,5054,True,99275.0,publications,False
China (mainland),Robotics,2018,6419,True,128425.0,publications,False
China (mainland),Robotics,2019,7947,True,159273.0,publications,False
China (mainland),Robotics,2020,8212,True,172837.0,publications,False
China (mainland),Robotics,2021,10856,True,173344.0,publications,False
China (mainland),Robotics,2022,13126,True,165845.0,publications,False
China (mainland),Robotics,2023,16130,True,133696.0,publications,False
China (mainland),Robotics,2024,17333,False,64027.0,publications,False
China (mainland),Robotics,2025,9731,False,7339.0,publications,False
Colombia,AI Safety,2015,3,True,511.0,publications,False
Colombia,AI Safety,2016,3,True,354.0,publications,False
Colombia,AI Safety,2017,1,True,11.0,publications,False
Colombia,AI Safety,2018,5,True,102.0,publications,False
Colombia,AI Safety,2019,4,True,44.0,publications,False
Colombia,AI Safety,2020,4,True,61.0,publications,False
Colombia,AI Safety,2021,7,True,112.0,publications,False
Colombia,AI Safety,2022,6,True,163.0,publications,False
Colombia,AI Safety,2023,12,True,558.0,publications,False
Colombia,AI Safety,2024,13,False,68.0,publications,False
Colombia,AI Safety,2025,7,False,7.0,publications,False
Colombia,All,2015,442,True,7808.0,publications,False
Colombia,All,2016,415,True,10505.0,publications,False
Colombia,All,2017,495,True,7430.0,publications,False
Colombia,All,2018,579,True,8572.0,publications,False
Colombia,All,2019,678,True,7676.0,publications,False
Colombia,All,2020,779,True,10691.0,publications,False
Colombia,All,2021,779,True,10651.0,publications,False
Colombia,All,2022,605,True,6224.0,publications,False
Colombia,All,2023,718,True,6250.0,publications,False
Colombia,All,2024,681,False,2979.0,publications,False
Colombia,All,2025,390,False,537.0,publications,False
Colombia,Computer Vision,2015,156,True,5179.0,publications,False
Colombia,Computer Vision,2016,110,True,2809.0,publications,False
Colombia,Computer Vision,2017,134,True,1947.0,publications,False
Colombia,Computer Vision,2018,154,True,1840.0,publications,False
Colombia,Computer Vision,2019,203,True,2162.0,publications,False
Colombia,Computer Vision,2020,233,True,4200.0,publications,False
Colombia,Computer Vision,2021,226,True,5377.0,publications,False
Colombia,Computer Vision,2022,144,True,1667.0,publications,False
Colombia,Computer Vision,2023,184,True,1462.0,publications,False
Colombia,Computer Vision,2024,183,False,617.0,publications,False
Colombia,Computer Vision,2025,85,False,74.0,publications,False
Colombia,Large language models,2018,2,True,123.0,publications,False
Colombia,Large language models,2019,1,True,5.0,publications,False
Colombia,Large language models,2021,11,True,86.0,publications,False
Colombia,Large language models,2022,8,True,243.0,publications,False
Colombia,Large language models,2023,21,True,498.0,publications,False
Colombia,Large language models,2024,18,False,139.0,publications,False
Colombia,Large language models,2025,24,False,27.0,publications,False
Colombia,Natural Language Processing,2015,17,True,171.0,publications,False
Colombia,Natural Language Processing,2016,16,True,234.0,publications,False
Colombia,Natural Language Processing,2017,25,True,394.0,publications,False
Colombia,Natural Language Processing,2018,26,True,409.0,publications,False
Colombia,Natural Language Processing,2019,28,True,254.0,publications,False
Colombia,Natural Language Processing,2020,35,True,164.0,publications,False
Colombia,Natural Language Processing,2021,45,True,258.0,publications,False
Colombia,Natural Language Processing,2022,28,True,236.0,publications,False
Colombia,Natural Language Processing,2023,32,True,384.0,publications,False
Colombia,Natural Language Processing,2024,34,False,222.0,publications,False
Colombia,Natural Language Processing,2025,27,False,154.0,publications,False
Colombia,Robotics,2015,110,True,883.0,publications,False
Colombia,Robotics,2016,111,True,4406.0,publications,False
Colombia,Robotics,2017,123,True,1467.0,publications,False
Colombia,Robotics,2018,157,True,1298.0,publications,False
Colombia,Robotics,2019,151,True,1175.0,publications,False
Colombia,Robotics,2020,155,True,1764.0,publications,False
Colombia,Robotics,2021,133,True,1229.0,publications,False
Colombia,Robotics,2022,115,True,547.0,publications,False
Colombia,Robotics,2023,116,True,679.0,publications,False
Colombia,Robotics,2024,82,False,125.0,publications,False
Colombia,Robotics,2025,41,False,34.0,publications,False
Comoros,All,2023,5,True,101.0,publications,False
Comoros,All,2024,8,False,39.0,publications,False
Comoros,All,2025,2,False,,publications,False
Comoros,Computer Vision,2023,1,True,23.0,publications,False
Comoros,Computer Vision,2025,1,False,,publications,False
Comoros,Large language models,2024,1,False,,publications,False
Comoros,Natural Language Processing,2024,2,False,18.0,publications,False
Congo,AI Safety,2023,1,True,1.0,publications,False
Congo,AI Safety,2024,1,False,49.0,publications,False
Congo,AI Safety,2024,1,False,4.0,publications,False
Congo,AI Safety,2024,3,False,49.0,publications,False
Congo,AI Safety,2024,3,False,4.0,publications,False
Congo,All,2015,2,True,21.0,publications,False
Congo,All,2015,2,True,14.0,publications,False
Congo,All,2015,3,True,21.0,publications,False
Congo,All,2015,3,True,14.0,publications,False
Congo,All,2016,1,True,75.0,publications,False
Congo,All,2016,1,True,5.0,publications,False
Congo,All,2016,1,True,75.0,publications,False
Congo,All,2016,1,True,5.0,publications,False
Congo,All,2017,1,True,89.0,publications,False
Congo,All,2017,1,True,2.0,publications,False
Congo,All,2017,2,True,89.0,publications,False
Congo,All,2017,2,True,2.0,publications,False
Congo,All,2018,5,True,3.0,publications,False
Congo,All,2018,5,True,123.0,publications,False
Congo,All,2018,2,True,3.0,publications,False
Congo,All,2018,2,True,123.0,publications,False
Congo,All,2019,4,True,41.0,publications,False
Congo,All,2020,2,True,5.0,publications,False
Congo,All,2020,2,True,69.0,publications,False
Congo,All,2020,4,True,5.0,publications,False
Congo,All,2020,4,True,69.0,publications,False
Congo,All,2021,15,True,56.0,publications,False
Congo,All,2022,15,True,317.0,publications,False
Congo,All,2022,2,True,317.0,publications,False
Congo,All,2023,35,True,27.0,publications,False
Congo,All,2023,35,True,154.0,publications,False
Congo,All,2023,4,True,27.0,publications,False
Congo,All,2023,4,True,154.0,publications,False
Congo,All,2024,36,False,322.0,publications,False
Congo,All,2024,36,False,47.0,publications,False
Congo,All,2024,6,False,322.0,publications,False
Congo,All,2024,6,False,47.0,publications,False
Congo,All,2025,23,False,50.0,publications,False
Congo,All,2025,23,False,6.0,publications,False
Congo,All,2025,4,False,50.0,publications,False
Congo,All,2025,4,False,6.0,publications,False
Congo,Computer Vision,2016,1,True,75.0,publications,False
Congo,Computer Vision,2016,1,True,5.0,publications,False
Congo,Computer Vision,2016,1,True,75.0,publications,False
Congo,Computer Vision,2016,1,True,5.0,publications,False
Congo,Computer Vision,2017,1,True,85.0,publications,False
Congo,Computer Vision,2018,1,True,2.0,publications,False
Congo,Computer Vision,2019,1,True,,publications,False
Congo,Computer Vision,2020,3,True,65.0,publications,False
Congo,Computer Vision,2020,1,True,65.0,publications,False
Congo,Computer Vision,2021,5,True,33.0,publications,False
Congo,Computer Vision,2022,3,True,3.0,publications,False
Congo,Computer Vision,2023,4,True,36.0,publications,False
Congo,Computer Vision,2023,1,True,36.0,publications,False
Congo,Computer Vision,2024,1,False,8.0,publications,False
Congo,Computer Vision,2024,1,False,39.0,publications,False
Congo,Computer Vision,2024,3,False,8.0,publications,False
Congo,Computer Vision,2024,3,False,39.0,publications,False
Congo,Computer Vision,2025,6,False,1.0,publications,False
Congo,Computer Vision,2025,1,False,1.0,publications,False
Congo,Large language models,2023,2,True,7.0,publications,False
Congo,Large language models,2024,1,False,1.0,publications,False
Congo,Large language models,2025,1,False,,publications,False
Congo,Natural Language Processing,2015,1,True,13.0,publications,False
Congo,Natural Language Processing,2021,1,True,,publications,False
Congo,Natural Language Processing,2022,1,True,,publications,False
Congo,Natural Language Processing,2024,3,False,2.0,publications,False
Congo,Natural Language Processing,2025,3,False,2.0,publications,False
Congo,Robotics,2015,1,True,21.0,publications,False
Congo,Robotics,2017,1,True,4.0,publications,False
Congo,Robotics,2018,1,True,6.0,publications,False
Congo,Robotics,2021,3,True,11.0,publications,False
Congo,Robotics,2022,1,True,,publications,False
Congo,Robotics,2023,3,True,,publications,False
Congo,Robotics,2025,1,False,,publications,False
Congo,Robotics,2025,1,False,,publications,False
Costa Rica,AI Safety,2021,2,True,3.0,publications,False
Costa Rica,AI Safety,2023,1,True,105.0,publications,False
Costa Rica,AI Safety,2025,1,False,,publications,False
Costa Rica,All,2015,19,True,146.0,publications,False
Costa Rica,All,2016,22,True,294.0,publications,False
Costa Rica,All,2017,23,True,449.0,publications,False
Costa Rica,All,2018,48,True,610.0,publications,False
Costa Rica,All,2019,57,True,805.0,publications,False
Costa Rica,All,2020,56,True,1119.0,publications,False
Costa Rica,All,2021,55,True,565.0,publications,False
Costa Rica,All,2022,59,True,716.0,publications,False
Costa Rica,All,2023,46,True,335.0,publications,False
Costa Rica,All,2024,69,False,135.0,publications,False
Costa Rica,All,2025,29,False,45.0,publications,False
Costa Rica,Computer Vision,2015,7,True,53.0,publications,False
Costa Rica,Computer Vision,2016,11,True,111.0,publications,False
Costa Rica,Computer Vision,2017,7,True,291.0,publications,False
Costa Rica,Computer Vision,2018,16,True,136.0,publications,False
Costa Rica,Computer Vision,2019,14,True,413.0,publications,False
Costa Rica,Computer Vision,2020,21,True,540.0,publications,False
Costa Rica,Computer Vision,2021,18,True,229.0,publications,False
Costa Rica,Computer Vision,2022,16,True,80.0,publications,False
Costa Rica,Computer Vision,2023,15,True,66.0,publications,False
Costa Rica,Computer Vision,2024,14,False,13.0,publications,False
Costa Rica,Computer Vision,2025,4,False,9.0,publications,False
Costa Rica,Large language models,2022,1,True,9.0,publications,False
Costa Rica,Large language models,2023,4,True,8.0,publications,False
Costa Rica,Large language models,2024,4,False,1.0,publications,False
Costa Rica,Large language models,2025,2,False,,publications,False
Costa Rica,Natural Language Processing,2015,1,True,,publications,False
Costa Rica,Natural Language Processing,2016,1,True,27.0,publications,False
Costa Rica,Natural Language Processing,2017,7,True,33.0,publications,False
Costa Rica,Natural Language Processing,2018,3,True,85.0,publications,False
Costa Rica,Natural Language Processing,2019,9,True,19.0,publications,False
Costa Rica,Natural Language Processing,2020,4,True,4.0,publications,False
Costa Rica,Natural Language Processing,2021,1,True,2.0,publications,False
Costa Rica,Natural Language Processing,2022,3,True,5.0,publications,False
Costa Rica,Natural Language Processing,2023,6,True,9.0,publications,False
Costa Rica,Natural Language Processing,2024,2,False,1.0,publications,False
Costa Rica,Natural Language Processing,2025,2,False,,publications,False
Costa Rica,Robotics,2015,2,True,14.0,publications,False
Costa Rica,Robotics,2016,3,True,18.0,publications,False
Costa Rica,Robotics,2017,4,True,27.0,publications,False
Costa Rica,Robotics,2018,14,True,185.0,publications,False
Costa Rica,Robotics,2019,13,True,70.0,publications,False
Costa Rica,Robotics,2020,15,True,146.0,publications,False
Costa Rica,Robotics,2021,7,True,37.0,publications,False
Costa Rica,Robotics,2022,8,True,82.0,publications,False
Costa Rica,Robotics,2023,8,True,77.0,publications,False
Costa Rica,Robotics,2024,8,False,17.0,publications,False
Costa Rica,Robotics,2025,7,False,6.0,publications,False
Croatia,AI Safety,2015,2,True,52.0,publications,False
Croatia,AI Safety,2016,1,True,17.0,publications,False
Croatia,AI Safety,2018,1,True,90.0,publications,False
Croatia,AI Safety,2019,1,True,42.0,publications,False
Croatia,AI Safety,2020,5,True,171.0,publications,False
Croatia,AI Safety,2021,7,True,349.0,publications,False
Croatia,AI Safety,2022,1,True,,publications,False
Croatia,AI Safety,2023,8,True,515.0,publications,False
Croatia,AI Safety,2024,7,False,26.0,publications,False
Croatia,AI Safety,2025,7,False,11.0,publications,False
Croatia,All,2015,206,True,5931.0,publications,False
Croatia,All,2016,236,True,5808.0,publications,False
Croatia,All,2017,228,True,6774.0,publications,False
Croatia,All,2018,265,True,7840.0,publications,False
Croatia,All,2019,274,True,5643.0,publications,False
Croatia,All,2020,363,True,6564.0,publications,False
Croatia,All,2021,433,True,7248.0,publications,False
Croatia,All,2022,425,True,4752.0,publications,False
Croatia,All,2023,472,True,4696.0,publications,False
Croatia,All,2024,431,False,1796.0,publications,False
Croatia,All,2025,297,False,170.0,publications,False
Croatia,Computer Vision,2015,68,True,2138.0,publications,False
Croatia,Computer Vision,2016,83,True,2260.0,publications,False
Croatia,Computer Vision,2017,51,True,3683.0,publications,False
Croatia,Computer Vision,2018,66,True,2931.0,publications,False
Croatia,Computer Vision,2019,95,True,2509.0,publications,False
Croatia,Computer Vision,2020,96,True,1526.0,publications,False
Croatia,Computer Vision,2021,117,True,2570.0,publications,False
Croatia,Computer Vision,2022,104,True,1285.0,publications,False
Croatia,Computer Vision,2023,115,True,890.0,publications,False
Croatia,Computer Vision,2024,88,False,314.0,publications,False
Croatia,Computer Vision,2025,76,False,38.0,publications,False
Croatia,Large language models,2016,1,True,22.0,publications,False
Croatia,Large language models,2017,1,True,,publications,False
Croatia,Large language models,2018,1,True,145.0,publications,False
Croatia,Large language models,2020,4,True,129.0,publications,False
Croatia,Large language models,2021,7,True,129.0,publications,False
Croatia,Large language models,2022,6,True,98.0,publications,False
Croatia,Large language models,2023,14,True,105.0,publications,False
Croatia,Large language models,2024,21,False,271.0,publications,False
Croatia,Large language models,2025,22,False,9.0,publications,False
Croatia,Natural Language Processing,2015,36,True,602.0,publications,False
Croatia,Natural Language Processing,2016,37,True,680.0,publications,False
Croatia,Natural Language Processing,2017,50,True,672.0,publications,False
Croatia,Natural Language Processing,2018,46,True,833.0,publications,False
Croatia,Natural Language Processing,2019,29,True,146.0,publications,False
Croatia,Natural Language Processing,2020,59,True,836.0,publications,False
Croatia,Natural Language Processing,2021,43,True,411.0,publications,False
Croatia,Natural Language Processing,2022,42,True,296.0,publications,False
Croatia,Natural Language Processing,2023,46,True,493.0,publications,False
Croatia,Natural Language Processing,2024,47,False,316.0,publications,False
Croatia,Natural Language Processing,2025,20,False,4.0,publications,False
Croatia,Robotics,2015,36,True,695.0,publications,False
Croatia,Robotics,2016,52,True,937.0,publications,False
Croatia,Robotics,2017,60,True,1311.0,publications,False
Croatia,Robotics,2018,61,True,1002.0,publications,False
Croatia,Robotics,2019,59,True,985.0,publications,False
Croatia,Robotics,2020,69,True,1091.0,publications,False
Croatia,Robotics,2021,98,True,1151.0,publications,False
Croatia,Robotics,2022,80,True,813.0,publications,False
Croatia,Robotics,2023,94,True,549.0,publications,False
Croatia,Robotics,2024,70,False,366.0,publications,False
Croatia,Robotics,2025,58,False,26.0,publications,False
Cuba,AI Safety,2015,1,True,20.0,publications,False
Cuba,AI Safety,2016,1,True,34.0,publications,False
Cuba,AI Safety,2017,1,True,47.0,publications,False
Cuba,AI Safety,2019,2,True,35.0,publications,False
Cuba,AI Safety,2021,2,True,38.0,publications,False
Cuba,AI Safety,2024,1,False,4.0,publications,False
Cuba,All,2015,75,True,804.0,publications,False
Cuba,All,2016,80,True,1800.0,publications,False
Cuba,All,2017,74,True,1842.0,publications,False
Cuba,All,2018,103,True,795.0,publications,False
Cuba,All,2019,105,True,1198.0,publications,False
Cuba,All,2020,85,True,829.0,publications,False
Cuba,All,2021,101,True,785.0,publications,False
Cuba,All,2022,41,True,247.0,publications,False
Cuba,All,2023,29,True,157.0,publications,False
Cuba,All,2024,46,False,151.0,publications,False
Cuba,All,2025,16,False,6.0,publications,False
Cuba,Computer Vision,2015,13,True,54.0,publications,False
Cuba,Computer Vision,2016,25,True,1431.0,publications,False
Cuba,Computer Vision,2017,20,True,559.0,publications,False
Cuba,Computer Vision,2018,21,True,157.0,publications,False
Cuba,Computer Vision,2019,30,True,544.0,publications,False
Cuba,Computer Vision,2020,19,True,173.0,publications,False
Cuba,Computer Vision,2021,23,True,290.0,publications,False
Cuba,Computer Vision,2022,11,True,42.0,publications,False
Cuba,Computer Vision,2023,8,True,22.0,publications,False
Cuba,Computer Vision,2024,15,False,54.0,publications,False
Cuba,Computer Vision,2025,1,False,,publications,False
Cuba,Large language models,2017,1,True,220.0,publications,False
Cuba,Large language models,2019,1,True,91.0,publications,False
Cuba,Large language models,2021,1,True,5.0,publications,False
Cuba,Large language models,2022,1,True,9.0,publications,False
Cuba,Large language models,2023,1,True,1.0,publications,False
Cuba,Large language models,2025,2,False,1.0,publications,False
Cuba,Natural Language Processing,2015,2,True,3.0,publications,False
Cuba,Natural Language Processing,2016,8,True,25.0,publications,False
Cuba,Natural Language Processing,2017,3,True,1.0,publications,False
Cuba,Natural Language Processing,2018,8,True,30.0,publications,False
Cuba,Natural Language Processing,2019,11,True,77.0,publications,False
Cuba,Natural Language Processing,2020,7,True,25.0,publications,False
Cuba,Natural Language Processing,2021,8,True,23.0,publications,False
Cuba,Natural Language Processing,2022,1,True,1.0,publications,False
Cuba,Natural Language Processing,2023,2,True,8.0,publications,False
Cuba,Natural Language Processing,2024,1,False,,publications,False
Cuba,Natural Language Processing,2025,2,False,1.0,publications,False
Cuba,Robotics,2015,4,True,80.0,publications,False
Cuba,Robotics,2016,1,True,25.0,publications,False
Cuba,Robotics,2017,2,True,46.0,publications,False
Cuba,Robotics,2018,9,True,76.0,publications,False
Cuba,Robotics,2019,8,True,78.0,publications,False
Cuba,Robotics,2020,7,True,62.0,publications,False
Cuba,Robotics,2021,5,True,9.0,publications,False
Cuba,Robotics,2022,5,True,31.0,publications,False
Cuba,Robotics,2023,5,True,26.0,publications,False
Cuba,Robotics,2024,2,False,5.0,publications,False
Cuba,Robotics,2025,1,False,,publications,False
Cyprus,AI Safety,2015,1,True,3.0,publications,False
Cyprus,AI Safety,2016,1,True,11.0,publications,False
Cyprus,AI Safety,2017,2,True,44.0,publications,False
Cyprus,AI Safety,2018,3,True,76.0,publications,False
Cyprus,AI Safety,2019,1,True,72.0,publications,False
Cyprus,AI Safety,2020,8,True,440.0,publications,False
Cyprus,AI Safety,2021,10,True,124.0,publications,False
Cyprus,AI Safety,2022,9,True,74.0,publications,False
Cyprus,AI Safety,2023,14,True,92.0,publications,False
Cyprus,AI Safety,2024,12,False,52.0,publications,False
Cyprus,AI Safety,2025,15,False,9.0,publications,False
Cyprus,All,2015,104,True,2152.0,publications,False
Cyprus,All,2016,139,True,3909.0,publications,False
Cyprus,All,2017,164,True,5701.0,publications,False
Cyprus,All,2018,182,True,7360.0,publications,False
Cyprus,All,2019,211,True,6162.0,publications,False
Cyprus,All,2020,268,True,8181.0,publications,False
Cyprus,All,2021,351,True,9030.0,publications,False
Cyprus,All,2022,326,True,5291.0,publications,False
Cyprus,All,2023,423,True,7273.0,publications,False
Cyprus,All,2024,433,False,2412.0,publications,False
Cyprus,All,2025,257,False,291.0,publications,False
Cyprus,Computer Vision,2015,42,True,808.0,publications,False
Cyprus,Computer Vision,2016,40,True,1961.0,publications,False
Cyprus,Computer Vision,2017,51,True,1459.0,publications,False
Cyprus,Computer Vision,2018,55,True,1894.0,publications,False
Cyprus,Computer Vision,2019,61,True,1795.0,publications,False
Cyprus,Computer Vision,2020,71,True,2696.0,publications,False
Cyprus,Computer Vision,2021,111,True,2976.0,publications,False
Cyprus,Computer Vision,2022,68,True,989.0,publications,False
Cyprus,Computer Vision,2023,94,True,1130.0,publications,False
Cyprus,Computer Vision,2024,81,False,398.0,publications,False
Cyprus,Computer Vision,2025,54,False,70.0,publications,False
Cyprus,Large language models,2018,2,True,6.0,publications,False
Cyprus,Large language models,2019,2,True,66.0,publications,False
Cyprus,Large language models,2020,2,True,82.0,publications,False
Cyprus,Large language models,2021,3,True,79.0,publications,False
Cyprus,Large language models,2022,4,True,95.0,publications,False
Cyprus,Large language models,2023,10,True,380.0,publications,False
Cyprus,Large language models,2024,17,False,203.0,publications,False
Cyprus,Large language models,2025,11,False,20.0,publications,False
Cyprus,Natural Language Processing,2015,8,True,75.0,publications,False
Cyprus,Natural Language Processing,2016,11,True,288.0,publications,False
Cyprus,Natural Language Processing,2017,12,True,307.0,publications,False
Cyprus,Natural Language Processing,2018,12,True,1046.0,publications,False
Cyprus,Natural Language Processing,2019,12,True,226.0,publications,False
Cyprus,Natural Language Processing,2020,19,True,177.0,publications,False
Cyprus,Natural Language Processing,2021,15,True,194.0,publications,False
Cyprus,Natural Language Processing,2022,11,True,298.0,publications,False
Cyprus,Natural Language Processing,2023,24,True,757.0,publications,False
Cyprus,Natural Language Processing,2024,22,False,120.0,publications,False
Cyprus,Natural Language Processing,2025,10,False,13.0,publications,False
Cyprus,Robotics,2015,21,True,559.0,publications,False
Cyprus,Robotics,2016,24,True,513.0,publications,False
Cyprus,Robotics,2017,33,True,771.0,publications,False
Cyprus,Robotics,2018,26,True,799.0,publications,False
Cyprus,Robotics,2019,35,True,1043.0,publications,False
Cyprus,Robotics,2020,34,True,861.0,publications,False
Cyprus,Robotics,2021,50,True,920.0,publications,False
Cyprus,Robotics,2022,45,True,601.0,publications,False
Cyprus,Robotics,2023,54,True,1510.0,publications,False
Cyprus,Robotics,2024,54,False,237.0,publications,False
Cyprus,Robotics,2025,25,False,33.0,publications,False
Czechia,AI Safety,2015,7,True,102.0,publications,False
Czechia,AI Safety,2016,8,True,434.0,publications,False
Czechia,AI Safety,2017,4,True,193.0,publications,False
Czechia,AI Safety,2018,11,True,1004.0,publications,False
Czechia,AI Safety,2019,11,True,266.0,publications,False
Czechia,AI Safety,2020,23,True,390.0,publications,False
Czechia,AI Safety,2021,10,True,170.0,publications,False
Czechia,AI Safety,2022,19,True,244.0,publications,False
Czechia,AI Safety,2023,24,True,393.0,publications,False
Czechia,AI Safety,2024,21,False,51.0,publications,False
Czechia,AI Safety,2025,15,False,5.0,publications,False
Czechia,All,2015,822,True,21697.0,publications,False
Czechia,All,2016,782,True,22932.0,publications,False
Czechia,All,2017,801,True,26136.0,publications,False
Czechia,All,2018,874,True,21840.0,publications,False
Czechia,All,2019,967,True,27073.0,publications,False
Czechia,All,2020,1009,True,23739.0,publications,False
Czechia,All,2021,1147,True,18636.0,publications,False
Czechia,All,2022,1035,True,16308.0,publications,False
Czechia,All,2023,1125,True,13962.0,publications,False
Czechia,All,2024,853,False,4061.0,publications,False
Czechia,All,2025,437,False,402.0,publications,False
Czechia,Computer Vision,2015,221,True,14071.0,publications,False
Czechia,Computer Vision,2016,188,True,7754.0,publications,False
Czechia,Computer Vision,2017,208,True,14235.0,publications,False
Czechia,Computer Vision,2018,235,True,7239.0,publications,False
Czechia,Computer Vision,2019,245,True,10637.0,publications,False
Czechia,Computer Vision,2020,248,True,8930.0,publications,False
Czechia,Computer Vision,2021,256,True,5471.0,publications,False
Czechia,Computer Vision,2022,229,True,4019.0,publications,False
Czechia,Computer Vision,2023,245,True,4515.0,publications,False
Czechia,Computer Vision,2024,193,False,1021.0,publications,False
Czechia,Computer Vision,2025,92,False,80.0,publications,False
Czechia,Large language models,2015,2,True,24.0,publications,False
Czechia,Large language models,2016,6,True,251.0,publications,False
Czechia,Large language models,2017,3,True,207.0,publications,False
Czechia,Large language models,2018,13,True,1177.0,publications,False
Czechia,Large language models,2019,30,True,2338.0,publications,False
Czechia,Large language models,2020,38,True,1921.0,publications,False
Czechia,Large language models,2021,50,True,1069.0,publications,False
Czechia,Large language models,2022,59,True,989.0,publications,False
Czechia,Large language models,2023,78,True,1649.0,publications,False
Czechia,Large language models,2024,43,False,365.0,publications,False
Czechia,Large language models,2025,25,False,56.0,publications,False
Czechia,Natural Language Processing,2015,124,True,1678.0,publications,False
Czechia,Natural Language Processing,2016,145,True,4807.0,publications,False
Czechia,Natural Language Processing,2017,134,True,3837.0,publications,False
Czechia,Natural Language Processing,2018,124,True,4484.0,publications,False
Czechia,Natural Language Processing,2019,163,True,5634.0,publications,False
Czechia,Natural Language Processing,2020,167,True,4708.0,publications,False
Czechia,Natural Language Processing,2021,195,True,3083.0,publications,False
Czechia,Natural Language Processing,2022,148,True,1360.0,publications,False
Czechia,Natural Language Processing,2023,176,True,1889.0,publications,False
Czechia,Natural Language Processing,2024,78,False,380.0,publications,False
Czechia,Natural Language Processing,2025,38,False,68.0,publications,False
Czechia,Robotics,2015,124,True,1471.0,publications,False
Czechia,Robotics,2016,124,True,4850.0,publications,False
Czechia,Robotics,2017,143,True,2930.0,publications,False
Czechia,Robotics,2018,170,True,2699.0,publications,False
Czechia,Robotics,2019,158,True,3372.0,publications,False
Czechia,Robotics,2020,168,True,3164.0,publications,False
Czechia,Robotics,2021,198,True,2205.0,publications,False
Czechia,Robotics,2022,190,True,1954.0,publications,False
Czechia,Robotics,2023,190,True,1275.0,publications,False
Czechia,Robotics,2024,152,False,529.0,publications,False
Czechia,Robotics,2025,80,False,45.0,publications,False
Côte d'Ivoire,All,2015,1,True,2.0,publications,False
Côte d'Ivoire,All,2016,7,True,135.0,publications,False
Côte d'Ivoire,All,2017,8,True,38.0,publications,False
Côte d'Ivoire,All,2018,9,True,55.0,publications,False
Côte d'Ivoire,All,2019,7,True,37.0,publications,False
Côte d'Ivoire,All,2020,17,True,63.0,publications,False
Côte d'Ivoire,All,2021,17,True,122.0,publications,False
Côte d'Ivoire,All,2022,21,True,477.0,publications,False
Côte d'Ivoire,All,2023,29,True,127.0,publications,False
Côte d'Ivoire,All,2024,20,False,40.0,publications,False
Côte d'Ivoire,All,2025,10,False,7.0,publications,False
Côte d'Ivoire,Computer Vision,2016,3,True,20.0,publications,False
Côte d'Ivoire,Computer Vision,2017,5,True,7.0,publications,False
Côte d'Ivoire,Computer Vision,2018,2,True,14.0,publications,False
Côte d'Ivoire,Computer Vision,2019,2,True,18.0,publications,False
Côte d'Ivoire,Computer Vision,2020,8,True,38.0,publications,False
Côte d'Ivoire,Computer Vision,2021,6,True,36.0,publications,False
Côte d'Ivoire,Computer Vision,2022,8,True,96.0,publications,False
Côte d'Ivoire,Computer Vision,2023,12,True,55.0,publications,False
Côte d'Ivoire,Computer Vision,2024,9,False,27.0,publications,False
Côte d'Ivoire,Computer Vision,2025,3,False,4.0,publications,False
Côte d'Ivoire,Large language models,2025,1,False,1.0,publications,False
Côte d'Ivoire,Natural Language Processing,2016,3,True,113.0,publications,False
Côte d'Ivoire,Natural Language Processing,2018,1,True,11.0,publications,False
Côte d'Ivoire,Natural Language Processing,2020,1,True,,publications,False
Côte d'Ivoire,Natural Language Processing,2021,2,True,16.0,publications,False
Côte d'Ivoire,Natural Language Processing,2022,4,True,63.0,publications,False
Côte d'Ivoire,Natural Language Processing,2023,3,True,14.0,publications,False
Côte d'Ivoire,Natural Language Processing,2024,1,False,3.0,publications,False
Côte d'Ivoire,Natural Language Processing,2025,2,False,1.0,publications,False
Côte d'Ivoire,Robotics,2019,1,True,3.0,publications,False
Côte d'Ivoire,Robotics,2022,1,True,4.0,publications,False
Côte d'Ivoire,Robotics,2023,1,True,12.0,publications,False
Denmark,AI Safety,2015,15,True,225.0,publications,False
Denmark,AI Safety,2016,9,True,217.0,publications,False
Denmark,AI Safety,2017,10,True,1380.0,publications,False
Denmark,AI Safety,2018,16,True,1058.0,publications,False
Denmark,AI Safety,2019,32,True,1762.0,publications,False
Denmark,AI Safety,2020,36,True,3198.0,publications,False
Denmark,AI Safety,2021,48,True,1038.0,publications,False
Denmark,AI Safety,2022,40,True,665.0,publications,False
Denmark,AI Safety,2023,62,True,1392.0,publications,False
Denmark,AI Safety,2024,84,False,490.0,publications,False
Denmark,AI Safety,2025,39,False,102.0,publications,False
Denmark,All,2015,631,True,23513.0,publications,False
Denmark,All,2016,699,True,29742.0,publications,False
Denmark,All,2017,747,True,32945.0,publications,False
Denmark,All,2018,972,True,34350.0,publications,False
Denmark,All,2019,1118,True,48971.0,publications,False
Denmark,All,2020,1367,True,47961.0,publications,False
Denmark,All,2021,1763,True,43564.0,publications,False
Denmark,All,2022,1822,True,36718.0,publications,False
Denmark,All,2023,2134,True,30577.0,publications,False
Denmark,All,2024,2169,False,12104.0,publications,False
Denmark,All,2025,886,False,1244.0,publications,False
Denmark,Computer Vision,2015,139,True,5968.0,publications,False
Denmark,Computer Vision,2016,134,True,7031.0,publications,False
Denmark,Computer Vision,2017,131,True,5716.0,publications,False
Denmark,Computer Vision,2018,163,True,7857.0,publications,False
Denmark,Computer Vision,2019,188,True,7238.0,publications,False
Denmark,Computer Vision,2020,244,True,8198.0,publications,False
Denmark,Computer Vision,2021,327,True,10079.0,publications,False
Denmark,Computer Vision,2022,330,True,8986.0,publications,False
Denmark,Computer Vision,2023,394,True,5666.0,publications,False
Denmark,Computer Vision,2024,381,False,2167.0,publications,False
Denmark,Computer Vision,2025,170,False,193.0,publications,False
Denmark,Large language models,2016,5,True,162.0,publications,False
Denmark,Large language models,2017,7,True,1479.0,publications,False
Denmark,Large language models,2018,20,True,746.0,publications,False
Denmark,Large language models,2019,35,True,1444.0,publications,False
Denmark,Large language models,2020,45,True,2025.0,publications,False
Denmark,Large language models,2021,89,True,3813.0,publications,False
Denmark,Large language models,2022,99,True,7915.0,publications,False
Denmark,Large language models,2023,149,True,3571.0,publications,False
Denmark,Large language models,2024,188,False,2175.0,publications,False
Denmark,Large language models,2025,55,False,107.0,publications,False
Denmark,Natural Language Processing,2015,93,True,4618.0,publications,False
Denmark,Natural Language Processing,2016,88,True,6944.0,publications,False
Denmark,Natural Language Processing,2017,122,True,6245.0,publications,False
Denmark,Natural Language Processing,2018,142,True,3431.0,publications,False
Denmark,Natural Language Processing,2019,187,True,4217.0,publications,False
Denmark,Natural Language Processing,2020,182,True,7757.0,publications,False
Denmark,Natural Language Processing,2021,242,True,6106.0,publications,False
Denmark,Natural Language Processing,2022,216,True,4677.0,publications,False
Denmark,Natural Language Processing,2023,259,True,5234.0,publications,False
Denmark,Natural Language Processing,2024,257,False,1698.0,publications,False
Denmark,Natural Language Processing,2025,83,False,203.0,publications,False
Denmark,Robotics,2015,160,True,3180.0,publications,False
Denmark,Robotics,2016,197,True,3609.0,publications,False
Denmark,Robotics,2017,225,True,6988.0,publications,False
Denmark,Robotics,2018,256,True,4637.0,publications,False
Denmark,Robotics,2019,274,True,5524.0,publications,False
Denmark,Robotics,2020,259,True,5361.0,publications,False
Denmark,Robotics,2021,354,True,4937.0,publications,False
Denmark,Robotics,2022,355,True,3683.0,publications,False
Denmark,Robotics,2023,368,True,2367.0,publications,False
Denmark,Robotics,2024,316,False,975.0,publications,False
Denmark,Robotics,2025,164,False,95.0,publications,False
Djibouti,All,2017,1,True,19.0,publications,False
Djibouti,All,2023,2,True,26.0,publications,False
Djibouti,All,2024,1,False,3.0,publications,False
Djibouti,Computer Vision,2017,1,True,19.0,publications,False
Dominica,All,2017,1,True,,publications,False
Dominica,All,2019,2,True,,publications,False
Dominica,All,2023,2,True,49.0,publications,False
Dominica,All,2024,3,False,10.0,publications,False
Dominica,All,2025,2,False,5.0,publications,False
Dominica,Computer Vision,2023,1,True,7.0,publications,False
Dominica,Computer Vision,2025,1,False,,publications,False
Dominica,Robotics,2019,2,True,,publications,False
Dominica,Robotics,2024,1,False,2.0,publications,False
Dominican Republic,All,2015,2,True,,publications,False
Dominican Republic,All,2016,2,True,77.0,publications,False
Dominican Republic,All,2017,1,True,15.0,publications,False
Dominican Republic,All,2018,5,True,34.0,publications,False
Dominican Republic,All,2019,5,True,86.0,publications,False
Dominican Republic,All,2020,5,True,106.0,publications,False
Dominican Republic,All,2021,3,True,102.0,publications,False
Dominican Republic,All,2022,4,True,26.0,publications,False
Dominican Republic,All,2023,6,True,127.0,publications,False
Dominican Republic,All,2024,17,False,77.0,publications,False
Dominican Republic,All,2025,15,False,22.0,publications,False
Dominican Republic,Computer Vision,2017,1,True,15.0,publications,False
Dominican Republic,Computer Vision,2018,1,True,2.0,publications,False
Dominican Republic,Computer Vision,2019,2,True,16.0,publications,False
Dominican Republic,Computer Vision,2022,2,True,8.0,publications,False
Dominican Republic,Computer Vision,2023,1,True,22.0,publications,False
Dominican Republic,Computer Vision,2024,3,False,11.0,publications,False
Dominican Republic,Computer Vision,2025,7,False,15.0,publications,False
Dominican Republic,Natural Language Processing,2015,2,True,,publications,False
Dominican Republic,Natural Language Processing,2019,1,True,2.0,publications,False
Dominican Republic,Natural Language Processing,2020,1,True,70.0,publications,False
Dominican Republic,Natural Language Processing,2023,1,True,1.0,publications,False
Dominican Republic,Natural Language Processing,2025,1,False,,publications,False
Dominican Republic,Robotics,2018,1,True,,publications,False
Dominican Republic,Robotics,2020,1,True,,publications,False
Dominican Republic,Robotics,2025,2,False,,publications,False
EU,AI Safety,2015,362,True,31122.0,publications,True
EU,AI Safety,2016,347,True,30235.0,publications,True
EU,AI Safety,2017,460,True,78200.0,publications,True
EU,AI Safety,2018,669,True,45187.0,publications,True
EU,AI Safety,2019,929,True,59104.0,publications,True
EU,AI Safety,2020,1309,True,61469.0,publications,True
EU,AI Safety,2021,1418,True,43373.0,publications,True
EU,AI Safety,2022,1331,True,27649.0,publications,True
EU,AI Safety,2023,1750,True,21073.0,publications,True
EU,AI Safety,2024,2051,False,11028.0,publications,True
EU,AI Safety,2025,1149,False,1427.0,publications,True
EU,All,2015,27819,True,941386.0,publications,True
EU,All,2016,28285,True,1075349.0,publications,True
EU,All,2017,29336,True,1192510.0,publications,True
EU,All,2018,33877,True,1191226.0,publications,True
EU,All,2019,39432,True,1281897.0,publications,True
EU,All,2020,45118,True,1396370.0,publications,True
EU,All,2021,51057,True,1152630.0,publications,True
EU,All,2022,49395,True,779143.0,publications,True
EU,All,2023,56224,True,623701.0,publications,True
EU,All,2024,52738,False,270745.0,publications,True
EU,All,2025,25623,False,27793.0,publications,True
EU,Computer Vision,2015,7029,True,388274.0,publications,True
EU,Computer Vision,2016,6917,True,419476.0,publications,True
EU,Computer Vision,2017,7076,True,446009.0,publications,True
EU,Computer Vision,2018,7955,True,405621.0,publications,True
EU,Computer Vision,2019,9516,True,424512.0,publications,True
EU,Computer Vision,2020,10277,True,466592.0,publications,True
EU,Computer Vision,2021,12080,True,389360.0,publications,True
EU,Computer Vision,2022,11727,True,225283.0,publications,True
EU,Computer Vision,2023,13016,True,170360.0,publications,True
EU,Computer Vision,2024,11786,False,61725.0,publications,True
EU,Computer Vision,2025,5579,False,6471.0,publications,True
EU,Large language models,2015,83,True,7974.0,publications,True
EU,Large language models,2016,143,True,12819.0,publications,True
EU,Large language models,2017,191,True,23667.0,publications,True
EU,Large language models,2018,386,True,37400.0,publications,True
EU,Large language models,2019,696,True,69549.0,publications,True
EU,Large language models,2020,1244,True,139582.0,publications,True
EU,Large language models,2021,1897,True,110391.0,publications,True
EU,Large language models,2022,1899,True,66925.0,publications,True
EU,Large language models,2023,3119,True,73547.0,publications,True
EU,Large language models,2024,3419,False,40261.0,publications,True
EU,Large language models,2025,1938,False,3583.0,publications,True
EU,Natural Language Processing,2015,3543,True,108197.0,publications,True
EU,Natural Language Processing,2016,3945,True,110946.0,publications,True
EU,Natural Language Processing,2017,3848,True,126850.0,publications,True
EU,Natural Language Processing,2018,4263,True,133486.0,publications,True
EU,Natural Language Processing,2019,4701,True,146271.0,publications,True
EU,Natural Language Processing,2020,5368,True,141516.0,publications,True
EU,Natural Language Processing,2021,5510,True,102442.0,publications,True
EU,Natural Language Processing,2022,4843,True,67751.0,publications,True
EU,Natural Language Processing,2023,5964,True,82214.0,publications,True
EU,Natural Language Processing,2024,4509,False,33082.0,publications,True
EU,Natural Language Processing,2025,2066,False,2735.0,publications,True
EU,Robotics,2015,6432,True,170159.0,publications,True
EU,Robotics,2016,6717,True,182276.0,publications,True
EU,Robotics,2017,7102,True,179879.0,publications,True
EU,Robotics,2018,8057,True,197551.0,publications,True
EU,Robotics,2019,8510,True,185626.0,publications,True
EU,Robotics,2020,8764,True,180770.0,publications,True
EU,Robotics,2021,9143,True,147627.0,publications,True
EU,Robotics,2022,9569,True,107994.0,publications,True
EU,Robotics,2023,10041,True,71719.0,publications,True
EU,Robotics,2024,9391,False,31310.0,publications,True
EU,Robotics,2025,4597,False,3238.0,publications,True
Ecuador,AI Safety,2015,2,True,18.0,publications,False
Ecuador,AI Safety,2016,3,True,41.0,publications,False
Ecuador,AI Safety,2017,1,True,1.0,publications,False
Ecuador,AI Safety,2018,2,True,8.0,publications,False
Ecuador,AI Safety,2019,2,True,10.0,publications,False
Ecuador,AI Safety,2021,2,True,2.0,publications,False
Ecuador,AI Safety,2022,2,True,31.0,publications,False
Ecuador,AI Safety,2023,5,True,59.0,publications,False
Ecuador,AI Safety,2024,9,False,20.0,publications,False
Ecuador,AI Safety,2025,5,False,5.0,publications,False
Ecuador,All,2015,104,True,1943.0,publications,False
Ecuador,All,2016,153,True,2440.0,publications,False
Ecuador,All,2017,303,True,4473.0,publications,False
Ecuador,All,2018,339,True,3399.0,publications,False
Ecuador,All,2019,372,True,5280.0,publications,False
Ecuador,All,2020,372,True,4704.0,publications,False
Ecuador,All,2021,383,True,3772.0,publications,False
Ecuador,All,2022,291,True,2634.0,publications,False
Ecuador,All,2023,406,True,3609.0,publications,False
Ecuador,All,2024,450,False,2176.0,publications,False
Ecuador,All,2025,257,False,371.0,publications,False
Ecuador,Computer Vision,2015,27,True,600.0,publications,False
Ecuador,Computer Vision,2016,34,True,409.0,publications,False
Ecuador,Computer Vision,2017,92,True,1653.0,publications,False
Ecuador,Computer Vision,2018,71,True,662.0,publications,False
Ecuador,Computer Vision,2019,82,True,806.0,publications,False
Ecuador,Computer Vision,2020,66,True,1006.0,publications,False
Ecuador,Computer Vision,2021,83,True,981.0,publications,False
Ecuador,Computer Vision,2022,86,True,842.0,publications,False
Ecuador,Computer Vision,2023,78,True,412.0,publications,False
Ecuador,Computer Vision,2024,77,False,505.0,publications,False
Ecuador,Computer Vision,2025,33,False,21.0,publications,False
Ecuador,Large language models,2017,1,True,36.0,publications,False
Ecuador,Large language models,2018,1,True,8.0,publications,False
Ecuador,Large language models,2019,1,True,3.0,publications,False
Ecuador,Large language models,2020,1,True,13.0,publications,False
Ecuador,Large language models,2021,3,True,55.0,publications,False
Ecuador,Large language models,2022,4,True,24.0,publications,False
Ecuador,Large language models,2023,6,True,189.0,publications,False
Ecuador,Large language models,2024,12,False,37.0,publications,False
Ecuador,Large language models,2025,11,False,9.0,publications,False
Ecuador,Natural Language Processing,2015,4,True,68.0,publications,False
Ecuador,Natural Language Processing,2016,8,True,56.0,publications,False
Ecuador,Natural Language Processing,2017,16,True,236.0,publications,False
Ecuador,Natural Language Processing,2018,22,True,288.0,publications,False
Ecuador,Natural Language Processing,2019,13,True,130.0,publications,False
Ecuador,Natural Language Processing,2020,20,True,176.0,publications,False
Ecuador,Natural Language Processing,2021,19,True,118.0,publications,False
Ecuador,Natural Language Processing,2022,15,True,56.0,publications,False
Ecuador,Natural Language Processing,2023,22,True,95.0,publications,False
Ecuador,Natural Language Processing,2024,22,False,65.0,publications,False
Ecuador,Natural Language Processing,2025,18,False,82.0,publications,False
Ecuador,Robotics,2015,34,True,443.0,publications,False
Ecuador,Robotics,2016,39,True,666.0,publications,False
Ecuador,Robotics,2017,82,True,971.0,publications,False
Ecuador,Robotics,2018,89,True,624.0,publications,False
Ecuador,Robotics,2019,91,True,420.0,publications,False
Ecuador,Robotics,2020,82,True,540.0,publications,False
Ecuador,Robotics,2021,74,True,564.0,publications,False
Ecuador,Robotics,2022,78,True,417.0,publications,False
Ecuador,Robotics,2023,97,True,644.0,publications,False
Ecuador,Robotics,2024,96,False,190.0,publications,False
Ecuador,Robotics,2025,46,False,36.0,publications,False
Egypt,AI Safety,2015,1,True,16.0,publications,False
Egypt,AI Safety,2016,2,True,23.0,publications,False
Egypt,AI Safety,2017,2,True,11.0,publications,False
Egypt,AI Safety,2019,4,True,411.0,publications,False
Egypt,AI Safety,2020,4,True,372.0,publications,False
Egypt,AI Safety,2021,9,True,217.0,publications,False
Egypt,AI Safety,2022,12,True,155.0,publications,False
Egypt,AI Safety,2023,26,True,253.0,publications,False
Egypt,AI Safety,2024,52,False,189.0,publications,False
Egypt,AI Safety,2025,36,False,48.0,publications,False
Egypt,All,2015,665,True,12746.0,publications,False
Egypt,All,2016,697,True,11865.0,publications,False
Egypt,All,2017,732,True,19162.0,publications,False
Egypt,All,2018,880,True,18766.0,publications,False
Egypt,All,2019,1073,True,28120.0,publications,False
Egypt,All,2020,1458,True,44525.0,publications,False
Egypt,All,2021,1956,True,40123.0,publications,False
Egypt,All,2022,2401,True,42058.0,publications,False
Egypt,All,2023,2635,True,33062.0,publications,False
Egypt,All,2024,2378,False,14208.0,publications,False
Egypt,All,2025,1228,False,1984.0,publications,False
Egypt,Computer Vision,2015,270,True,5834.0,publications,False
Egypt,Computer Vision,2016,254,True,4388.0,publications,False
Egypt,Computer Vision,2017,252,True,4778.0,publications,False
Egypt,Computer Vision,2018,311,True,7276.0,publications,False
Egypt,Computer Vision,2019,342,True,11325.0,publications,False
Egypt,Computer Vision,2020,481,True,19215.0,publications,False
Egypt,Computer Vision,2021,629,True,13892.0,publications,False
Egypt,Computer Vision,2022,761,True,15651.0,publications,False
Egypt,Computer Vision,2023,877,True,11309.0,publications,False
Egypt,Computer Vision,2024,762,False,4388.0,publications,False
Egypt,Computer Vision,2025,375,False,676.0,publications,False
Egypt,Large language models,2015,1,True,,publications,False
Egypt,Large language models,2016,1,True,40.0,publications,False
Egypt,Large language models,2017,4,True,709.0,publications,False
Egypt,Large language models,2018,6,True,310.0,publications,False
Egypt,Large language models,2019,10,True,150.0,publications,False
Egypt,Large language models,2020,14,True,2829.0,publications,False
Egypt,Large language models,2021,33,True,1341.0,publications,False
Egypt,Large language models,2022,57,True,806.0,publications,False
Egypt,Large language models,2023,84,True,963.0,publications,False
Egypt,Large language models,2024,94,False,677.0,publications,False
Egypt,Large language models,2025,86,False,78.0,publications,False
Egypt,Natural Language Processing,2015,88,True,1805.0,publications,False
Egypt,Natural Language Processing,2016,74,True,1654.0,publications,False
Egypt,Natural Language Processing,2017,87,True,1704.0,publications,False
Egypt,Natural Language Processing,2018,96,True,2103.0,publications,False
Egypt,Natural Language Processing,2019,148,True,3118.0,publications,False
Egypt,Natural Language Processing,2020,139,True,4703.0,publications,False
Egypt,Natural Language Processing,2021,156,True,3650.0,publications,False
Egypt,Natural Language Processing,2022,216,True,2029.0,publications,False
Egypt,Natural Language Processing,2023,227,True,1691.0,publications,False
Egypt,Natural Language Processing,2024,154,False,792.0,publications,False
Egypt,Natural Language Processing,2025,96,False,91.0,publications,False
Egypt,Robotics,2015,82,True,1142.0,publications,False
Egypt,Robotics,2016,119,True,1674.0,publications,False
Egypt,Robotics,2017,123,True,3045.0,publications,False
Egypt,Robotics,2018,145,True,2850.0,publications,False
Egypt,Robotics,2019,157,True,2661.0,publications,False
Egypt,Robotics,2020,193,True,2826.0,publications,False
Egypt,Robotics,2021,210,True,2584.0,publications,False
Egypt,Robotics,2022,236,True,2070.0,publications,False
Egypt,Robotics,2023,252,True,1276.0,publications,False
Egypt,Robotics,2024,211,False,935.0,publications,False
Egypt,Robotics,2025,122,False,77.0,publications,False
El Salvador,All,2015,3,True,36.0,publications,False
El Salvador,All,2016,2,True,21.0,publications,False
El Salvador,All,2017,3,True,28.0,publications,False
El Salvador,All,2018,7,True,33.0,publications,False
El Salvador,All,2019,4,True,43.0,publications,False
El Salvador,All,2020,8,True,186.0,publications,False
El Salvador,All,2021,7,True,108.0,publications,False
El Salvador,All,2022,19,True,98.0,publications,False
El Salvador,All,2023,14,True,86.0,publications,False
El Salvador,All,2024,21,False,12.0,publications,False
El Salvador,All,2025,5,False,1.0,publications,False
El Salvador,Computer Vision,2015,1,True,3.0,publications,False
El Salvador,Computer Vision,2018,1,True,2.0,publications,False
El Salvador,Computer Vision,2020,1,True,33.0,publications,False
El Salvador,Computer Vision,2021,1,True,7.0,publications,False
El Salvador,Computer Vision,2022,4,True,35.0,publications,False
El Salvador,Computer Vision,2023,4,True,27.0,publications,False
El Salvador,Computer Vision,2024,8,False,4.0,publications,False
El Salvador,Computer Vision,2025,1,False,,publications,False
El Salvador,Large language models,2023,1,True,,publications,False
El Salvador,Natural Language Processing,2018,1,True,1.0,publications,False
El Salvador,Natural Language Processing,2019,1,True,2.0,publications,False
El Salvador,Natural Language Processing,2023,1,True,,publications,False
El Salvador,Natural Language Processing,2024,1,False,,publications,False
El Salvador,Robotics,2015,2,True,33.0,publications,False
El Salvador,Robotics,2016,1,True,8.0,publications,False
El Salvador,Robotics,2017,2,True,26.0,publications,False
El Salvador,Robotics,2018,3,True,18.0,publications,False
El Salvador,Robotics,2019,2,True,21.0,publications,False
El Salvador,Robotics,2020,7,True,153.0,publications,False
El Salvador,Robotics,2021,5,True,101.0,publications,False
El Salvador,Robotics,2022,11,True,29.0,publications,False
El Salvador,Robotics,2023,7,True,55.0,publications,False
El Salvador,Robotics,2024,6,False,6.0,publications,False
El Salvador,Robotics,2025,2,False,1.0,publications,False
Equatorial Guinea,All,2020,1,True,8.0,publications,False
Equatorial Guinea,All,2021,1,True,1.0,publications,False
Equatorial Guinea,All,2022,1,True,,publications,False
Equatorial Guinea,All,2023,1,True,,publications,False
Equatorial Guinea,Computer Vision,2020,1,True,8.0,publications,False
Equatorial Guinea,Computer Vision,2021,1,True,1.0,publications,False
Equatorial Guinea,Computer Vision,2022,1,True,,publications,False
Equatorial Guinea,Computer Vision,2023,1,True,,publications,False
Eritrea,All,2021,1,True,,publications,False
Eritrea,All,2022,1,True,53.0,publications,False
Eritrea,All,2023,4,True,38.0,publications,False
Eritrea,All,2024,8,False,35.0,publications,False
Eritrea,All,2025,3,False,1.0,publications,False
Eritrea,Computer Vision,2023,2,True,31.0,publications,False
Eritrea,Computer Vision,2024,2,False,25.0,publications,False
Eritrea,Computer Vision,2025,2,False,1.0,publications,False
Eritrea,Large language models,2024,1,False,2.0,publications,False
Eritrea,Natural Language Processing,2024,2,False,2.0,publications,False
Eritrea,Robotics,2021,1,True,,publications,False
Eritrea,Robotics,2023,1,True,,publications,False
Estonia,AI Safety,2017,1,True,9.0,publications,False
Estonia,AI Safety,2018,2,True,105.0,publications,False
Estonia,AI Safety,2019,4,True,73.0,publications,False
Estonia,AI Safety,2020,1,True,2.0,publications,False
Estonia,AI Safety,2021,7,True,240.0,publications,False
Estonia,AI Safety,2022,5,True,325.0,publications,False
Estonia,AI Safety,2023,13,True,207.0,publications,False
Estonia,AI Safety,2024,13,False,112.0,publications,False
Estonia,AI Safety,2025,7,False,35.0,publications,False
Estonia,All,2015,73,True,2408.0,publications,False
Estonia,All,2016,74,True,3989.0,publications,False
Estonia,All,2017,96,True,4608.0,publications,False
Estonia,All,2018,128,True,7342.0,publications,False
Estonia,All,2019,144,True,5350.0,publications,False
Estonia,All,2020,220,True,6038.0,publications,False
Estonia,All,2021,248,True,5569.0,publications,False
Estonia,All,2022,250,True,3865.0,publications,False
Estonia,All,2023,292,True,3451.0,publications,False
Estonia,All,2024,257,False,1429.0,publications,False
Estonia,All,2025,127,False,116.0,publications,False
Estonia,Computer Vision,2015,13,True,176.0,publications,False
Estonia,Computer Vision,2016,15,True,643.0,publications,False
Estonia,Computer Vision,2017,22,True,1125.0,publications,False
Estonia,Computer Vision,2018,26,True,2233.0,publications,False
Estonia,Computer Vision,2019,24,True,407.0,publications,False
Estonia,Computer Vision,2020,26,True,727.0,publications,False
Estonia,Computer Vision,2021,25,True,477.0,publications,False
Estonia,Computer Vision,2022,41,True,625.0,publications,False
Estonia,Computer Vision,2023,42,True,438.0,publications,False
Estonia,Computer Vision,2024,35,False,153.0,publications,False
Estonia,Computer Vision,2025,10,False,4.0,publications,False
Estonia,Large language models,2016,1,True,27.0,publications,False
Estonia,Large language models,2017,2,True,33.0,publications,False
Estonia,Large language models,2018,1,True,12.0,publications,False
Estonia,Large language models,2019,4,True,233.0,publications,False
Estonia,Large language models,2020,11,True,845.0,publications,False
Estonia,Large language models,2021,5,True,46.0,publications,False
Estonia,Large language models,2022,10,True,92.0,publications,False
Estonia,Large language models,2023,14,True,235.0,publications,False
Estonia,Large language models,2024,12,False,150.0,publications,False
Estonia,Large language models,2025,8,False,7.0,publications,False
Estonia,Natural Language Processing,2015,14,True,82.0,publications,False
Estonia,Natural Language Processing,2016,13,True,354.0,publications,False
Estonia,Natural Language Processing,2017,21,True,842.0,publications,False
Estonia,Natural Language Processing,2018,21,True,857.0,publications,False
Estonia,Natural Language Processing,2019,29,True,1327.0,publications,False
Estonia,Natural Language Processing,2020,43,True,1613.0,publications,False
Estonia,Natural Language Processing,2021,32,True,541.0,publications,False
Estonia,Natural Language Processing,2022,42,True,630.0,publications,False
Estonia,Natural Language Processing,2023,33,True,189.0,publications,False
Estonia,Natural Language Processing,2024,26,False,140.0,publications,False
Estonia,Natural Language Processing,2025,14,False,8.0,publications,False
Estonia,Robotics,2015,15,True,225.0,publications,False
Estonia,Robotics,2016,18,True,188.0,publications,False
Estonia,Robotics,2017,11,True,220.0,publications,False
Estonia,Robotics,2018,22,True,859.0,publications,False
Estonia,Robotics,2019,23,True,600.0,publications,False
Estonia,Robotics,2020,42,True,992.0,publications,False
Estonia,Robotics,2021,57,True,627.0,publications,False
Estonia,Robotics,2022,47,True,429.0,publications,False
Estonia,Robotics,2023,45,True,441.0,publications,False
Estonia,Robotics,2024,57,False,182.0,publications,False
Estonia,Robotics,2025,29,False,11.0,publications,False
Ethiopia,AI Safety,2023,2,True,6.0,publications,False
Ethiopia,AI Safety,2024,4,False,12.0,publications,False
Ethiopia,AI Safety,2025,3,False,4.0,publications,False
Ethiopia,All,2015,26,True,179.0,publications,False
Ethiopia,All,2016,25,True,212.0,publications,False
Ethiopia,All,2017,38,True,423.0,publications,False
Ethiopia,All,2018,46,True,584.0,publications,False
Ethiopia,All,2019,68,True,839.0,publications,False
Ethiopia,All,2020,125,True,2160.0,publications,False
Ethiopia,All,2021,267,True,7685.0,publications,False
Ethiopia,All,2022,586,True,12486.0,publications,False
Ethiopia,All,2023,411,True,5571.0,publications,False
Ethiopia,All,2024,465,False,4137.0,publications,False
Ethiopia,All,2025,317,False,533.0,publications,False
Ethiopia,Computer Vision,2015,8,True,66.0,publications,False
Ethiopia,Computer Vision,2016,6,True,60.0,publications,False
Ethiopia,Computer Vision,2017,14,True,156.0,publications,False
Ethiopia,Computer Vision,2018,17,True,336.0,publications,False
Ethiopia,Computer Vision,2019,24,True,412.0,publications,False
Ethiopia,Computer Vision,2020,35,True,721.0,publications,False
Ethiopia,Computer Vision,2021,87,True,2913.0,publications,False
Ethiopia,Computer Vision,2022,208,True,4830.0,publications,False
Ethiopia,Computer Vision,2023,121,True,1541.0,publications,False
Ethiopia,Computer Vision,2024,141,False,1984.0,publications,False
Ethiopia,Computer Vision,2025,77,False,116.0,publications,False
Ethiopia,Large language models,2019,1,True,22.0,publications,False
Ethiopia,Large language models,2020,3,True,281.0,publications,False
Ethiopia,Large language models,2021,8,True,78.0,publications,False
Ethiopia,Large language models,2022,8,True,113.0,publications,False
Ethiopia,Large language models,2023,19,True,143.0,publications,False
Ethiopia,Large language models,2024,16,False,140.0,publications,False
Ethiopia,Large language models,2025,12,False,6.0,publications,False
Ethiopia,Natural Language Processing,2015,11,True,73.0,publications,False
Ethiopia,Natural Language Processing,2016,7,True,81.0,publications,False
Ethiopia,Natural Language Processing,2017,8,True,36.0,publications,False
Ethiopia,Natural Language Processing,2018,4,True,47.0,publications,False
Ethiopia,Natural Language Processing,2019,13,True,94.0,publications,False
Ethiopia,Natural Language Processing,2020,29,True,306.0,publications,False
Ethiopia,Natural Language Processing,2021,38,True,730.0,publications,False
Ethiopia,Natural Language Processing,2022,56,True,871.0,publications,False
Ethiopia,Natural Language Processing,2023,45,True,350.0,publications,False
Ethiopia,Natural Language Processing,2024,49,False,192.0,publications,False
Ethiopia,Natural Language Processing,2025,20,False,11.0,publications,False
Ethiopia,Robotics,2015,1,True,2.0,publications,False
Ethiopia,Robotics,2016,4,True,18.0,publications,False
Ethiopia,Robotics,2017,3,True,5.0,publications,False
Ethiopia,Robotics,2018,4,True,19.0,publications,False
Ethiopia,Robotics,2019,6,True,14.0,publications,False
Ethiopia,Robotics,2020,11,True,65.0,publications,False
Ethiopia,Robotics,2021,13,True,279.0,publications,False
Ethiopia,Robotics,2022,22,True,297.0,publications,False
Ethiopia,Robotics,2023,27,True,143.0,publications,False
Ethiopia,Robotics,2024,26,False,187.0,publications,False
Ethiopia,Robotics,2025,22,False,93.0,publications,False
Europe,AI Safety,2015,473,True,58967.0,publications,True
Europe,AI Safety,2016,485,True,58585.0,publications,True
Europe,AI Safety,2017,623,True,99462.0,publications,True
Europe,AI Safety,2018,914,True,73778.0,publications,True
Europe,AI Safety,2019,1313,True,82194.0,publications,True
Europe,AI Safety,2020,1783,True,84989.0,publications,True
Europe,AI Safety,2021,2021,True,67036.0,publications,True
Europe,AI Safety,2022,1753,True,36894.0,publications,True
Europe,AI Safety,2023,2352,True,33434.0,publications,True
Europe,AI Safety,2024,2745,False,15760.0,publications,True
Europe,AI Safety,2025,1571,False,1997.0,publications,True
Europe,All,2015,36438,True,1438143.0,publications,True
Europe,All,2016,38326,True,1614917.0,publications,True
Europe,All,2017,41045,True,1785133.0,publications,True
Europe,All,2018,48155,True,1790716.0,publications,True
Europe,All,2019,57034,True,1935789.0,publications,True
Europe,All,2020,65794,True,2059613.0,publications,True
Europe,All,2021,74466,True,1707736.0,publications,True
Europe,All,2022,71315,True,1149757.0,publications,True
Europe,All,2023,81868,True,930630.0,publications,True
Europe,All,2024,76910,False,400766.0,publications,True
Europe,All,2025,38201,False,41079.0,publications,True
Europe,Computer Vision,2015,9359,True,575406.0,publications,True
Europe,Computer Vision,2016,9619,True,638006.0,publications,True
Europe,Computer Vision,2017,10259,True,716834.0,publications,True
Europe,Computer Vision,2018,11784,True,622610.0,publications,True
Europe,Computer Vision,2019,14249,True,632668.0,publications,True
Europe,Computer Vision,2020,15572,True,705084.0,publications,True
Europe,Computer Vision,2021,18222,True,582786.0,publications,True
Europe,Computer Vision,2022,17644,True,358601.0,publications,True
Europe,Computer Vision,2023,19707,True,268677.0,publications,True
Europe,Computer Vision,2024,17840,False,95736.0,publications,True
Europe,Computer Vision,2025,8597,False,10217.0,publications,True
Europe,Large language models,2015,139,True,35742.0,publications,True
Europe,Large language models,2016,217,True,26946.0,publications,True
Europe,Large language models,2017,308,True,52254.0,publications,True
Europe,Large language models,2018,576,True,59655.0,publications,True
Europe,Large language models,2019,1065,True,116714.0,publications,True
Europe,Large language models,2020,1915,True,197269.0,publications,True
Europe,Large language models,2021,2928,True,211699.0,publications,True
Europe,Large language models,2022,2960,True,127396.0,publications,True
Europe,Large language models,2023,4919,True,135246.0,publications,True
Europe,Large language models,2024,5165,False,65457.0,publications,True
Europe,Large language models,2025,3007,False,5430.0,publications,True
Europe,Natural Language Processing,2015,4705,True,168001.0,publications,True
Europe,Natural Language Processing,2016,5324,True,168519.0,publications,True
Europe,Natural Language Processing,2017,5266,True,174145.0,publications,True
Europe,Natural Language Processing,2018,5996,True,196475.0,publications,True
Europe,Natural Language Processing,2019,6655,True,210189.0,publications,True
Europe,Natural Language Processing,2020,7656,True,207126.0,publications,True
Europe,Natural Language Processing,2021,8164,True,158525.0,publications,True
Europe,Natural Language Processing,2022,7027,True,107033.0,publications,True
Europe,Natural Language Processing,2023,8810,True,126075.0,publications,True
Europe,Natural Language Processing,2024,6706,False,44765.0,publications,True
Europe,Natural Language Processing,2025,3081,False,3649.0,publications,True
Europe,Robotics,2015,8178,True,237600.0,publications,True
Europe,Robotics,2016,8921,True,242521.0,publications,True
Europe,Robotics,2017,9667,True,243410.0,publications,True
Europe,Robotics,2018,10942,True,272511.0,publications,True
Europe,Robotics,2019,11887,True,253430.0,publications,True
Europe,Robotics,2020,12552,True,252294.0,publications,True
Europe,Robotics,2021,13080,True,204839.0,publications,True
Europe,Robotics,2022,13283,True,148310.0,publications,True
Europe,Robotics,2023,14030,True,102000.0,publications,True
Europe,Robotics,2024,13039,False,44049.0,publications,True
Europe,Robotics,2025,6402,False,4696.0,publications,True
Fiji,AI Safety,2017,1,True,57.0,publications,False
Fiji,AI Safety,2018,1,True,1.0,publications,False
Fiji,AI Safety,2019,1,True,1.0,publications,False
Fiji,AI Safety,2024,2,False,23.0,publications,False
Fiji,AI Safety,2025,1,False,,publications,False
Fiji,All,2015,32,True,948.0,publications,False
Fiji,All,2016,29,True,453.0,publications,False
Fiji,All,2017,24,True,480.0,publications,False
Fiji,All,2018,18,True,505.0,publications,False
Fiji,All,2019,25,True,901.0,publications,False
Fiji,All,2020,38,True,565.0,publications,False
Fiji,All,2021,39,True,1267.0,publications,False
Fiji,All,2022,32,True,332.0,publications,False
Fiji,All,2023,36,True,179.0,publications,False
Fiji,All,2024,37,False,313.0,publications,False
Fiji,All,2025,8,False,,publications,False
Fiji,Computer Vision,2015,1,True,7.0,publications,False
Fiji,Computer Vision,2016,3,True,13.0,publications,False
Fiji,Computer Vision,2017,1,True,10.0,publications,False
Fiji,Computer Vision,2018,1,True,17.0,publications,False
Fiji,Computer Vision,2019,2,True,17.0,publications,False
Fiji,Computer Vision,2020,4,True,84.0,publications,False
Fiji,Computer Vision,2021,4,True,33.0,publications,False
Fiji,Computer Vision,2022,5,True,60.0,publications,False
Fiji,Computer Vision,2023,3,True,27.0,publications,False
Fiji,Computer Vision,2024,4,False,15.0,publications,False
Fiji,Computer Vision,2025,2,False,,publications,False
Fiji,Large language models,2022,1,True,34.0,publications,False
Fiji,Large language models,2024,1,False,3.0,publications,False
Fiji,Natural Language Processing,2022,3,True,55.0,publications,False
Fiji,Natural Language Processing,2023,2,True,18.0,publications,False
Fiji,Natural Language Processing,2024,2,False,77.0,publications,False
Fiji,Robotics,2015,11,True,183.0,publications,False
Fiji,Robotics,2016,4,True,53.0,publications,False
Fiji,Robotics,2017,9,True,190.0,publications,False
Fiji,Robotics,2018,6,True,99.0,publications,False
Fiji,Robotics,2019,4,True,41.0,publications,False
Fiji,Robotics,2020,11,True,166.0,publications,False
Fiji,Robotics,2021,14,True,408.0,publications,False
Fiji,Robotics,2022,11,True,52.0,publications,False
Fiji,Robotics,2023,13,True,44.0,publications,False
Fiji,Robotics,2024,6,False,13.0,publications,False
Fiji,Robotics,2025,3,False,,publications,False
Finland,AI Safety,2015,5,True,265.0,publications,False
Finland,AI Safety,2016,6,True,378.0,publications,False
Finland,AI Safety,2017,14,True,1733.0,publications,False
Finland,AI Safety,2018,12,True,2333.0,publications,False
Finland,AI Safety,2019,18,True,1239.0,publications,False
Finland,AI Safety,2020,29,True,4162.0,publications,False
Finland,AI Safety,2021,34,True,658.0,publications,False
Finland,AI Safety,2022,28,True,608.0,publications,False
Finland,AI Safety,2023,42,True,895.0,publications,False
Finland,AI Safety,2024,56,False,386.0,publications,False
Finland,AI Safety,2025,31,False,58.0,publications,False
Finland,All,2015,586,True,23114.0,publications,False
Finland,All,2016,675,True,30430.0,publications,False
Finland,All,2017,678,True,32033.0,publications,False
Finland,All,2018,849,True,35990.0,publications,False
Finland,All,2019,1130,True,61625.0,publications,False
Finland,All,2020,1294,True,56830.0,publications,False
Finland,All,2021,1492,True,43190.0,publications,False
Finland,All,2022,1440,True,33330.0,publications,False
Finland,All,2023,1599,True,23277.0,publications,False
Finland,All,2024,1500,False,9906.0,publications,False
Finland,All,2025,729,False,808.0,publications,False
Finland,Computer Vision,2015,162,True,6751.0,publications,False
Finland,Computer Vision,2016,213,True,10785.0,publications,False
Finland,Computer Vision,2017,171,True,13438.0,publications,False
Finland,Computer Vision,2018,205,True,11773.0,publications,False
Finland,Computer Vision,2019,308,True,24760.0,publications,False
Finland,Computer Vision,2020,302,True,16606.0,publications,False
Finland,Computer Vision,2021,360,True,13092.0,publications,False
Finland,Computer Vision,2022,348,True,8909.0,publications,False
Finland,Computer Vision,2023,370,True,5818.0,publications,False
Finland,Computer Vision,2024,307,False,1788.0,publications,False
Finland,Computer Vision,2025,145,False,188.0,publications,False
Finland,Large language models,2015,1,True,7.0,publications,False
Finland,Large language models,2016,3,True,113.0,publications,False
Finland,Large language models,2017,7,True,169.0,publications,False
Finland,Large language models,2018,17,True,2126.0,publications,False
Finland,Large language models,2019,23,True,1465.0,publications,False
Finland,Large language models,2020,49,True,2270.0,publications,False
Finland,Large language models,2021,58,True,1744.0,publications,False
Finland,Large language models,2022,50,True,1617.0,publications,False
Finland,Large language models,2023,70,True,2325.0,publications,False
Finland,Large language models,2024,96,False,813.0,publications,False
Finland,Large language models,2025,57,False,119.0,publications,False
Finland,Natural Language Processing,2015,70,True,1545.0,publications,False
Finland,Natural Language Processing,2016,98,True,4244.0,publications,False
Finland,Natural Language Processing,2017,103,True,2776.0,publications,False
Finland,Natural Language Processing,2018,132,True,4982.0,publications,False
Finland,Natural Language Processing,2019,146,True,4076.0,publications,False
Finland,Natural Language Processing,2020,175,True,7182.0,publications,False
Finland,Natural Language Processing,2021,177,True,4455.0,publications,False
Finland,Natural Language Processing,2022,152,True,2978.0,publications,False
Finland,Natural Language Processing,2023,175,True,2310.0,publications,False
Finland,Natural Language Processing,2024,161,False,831.0,publications,False
Finland,Natural Language Processing,2025,71,False,55.0,publications,False
Finland,Robotics,2015,72,True,1921.0,publications,False
Finland,Robotics,2016,90,True,2614.0,publications,False
Finland,Robotics,2017,119,True,4430.0,publications,False
Finland,Robotics,2018,137,True,2888.0,publications,False
Finland,Robotics,2019,189,True,5490.0,publications,False
Finland,Robotics,2020,179,True,6602.0,publications,False
Finland,Robotics,2021,200,True,4520.0,publications,False
Finland,Robotics,2022,228,True,3099.0,publications,False
Finland,Robotics,2023,226,True,1855.0,publications,False
Finland,Robotics,2024,177,False,629.0,publications,False
Finland,Robotics,2025,107,False,72.0,publications,False
Five Eyes,AI Safety,2015,671,True,93870.0,publications,True
Five Eyes,AI Safety,2016,811,True,189522.0,publications,True
Five Eyes,AI Safety,2017,1027,True,260110.0,publications,True
Five Eyes,AI Safety,2018,1643,True,250594.0,publications,True
Five Eyes,AI Safety,2019,2442,True,233819.0,publications,True
Five Eyes,AI Safety,2020,3207,True,211202.0,publications,True
Five Eyes,AI Safety,2021,3362,True,136541.0,publications,True
Five Eyes,AI Safety,2022,2502,True,63346.0,publications,True
Five Eyes,AI Safety,2023,3162,True,62815.0,publications,True
Five Eyes,AI Safety,2024,3740,False,26307.0,publications,True
Five Eyes,AI Safety,2025,2195,False,3900.0,publications,True
Five Eyes,All,2015,31413,True,2466954.0,publications,True
Five Eyes,All,2016,34272,True,2753594.0,publications,True
Five Eyes,All,2017,38057,True,3024637.0,publications,True
Five Eyes,All,2018,46873,True,3219416.0,publications,True
Five Eyes,All,2019,58354,True,3277002.0,publications,True
Five Eyes,All,2020,69040,True,3176221.0,publications,True
Five Eyes,All,2021,75381,True,2380514.0,publications,True
Five Eyes,All,2022,66829,True,1406066.0,publications,True
Five Eyes,All,2023,78368,True,1177346.0,publications,True
Five Eyes,All,2024,76148,False,481586.0,publications,True
Five Eyes,All,2025,38403,False,47847.0,publications,True
Five Eyes,Computer Vision,2015,7970,True,1174964.0,publications,True
Five Eyes,Computer Vision,2016,8704,True,1173879.0,publications,True
Five Eyes,Computer Vision,2017,9576,True,1157846.0,publications,True
Five Eyes,Computer Vision,2018,11823,True,1129159.0,publications,True
Five Eyes,Computer Vision,2019,14594,True,1089521.0,publications,True
Five Eyes,Computer Vision,2020,16812,True,1093229.0,publications,True
Five Eyes,Computer Vision,2021,18729,True,823823.0,publications,True
Five Eyes,Computer Vision,2022,16727,True,461473.0,publications,True
Five Eyes,Computer Vision,2023,19033,True,335832.0,publications,True
Five Eyes,Computer Vision,2024,17776,False,118057.0,publications,True
Five Eyes,Computer Vision,2025,8362,False,11815.0,publications,True
Five Eyes,Large language models,2015,208,True,84530.0,publications,True
Five Eyes,Large language models,2016,328,True,89312.0,publications,True
Five Eyes,Large language models,2017,515,True,278190.0,publications,True
Five Eyes,Large language models,2018,1141,True,303595.0,publications,True
Five Eyes,Large language models,2019,2214,True,373202.0,publications,True
Five Eyes,Large language models,2020,3696,True,450496.0,publications,True
Five Eyes,Large language models,2021,5141,True,462920.0,publications,True
Five Eyes,Large language models,2022,4655,True,247325.0,publications,True
Five Eyes,Large language models,2023,7669,True,293807.0,publications,True
Five Eyes,Large language models,2024,7714,False,99871.0,publications,True
Five Eyes,Large language models,2025,4179,False,9899.0,publications,True
Five Eyes,Natural Language Processing,2015,3935,True,306431.0,publications,True
Five Eyes,Natural Language Processing,2016,4454,True,290785.0,publications,True
Five Eyes,Natural Language Processing,2017,4534,True,446090.0,publications,True
Five Eyes,Natural Language Processing,2018,5661,True,483355.0,publications,True
Five Eyes,Natural Language Processing,2019,6785,True,475924.0,publications,True
Five Eyes,Natural Language Processing,2020,7965,True,415172.0,publications,True
Five Eyes,Natural Language Processing,2021,8842,True,325887.0,publications,True
Five Eyes,Natural Language Processing,2022,7257,True,174821.0,publications,True
Five Eyes,Natural Language Processing,2023,9170,True,214348.0,publications,True
Five Eyes,Natural Language Processing,2024,7111,False,58769.0,publications,True
Five Eyes,Natural Language Processing,2025,3418,False,6427.0,publications,True
Five Eyes,Robotics,2015,7132,True,260157.0,publications,True
Five Eyes,Robotics,2016,7850,True,273384.0,publications,True
Five Eyes,Robotics,2017,8435,True,279966.0,publications,True
Five Eyes,Robotics,2018,9154,True,307394.0,publications,True
Five Eyes,Robotics,2019,10125,True,308881.0,publications,True
Five Eyes,Robotics,2020,11157,True,282508.0,publications,True
Five Eyes,Robotics,2021,11088,True,217494.0,publications,True
Five Eyes,Robotics,2022,10320,True,157120.0,publications,True
Five Eyes,Robotics,2023,11298,True,113549.0,publications,True
Five Eyes,Robotics,2024,11219,False,47730.0,publications,True
Five Eyes,Robotics,2025,5992,False,4773.0,publications,True
France,AI Safety,2015,65,True,4636.0,publications,False
France,AI Safety,2016,82,True,16634.0,publications,False
France,AI Safety,2017,68,True,44364.0,publications,False
France,AI Safety,2018,101,True,5478.0,publications,False
France,AI Safety,2019,159,True,13332.0,publications,False
France,AI Safety,2020,168,True,7049.0,publications,False
France,AI Safety,2021,208,True,5113.0,publications,False
France,AI Safety,2022,221,True,3448.0,publications,False
France,AI Safety,2023,268,True,3631.0,publications,False
France,AI Safety,2024,325,False,1429.0,publications,False
France,AI Safety,2025,140,False,133.0,publications,False
France,All,2015,5476,True,175190.0,publications,False
France,All,2016,5414,True,185897.0,publications,False
France,All,2017,5409,True,244881.0,publications,False
France,All,2018,6098,True,211465.0,publications,False
France,All,2019,6908,True,228969.0,publications,False
France,All,2020,7295,True,234627.0,publications,False
France,All,2021,7601,True,170224.0,publications,False
France,All,2022,7336,True,106709.0,publications,False
France,All,2023,7880,True,89839.0,publications,False
France,All,2024,7591,False,38961.0,publications,False
France,All,2025,3033,False,3204.0,publications,False
France,Computer Vision,2015,1653,True,68042.0,publications,False
France,Computer Vision,2016,1496,True,77288.0,publications,False
France,Computer Vision,2017,1546,True,125934.0,publications,False
France,Computer Vision,2018,1643,True,87845.0,publications,False
France,Computer Vision,2019,1879,True,73565.0,publications,False
France,Computer Vision,2020,1794,True,87977.0,publications,False
France,Computer Vision,2021,2023,True,66096.0,publications,False
France,Computer Vision,2022,1922,True,34900.0,publications,False
France,Computer Vision,2023,2010,True,33317.0,publications,False
France,Computer Vision,2024,1879,False,8418.0,publications,False
France,Computer Vision,2025,747,False,789.0,publications,False
France,Large language models,2015,19,True,872.0,publications,False
France,Large language models,2016,32,True,1771.0,publications,False
France,Large language models,2017,34,True,5677.0,publications,False
France,Large language models,2018,57,True,4275.0,publications,False
France,Large language models,2019,103,True,8448.0,publications,False
France,Large language models,2020,214,True,12831.0,publications,False
France,Large language models,2021,300,True,19293.0,publications,False
France,Large language models,2022,316,True,11962.0,publications,False
France,Large language models,2023,520,True,12389.0,publications,False
France,Large language models,2024,549,False,13509.0,publications,False
France,Large language models,2025,236,False,467.0,publications,False
France,Natural Language Processing,2015,634,True,13697.0,publications,False
France,Natural Language Processing,2016,736,True,17363.0,publications,False
France,Natural Language Processing,2017,654,True,24056.0,publications,False
France,Natural Language Processing,2018,711,True,17293.0,publications,False
France,Natural Language Processing,2019,773,True,27668.0,publications,False
France,Natural Language Processing,2020,854,True,17918.0,publications,False
France,Natural Language Processing,2021,786,True,17612.0,publications,False
France,Natural Language Processing,2022,784,True,11901.0,publications,False
France,Natural Language Processing,2023,829,True,8746.0,publications,False
France,Natural Language Processing,2024,743,False,12541.0,publications,False
France,Natural Language Processing,2025,241,False,406.0,publications,False
France,Robotics,2015,1068,True,26274.0,publications,False
France,Robotics,2016,1040,True,22987.0,publications,False
France,Robotics,2017,1150,True,27416.0,publications,False
France,Robotics,2018,1253,True,28481.0,publications,False
France,Robotics,2019,1267,True,25163.0,publications,False
France,Robotics,2020,1174,True,24498.0,publications,False
France,Robotics,2021,1132,True,18913.0,publications,False
France,Robotics,2022,1231,True,12959.0,publications,False
France,Robotics,2023,1185,True,7551.0,publications,False
France,Robotics,2024,1217,False,3159.0,publications,False
France,Robotics,2025,563,False,491.0,publications,False
Gabon,All,2015,2,True,7.0,publications,False
Gabon,All,2017,1,True,1.0,publications,False
Gabon,All,2019,2,True,2.0,publications,False
Gabon,All,2020,3,True,86.0,publications,False
Gabon,All,2021,2,True,4.0,publications,False
Gabon,All,2022,18,True,952.0,publications,False
Gabon,All,2023,10,True,95.0,publications,False
Gabon,All,2024,6,False,80.0,publications,False
Gabon,All,2025,9,False,55.0,publications,False
Gabon,Computer Vision,2019,1,True,1.0,publications,False
Gabon,Computer Vision,2020,1,True,32.0,publications,False
Gabon,Computer Vision,2021,1,True,3.0,publications,False
Gabon,Computer Vision,2022,5,True,396.0,publications,False
Gabon,Computer Vision,2023,6,True,48.0,publications,False
Gabon,Computer Vision,2024,2,False,12.0,publications,False
Gabon,Computer Vision,2025,3,False,5.0,publications,False
Gabon,Large language models,2022,1,True,74.0,publications,False
Gabon,Large language models,2025,1,False,32.0,publications,False
Gabon,Natural Language Processing,2022,1,True,74.0,publications,False
Gabon,Natural Language Processing,2025,1,False,32.0,publications,False
Gabon,Robotics,2019,1,True,1.0,publications,False
Gabon,Robotics,2021,1,True,1.0,publications,False
Gabon,Robotics,2023,1,True,1.0,publications,False
Gambia,All,2016,1,True,51.0,publications,False
Gambia,All,2019,1,True,2.0,publications,False
Gambia,All,2020,1,True,17.0,publications,False
Gambia,All,2021,4,True,114.0,publications,False
Gambia,All,2022,2,True,13.0,publications,False
Gambia,All,2023,7,True,46.0,publications,False
Gambia,All,2024,5,False,18.0,publications,False
Gambia,All,2025,7,False,5.0,publications,False
Gambia,Computer Vision,2021,3,True,26.0,publications,False
Gambia,Computer Vision,2022,1,True,7.0,publications,False
Gambia,Computer Vision,2023,2,True,39.0,publications,False
Gambia,Computer Vision,2025,1,False,,publications,False
Gambia,Natural Language Processing,2024,1,False,,publications,False
Gambia,Robotics,2023,1,True,27.0,publications,False
Georgia,AI Safety,2023,1,True,105.0,publications,False
Georgia,All,2015,8,True,163.0,publications,False
Georgia,All,2016,14,True,263.0,publications,False
Georgia,All,2017,9,True,174.0,publications,False
Georgia,All,2018,19,True,477.0,publications,False
Georgia,All,2019,18,True,626.0,publications,False
Georgia,All,2020,28,True,452.0,publications,False
Georgia,All,2021,40,True,689.0,publications,False
Georgia,All,2022,37,True,538.0,publications,False
Georgia,All,2023,50,True,763.0,publications,False
Georgia,All,2024,71,False,378.0,publications,False
Georgia,All,2025,39,False,49.0,publications,False
Georgia,Computer Vision,2016,2,True,18.0,publications,False
Georgia,Computer Vision,2017,1,True,5.0,publications,False
Georgia,Computer Vision,2018,1,True,11.0,publications,False
Georgia,Computer Vision,2020,3,True,85.0,publications,False
Georgia,Computer Vision,2021,3,True,9.0,publications,False
Georgia,Computer Vision,2022,1,True,1.0,publications,False
Georgia,Computer Vision,2023,9,True,49.0,publications,False
Georgia,Computer Vision,2024,6,False,160.0,publications,False
Georgia,Computer Vision,2025,7,False,14.0,publications,False
Georgia,Large language models,2022,2,True,20.0,publications,False
Georgia,Large language models,2024,1,False,,publications,False
Georgia,Large language models,2025,2,False,1.0,publications,False
Georgia,Natural Language Processing,2015,3,True,16.0,publications,False
Georgia,Natural Language Processing,2016,5,True,134.0,publications,False
Georgia,Natural Language Processing,2017,1,True,3.0,publications,False
Georgia,Natural Language Processing,2018,6,True,18.0,publications,False
Georgia,Natural Language Processing,2019,2,True,29.0,publications,False
Georgia,Natural Language Processing,2020,1,True,1.0,publications,False
Georgia,Natural Language Processing,2021,3,True,25.0,publications,False
Georgia,Natural Language Processing,2022,9,True,34.0,publications,False
Georgia,Natural Language Processing,2023,7,True,1.0,publications,False
Georgia,Natural Language Processing,2024,7,False,30.0,publications,False
Georgia,Natural Language Processing,2025,3,False,,publications,False
Georgia,Robotics,2018,1,True,8.0,publications,False
Georgia,Robotics,2019,1,True,21.0,publications,False
Georgia,Robotics,2020,1,True,9.0,publications,False
Georgia,Robotics,2021,2,True,9.0,publications,False
Georgia,Robotics,2022,2,True,20.0,publications,False
Georgia,Robotics,2023,2,True,4.0,publications,False
Georgia,Robotics,2024,2,False,,publications,False
Georgia,Robotics,2025,4,False,2.0,publications,False
Germany,AI Safety,2015,122,True,20048.0,publications,False
Germany,AI Safety,2016,116,True,9077.0,publications,False
Germany,AI Safety,2017,167,True,16209.0,publications,False
Germany,AI Safety,2018,269,True,19628.0,publications,False
Germany,AI Safety,2019,330,True,22095.0,publications,False
Germany,AI Safety,2020,517,True,25388.0,publications,False
Germany,AI Safety,2021,542,True,19116.0,publications,False
Germany,AI Safety,2022,471,True,11453.0,publications,False
Germany,AI Safety,2023,584,True,8552.0,publications,False
Germany,AI Safety,2024,597,False,3518.0,publications,False
Germany,AI Safety,2025,302,False,388.0,publications,False
Germany,All,2015,6004,True,346515.0,publications,False
Germany,All,2016,6273,True,344834.0,publications,False
Germany,All,2017,6726,True,378024.0,publications,False
Germany,All,2018,7917,True,394932.0,publications,False
Germany,All,2019,9519,True,421590.0,publications,False
Germany,All,2020,11398,True,451587.0,publications,False
Germany,All,2021,13085,True,355630.0,publications,False
Germany,All,2022,12348,True,230318.0,publications,False
Germany,All,2023,13999,True,179847.0,publications,False
Germany,All,2024,12621,False,69476.0,publications,False
Germany,All,2025,5790,False,6688.0,publications,False
Germany,Computer Vision,2015,1527,True,194092.0,publications,False
Germany,Computer Vision,2016,1542,True,170695.0,publications,False
Germany,Computer Vision,2017,1625,True,142314.0,publications,False
Germany,Computer Vision,2018,1963,True,148948.0,publications,False
Germany,Computer Vision,2019,2401,True,166782.0,publications,False
Germany,Computer Vision,2020,2821,True,192156.0,publications,False
Germany,Computer Vision,2021,3335,True,146535.0,publications,False
Germany,Computer Vision,2022,3204,True,82001.0,publications,False
Germany,Computer Vision,2023,3671,True,64619.0,publications,False
Germany,Computer Vision,2024,3121,False,19297.0,publications,False
Germany,Computer Vision,2025,1340,False,1713.0,publications,False
Germany,Large language models,2015,25,True,4383.0,publications,False
Germany,Large language models,2016,44,True,4055.0,publications,False
Germany,Large language models,2017,58,True,5737.0,publications,False
Germany,Large language models,2018,118,True,12828.0,publications,False
Germany,Large language models,2019,230,True,37983.0,publications,False
Germany,Large language models,2020,416,True,90705.0,publications,False
Germany,Large language models,2021,622,True,54474.0,publications,False
Germany,Large language models,2022,572,True,29007.0,publications,False
Germany,Large language models,2023,1013,True,29069.0,publications,False
Germany,Large language models,2024,991,False,10810.0,publications,False
Germany,Large language models,2025,536,False,1290.0,publications,False
Germany,Natural Language Processing,2015,838,True,39374.0,publications,False
Germany,Natural Language Processing,2016,975,True,27933.0,publications,False
Germany,Natural Language Processing,2017,1030,True,41445.0,publications,False
Germany,Natural Language Processing,2018,1130,True,47609.0,publications,False
Germany,Natural Language Processing,2019,1272,True,55546.0,publications,False
Germany,Natural Language Processing,2020,1515,True,46590.0,publications,False
Germany,Natural Language Processing,2021,1583,True,34025.0,publications,False
Germany,Natural Language Processing,2022,1288,True,22930.0,publications,False
Germany,Natural Language Processing,2023,1697,True,27337.0,publications,False
Germany,Natural Language Processing,2024,1119,False,7081.0,publications,False
Germany,Natural Language Processing,2025,560,False,798.0,publications,False
Germany,Robotics,2015,1615,True,56643.0,publications,False
Germany,Robotics,2016,1752,True,55073.0,publications,False
Germany,Robotics,2017,1825,True,50508.0,publications,False
Germany,Robotics,2018,2054,True,65764.0,publications,False
Germany,Robotics,2019,2142,True,54063.0,publications,False
Germany,Robotics,2020,2264,True,47954.0,publications,False
Germany,Robotics,2021,2393,True,42358.0,publications,False
Germany,Robotics,2022,2524,True,33819.0,publications,False
Germany,Robotics,2023,2597,True,20951.0,publications,False
Germany,Robotics,2024,2482,False,9290.0,publications,False
Germany,Robotics,2025,1150,False,777.0,publications,False
Ghana,AI Safety,2018,2,True,80.0,publications,False
Ghana,AI Safety,2019,2,True,162.0,publications,False
Ghana,AI Safety,2020,1,True,104.0,publications,False
Ghana,AI Safety,2023,5,True,46.0,publications,False
Ghana,AI Safety,2024,4,False,68.0,publications,False
Ghana,AI Safety,2025,3,False,,publications,False
Ghana,All,2015,30,True,208.0,publications,False
Ghana,All,2016,18,True,328.0,publications,False
Ghana,All,2017,26,True,512.0,publications,False
Ghana,All,2018,56,True,903.0,publications,False
Ghana,All,2019,72,True,2170.0,publications,False
Ghana,All,2020,83,True,3153.0,publications,False
Ghana,All,2021,161,True,4092.0,publications,False
Ghana,All,2022,230,True,4777.0,publications,False
Ghana,All,2023,212,True,5174.0,publications,False
Ghana,All,2024,270,False,1417.0,publications,False
Ghana,All,2025,104,False,111.0,publications,False
Ghana,Computer Vision,2015,13,True,75.0,publications,False
Ghana,Computer Vision,2016,5,True,76.0,publications,False
Ghana,Computer Vision,2017,8,True,56.0,publications,False
Ghana,Computer Vision,2018,19,True,357.0,publications,False
Ghana,Computer Vision,2019,28,True,1277.0,publications,False
Ghana,Computer Vision,2020,29,True,344.0,publications,False
Ghana,Computer Vision,2021,53,True,598.0,publications,False
Ghana,Computer Vision,2022,82,True,1908.0,publications,False
Ghana,Computer Vision,2023,51,True,791.0,publications,False
Ghana,Computer Vision,2024,71,False,331.0,publications,False
Ghana,Computer Vision,2025,28,False,42.0,publications,False
Ghana,Large language models,2020,1,True,236.0,publications,False
Ghana,Large language models,2021,1,True,4.0,publications,False
Ghana,Large language models,2022,4,True,100.0,publications,False
Ghana,Large language models,2023,6,True,61.0,publications,False
Ghana,Large language models,2024,6,False,11.0,publications,False
Ghana,Large language models,2025,5,False,,publications,False
Ghana,Natural Language Processing,2015,2,True,21.0,publications,False
Ghana,Natural Language Processing,2017,5,True,15.0,publications,False
Ghana,Natural Language Processing,2018,6,True,103.0,publications,False
Ghana,Natural Language Processing,2019,4,True,49.0,publications,False
Ghana,Natural Language Processing,2020,8,True,714.0,publications,False
Ghana,Natural Language Processing,2021,14,True,695.0,publications,False
Ghana,Natural Language Processing,2022,15,True,272.0,publications,False
Ghana,Natural Language Processing,2023,16,True,127.0,publications,False
Ghana,Natural Language Processing,2024,18,False,53.0,publications,False
Ghana,Natural Language Processing,2025,6,False,4.0,publications,False
Ghana,Robotics,2015,2,True,16.0,publications,False
Ghana,Robotics,2017,2,True,13.0,publications,False
Ghana,Robotics,2018,8,True,166.0,publications,False
Ghana,Robotics,2019,4,True,73.0,publications,False
Ghana,Robotics,2020,4,True,24.0,publications,False
Ghana,Robotics,2021,4,True,124.0,publications,False
Ghana,Robotics,2022,6,True,99.0,publications,False
Ghana,Robotics,2023,3,True,2.0,publications,False
Ghana,Robotics,2024,5,False,30.0,publications,False
Ghana,Robotics,2025,2,False,,publications,False
Global Partnership on Artificial Intelligence,AI Safety,2015,1021,True,114690.0,publications,True
Global Partnership on Artificial Intelligence,AI Safety,2016,1142,True,212219.0,publications,True
Global Partnership on Artificial Intelligence,AI Safety,2017,1461,True,294032.0,publications,True
Global Partnership on Artificial Intelligence,AI Safety,2018,2304,True,286013.0,publications,True
Global Partnership on Artificial Intelligence,AI Safety,2019,3396,True,286687.0,publications,True
Global Partnership on Artificial Intelligence,AI Safety,2020,4521,True,263161.0,publications,True
Global Partnership on Artificial Intelligence,AI Safety,2021,4898,True,175476.0,publications,True
Global Partnership on Artificial Intelligence,AI Safety,2022,3927,True,87444.0,publications,True
Global Partnership on Artificial Intelligence,AI Safety,2023,5367,True,88733.0,publications,True
Global Partnership on Artificial Intelligence,AI Safety,2024,6965,False,38999.0,publications,True
Global Partnership on Artificial Intelligence,AI Safety,2025,3995,False,5500.0,publications,True
Global Partnership on Artificial Intelligence,All,2015,72022,True,3415040.0,publications,True
Global Partnership on Artificial Intelligence,All,2016,75998,True,3733536.0,publications,True
Global Partnership on Artificial Intelligence,All,2017,82513,True,4155147.0,publications,True
Global Partnership on Artificial Intelligence,All,2018,99081,True,4471178.0,publications,True
Global Partnership on Artificial Intelligence,All,2019,118096,True,4664470.0,publications,True
Global Partnership on Artificial Intelligence,All,2020,138451,True,4662481.0,publications,True
Global Partnership on Artificial Intelligence,All,2021,159248,True,3767066.0,publications,True
Global Partnership on Artificial Intelligence,All,2022,151021,True,2392941.0,publications,True
Global Partnership on Artificial Intelligence,All,2023,182188,True,1998471.0,publications,True
Global Partnership on Artificial Intelligence,All,2024,184200,False,845403.0,publications,True
Global Partnership on Artificial Intelligence,All,2025,90081,False,82200.0,publications,True
Global Partnership on Artificial Intelligence,Computer Vision,2015,20785,True,1605771.0,publications,True
Global Partnership on Artificial Intelligence,Computer Vision,2016,21457,True,1555554.0,publications,True
Global Partnership on Artificial Intelligence,Computer Vision,2017,23116,True,1563851.0,publications,True
Global Partnership on Artificial Intelligence,Computer Vision,2018,27371,True,1596698.0,publications,True
Global Partnership on Artificial Intelligence,Computer Vision,2019,32610,True,1585957.0,publications,True
Global Partnership on Artificial Intelligence,Computer Vision,2020,37121,True,1631017.0,publications,True
Global Partnership on Artificial Intelligence,Computer Vision,2021,44299,True,1347470.0,publications,True
Global Partnership on Artificial Intelligence,Computer Vision,2022,42684,True,805441.0,publications,True
Global Partnership on Artificial Intelligence,Computer Vision,2023,50999,True,611317.0,publications,True
Global Partnership on Artificial Intelligence,Computer Vision,2024,50586,False,226413.0,publications,True
Global Partnership on Artificial Intelligence,Computer Vision,2025,23495,False,21901.0,publications,True
Global Partnership on Artificial Intelligence,Large language models,2015,304,True,86948.0,publications,True
Global Partnership on Artificial Intelligence,Large language models,2016,509,True,100430.0,publications,True
Global Partnership on Artificial Intelligence,Large language models,2017,765,True,300764.0,publications,True
Global Partnership on Artificial Intelligence,Large language models,2018,1636,True,331722.0,publications,True
Global Partnership on Artificial Intelligence,Large language models,2019,3210,True,462270.0,publications,True
Global Partnership on Artificial Intelligence,Large language models,2020,5457,True,549755.0,publications,True
Global Partnership on Artificial Intelligence,Large language models,2021,8003,True,600375.0,publications,True
Global Partnership on Artificial Intelligence,Large language models,2022,7646,True,328815.0,publications,True
Global Partnership on Artificial Intelligence,Large language models,2023,12626,True,388935.0,publications,True
Global Partnership on Artificial Intelligence,Large language models,2024,13449,False,148339.0,publications,True
Global Partnership on Artificial Intelligence,Large language models,2025,7544,False,13816.0,publications,True
Global Partnership on Artificial Intelligence,Natural Language Processing,2015,8223,True,401224.0,publications,True
Global Partnership on Artificial Intelligence,Natural Language Processing,2016,9387,True,396195.0,publications,True
Global Partnership on Artificial Intelligence,Natural Language Processing,2017,9426,True,568475.0,publications,True
Global Partnership on Artificial Intelligence,Natural Language Processing,2018,11407,True,611530.0,publications,True
Global Partnership on Artificial Intelligence,Natural Language Processing,2019,12834,True,631243.0,publications,True
Global Partnership on Artificial Intelligence,Natural Language Processing,2020,15381,True,565285.0,publications,True
Global Partnership on Artificial Intelligence,Natural Language Processing,2021,16947,True,444018.0,publications,True
Global Partnership on Artificial Intelligence,Natural Language Processing,2022,14588,True,255044.0,publications,True
Global Partnership on Artificial Intelligence,Natural Language Processing,2023,18659,True,308371.0,publications,True
Global Partnership on Artificial Intelligence,Natural Language Processing,2024,15342,False,96924.0,publications,True
Global Partnership on Artificial Intelligence,Natural Language Processing,2025,7206,False,8858.0,publications,True
Global Partnership on Artificial Intelligence,Robotics,2015,17287,True,440018.0,publications,True
Global Partnership on Artificial Intelligence,Robotics,2016,18139,True,445587.0,publications,True
Global Partnership on Artificial Intelligence,Robotics,2017,19237,True,472267.0,publications,True
Global Partnership on Artificial Intelligence,Robotics,2018,21187,True,515390.0,publications,True
Global Partnership on Artificial Intelligence,Robotics,2019,22703,True,507657.0,publications,True
Global Partnership on Artificial Intelligence,Robotics,2020,24049,True,476126.0,publications,True
Global Partnership on Artificial Intelligence,Robotics,2021,24889,True,384697.0,publications,True
Global Partnership on Artificial Intelligence,Robotics,2022,24534,True,282748.0,publications,True
Global Partnership on Artificial Intelligence,Robotics,2023,26649,True,199320.0,publications,True
Global Partnership on Artificial Intelligence,Robotics,2024,26161,False,84785.0,publications,True
Global Partnership on Artificial Intelligence,Robotics,2025,13246,False,8709.0,publications,True
Greece,AI Safety,2015,5,True,651.0,publications,False
Greece,AI Safety,2016,6,True,22.0,publications,False
Greece,AI Safety,2017,11,True,736.0,publications,False
Greece,AI Safety,2018,12,True,518.0,publications,False
Greece,AI Safety,2019,13,True,429.0,publications,False
Greece,AI Safety,2020,20,True,1241.0,publications,False
Greece,AI Safety,2021,34,True,666.0,publications,False
Greece,AI Safety,2022,29,True,741.0,publications,False
Greece,AI Safety,2023,46,True,618.0,publications,False
Greece,AI Safety,2024,81,False,419.0,publications,False
Greece,AI Safety,2025,53,False,48.0,publications,False
Greece,All,2015,836,True,20130.0,publications,False
Greece,All,2016,904,True,34893.0,publications,False
Greece,All,2017,808,True,27116.0,publications,False
Greece,All,2018,1058,True,40470.0,publications,False
Greece,All,2019,1132,True,34747.0,publications,False
Greece,All,2020,1466,True,44433.0,publications,False
Greece,All,2021,1878,True,39837.0,publications,False
Greece,All,2022,1865,True,28606.0,publications,False
Greece,All,2023,2213,True,25999.0,publications,False
Greece,All,2024,2001,False,11054.0,publications,False
Greece,All,2025,1257,False,2042.0,publications,False
Greece,Computer Vision,2015,221,True,6325.0,publications,False
Greece,Computer Vision,2016,247,True,15094.0,publications,False
Greece,Computer Vision,2017,188,True,9330.0,publications,False
Greece,Computer Vision,2018,249,True,15133.0,publications,False
Greece,Computer Vision,2019,258,True,8627.0,publications,False
Greece,Computer Vision,2020,318,True,12403.0,publications,False
Greece,Computer Vision,2021,390,True,8831.0,publications,False
Greece,Computer Vision,2022,375,True,5804.0,publications,False
Greece,Computer Vision,2023,449,True,4623.0,publications,False
Greece,Computer Vision,2024,392,False,2209.0,publications,False
Greece,Computer Vision,2025,203,False,261.0,publications,False
Greece,Large language models,2015,2,True,66.0,publications,False
Greece,Large language models,2016,4,True,139.0,publications,False
Greece,Large language models,2017,3,True,210.0,publications,False
Greece,Large language models,2018,6,True,745.0,publications,False
Greece,Large language models,2019,15,True,1650.0,publications,False
Greece,Large language models,2020,29,True,2081.0,publications,False
Greece,Large language models,2021,51,True,3920.0,publications,False
Greece,Large language models,2022,59,True,1067.0,publications,False
Greece,Large language models,2023,78,True,1428.0,publications,False
Greece,Large language models,2024,102,False,850.0,publications,False
Greece,Large language models,2025,79,False,82.0,publications,False
Greece,Natural Language Processing,2015,66,True,3065.0,publications,False
Greece,Natural Language Processing,2016,88,True,3288.0,publications,False
Greece,Natural Language Processing,2017,85,True,2871.0,publications,False
Greece,Natural Language Processing,2018,78,True,3490.0,publications,False
Greece,Natural Language Processing,2019,104,True,3141.0,publications,False
Greece,Natural Language Processing,2020,119,True,4052.0,publications,False
Greece,Natural Language Processing,2021,162,True,5797.0,publications,False
Greece,Natural Language Processing,2022,125,True,1763.0,publications,False
Greece,Natural Language Processing,2023,170,True,3064.0,publications,False
Greece,Natural Language Processing,2024,140,False,674.0,publications,False
Greece,Natural Language Processing,2025,85,False,131.0,publications,False
Greece,Robotics,2015,169,True,4481.0,publications,False
Greece,Robotics,2016,174,True,5807.0,publications,False
Greece,Robotics,2017,164,True,4166.0,publications,False
Greece,Robotics,2018,224,True,4737.0,publications,False
Greece,Robotics,2019,185,True,5651.0,publications,False
Greece,Robotics,2020,245,True,4377.0,publications,False
Greece,Robotics,2021,321,True,5641.0,publications,False
Greece,Robotics,2022,316,True,3980.0,publications,False
Greece,Robotics,2023,329,True,2562.0,publications,False
Greece,Robotics,2024,268,False,946.0,publications,False
Greece,Robotics,2025,154,False,112.0,publications,False
Grenada,All,2015,1,True,44.0,publications,False
Grenada,All,2017,1,True,1.0,publications,False
Grenada,All,2018,3,True,59.0,publications,False
Grenada,All,2019,1,True,1.0,publications,False
Grenada,All,2020,4,True,102.0,publications,False
Grenada,All,2021,3,True,96.0,publications,False
Grenada,All,2022,1,True,7.0,publications,False
Grenada,All,2023,5,True,125.0,publications,False
Grenada,All,2024,11,False,22.0,publications,False
Grenada,All,2025,9,False,12.0,publications,False
Grenada,Computer Vision,2024,1,False,2.0,publications,False
Grenada,Large language models,2024,1,False,,publications,False
Grenada,Natural Language Processing,2021,1,True,64.0,publications,False
Grenada,Natural Language Processing,2024,1,False,,publications,False
Grenada,Robotics,2015,1,True,44.0,publications,False
Grenada,Robotics,2018,3,True,59.0,publications,False
Grenada,Robotics,2020,4,True,102.0,publications,False
Grenada,Robotics,2021,2,True,32.0,publications,False
Grenada,Robotics,2023,2,True,3.0,publications,False
Grenada,Robotics,2024,4,False,2.0,publications,False
Grenada,Robotics,2025,3,False,1.0,publications,False
Guatemala,All,2015,2,True,46.0,publications,False
Guatemala,All,2016,2,True,19.0,publications,False
Guatemala,All,2017,10,True,136.0,publications,False
Guatemala,All,2018,6,True,170.0,publications,False
Guatemala,All,2019,15,True,158.0,publications,False
Guatemala,All,2020,13,True,187.0,publications,False
Guatemala,All,2021,10,True,53.0,publications,False
Guatemala,All,2022,4,True,40.0,publications,False
Guatemala,All,2023,31,True,67.0,publications,False
Guatemala,All,2024,19,False,77.0,publications,False
Guatemala,All,2025,6,False,6.0,publications,False
Guatemala,Computer Vision,2017,1,True,1.0,publications,False
Guatemala,Computer Vision,2018,1,True,117.0,publications,False
Guatemala,Computer Vision,2019,5,True,32.0,publications,False
Guatemala,Computer Vision,2020,1,True,49.0,publications,False
Guatemala,Computer Vision,2021,3,True,11.0,publications,False
Guatemala,Computer Vision,2022,1,True,18.0,publications,False
Guatemala,Computer Vision,2023,2,True,16.0,publications,False
Guatemala,Computer Vision,2024,4,False,27.0,publications,False
Guatemala,Computer Vision,2025,1,False,,publications,False
Guatemala,Natural Language Processing,2020,1,True,19.0,publications,False
Guatemala,Natural Language Processing,2021,1,True,8.0,publications,False
Guatemala,Robotics,2015,1,True,15.0,publications,False
Guatemala,Robotics,2016,1,True,14.0,publications,False
Guatemala,Robotics,2017,3,True,84.0,publications,False
Guatemala,Robotics,2018,1,True,18.0,publications,False
Guatemala,Robotics,2019,8,True,134.0,publications,False
Guatemala,Robotics,2020,7,True,81.0,publications,False
Guatemala,Robotics,2021,4,True,32.0,publications,False
Guatemala,Robotics,2022,1,True,3.0,publications,False
Guatemala,Robotics,2023,5,True,6.0,publications,False
Guatemala,Robotics,2024,3,False,,publications,False
Guatemala,Robotics,2025,1,False,1.0,publications,False
Guinea,All,2021,1,True,7.0,publications,False
Guinea,All,2022,1,True,9.0,publications,False
Guinea,All,2023,4,True,17.0,publications,False
Guinea,All,2024,1,False,8.0,publications,False
Guinea,All,2025,2,False,,publications,False
Guinea,Computer Vision,2021,1,True,7.0,publications,False
Guinea,Computer Vision,2023,2,True,12.0,publications,False
Guinea,Large language models,2023,1,True,3.0,publications,False
Guinea,Natural Language Processing,2023,1,True,3.0,publications,False
Guinea-Bissau,All,2018,1,True,40.0,publications,False
Guyana,All,2017,2,True,1.0,publications,False
Guyana,All,2020,1,True,6.0,publications,False
Guyana,All,2023,5,True,16.0,publications,False
Guyana,All,2024,11,False,27.0,publications,False
Guyana,All,2025,3,False,,publications,False
Guyana,Computer Vision,2017,1,True,1.0,publications,False
Guyana,Computer Vision,2024,2,False,1.0,publications,False
Guyana,Large language models,2023,1,True,4.0,publications,False
Guyana,Natural Language Processing,2023,1,True,4.0,publications,False
Guyana,Natural Language Processing,2024,1,False,,publications,False
Guyana,Robotics,2023,1,True,1.0,publications,False
Haiti,All,2015,2,True,11.0,publications,False
Haiti,All,2016,1,True,1.0,publications,False
Haiti,All,2018,1,True,1.0,publications,False
Haiti,All,2019,1,True,,publications,False
Haiti,All,2020,1,True,100.0,publications,False
Haiti,All,2021,2,True,90.0,publications,False
Haiti,All,2022,3,True,2.0,publications,False
Haiti,All,2023,1,True,1.0,publications,False
Haiti,All,2024,1,False,1.0,publications,False
Haiti,All,2025,2,False,,publications,False
Haiti,Computer Vision,2016,1,True,1.0,publications,False
Haiti,Computer Vision,2021,1,True,13.0,publications,False
Haiti,Computer Vision,2022,2,True,1.0,publications,False
Haiti,Computer Vision,2023,1,True,1.0,publications,False
Haiti,Computer Vision,2025,2,False,,publications,False
Haiti,Natural Language Processing,2021,1,True,77.0,publications,False
Honduras,All,2015,1,True,3.0,publications,False
Honduras,All,2016,1,True,6.0,publications,False
Honduras,All,2017,2,True,11.0,publications,False
Honduras,All,2018,6,True,211.0,publications,False
Honduras,All,2019,14,True,153.0,publications,False
Honduras,All,2020,71,True,369.0,publications,False
Honduras,All,2021,22,True,131.0,publications,False
Honduras,All,2022,35,True,227.0,publications,False
Honduras,All,2023,38,True,95.0,publications,False
Honduras,All,2024,33,False,79.0,publications,False
Honduras,All,2025,10,False,2.0,publications,False
Honduras,Computer Vision,2018,1,True,53.0,publications,False
Honduras,Computer Vision,2019,1,True,41.0,publications,False
Honduras,Computer Vision,2020,21,True,111.0,publications,False
Honduras,Computer Vision,2021,3,True,46.0,publications,False
Honduras,Computer Vision,2022,8,True,55.0,publications,False
Honduras,Computer Vision,2023,9,True,23.0,publications,False
Honduras,Computer Vision,2024,8,False,6.0,publications,False
Honduras,Computer Vision,2025,3,False,,publications,False
Honduras,Large language models,2025,1,False,,publications,False
Honduras,Natural Language Processing,2020,10,True,21.0,publications,False
Honduras,Natural Language Processing,2021,3,True,4.0,publications,False
Honduras,Natural Language Processing,2022,1,True,,publications,False
Honduras,Natural Language Processing,2024,1,False,7.0,publications,False
Honduras,Robotics,2015,1,True,3.0,publications,False
Honduras,Robotics,2017,1,True,4.0,publications,False
Honduras,Robotics,2018,2,True,28.0,publications,False
Honduras,Robotics,2019,5,True,61.0,publications,False
Honduras,Robotics,2020,12,True,144.0,publications,False
Honduras,Robotics,2021,8,True,51.0,publications,False
Honduras,Robotics,2022,18,True,57.0,publications,False
Honduras,Robotics,2023,24,True,61.0,publications,False
Honduras,Robotics,2024,13,False,50.0,publications,False
Honduras,Robotics,2025,4,False,1.0,publications,False
Hungary,AI Safety,2017,4,True,45.0,publications,False
Hungary,AI Safety,2018,1,True,18.0,publications,False
Hungary,AI Safety,2019,3,True,119.0,publications,False
Hungary,AI Safety,2020,4,True,76.0,publications,False
Hungary,AI Safety,2021,7,True,69.0,publications,False
Hungary,AI Safety,2022,9,True,38.0,publications,False
Hungary,AI Safety,2023,7,True,193.0,publications,False
Hungary,AI Safety,2024,21,False,66.0,publications,False
Hungary,AI Safety,2025,20,False,32.0,publications,False
Hungary,All,2015,323,True,4348.0,publications,False
Hungary,All,2016,345,True,5624.0,publications,False
Hungary,All,2017,309,True,8836.0,publications,False
Hungary,All,2018,442,True,10102.0,publications,False
Hungary,All,2019,577,True,13320.0,publications,False
Hungary,All,2020,657,True,16255.0,publications,False
Hungary,All,2021,717,True,10649.0,publications,False
Hungary,All,2022,849,True,11335.0,publications,False
Hungary,All,2023,870,True,8906.0,publications,False
Hungary,All,2024,906,False,4960.0,publications,False
Hungary,All,2025,509,False,638.0,publications,False
Hungary,Computer Vision,2015,78,True,1085.0,publications,False
Hungary,Computer Vision,2016,75,True,1063.0,publications,False
Hungary,Computer Vision,2017,74,True,2230.0,publications,False
Hungary,Computer Vision,2018,101,True,2138.0,publications,False
Hungary,Computer Vision,2019,121,True,2825.0,publications,False
Hungary,Computer Vision,2020,137,True,3098.0,publications,False
Hungary,Computer Vision,2021,168,True,2508.0,publications,False
Hungary,Computer Vision,2022,171,True,3018.0,publications,False
Hungary,Computer Vision,2023,165,True,1234.0,publications,False
Hungary,Computer Vision,2024,167,False,952.0,publications,False
Hungary,Computer Vision,2025,126,False,226.0,publications,False
Hungary,Large language models,2015,2,True,4.0,publications,False
Hungary,Large language models,2016,2,True,568.0,publications,False
Hungary,Large language models,2017,4,True,254.0,publications,False
Hungary,Large language models,2019,7,True,244.0,publications,False
Hungary,Large language models,2020,10,True,37.0,publications,False
Hungary,Large language models,2021,21,True,388.0,publications,False
Hungary,Large language models,2022,11,True,190.0,publications,False
Hungary,Large language models,2023,27,True,151.0,publications,False
Hungary,Large language models,2024,37,False,171.0,publications,False
Hungary,Large language models,2025,29,False,35.0,publications,False
Hungary,Natural Language Processing,2015,50,True,616.0,publications,False
Hungary,Natural Language Processing,2016,49,True,511.0,publications,False
Hungary,Natural Language Processing,2017,45,True,443.0,publications,False
Hungary,Natural Language Processing,2018,50,True,750.0,publications,False
Hungary,Natural Language Processing,2019,64,True,738.0,publications,False
Hungary,Natural Language Processing,2020,72,True,806.0,publications,False
Hungary,Natural Language Processing,2021,71,True,827.0,publications,False
Hungary,Natural Language Processing,2022,78,True,595.0,publications,False
Hungary,Natural Language Processing,2023,102,True,2401.0,publications,False
Hungary,Natural Language Processing,2024,66,False,450.0,publications,False
Hungary,Natural Language Processing,2025,39,False,66.0,publications,False
Hungary,Robotics,2015,73,True,752.0,publications,False
Hungary,Robotics,2016,85,True,1281.0,publications,False
Hungary,Robotics,2017,83,True,1500.0,publications,False
Hungary,Robotics,2018,110,True,2073.0,publications,False
Hungary,Robotics,2019,117,True,1717.0,publications,False
Hungary,Robotics,2020,145,True,2503.0,publications,False
Hungary,Robotics,2021,150,True,1479.0,publications,False
Hungary,Robotics,2022,165,True,1247.0,publications,False
Hungary,Robotics,2023,146,True,789.0,publications,False
Hungary,Robotics,2024,161,False,529.0,publications,False
Hungary,Robotics,2025,82,False,24.0,publications,False
Iceland,AI Safety,2015,1,True,11.0,publications,False
Iceland,AI Safety,2017,1,True,42.0,publications,False
Iceland,AI Safety,2018,1,True,89.0,publications,False
Iceland,AI Safety,2019,1,True,,publications,False
Iceland,AI Safety,2020,2,True,30.0,publications,False
Iceland,AI Safety,2021,1,True,5.0,publications,False
Iceland,AI Safety,2023,1,True,10.0,publications,False
Iceland,AI Safety,2024,1,False,2.0,publications,False
Iceland,All,2015,69,True,3344.0,publications,False
Iceland,All,2016,72,True,2624.0,publications,False
Iceland,All,2017,80,True,4933.0,publications,False
Iceland,All,2018,57,True,4252.0,publications,False
Iceland,All,2019,81,True,6628.0,publications,False
Iceland,All,2020,70,True,2725.0,publications,False
Iceland,All,2021,64,True,1839.0,publications,False
Iceland,All,2022,95,True,1425.0,publications,False
Iceland,All,2023,99,True,2044.0,publications,False
Iceland,All,2024,90,False,498.0,publications,False
Iceland,All,2025,48,False,35.0,publications,False
Iceland,Computer Vision,2015,36,True,2188.0,publications,False
Iceland,Computer Vision,2016,43,True,1964.0,publications,False
Iceland,Computer Vision,2017,55,True,4432.0,publications,False
Iceland,Computer Vision,2018,34,True,3116.0,publications,False
Iceland,Computer Vision,2019,42,True,4389.0,publications,False
Iceland,Computer Vision,2020,22,True,1609.0,publications,False
Iceland,Computer Vision,2021,25,True,562.0,publications,False
Iceland,Computer Vision,2022,31,True,834.0,publications,False
Iceland,Computer Vision,2023,38,True,1350.0,publications,False
Iceland,Computer Vision,2024,25,False,69.0,publications,False
Iceland,Computer Vision,2025,10,False,9.0,publications,False
Iceland,Large language models,2020,1,True,12.0,publications,False
Iceland,Large language models,2021,1,True,3.0,publications,False
Iceland,Large language models,2022,1,True,8.0,publications,False
Iceland,Large language models,2023,7,True,831.0,publications,False
Iceland,Large language models,2024,5,False,96.0,publications,False
Iceland,Large language models,2025,1,False,,publications,False
Iceland,Natural Language Processing,2015,3,True,9.0,publications,False
Iceland,Natural Language Processing,2016,4,True,29.0,publications,False
Iceland,Natural Language Processing,2017,3,True,43.0,publications,False
Iceland,Natural Language Processing,2018,6,True,71.0,publications,False
Iceland,Natural Language Processing,2019,5,True,77.0,publications,False
Iceland,Natural Language Processing,2020,19,True,180.0,publications,False
Iceland,Natural Language Processing,2021,5,True,37.0,publications,False
Iceland,Natural Language Processing,2022,10,True,126.0,publications,False
Iceland,Natural Language Processing,2023,17,True,179.0,publications,False
Iceland,Natural Language Processing,2024,3,False,91.0,publications,False
Iceland,Natural Language Processing,2025,5,False,3.0,publications,False
Iceland,Robotics,2015,3,True,491.0,publications,False
Iceland,Robotics,2016,8,True,102.0,publications,False
Iceland,Robotics,2017,4,True,45.0,publications,False
Iceland,Robotics,2018,4,True,130.0,publications,False
Iceland,Robotics,2019,7,True,522.0,publications,False
Iceland,Robotics,2020,7,True,185.0,publications,False
Iceland,Robotics,2021,8,True,286.0,publications,False
Iceland,Robotics,2022,8,True,55.0,publications,False
Iceland,Robotics,2023,6,True,43.0,publications,False
Iceland,Robotics,2024,7,False,16.0,publications,False
Iceland,Robotics,2025,10,False,7.0,publications,False
India,AI Safety,2015,23,True,580.0,publications,False
India,AI Safety,2016,20,True,874.0,publications,False
India,AI Safety,2017,38,True,2717.0,publications,False
India,AI Safety,2018,68,True,3781.0,publications,False
India,AI Safety,2019,110,True,5652.0,publications,False
India,AI Safety,2020,162,True,7246.0,publications,False
India,AI Safety,2021,187,True,3345.0,publications,False
India,AI Safety,2022,195,True,4286.0,publications,False
India,AI Safety,2023,560,True,5319.0,publications,False
India,AI Safety,2024,1316,False,3584.0,publications,False
India,AI Safety,2025,645,False,529.0,publications,False
India,All,2015,8823,True,132889.0,publications,False
India,All,2016,10330,True,164732.0,publications,False
India,All,2017,11554,True,192782.0,publications,False
India,All,2018,14137,True,235000.0,publications,False
India,All,2019,16059,True,272780.0,publications,False
India,All,2020,20701,True,358177.0,publications,False
India,All,2021,29105,True,373850.0,publications,False
India,All,2022,31406,True,319269.0,publications,False
India,All,2023,43816,True,276016.0,publications,False
India,All,2024,51868,False,134896.0,publications,False
India,All,2025,24605,False,11042.0,publications,False
India,Computer Vision,2015,4466,True,63063.0,publications,False
India,Computer Vision,2016,4935,True,73418.0,publications,False
India,Computer Vision,2017,5343,True,82324.0,publications,False
India,Computer Vision,2018,6092,True,98025.0,publications,False
India,Computer Vision,2019,6614,True,101977.0,publications,False
India,Computer Vision,2020,8029,True,144788.0,publications,False
India,Computer Vision,2021,11328,True,138413.0,publications,False
India,Computer Vision,2022,12096,True,117101.0,publications,False
India,Computer Vision,2023,16399,True,89779.0,publications,False
India,Computer Vision,2024,18495,False,44000.0,publications,False
India,Computer Vision,2025,8288,False,3543.0,publications,False
India,Large language models,2015,10,True,223.0,publications,False
India,Large language models,2016,16,True,1018.0,publications,False
India,Large language models,2017,36,True,1972.0,publications,False
India,Large language models,2018,80,True,4879.0,publications,False
India,Large language models,2019,148,True,9112.0,publications,False
India,Large language models,2020,313,True,9953.0,publications,False
India,Large language models,2021,561,True,16185.0,publications,False
India,Large language models,2022,612,True,12564.0,publications,False
India,Large language models,2023,980,True,11206.0,publications,False
India,Large language models,2024,1309,False,5177.0,publications,False
India,Large language models,2025,842,False,450.0,publications,False
India,Natural Language Processing,2015,762,True,13132.0,publications,False
India,Natural Language Processing,2016,1058,True,20880.0,publications,False
India,Natural Language Processing,2017,1174,True,24543.0,publications,False
India,Natural Language Processing,2018,1538,True,29399.0,publications,False
India,Natural Language Processing,2019,1514,True,33460.0,publications,False
India,Natural Language Processing,2020,2181,True,40618.0,publications,False
India,Natural Language Processing,2021,2823,True,41969.0,publications,False
India,Natural Language Processing,2022,2729,True,29667.0,publications,False
India,Natural Language Processing,2023,3669,True,24587.0,publications,False
India,Natural Language Processing,2024,3855,False,8991.0,publications,False
India,Natural Language Processing,2025,1756,False,498.0,publications,False
India,Robotics,2015,791,True,9606.0,publications,False
India,Robotics,2016,1004,True,13359.0,publications,False
India,Robotics,2017,1063,True,13889.0,publications,False
India,Robotics,2018,1336,True,16705.0,publications,False
India,Robotics,2019,1479,True,15518.0,publications,False
India,Robotics,2020,1727,True,18771.0,publications,False
India,Robotics,2021,2192,True,18367.0,publications,False
India,Robotics,2022,2250,True,17289.0,publications,False
India,Robotics,2023,2689,True,11702.0,publications,False
India,Robotics,2024,2784,False,5195.0,publications,False
India,Robotics,2025,1256,False,391.0,publications,False
Indonesia,AI Safety,2016,3,True,130.0,publications,False
Indonesia,AI Safety,2017,2,True,23.0,publications,False
Indonesia,AI Safety,2018,3,True,238.0,publications,False
Indonesia,AI Safety,2019,2,True,5.0,publications,False
Indonesia,AI Safety,2020,7,True,47.0,publications,False
Indonesia,AI Safety,2021,8,True,75.0,publications,False
Indonesia,AI Safety,2022,11,True,74.0,publications,False
Indonesia,AI Safety,2023,37,True,160.0,publications,False
Indonesia,AI Safety,2024,61,False,165.0,publications,False
Indonesia,AI Safety,2025,36,False,9.0,publications,False
Indonesia,All,2015,859,True,10183.0,publications,False
Indonesia,All,2016,1180,True,13435.0,publications,False
Indonesia,All,2017,1805,True,21472.0,publications,False
Indonesia,All,2018,2640,True,31419.0,publications,False
Indonesia,All,2019,3295,True,33397.0,publications,False
Indonesia,All,2020,3854,True,41746.0,publications,False
Indonesia,All,2021,4559,True,40673.0,publications,False
Indonesia,All,2022,5088,True,29447.0,publications,False
Indonesia,All,2023,7162,True,31722.0,publications,False
Indonesia,All,2024,6727,False,12210.0,publications,False
Indonesia,All,2025,1936,False,755.0,publications,False
Indonesia,Computer Vision,2015,295,True,3374.0,publications,False
Indonesia,Computer Vision,2016,439,True,4914.0,publications,False
Indonesia,Computer Vision,2017,618,True,7326.0,publications,False
Indonesia,Computer Vision,2018,849,True,10258.0,publications,False
Indonesia,Computer Vision,2019,1079,True,9914.0,publications,False
Indonesia,Computer Vision,2020,1243,True,13990.0,publications,False
Indonesia,Computer Vision,2021,1463,True,12217.0,publications,False
Indonesia,Computer Vision,2022,1588,True,8714.0,publications,False
Indonesia,Computer Vision,2023,2095,True,8335.0,publications,False
Indonesia,Computer Vision,2024,1846,False,2930.0,publications,False
Indonesia,Computer Vision,2025,510,False,202.0,publications,False
Indonesia,Large language models,2015,1,True,9.0,publications,False
Indonesia,Large language models,2016,2,True,42.0,publications,False
Indonesia,Large language models,2017,3,True,51.0,publications,False
Indonesia,Large language models,2018,5,True,133.0,publications,False
Indonesia,Large language models,2019,15,True,240.0,publications,False
Indonesia,Large language models,2020,18,True,278.0,publications,False
Indonesia,Large language models,2021,62,True,3244.0,publications,False
Indonesia,Large language models,2022,87,True,674.0,publications,False
Indonesia,Large language models,2023,191,True,1122.0,publications,False
Indonesia,Large language models,2024,237,False,656.0,publications,False
Indonesia,Large language models,2025,127,False,47.0,publications,False
Indonesia,Natural Language Processing,2015,88,True,1238.0,publications,False
Indonesia,Natural Language Processing,2016,144,True,2325.0,publications,False
Indonesia,Natural Language Processing,2017,212,True,3665.0,publications,False
Indonesia,Natural Language Processing,2018,353,True,4793.0,publications,False
Indonesia,Natural Language Processing,2019,459,True,6926.0,publications,False
Indonesia,Natural Language Processing,2020,483,True,5539.0,publications,False
Indonesia,Natural Language Processing,2021,636,True,9068.0,publications,False
Indonesia,Natural Language Processing,2022,739,True,4633.0,publications,False
Indonesia,Natural Language Processing,2023,1005,True,3991.0,publications,False
Indonesia,Natural Language Processing,2024,920,False,1540.0,publications,False
Indonesia,Natural Language Processing,2025,306,False,80.0,publications,False
Indonesia,Robotics,2015,180,True,1233.0,publications,False
Indonesia,Robotics,2016,183,True,1345.0,publications,False
Indonesia,Robotics,2017,273,True,2017.0,publications,False
Indonesia,Robotics,2018,358,True,2122.0,publications,False
Indonesia,Robotics,2019,418,True,2661.0,publications,False
Indonesia,Robotics,2020,435,True,2959.0,publications,False
Indonesia,Robotics,2021,488,True,2556.0,publications,False
Indonesia,Robotics,2022,417,True,1596.0,publications,False
Indonesia,Robotics,2023,557,True,1327.0,publications,False
Indonesia,Robotics,2024,401,False,492.0,publications,False
Indonesia,Robotics,2025,94,False,44.0,publications,False
Iran,AI Safety,2015,5,True,21.0,publications,False
Iran,AI Safety,2016,2,True,43.0,publications,False
Iran,AI Safety,2017,4,True,102.0,publications,False
Iran,AI Safety,2018,7,True,156.0,publications,False
Iran,AI Safety,2019,11,True,313.0,publications,False
Iran,AI Safety,2020,12,True,340.0,publications,False
Iran,AI Safety,2021,17,True,308.0,publications,False
Iran,AI Safety,2022,9,True,110.0,publications,False
Iran,AI Safety,2023,28,True,180.0,publications,False
Iran,AI Safety,2024,67,False,428.0,publications,False
Iran,AI Safety,2025,25,False,30.0,publications,False
Iran,All,2015,1773,True,24911.0,publications,False
Iran,All,2016,1487,True,30071.0,publications,False
Iran,All,2017,1763,True,35937.0,publications,False
Iran,All,2018,1673,True,41677.0,publications,False
Iran,All,2019,2113,True,44246.0,publications,False
Iran,All,2020,2498,True,73460.0,publications,False
Iran,All,2021,2884,True,58046.0,publications,False
Iran,All,2022,2726,True,48864.0,publications,False
Iran,All,2023,3039,True,34864.0,publications,False
Iran,All,2024,2935,False,15502.0,publications,False
Iran,All,2025,1433,False,1838.0,publications,False
Iran,Computer Vision,2015,597,True,8398.0,publications,False
Iran,Computer Vision,2016,395,True,9042.0,publications,False
Iran,Computer Vision,2017,571,True,12260.0,publications,False
Iran,Computer Vision,2018,444,True,10524.0,publications,False
Iran,Computer Vision,2019,615,True,13408.0,publications,False
Iran,Computer Vision,2020,679,True,17973.0,publications,False
Iran,Computer Vision,2021,797,True,15683.0,publications,False
Iran,Computer Vision,2022,757,True,12891.0,publications,False
Iran,Computer Vision,2023,784,True,8795.0,publications,False
Iran,Computer Vision,2024,723,False,3395.0,publications,False
Iran,Computer Vision,2025,327,False,482.0,publications,False
Iran,Large language models,2015,1,True,7.0,publications,False
Iran,Large language models,2016,3,True,1746.0,publications,False
Iran,Large language models,2017,4,True,25.0,publications,False
Iran,Large language models,2018,8,True,313.0,publications,False
Iran,Large language models,2019,10,True,210.0,publications,False
Iran,Large language models,2020,34,True,2733.0,publications,False
Iran,Large language models,2021,58,True,1187.0,publications,False
Iran,Large language models,2022,68,True,4854.0,publications,False
Iran,Large language models,2023,93,True,1187.0,publications,False
Iran,Large language models,2024,111,False,675.0,publications,False
Iran,Large language models,2025,70,False,181.0,publications,False
Iran,Natural Language Processing,2015,105,True,735.0,publications,False
Iran,Natural Language Processing,2016,82,True,1149.0,publications,False
Iran,Natural Language Processing,2017,103,True,1672.0,publications,False
Iran,Natural Language Processing,2018,114,True,2261.0,publications,False
Iran,Natural Language Processing,2019,139,True,1832.0,publications,False
Iran,Natural Language Processing,2020,186,True,6145.0,publications,False
Iran,Natural Language Processing,2021,182,True,2373.0,publications,False
Iran,Natural Language Processing,2022,161,True,5314.0,publications,False
Iran,Natural Language Processing,2023,189,True,1735.0,publications,False
Iran,Natural Language Processing,2024,153,False,474.0,publications,False
Iran,Natural Language Processing,2025,72,False,131.0,publications,False
Iran,Robotics,2015,400,True,6156.0,publications,False
Iran,Robotics,2016,390,True,5661.0,publications,False
Iran,Robotics,2017,429,True,6057.0,publications,False
Iran,Robotics,2018,393,True,5846.0,publications,False
Iran,Robotics,2019,416,True,5212.0,publications,False
Iran,Robotics,2020,336,True,5843.0,publications,False
Iran,Robotics,2021,365,True,4098.0,publications,False
Iran,Robotics,2022,351,True,3315.0,publications,False
Iran,Robotics,2023,423,True,2981.0,publications,False
Iran,Robotics,2024,334,False,986.0,publications,False
Iran,Robotics,2025,100,False,71.0,publications,False
Iraq,AI Safety,2020,3,True,23.0,publications,False
Iraq,AI Safety,2022,4,True,7.0,publications,False
Iraq,AI Safety,2023,15,True,234.0,publications,False
Iraq,AI Safety,2024,37,False,139.0,publications,False
Iraq,AI Safety,2025,26,False,7.0,publications,False
Iraq,All,2015,198,True,2783.0,publications,False
Iraq,All,2016,278,True,3093.0,publications,False
Iraq,All,2017,383,True,8724.0,publications,False
Iraq,All,2018,489,True,7685.0,publications,False
Iraq,All,2019,752,True,13043.0,publications,False
Iraq,All,2020,1047,True,21983.0,publications,False
Iraq,All,2021,1446,True,33306.0,publications,False
Iraq,All,2022,1935,True,21304.0,publications,False
Iraq,All,2023,2440,True,18802.0,publications,False
Iraq,All,2024,2773,False,9672.0,publications,False
Iraq,All,2025,1086,False,674.0,publications,False
Iraq,Computer Vision,2015,84,True,635.0,publications,False
Iraq,Computer Vision,2016,136,True,1316.0,publications,False
Iraq,Computer Vision,2017,169,True,6289.0,publications,False
Iraq,Computer Vision,2018,229,True,2881.0,publications,False
Iraq,Computer Vision,2019,356,True,5151.0,publications,False
Iraq,Computer Vision,2020,499,True,9893.0,publications,False
Iraq,Computer Vision,2021,602,True,8442.0,publications,False
Iraq,Computer Vision,2022,747,True,6834.0,publications,False
Iraq,Computer Vision,2023,881,True,5199.0,publications,False
Iraq,Computer Vision,2024,874,False,2424.0,publications,False
Iraq,Computer Vision,2025,284,False,156.0,publications,False
Iraq,Large language models,2020,1,True,15.0,publications,False
Iraq,Large language models,2021,4,True,17.0,publications,False
Iraq,Large language models,2022,10,True,164.0,publications,False
Iraq,Large language models,2023,26,True,267.0,publications,False
Iraq,Large language models,2024,55,False,201.0,publications,False
Iraq,Large language models,2025,38,False,29.0,publications,False
Iraq,Natural Language Processing,2015,20,True,534.0,publications,False
Iraq,Natural Language Processing,2016,12,True,172.0,publications,False
Iraq,Natural Language Processing,2017,36,True,279.0,publications,False
Iraq,Natural Language Processing,2018,30,True,115.0,publications,False
Iraq,Natural Language Processing,2019,50,True,350.0,publications,False
Iraq,Natural Language Processing,2020,64,True,823.0,publications,False
Iraq,Natural Language Processing,2021,85,True,1085.0,publications,False
Iraq,Natural Language Processing,2022,137,True,600.0,publications,False
Iraq,Natural Language Processing,2023,187,True,1342.0,publications,False
Iraq,Natural Language Processing,2024,160,False,407.0,publications,False
Iraq,Natural Language Processing,2025,76,False,21.0,publications,False
Iraq,Robotics,2015,35,True,560.0,publications,False
Iraq,Robotics,2016,50,True,719.0,publications,False
Iraq,Robotics,2017,58,True,719.0,publications,False
Iraq,Robotics,2018,92,True,1704.0,publications,False
Iraq,Robotics,2019,99,True,2221.0,publications,False
Iraq,Robotics,2020,147,True,1821.0,publications,False
Iraq,Robotics,2021,144,True,1634.0,publications,False
Iraq,Robotics,2022,174,True,1603.0,publications,False
Iraq,Robotics,2023,169,True,956.0,publications,False
Iraq,Robotics,2024,185,False,660.0,publications,False
Iraq,Robotics,2025,58,False,35.0,publications,False
Ireland,AI Safety,2015,8,True,97.0,publications,False
Ireland,AI Safety,2016,6,True,139.0,publications,False
Ireland,AI Safety,2017,10,True,852.0,publications,False
Ireland,AI Safety,2018,12,True,400.0,publications,False
Ireland,AI Safety,2019,25,True,1074.0,publications,False
Ireland,AI Safety,2020,35,True,2761.0,publications,False
Ireland,AI Safety,2021,31,True,870.0,publications,False
Ireland,AI Safety,2022,37,True,1391.0,publications,False
Ireland,AI Safety,2023,67,True,846.0,publications,False
Ireland,AI Safety,2024,61,False,294.0,publications,False
Ireland,AI Safety,2025,38,False,133.0,publications,False
Ireland,All,2015,454,True,15346.0,publications,False
Ireland,All,2016,487,True,16422.0,publications,False
Ireland,All,2017,463,True,22016.0,publications,False
Ireland,All,2018,646,True,30865.0,publications,False
Ireland,All,2019,807,True,30700.0,publications,False
Ireland,All,2020,993,True,33752.0,publications,False
Ireland,All,2021,1099,True,27934.0,publications,False
Ireland,All,2022,1103,True,22713.0,publications,False
Ireland,All,2023,1465,True,19483.0,publications,False
Ireland,All,2024,1416,False,9113.0,publications,False
Ireland,All,2025,712,False,1055.0,publications,False
Ireland,Computer Vision,2015,58,True,1328.0,publications,False
Ireland,Computer Vision,2016,95,True,4057.0,publications,False
Ireland,Computer Vision,2017,85,True,5144.0,publications,False
Ireland,Computer Vision,2018,129,True,3776.0,publications,False
Ireland,Computer Vision,2019,166,True,9231.0,publications,False
Ireland,Computer Vision,2020,183,True,5219.0,publications,False
Ireland,Computer Vision,2021,206,True,6915.0,publications,False
Ireland,Computer Vision,2022,216,True,3166.0,publications,False
Ireland,Computer Vision,2023,321,True,2937.0,publications,False
Ireland,Computer Vision,2024,327,False,2236.0,publications,False
Ireland,Computer Vision,2025,170,False,209.0,publications,False
Ireland,Large language models,2015,3,True,152.0,publications,False
Ireland,Large language models,2016,8,True,145.0,publications,False
Ireland,Large language models,2017,11,True,1069.0,publications,False
Ireland,Large language models,2018,23,True,6307.0,publications,False
Ireland,Large language models,2019,25,True,1421.0,publications,False
Ireland,Large language models,2020,39,True,1474.0,publications,False
Ireland,Large language models,2021,50,True,941.0,publications,False
Ireland,Large language models,2022,70,True,1834.0,publications,False
Ireland,Large language models,2023,90,True,3136.0,publications,False
Ireland,Large language models,2024,112,False,820.0,publications,False
Ireland,Large language models,2025,57,False,98.0,publications,False
Ireland,Natural Language Processing,2015,106,True,3375.0,publications,False
Ireland,Natural Language Processing,2016,145,True,3921.0,publications,False
Ireland,Natural Language Processing,2017,131,True,6928.0,publications,False
Ireland,Natural Language Processing,2018,158,True,12748.0,publications,False
Ireland,Natural Language Processing,2019,150,True,4537.0,publications,False
Ireland,Natural Language Processing,2020,204,True,5365.0,publications,False
Ireland,Natural Language Processing,2021,182,True,3833.0,publications,False
Ireland,Natural Language Processing,2022,164,True,3424.0,publications,False
Ireland,Natural Language Processing,2023,209,True,4470.0,publications,False
Ireland,Natural Language Processing,2024,136,False,604.0,publications,False
Ireland,Natural Language Processing,2025,52,False,67.0,publications,False
Ireland,Robotics,2015,60,True,2066.0,publications,False
Ireland,Robotics,2016,54,True,1054.0,publications,False
Ireland,Robotics,2017,55,True,3055.0,publications,False
Ireland,Robotics,2018,77,True,2805.0,publications,False
Ireland,Robotics,2019,83,True,3015.0,publications,False
Ireland,Robotics,2020,114,True,4687.0,publications,False
Ireland,Robotics,2021,121,True,2885.0,publications,False
Ireland,Robotics,2022,135,True,1580.0,publications,False
Ireland,Robotics,2023,146,True,858.0,publications,False
Ireland,Robotics,2024,130,False,474.0,publications,False
Ireland,Robotics,2025,69,False,86.0,publications,False
Israel,AI Safety,2015,14,True,1353.0,publications,False
Israel,AI Safety,2016,17,True,1109.0,publications,False
Israel,AI Safety,2017,39,True,14277.0,publications,False
Israel,AI Safety,2018,40,True,5734.0,publications,False
Israel,AI Safety,2019,75,True,6094.0,publications,False
Israel,AI Safety,2020,96,True,5989.0,publications,False
Israel,AI Safety,2021,100,True,4726.0,publications,False
Israel,AI Safety,2022,64,True,1922.0,publications,False
Israel,AI Safety,2023,72,True,1673.0,publications,False
Israel,AI Safety,2024,50,False,286.0,publications,False
Israel,AI Safety,2025,38,False,56.0,publications,False
Israel,All,2015,742,True,35162.0,publications,False
Israel,All,2016,845,True,78868.0,publications,False
Israel,All,2017,923,True,98098.0,publications,False
Israel,All,2018,1081,True,83943.0,publications,False
Israel,All,2019,1322,True,115873.0,publications,False
Israel,All,2020,1595,True,95168.0,publications,False
Israel,All,2021,1813,True,78672.0,publications,False
Israel,All,2022,1467,True,34138.0,publications,False
Israel,All,2023,1616,True,25878.0,publications,False
Israel,All,2024,1421,False,9055.0,publications,False
Israel,All,2025,709,False,806.0,publications,False
Israel,Computer Vision,2015,179,True,9241.0,publications,False
Israel,Computer Vision,2016,222,True,20431.0,publications,False
Israel,Computer Vision,2017,192,True,15742.0,publications,False
Israel,Computer Vision,2018,262,True,27104.0,publications,False
Israel,Computer Vision,2019,273,True,23148.0,publications,False
Israel,Computer Vision,2020,376,True,22927.0,publications,False
Israel,Computer Vision,2021,419,True,32182.0,publications,False
Israel,Computer Vision,2022,338,True,13250.0,publications,False
Israel,Computer Vision,2023,352,True,8142.0,publications,False
Israel,Computer Vision,2024,303,False,2231.0,publications,False
Israel,Computer Vision,2025,145,False,180.0,publications,False
Israel,Large language models,2015,1,True,2.0,publications,False
Israel,Large language models,2016,13,True,5796.0,publications,False
Israel,Large language models,2017,21,True,10055.0,publications,False
Israel,Large language models,2018,40,True,8807.0,publications,False
Israel,Large language models,2019,86,True,46237.0,publications,False
Israel,Large language models,2020,131,True,33843.0,publications,False
Israel,Large language models,2021,188,True,25883.0,publications,False
Israel,Large language models,2022,120,True,10737.0,publications,False
Israel,Large language models,2023,173,True,10133.0,publications,False
Israel,Large language models,2024,164,False,2624.0,publications,False
Israel,Large language models,2025,92,False,157.0,publications,False
Israel,Natural Language Processing,2015,97,True,6509.0,publications,False
Israel,Natural Language Processing,2016,155,True,27780.0,publications,False
Israel,Natural Language Processing,2017,161,True,22895.0,publications,False
Israel,Natural Language Processing,2018,177,True,17636.0,publications,False
Israel,Natural Language Processing,2019,234,True,53961.0,publications,False
Israel,Natural Language Processing,2020,284,True,38192.0,publications,False
Israel,Natural Language Processing,2021,308,True,16668.0,publications,False
Israel,Natural Language Processing,2022,197,True,5932.0,publications,False
Israel,Natural Language Processing,2023,249,True,6826.0,publications,False
Israel,Natural Language Processing,2024,198,False,1564.0,publications,False
Israel,Natural Language Processing,2025,81,False,75.0,publications,False
Israel,Robotics,2015,133,True,3929.0,publications,False
Israel,Robotics,2016,132,True,6008.0,publications,False
Israel,Robotics,2017,173,True,4214.0,publications,False
Israel,Robotics,2018,126,True,3537.0,publications,False
Israel,Robotics,2019,183,True,5358.0,publications,False
Israel,Robotics,2020,184,True,4098.0,publications,False
Israel,Robotics,2021,207,True,4712.0,publications,False
Israel,Robotics,2022,206,True,2505.0,publications,False
Israel,Robotics,2023,203,True,1587.0,publications,False
Israel,Robotics,2024,182,False,507.0,publications,False
Israel,Robotics,2025,84,False,51.0,publications,False
Italy,AI Safety,2015,48,True,2918.0,publications,False
Italy,AI Safety,2016,38,True,1408.0,publications,False
Italy,AI Safety,2017,55,True,6458.0,publications,False
Italy,AI Safety,2018,63,True,5154.0,publications,False
Italy,AI Safety,2019,122,True,4148.0,publications,False
Italy,AI Safety,2020,165,True,6894.0,publications,False
Italy,AI Safety,2021,190,True,6214.0,publications,False
Italy,AI Safety,2022,196,True,3966.0,publications,False
Italy,AI Safety,2023,238,True,3412.0,publications,False
Italy,AI Safety,2024,294,False,1751.0,publications,False
Italy,AI Safety,2025,170,False,161.0,publications,False
Italy,All,2015,3960,True,116888.0,publications,False
Italy,All,2016,4008,True,134157.0,publications,False
Italy,All,2017,4199,True,148852.0,publications,False
Italy,All,2018,4754,True,157931.0,publications,False
Italy,All,2019,5451,True,166163.0,publications,False
Italy,All,2020,6563,True,205031.0,publications,False
Italy,All,2021,7575,True,172981.0,publications,False
Italy,All,2022,7647,True,125892.0,publications,False
Italy,All,2023,9101,True,109730.0,publications,False
Italy,All,2024,9010,False,48089.0,publications,False
Italy,All,2025,4678,False,5506.0,publications,False
Italy,Computer Vision,2015,928,True,32141.0,publications,False
Italy,Computer Vision,2016,850,True,42249.0,publications,False
Italy,Computer Vision,2017,905,True,37843.0,publications,False
Italy,Computer Vision,2018,913,True,43544.0,publications,False
Italy,Computer Vision,2019,1170,True,50034.0,publications,False
Italy,Computer Vision,2020,1294,True,55461.0,publications,False
Italy,Computer Vision,2021,1578,True,45690.0,publications,False
Italy,Computer Vision,2022,1655,True,32413.0,publications,False
Italy,Computer Vision,2023,1850,True,24464.0,publications,False
Italy,Computer Vision,2024,1813,False,10187.0,publications,False
Italy,Computer Vision,2025,929,False,1221.0,publications,False
Italy,Large language models,2015,6,True,457.0,publications,False
Italy,Large language models,2016,8,True,2182.0,publications,False
Italy,Large language models,2017,13,True,827.0,publications,False
Italy,Large language models,2018,34,True,1897.0,publications,False
Italy,Large language models,2019,54,True,2265.0,publications,False
Italy,Large language models,2020,120,True,10957.0,publications,False
Italy,Large language models,2021,173,True,9323.0,publications,False
Italy,Large language models,2022,231,True,5904.0,publications,False
Italy,Large language models,2023,392,True,8679.0,publications,False
Italy,Large language models,2024,509,False,5364.0,publications,False
Italy,Large language models,2025,344,False,577.0,publications,False
Italy,Natural Language Processing,2015,375,True,10739.0,publications,False
Italy,Natural Language Processing,2016,449,True,12962.0,publications,False
Italy,Natural Language Processing,2017,383,True,9405.0,publications,False
Italy,Natural Language Processing,2018,430,True,10739.0,publications,False
Italy,Natural Language Processing,2019,433,True,15325.0,publications,False
Italy,Natural Language Processing,2020,570,True,16739.0,publications,False
Italy,Natural Language Processing,2021,558,True,17121.0,publications,False
Italy,Natural Language Processing,2022,532,True,9136.0,publications,False
Italy,Natural Language Processing,2023,696,True,10035.0,publications,False
Italy,Natural Language Processing,2024,586,False,4004.0,publications,False
Italy,Natural Language Processing,2025,289,False,448.0,publications,False
Italy,Robotics,2015,1183,True,33743.0,publications,False
Italy,Robotics,2016,1292,True,39336.0,publications,False
Italy,Robotics,2017,1355,True,45393.0,publications,False
Italy,Robotics,2018,1590,True,41390.0,publications,False
Italy,Robotics,2019,1603,True,38843.0,publications,False
Italy,Robotics,2020,1756,True,39116.0,publications,False
Italy,Robotics,2021,1839,True,31264.0,publications,False
Italy,Robotics,2022,1909,True,22781.0,publications,False
Italy,Robotics,2023,2161,True,17354.0,publications,False
Italy,Robotics,2024,2016,False,7635.0,publications,False
Italy,Robotics,2025,1123,False,947.0,publications,False
Jamaica,AI Safety,2018,1,True,,publications,False
Jamaica,AI Safety,2022,1,True,9.0,publications,False
Jamaica,AI Safety,2024,1,False,1.0,publications,False
Jamaica,All,2015,5,True,86.0,publications,False
Jamaica,All,2016,9,True,130.0,publications,False
Jamaica,All,2017,7,True,65.0,publications,False
Jamaica,All,2018,6,True,10.0,publications,False
Jamaica,All,2019,3,True,1.0,publications,False
Jamaica,All,2020,4,True,9.0,publications,False
Jamaica,All,2021,3,True,2.0,publications,False
Jamaica,All,2022,8,True,47.0,publications,False
Jamaica,All,2023,8,True,14.0,publications,False
Jamaica,All,2024,6,False,4.0,publications,False
Jamaica,All,2025,8,False,8.0,publications,False
Jamaica,Computer Vision,2016,2,True,51.0,publications,False
Jamaica,Computer Vision,2020,1,True,,publications,False
Jamaica,Computer Vision,2021,1,True,1.0,publications,False
Jamaica,Computer Vision,2022,3,True,20.0,publications,False
Jamaica,Computer Vision,2023,3,True,2.0,publications,False
Jamaica,Computer Vision,2024,1,False,,publications,False
Jamaica,Large language models,2022,1,True,2.0,publications,False
Jamaica,Natural Language Processing,2016,2,True,7.0,publications,False
Jamaica,Natural Language Processing,2017,1,True,10.0,publications,False
Jamaica,Natural Language Processing,2020,1,True,5.0,publications,False
Jamaica,Robotics,2018,2,True,,publications,False
Jamaica,Robotics,2021,1,True,,publications,False
Jamaica,Robotics,2022,1,True,,publications,False
Jamaica,Robotics,2023,1,True,,publications,False
Japan,AI Safety,2015,38,True,853.0,publications,False
Japan,AI Safety,2016,46,True,1614.0,publications,False
Japan,AI Safety,2017,45,True,5106.0,publications,False
Japan,AI Safety,2018,83,True,8711.0,publications,False
Japan,AI Safety,2019,119,True,5180.0,publications,False
Japan,AI Safety,2020,134,True,7791.0,publications,False
Japan,AI Safety,2021,170,True,2964.0,publications,False
Japan,AI Safety,2022,144,True,2256.0,publications,False
Japan,AI Safety,2023,204,True,2946.0,publications,False
Japan,AI Safety,2024,249,False,1094.0,publications,False
Japan,AI Safety,2025,171,False,186.0,publications,False
Japan,All,2015,6663,True,90364.0,publications,False
Japan,All,2016,6731,True,101906.0,publications,False
Japan,All,2017,7134,True,142214.0,publications,False
Japan,All,2018,8199,True,176449.0,publications,False
Japan,All,2019,9294,True,181760.0,publications,False
Japan,All,2020,9683,True,168339.0,publications,False
Japan,All,2021,10191,True,130484.0,publications,False
Japan,All,2022,9853,True,90065.0,publications,False
Japan,All,2023,10929,True,74125.0,publications,False
Japan,All,2024,10770,False,30568.0,publications,False
Japan,All,2025,4913,False,3101.0,publications,False
Japan,Computer Vision,2015,1460,True,32432.0,publications,False
Japan,Computer Vision,2016,1408,True,29597.0,publications,False
Japan,Computer Vision,2017,1610,True,53717.0,publications,False
Japan,Computer Vision,2018,1907,True,62621.0,publications,False
Japan,Computer Vision,2019,2378,True,63687.0,publications,False
Japan,Computer Vision,2020,2444,True,61838.0,publications,False
Japan,Computer Vision,2021,2806,True,44749.0,publications,False
Japan,Computer Vision,2022,2759,True,32562.0,publications,False
Japan,Computer Vision,2023,2943,True,22042.0,publications,False
Japan,Computer Vision,2024,2968,False,10051.0,publications,False
Japan,Computer Vision,2025,1308,False,949.0,publications,False
Japan,Large language models,2015,31,True,367.0,publications,False
Japan,Large language models,2016,48,True,3541.0,publications,False
Japan,Large language models,2017,66,True,2562.0,publications,False
Japan,Large language models,2018,129,True,6387.0,publications,False
Japan,Large language models,2019,258,True,12720.0,publications,False
Japan,Large language models,2020,372,True,13503.0,publications,False
Japan,Large language models,2021,495,True,14761.0,publications,False
Japan,Large language models,2022,467,True,7936.0,publications,False
Japan,Large language models,2023,770,True,13078.0,publications,False
Japan,Large language models,2024,936,False,5347.0,publications,False
Japan,Large language models,2025,449,False,369.0,publications,False
Japan,Natural Language Processing,2015,584,True,11298.0,publications,False
Japan,Natural Language Processing,2016,647,True,15119.0,publications,False
Japan,Natural Language Processing,2017,639,True,13242.0,publications,False
Japan,Natural Language Processing,2018,730,True,21173.0,publications,False
Japan,Natural Language Processing,2019,845,True,17203.0,publications,False
Japan,Natural Language Processing,2020,871,True,15733.0,publications,False
Japan,Natural Language Processing,2021,846,True,13505.0,publications,False
Japan,Natural Language Processing,2022,704,True,6567.0,publications,False
Japan,Natural Language Processing,2023,966,True,10375.0,publications,False
Japan,Natural Language Processing,2024,729,False,2873.0,publications,False
Japan,Natural Language Processing,2025,345,False,199.0,publications,False
Japan,Robotics,2015,3088,True,27901.0,publications,False
Japan,Robotics,2016,2961,True,24753.0,publications,False
Japan,Robotics,2017,3031,True,31011.0,publications,False
Japan,Robotics,2018,3225,True,31881.0,publications,False
Japan,Robotics,2019,3231,True,28975.0,publications,False
Japan,Robotics,2020,3237,True,26449.0,publications,False
Japan,Robotics,2021,3160,True,21362.0,publications,False
Japan,Robotics,2022,3169,True,17461.0,publications,False
Japan,Robotics,2023,3314,True,12554.0,publications,False
Japan,Robotics,2024,3347,False,5625.0,publications,False
Japan,Robotics,2025,1656,False,583.0,publications,False
Jordan,AI Safety,2019,1,True,5.0,publications,False
Jordan,AI Safety,2020,2,True,87.0,publications,False
Jordan,AI Safety,2021,2,True,73.0,publications,False
Jordan,AI Safety,2022,5,True,135.0,publications,False
Jordan,AI Safety,2023,20,True,748.0,publications,False
Jordan,AI Safety,2024,28,False,169.0,publications,False
Jordan,AI Safety,2025,55,False,50.0,publications,False
Jordan,All,2015,172,True,4425.0,publications,False
Jordan,All,2016,200,True,6532.0,publications,False
Jordan,All,2017,202,True,6757.0,publications,False
Jordan,All,2018,275,True,9420.0,publications,False
Jordan,All,2019,373,True,10490.0,publications,False
Jordan,All,2020,416,True,11850.0,publications,False
Jordan,All,2021,565,True,14222.0,publications,False
Jordan,All,2022,712,True,15850.0,publications,False
Jordan,All,2023,1045,True,17080.0,publications,False
Jordan,All,2024,1176,False,8003.0,publications,False
Jordan,All,2025,843,False,1148.0,publications,False
Jordan,Computer Vision,2015,54,True,1176.0,publications,False
Jordan,Computer Vision,2016,47,True,755.0,publications,False
Jordan,Computer Vision,2017,51,True,1175.0,publications,False
Jordan,Computer Vision,2018,81,True,1368.0,publications,False
Jordan,Computer Vision,2019,67,True,1806.0,publications,False
Jordan,Computer Vision,2020,79,True,2115.0,publications,False
Jordan,Computer Vision,2021,131,True,2867.0,publications,False
Jordan,Computer Vision,2022,160,True,3020.0,publications,False
Jordan,Computer Vision,2023,221,True,2764.0,publications,False
Jordan,Computer Vision,2024,252,False,1286.0,publications,False
Jordan,Computer Vision,2025,169,False,229.0,publications,False
Jordan,Large language models,2015,1,True,19.0,publications,False
Jordan,Large language models,2017,1,True,23.0,publications,False
Jordan,Large language models,2019,5,True,173.0,publications,False
Jordan,Large language models,2020,8,True,157.0,publications,False
Jordan,Large language models,2021,17,True,289.0,publications,False
Jordan,Large language models,2022,23,True,429.0,publications,False
Jordan,Large language models,2023,31,True,772.0,publications,False
Jordan,Large language models,2024,47,False,352.0,publications,False
Jordan,Large language models,2025,44,False,51.0,publications,False
Jordan,Natural Language Processing,2015,43,True,1745.0,publications,False
Jordan,Natural Language Processing,2016,63,True,3057.0,publications,False
Jordan,Natural Language Processing,2017,51,True,2113.0,publications,False
Jordan,Natural Language Processing,2018,54,True,1540.0,publications,False
Jordan,Natural Language Processing,2019,87,True,2938.0,publications,False
Jordan,Natural Language Processing,2020,87,True,1787.0,publications,False
Jordan,Natural Language Processing,2021,107,True,1983.0,publications,False
Jordan,Natural Language Processing,2022,87,True,1203.0,publications,False
Jordan,Natural Language Processing,2023,112,True,709.0,publications,False
Jordan,Natural Language Processing,2024,110,False,743.0,publications,False
Jordan,Natural Language Processing,2025,80,False,101.0,publications,False
Jordan,Robotics,2015,18,True,298.0,publications,False
Jordan,Robotics,2016,18,True,213.0,publications,False
Jordan,Robotics,2017,22,True,269.0,publications,False
Jordan,Robotics,2018,27,True,473.0,publications,False
Jordan,Robotics,2019,26,True,430.0,publications,False
Jordan,Robotics,2020,33,True,835.0,publications,False
Jordan,Robotics,2021,35,True,514.0,publications,False
Jordan,Robotics,2022,45,True,774.0,publications,False
Jordan,Robotics,2023,56,True,400.0,publications,False
Jordan,Robotics,2024,77,False,353.0,publications,False
Jordan,Robotics,2025,47,False,42.0,publications,False
Kazakhstan,AI Safety,2015,1,True,14.0,publications,False
Kazakhstan,AI Safety,2016,1,True,15.0,publications,False
Kazakhstan,AI Safety,2017,1,True,37.0,publications,False
Kazakhstan,AI Safety,2018,1,True,5.0,publications,False
Kazakhstan,AI Safety,2019,1,True,17.0,publications,False
Kazakhstan,AI Safety,2021,1,True,,publications,False
Kazakhstan,AI Safety,2023,6,True,63.0,publications,False
Kazakhstan,AI Safety,2024,13,False,36.0,publications,False
Kazakhstan,AI Safety,2025,5,False,7.0,publications,False
Kazakhstan,All,2015,89,True,932.0,publications,False
Kazakhstan,All,2016,89,True,979.0,publications,False
Kazakhstan,All,2017,112,True,1664.0,publications,False
Kazakhstan,All,2018,139,True,2770.0,publications,False
Kazakhstan,All,2019,201,True,3161.0,publications,False
Kazakhstan,All,2020,253,True,3817.0,publications,False
Kazakhstan,All,2021,337,True,3574.0,publications,False
Kazakhstan,All,2022,310,True,3555.0,publications,False
Kazakhstan,All,2023,489,True,3344.0,publications,False
Kazakhstan,All,2024,631,False,2244.0,publications,False
Kazakhstan,All,2025,404,False,253.0,publications,False
Kazakhstan,Computer Vision,2015,25,True,192.0,publications,False
Kazakhstan,Computer Vision,2016,22,True,200.0,publications,False
Kazakhstan,Computer Vision,2017,27,True,295.0,publications,False
Kazakhstan,Computer Vision,2018,25,True,1058.0,publications,False
Kazakhstan,Computer Vision,2019,26,True,518.0,publications,False
Kazakhstan,Computer Vision,2020,46,True,1021.0,publications,False
Kazakhstan,Computer Vision,2021,76,True,703.0,publications,False
Kazakhstan,Computer Vision,2022,76,True,741.0,publications,False
Kazakhstan,Computer Vision,2023,115,True,828.0,publications,False
Kazakhstan,Computer Vision,2024,165,False,640.0,publications,False
Kazakhstan,Computer Vision,2025,92,False,42.0,publications,False
Kazakhstan,Large language models,2015,1,True,22.0,publications,False
Kazakhstan,Large language models,2017,1,True,3.0,publications,False
Kazakhstan,Large language models,2018,1,True,7.0,publications,False
Kazakhstan,Large language models,2020,4,True,85.0,publications,False
Kazakhstan,Large language models,2021,9,True,56.0,publications,False
Kazakhstan,Large language models,2022,9,True,113.0,publications,False
Kazakhstan,Large language models,2023,15,True,125.0,publications,False
Kazakhstan,Large language models,2024,30,False,194.0,publications,False
Kazakhstan,Large language models,2025,37,False,26.0,publications,False
Kazakhstan,Natural Language Processing,2015,17,True,155.0,publications,False
Kazakhstan,Natural Language Processing,2016,17,True,86.0,publications,False
Kazakhstan,Natural Language Processing,2017,15,True,104.0,publications,False
Kazakhstan,Natural Language Processing,2018,22,True,130.0,publications,False
Kazakhstan,Natural Language Processing,2019,39,True,294.0,publications,False
Kazakhstan,Natural Language Processing,2020,55,True,389.0,publications,False
Kazakhstan,Natural Language Processing,2021,71,True,466.0,publications,False
Kazakhstan,Natural Language Processing,2022,44,True,381.0,publications,False
Kazakhstan,Natural Language Processing,2023,59,True,337.0,publications,False
Kazakhstan,Natural Language Processing,2024,86,False,238.0,publications,False
Kazakhstan,Natural Language Processing,2025,57,False,29.0,publications,False
Kazakhstan,Robotics,2015,23,True,436.0,publications,False
Kazakhstan,Robotics,2016,32,True,626.0,publications,False
Kazakhstan,Robotics,2017,38,True,474.0,publications,False
Kazakhstan,Robotics,2018,51,True,599.0,publications,False
Kazakhstan,Robotics,2019,67,True,834.0,publications,False
Kazakhstan,Robotics,2020,71,True,1027.0,publications,False
Kazakhstan,Robotics,2021,57,True,704.0,publications,False
Kazakhstan,Robotics,2022,65,True,689.0,publications,False
Kazakhstan,Robotics,2023,85,True,435.0,publications,False
Kazakhstan,Robotics,2024,71,False,231.0,publications,False
Kazakhstan,Robotics,2025,49,False,30.0,publications,False
Kenya,AI Safety,2020,1,True,,publications,False
Kenya,AI Safety,2021,2,True,12.0,publications,False
Kenya,AI Safety,2022,1,True,6.0,publications,False
Kenya,AI Safety,2023,4,True,34.0,publications,False
Kenya,AI Safety,2024,3,False,19.0,publications,False
Kenya,AI Safety,2025,4,False,20.0,publications,False
Kenya,All,2015,14,True,180.0,publications,False
Kenya,All,2016,35,True,483.0,publications,False
Kenya,All,2017,29,True,501.0,publications,False
Kenya,All,2018,41,True,543.0,publications,False
Kenya,All,2019,79,True,818.0,publications,False
Kenya,All,2020,94,True,1864.0,publications,False
Kenya,All,2021,121,True,1627.0,publications,False
Kenya,All,2022,163,True,2348.0,publications,False
Kenya,All,2023,219,True,1603.0,publications,False
Kenya,All,2024,231,False,978.0,publications,False
Kenya,All,2025,120,False,121.0,publications,False
Kenya,Computer Vision,2015,4,True,32.0,publications,False
Kenya,Computer Vision,2016,9,True,173.0,publications,False
Kenya,Computer Vision,2017,13,True,257.0,publications,False
Kenya,Computer Vision,2018,6,True,144.0,publications,False
Kenya,Computer Vision,2019,15,True,315.0,publications,False
Kenya,Computer Vision,2020,17,True,425.0,publications,False
Kenya,Computer Vision,2021,18,True,362.0,publications,False
Kenya,Computer Vision,2022,47,True,553.0,publications,False
Kenya,Computer Vision,2023,51,True,368.0,publications,False
Kenya,Computer Vision,2024,56,False,238.0,publications,False
Kenya,Computer Vision,2025,27,False,8.0,publications,False
Kenya,Large language models,2020,1,True,28.0,publications,False
Kenya,Large language models,2021,3,True,243.0,publications,False
Kenya,Large language models,2022,5,True,146.0,publications,False
Kenya,Large language models,2023,9,True,204.0,publications,False
Kenya,Large language models,2024,14,False,59.0,publications,False
Kenya,Large language models,2025,7,False,2.0,publications,False
Kenya,Natural Language Processing,2015,2,True,6.0,publications,False
Kenya,Natural Language Processing,2016,3,True,34.0,publications,False
Kenya,Natural Language Processing,2017,1,True,20.0,publications,False
Kenya,Natural Language Processing,2018,5,True,68.0,publications,False
Kenya,Natural Language Processing,2019,16,True,105.0,publications,False
Kenya,Natural Language Processing,2020,8,True,403.0,publications,False
Kenya,Natural Language Processing,2021,17,True,305.0,publications,False
Kenya,Natural Language Processing,2022,19,True,355.0,publications,False
Kenya,Natural Language Processing,2023,22,True,250.0,publications,False
Kenya,Natural Language Processing,2024,21,False,86.0,publications,False
Kenya,Natural Language Processing,2025,4,False,2.0,publications,False
Kenya,Robotics,2015,1,True,1.0,publications,False
Kenya,Robotics,2017,4,True,31.0,publications,False
Kenya,Robotics,2018,8,True,35.0,publications,False
Kenya,Robotics,2019,4,True,1.0,publications,False
Kenya,Robotics,2020,7,True,104.0,publications,False
Kenya,Robotics,2021,7,True,109.0,publications,False
Kenya,Robotics,2022,12,True,119.0,publications,False
Kenya,Robotics,2023,17,True,89.0,publications,False
Kenya,Robotics,2024,8,False,16.0,publications,False
Kenya,Robotics,2025,2,False,,publications,False
Kiribati,All,2024,1,False,8.0,publications,False
Kiribati,Computer Vision,2024,1,False,8.0,publications,False
Kosovo,AI Safety,2021,1,True,25.0,publications,False
Kosovo,AI Safety,2024,2,False,14.0,publications,False
Kosovo,All,2015,8,True,108.0,publications,False
Kosovo,All,2016,19,True,198.0,publications,False
Kosovo,All,2017,26,True,394.0,publications,False
Kosovo,All,2018,20,True,104.0,publications,False
Kosovo,All,2019,23,True,102.0,publications,False
Kosovo,All,2020,9,True,188.0,publications,False
Kosovo,All,2021,23,True,519.0,publications,False
Kosovo,All,2022,25,True,319.0,publications,False
Kosovo,All,2023,49,True,666.0,publications,False
Kosovo,All,2024,54,False,120.0,publications,False
Kosovo,All,2025,23,False,11.0,publications,False
Kosovo,Computer Vision,2016,1,True,15.0,publications,False
Kosovo,Computer Vision,2017,3,True,7.0,publications,False
Kosovo,Computer Vision,2018,2,True,15.0,publications,False
Kosovo,Computer Vision,2019,3,True,9.0,publications,False
Kosovo,Computer Vision,2020,4,True,26.0,publications,False
Kosovo,Computer Vision,2021,5,True,47.0,publications,False
Kosovo,Computer Vision,2022,4,True,18.0,publications,False
Kosovo,Computer Vision,2023,4,True,7.0,publications,False
Kosovo,Computer Vision,2024,4,False,7.0,publications,False
Kosovo,Computer Vision,2025,3,False,,publications,False
Kosovo,Large language models,2024,1,False,2.0,publications,False
Kosovo,Large language models,2025,1,False,,publications,False
Kosovo,Natural Language Processing,2015,1,True,3.0,publications,False
Kosovo,Natural Language Processing,2016,2,True,2.0,publications,False
Kosovo,Natural Language Processing,2017,5,True,29.0,publications,False
Kosovo,Natural Language Processing,2018,1,True,,publications,False
Kosovo,Natural Language Processing,2019,4,True,7.0,publications,False
Kosovo,Natural Language Processing,2020,1,True,48.0,publications,False
Kosovo,Natural Language Processing,2021,6,True,255.0,publications,False
Kosovo,Natural Language Processing,2022,5,True,33.0,publications,False
Kosovo,Natural Language Processing,2023,8,True,32.0,publications,False
Kosovo,Natural Language Processing,2024,5,False,5.0,publications,False
Kosovo,Natural Language Processing,2025,2,False,,publications,False
Kosovo,Robotics,2015,2,True,14.0,publications,False
Kosovo,Robotics,2016,10,True,149.0,publications,False
Kosovo,Robotics,2017,7,True,22.0,publications,False
Kosovo,Robotics,2018,9,True,32.0,publications,False
Kosovo,Robotics,2019,7,True,24.0,publications,False
Kosovo,Robotics,2020,1,True,17.0,publications,False
Kosovo,Robotics,2021,2,True,24.0,publications,False
Kosovo,Robotics,2022,3,True,7.0,publications,False
Kosovo,Robotics,2023,2,True,8.0,publications,False
Kosovo,Robotics,2024,4,False,3.0,publications,False
Kosovo,Robotics,2025,3,False,,publications,False
Kuwait,AI Safety,2019,1,True,17.0,publications,False
Kuwait,AI Safety,2020,1,True,29.0,publications,False
Kuwait,AI Safety,2021,3,True,94.0,publications,False
Kuwait,AI Safety,2023,4,True,65.0,publications,False
Kuwait,AI Safety,2024,7,False,27.0,publications,False
Kuwait,AI Safety,2025,4,False,5.0,publications,False
Kuwait,All,2015,43,True,728.0,publications,False
Kuwait,All,2016,46,True,843.0,publications,False
Kuwait,All,2017,47,True,600.0,publications,False
Kuwait,All,2018,64,True,1013.0,publications,False
Kuwait,All,2019,66,True,1086.0,publications,False
Kuwait,All,2020,117,True,3832.0,publications,False
Kuwait,All,2021,127,True,2959.0,publications,False
Kuwait,All,2022,189,True,2836.0,publications,False
Kuwait,All,2023,256,True,4767.0,publications,False
Kuwait,All,2024,337,False,1963.0,publications,False
Kuwait,All,2025,189,False,207.0,publications,False
Kuwait,Computer Vision,2015,16,True,274.0,publications,False
Kuwait,Computer Vision,2016,9,True,94.0,publications,False
Kuwait,Computer Vision,2017,8,True,59.0,publications,False
Kuwait,Computer Vision,2018,18,True,448.0,publications,False
Kuwait,Computer Vision,2019,21,True,296.0,publications,False
Kuwait,Computer Vision,2020,29,True,971.0,publications,False
Kuwait,Computer Vision,2021,16,True,521.0,publications,False
Kuwait,Computer Vision,2022,45,True,632.0,publications,False
Kuwait,Computer Vision,2023,44,True,688.0,publications,False
Kuwait,Computer Vision,2024,66,False,425.0,publications,False
Kuwait,Computer Vision,2025,31,False,33.0,publications,False
Kuwait,Large language models,2020,1,True,6.0,publications,False
Kuwait,Large language models,2021,1,True,14.0,publications,False
Kuwait,Large language models,2022,4,True,59.0,publications,False
Kuwait,Large language models,2023,7,True,162.0,publications,False
Kuwait,Large language models,2024,11,False,74.0,publications,False
Kuwait,Large language models,2025,14,False,6.0,publications,False
Kuwait,Natural Language Processing,2015,7,True,214.0,publications,False
Kuwait,Natural Language Processing,2016,6,True,235.0,publications,False
Kuwait,Natural Language Processing,2017,12,True,120.0,publications,False
Kuwait,Natural Language Processing,2018,7,True,50.0,publications,False
Kuwait,Natural Language Processing,2019,3,True,13.0,publications,False
Kuwait,Natural Language Processing,2020,8,True,174.0,publications,False
Kuwait,Natural Language Processing,2021,11,True,154.0,publications,False
Kuwait,Natural Language Processing,2022,14,True,117.0,publications,False
Kuwait,Natural Language Processing,2023,24,True,636.0,publications,False
Kuwait,Natural Language Processing,2024,27,False,125.0,publications,False
Kuwait,Natural Language Processing,2025,19,False,7.0,publications,False
Kuwait,Robotics,2015,7,True,159.0,publications,False
Kuwait,Robotics,2016,3,True,89.0,publications,False
Kuwait,Robotics,2017,12,True,190.0,publications,False
Kuwait,Robotics,2018,13,True,204.0,publications,False
Kuwait,Robotics,2019,11,True,216.0,publications,False
Kuwait,Robotics,2020,21,True,310.0,publications,False
Kuwait,Robotics,2021,13,True,152.0,publications,False
Kuwait,Robotics,2022,17,True,164.0,publications,False
Kuwait,Robotics,2023,29,True,201.0,publications,False
Kuwait,Robotics,2024,26,False,138.0,publications,False
Kuwait,Robotics,2025,21,False,12.0,publications,False
Kyrgyzstan,AI Safety,2024,2,False,7.0,publications,False
Kyrgyzstan,All,2015,1,True,8.0,publications,False
Kyrgyzstan,All,2016,1,True,1.0,publications,False
Kyrgyzstan,All,2017,1,True,1.0,publications,False
Kyrgyzstan,All,2018,2,True,5.0,publications,False
Kyrgyzstan,All,2019,13,True,283.0,publications,False
Kyrgyzstan,All,2020,14,True,176.0,publications,False
Kyrgyzstan,All,2021,26,True,347.0,publications,False
Kyrgyzstan,All,2022,29,True,272.0,publications,False
Kyrgyzstan,All,2023,21,True,224.0,publications,False
Kyrgyzstan,All,2024,32,False,67.0,publications,False
Kyrgyzstan,All,2025,25,False,21.0,publications,False
Kyrgyzstan,Computer Vision,2016,1,True,1.0,publications,False
Kyrgyzstan,Computer Vision,2019,4,True,171.0,publications,False
Kyrgyzstan,Computer Vision,2020,1,True,97.0,publications,False
Kyrgyzstan,Computer Vision,2021,7,True,62.0,publications,False
Kyrgyzstan,Computer Vision,2022,6,True,47.0,publications,False
Kyrgyzstan,Computer Vision,2023,7,True,49.0,publications,False
Kyrgyzstan,Computer Vision,2024,8,False,9.0,publications,False
Kyrgyzstan,Computer Vision,2025,6,False,1.0,publications,False
Kyrgyzstan,Large language models,2022,1,True,3.0,publications,False
Kyrgyzstan,Large language models,2024,1,False,1.0,publications,False
Kyrgyzstan,Natural Language Processing,2018,1,True,,publications,False
Kyrgyzstan,Natural Language Processing,2019,2,True,,publications,False
Kyrgyzstan,Natural Language Processing,2020,1,True,2.0,publications,False
Kyrgyzstan,Natural Language Processing,2021,6,True,11.0,publications,False
Kyrgyzstan,Natural Language Processing,2022,4,True,3.0,publications,False
Kyrgyzstan,Natural Language Processing,2023,3,True,22.0,publications,False
Kyrgyzstan,Natural Language Processing,2024,2,False,,publications,False
Kyrgyzstan,Natural Language Processing,2025,3,False,,publications,False
Kyrgyzstan,Robotics,2017,1,True,1.0,publications,False
Kyrgyzstan,Robotics,2020,2,True,,publications,False
Kyrgyzstan,Robotics,2022,3,True,3.0,publications,False
Kyrgyzstan,Robotics,2024,3,False,3.0,publications,False
Kyrgyzstan,Robotics,2025,3,False,,publications,False
Laos,All,2015,1,True,8.0,publications,False
Laos,All,2016,2,True,149.0,publications,False
Laos,All,2017,1,True,,publications,False
Laos,All,2019,3,True,18.0,publications,False
Laos,All,2020,3,True,141.0,publications,False
Laos,All,2021,1,True,16.0,publications,False
Laos,All,2022,2,True,9.0,publications,False
Laos,All,2024,5,False,14.0,publications,False
Laos,All,2025,6,False,1.0,publications,False
Laos,Computer Vision,2016,2,True,149.0,publications,False
Laos,Computer Vision,2019,1,True,3.0,publications,False
Laos,Computer Vision,2020,1,True,54.0,publications,False
Laos,Computer Vision,2022,1,True,2.0,publications,False
Laos,Computer Vision,2024,2,False,5.0,publications,False
Laos,Computer Vision,2025,5,False,,publications,False
Laos,Robotics,2015,1,True,8.0,publications,False
Laos,Robotics,2019,1,True,,publications,False
Laos,Robotics,2024,1,False,3.0,publications,False
Latvia,AI Safety,2019,1,True,3.0,publications,False
Latvia,AI Safety,2020,1,True,9.0,publications,False
Latvia,AI Safety,2021,1,True,2.0,publications,False
Latvia,AI Safety,2023,2,True,105.0,publications,False
Latvia,AI Safety,2024,2,False,14.0,publications,False
Latvia,AI Safety,2025,1,False,1.0,publications,False
Latvia,All,2015,70,True,525.0,publications,False
Latvia,All,2016,47,True,388.0,publications,False
Latvia,All,2017,72,True,750.0,publications,False
Latvia,All,2018,71,True,552.0,publications,False
Latvia,All,2019,88,True,584.0,publications,False
Latvia,All,2020,133,True,1261.0,publications,False
Latvia,All,2021,112,True,1616.0,publications,False
Latvia,All,2022,114,True,1437.0,publications,False
Latvia,All,2023,128,True,1028.0,publications,False
Latvia,All,2024,113,False,475.0,publications,False
Latvia,All,2025,92,False,104.0,publications,False
Latvia,Computer Vision,2015,17,True,79.0,publications,False
Latvia,Computer Vision,2016,6,True,64.0,publications,False
Latvia,Computer Vision,2017,14,True,215.0,publications,False
Latvia,Computer Vision,2018,14,True,68.0,publications,False
Latvia,Computer Vision,2019,9,True,33.0,publications,False
Latvia,Computer Vision,2020,24,True,184.0,publications,False
Latvia,Computer Vision,2021,15,True,84.0,publications,False
Latvia,Computer Vision,2022,27,True,310.0,publications,False
Latvia,Computer Vision,2023,27,True,96.0,publications,False
Latvia,Computer Vision,2024,32,False,102.0,publications,False
Latvia,Computer Vision,2025,17,False,8.0,publications,False
Latvia,Large language models,2016,1,True,70.0,publications,False
Latvia,Large language models,2017,1,True,55.0,publications,False
Latvia,Large language models,2018,2,True,30.0,publications,False
Latvia,Large language models,2019,2,True,28.0,publications,False
Latvia,Large language models,2020,6,True,63.0,publications,False
Latvia,Large language models,2021,1,True,33.0,publications,False
Latvia,Large language models,2022,6,True,14.0,publications,False
Latvia,Large language models,2023,6,True,361.0,publications,False
Latvia,Large language models,2024,2,False,1.0,publications,False
Latvia,Large language models,2025,3,False,,publications,False
Latvia,Natural Language Processing,2015,9,True,48.0,publications,False
Latvia,Natural Language Processing,2016,16,True,167.0,publications,False
Latvia,Natural Language Processing,2017,9,True,147.0,publications,False
Latvia,Natural Language Processing,2018,25,True,234.0,publications,False
Latvia,Natural Language Processing,2019,19,True,119.0,publications,False
Latvia,Natural Language Processing,2020,35,True,271.0,publications,False
Latvia,Natural Language Processing,2021,15,True,92.0,publications,False
Latvia,Natural Language Processing,2022,16,True,145.0,publications,False
Latvia,Natural Language Processing,2023,18,True,399.0,publications,False
Latvia,Natural Language Processing,2024,6,False,61.0,publications,False
Latvia,Natural Language Processing,2025,9,False,8.0,publications,False
Latvia,Robotics,2015,14,True,122.0,publications,False
Latvia,Robotics,2016,6,True,22.0,publications,False
Latvia,Robotics,2017,12,True,51.0,publications,False
Latvia,Robotics,2018,14,True,166.0,publications,False
Latvia,Robotics,2019,20,True,127.0,publications,False
Latvia,Robotics,2020,15,True,140.0,publications,False
Latvia,Robotics,2021,18,True,206.0,publications,False
Latvia,Robotics,2022,18,True,354.0,publications,False
Latvia,Robotics,2023,21,True,66.0,publications,False
Latvia,Robotics,2024,20,False,50.0,publications,False
Latvia,Robotics,2025,14,False,4.0,publications,False
Lebanon,AI Safety,2015,2,True,44.0,publications,False
Lebanon,AI Safety,2016,1,True,,publications,False
Lebanon,AI Safety,2017,1,True,10.0,publications,False
Lebanon,AI Safety,2018,3,True,63.0,publications,False
Lebanon,AI Safety,2019,3,True,128.0,publications,False
Lebanon,AI Safety,2020,4,True,122.0,publications,False
Lebanon,AI Safety,2021,1,True,5.0,publications,False
Lebanon,AI Safety,2022,6,True,150.0,publications,False
Lebanon,AI Safety,2023,13,True,480.0,publications,False
Lebanon,AI Safety,2024,6,False,51.0,publications,False
Lebanon,AI Safety,2025,10,False,3.0,publications,False
Lebanon,All,2015,122,True,2461.0,publications,False
Lebanon,All,2016,118,True,1801.0,publications,False
Lebanon,All,2017,138,True,2818.0,publications,False
Lebanon,All,2018,201,True,3402.0,publications,False
Lebanon,All,2019,198,True,4323.0,publications,False
Lebanon,All,2020,189,True,6890.0,publications,False
Lebanon,All,2021,216,True,3787.0,publications,False
Lebanon,All,2022,306,True,6794.0,publications,False
Lebanon,All,2023,588,True,9549.0,publications,False
Lebanon,All,2024,411,False,4238.0,publications,False
Lebanon,All,2025,205,False,227.0,publications,False
Lebanon,Computer Vision,2015,48,True,430.0,publications,False
Lebanon,Computer Vision,2016,29,True,655.0,publications,False
Lebanon,Computer Vision,2017,33,True,376.0,publications,False
Lebanon,Computer Vision,2018,51,True,655.0,publications,False
Lebanon,Computer Vision,2019,51,True,651.0,publications,False
Lebanon,Computer Vision,2020,46,True,1258.0,publications,False
Lebanon,Computer Vision,2021,53,True,789.0,publications,False
Lebanon,Computer Vision,2022,64,True,1492.0,publications,False
Lebanon,Computer Vision,2023,147,True,2175.0,publications,False
Lebanon,Computer Vision,2024,113,False,1428.0,publications,False
Lebanon,Computer Vision,2025,41,False,61.0,publications,False
Lebanon,Large language models,2017,1,True,149.0,publications,False
Lebanon,Large language models,2019,3,True,263.0,publications,False
Lebanon,Large language models,2020,3,True,1286.0,publications,False
Lebanon,Large language models,2021,5,True,109.0,publications,False
Lebanon,Large language models,2022,8,True,81.0,publications,False
Lebanon,Large language models,2023,14,True,167.0,publications,False
Lebanon,Large language models,2024,16,False,194.0,publications,False
Lebanon,Large language models,2025,5,False,,publications,False
Lebanon,Natural Language Processing,2015,6,True,66.0,publications,False
Lebanon,Natural Language Processing,2016,13,True,124.0,publications,False
Lebanon,Natural Language Processing,2017,22,True,863.0,publications,False
Lebanon,Natural Language Processing,2018,19,True,331.0,publications,False
Lebanon,Natural Language Processing,2019,20,True,820.0,publications,False
Lebanon,Natural Language Processing,2020,18,True,1768.0,publications,False
Lebanon,Natural Language Processing,2021,19,True,248.0,publications,False
Lebanon,Natural Language Processing,2022,15,True,237.0,publications,False
Lebanon,Natural Language Processing,2023,42,True,814.0,publications,False
Lebanon,Natural Language Processing,2024,28,False,374.0,publications,False
Lebanon,Natural Language Processing,2025,16,False,8.0,publications,False
Lebanon,Robotics,2015,15,True,208.0,publications,False
Lebanon,Robotics,2016,28,True,382.0,publications,False
Lebanon,Robotics,2017,25,True,353.0,publications,False
Lebanon,Robotics,2018,54,True,1046.0,publications,False
Lebanon,Robotics,2019,42,True,1000.0,publications,False
Lebanon,Robotics,2020,49,True,887.0,publications,False
Lebanon,Robotics,2021,39,True,713.0,publications,False
Lebanon,Robotics,2022,39,True,579.0,publications,False
Lebanon,Robotics,2023,45,True,648.0,publications,False
Lebanon,Robotics,2024,28,False,115.0,publications,False
Lebanon,Robotics,2025,25,False,20.0,publications,False
Lesotho,AI Safety,2024,1,False,3.0,publications,False
Lesotho,All,2017,1,True,27.0,publications,False
Lesotho,All,2019,1,True,36.0,publications,False
Lesotho,All,2021,2,True,8.0,publications,False
Lesotho,All,2022,1,True,3.0,publications,False
Lesotho,All,2023,2,True,,publications,False
Lesotho,All,2024,5,False,34.0,publications,False
Lesotho,Computer Vision,2023,1,True,,publications,False
Lesotho,Natural Language Processing,2023,1,True,,publications,False
Lesotho,Natural Language Processing,2024,1,False,,publications,False
Liberia,All,2019,1,True,28.0,publications,False
Liberia,All,2021,1,True,9.0,publications,False
Liberia,All,2022,11,True,68.0,publications,False
Liberia,All,2023,3,True,32.0,publications,False
Liberia,All,2024,6,False,34.0,publications,False
Liberia,All,2025,5,False,20.0,publications,False
Liberia,Computer Vision,2019,1,True,28.0,publications,False
Liberia,Computer Vision,2022,6,True,34.0,publications,False
Liberia,Computer Vision,2023,1,True,2.0,publications,False
Liberia,Computer Vision,2024,3,False,16.0,publications,False
Liberia,Computer Vision,2025,3,False,19.0,publications,False
Libya,AI Safety,2024,1,False,,publications,False
Libya,AI Safety,2025,1,False,,publications,False
Libya,All,2015,15,True,335.0,publications,False
Libya,All,2016,17,True,173.0,publications,False
Libya,All,2017,22,True,288.0,publications,False
Libya,All,2018,26,True,284.0,publications,False
Libya,All,2019,27,True,573.0,publications,False
Libya,All,2020,54,True,612.0,publications,False
Libya,All,2021,80,True,1165.0,publications,False
Libya,All,2022,99,True,769.0,publications,False
Libya,All,2023,125,True,863.0,publications,False
Libya,All,2024,109,False,353.0,publications,False
Libya,All,2025,44,False,33.0,publications,False
Libya,Computer Vision,2015,10,True,199.0,publications,False
Libya,Computer Vision,2016,4,True,47.0,publications,False
Libya,Computer Vision,2017,9,True,148.0,publications,False
Libya,Computer Vision,2018,9,True,93.0,publications,False
Libya,Computer Vision,2019,7,True,67.0,publications,False
Libya,Computer Vision,2020,17,True,260.0,publications,False
Libya,Computer Vision,2021,32,True,211.0,publications,False
Libya,Computer Vision,2022,43,True,288.0,publications,False
Libya,Computer Vision,2023,28,True,246.0,publications,False
Libya,Computer Vision,2024,28,False,27.0,publications,False
Libya,Computer Vision,2025,8,False,2.0,publications,False
Libya,Large language models,2021,1,True,12.0,publications,False
Libya,Large language models,2023,4,True,27.0,publications,False
Libya,Large language models,2024,2,False,2.0,publications,False
Libya,Large language models,2025,1,False,,publications,False
Libya,Natural Language Processing,2015,2,True,51.0,publications,False
Libya,Natural Language Processing,2016,4,True,16.0,publications,False
Libya,Natural Language Processing,2017,1,True,2.0,publications,False
Libya,Natural Language Processing,2018,4,True,17.0,publications,False
Libya,Natural Language Processing,2019,6,True,203.0,publications,False
Libya,Natural Language Processing,2020,7,True,75.0,publications,False
Libya,Natural Language Processing,2021,12,True,127.0,publications,False
Libya,Natural Language Processing,2022,7,True,17.0,publications,False
Libya,Natural Language Processing,2023,13,True,71.0,publications,False
Libya,Natural Language Processing,2024,11,False,18.0,publications,False
Libya,Natural Language Processing,2025,2,False,,publications,False
Libya,Robotics,2015,1,True,,publications,False
Libya,Robotics,2016,1,True,29.0,publications,False
Libya,Robotics,2018,2,True,3.0,publications,False
Libya,Robotics,2019,3,True,4.0,publications,False
Libya,Robotics,2020,7,True,65.0,publications,False
Libya,Robotics,2021,7,True,42.0,publications,False
Libya,Robotics,2022,19,True,144.0,publications,False
Libya,Robotics,2023,21,True,117.0,publications,False
Libya,Robotics,2024,10,False,28.0,publications,False
Libya,Robotics,2025,5,False,8.0,publications,False
Liechtenstein,AI Safety,2018,1,True,11.0,publications,False
Liechtenstein,AI Safety,2019,1,True,15.0,publications,False
Liechtenstein,AI Safety,2020,4,True,175.0,publications,False
Liechtenstein,AI Safety,2021,3,True,170.0,publications,False
Liechtenstein,AI Safety,2022,5,True,280.0,publications,False
Liechtenstein,AI Safety,2023,3,True,364.0,publications,False
Liechtenstein,AI Safety,2025,1,False,,publications,False
Liechtenstein,All,2015,1,True,14.0,publications,False
Liechtenstein,All,2016,2,True,289.0,publications,False
Liechtenstein,All,2017,3,True,340.0,publications,False
Liechtenstein,All,2018,9,True,104.0,publications,False
Liechtenstein,All,2019,6,True,190.0,publications,False
Liechtenstein,All,2020,14,True,380.0,publications,False
Liechtenstein,All,2021,10,True,314.0,publications,False
Liechtenstein,All,2022,20,True,792.0,publications,False
Liechtenstein,All,2023,16,True,509.0,publications,False
Liechtenstein,All,2024,12,False,52.0,publications,False
Liechtenstein,All,2025,5,False,2.0,publications,False
Liechtenstein,Computer Vision,2019,1,True,2.0,publications,False
Liechtenstein,Computer Vision,2020,2,True,17.0,publications,False
Liechtenstein,Computer Vision,2021,4,True,144.0,publications,False
Liechtenstein,Computer Vision,2022,4,True,111.0,publications,False
Liechtenstein,Computer Vision,2023,1,True,12.0,publications,False
Liechtenstein,Computer Vision,2024,1,False,,publications,False
Liechtenstein,Large language models,2020,1,True,14.0,publications,False
Liechtenstein,Large language models,2022,1,True,45.0,publications,False
Liechtenstein,Large language models,2023,1,True,50.0,publications,False
Liechtenstein,Natural Language Processing,2018,1,True,10.0,publications,False
Liechtenstein,Natural Language Processing,2020,1,True,30.0,publications,False
Liechtenstein,Natural Language Processing,2022,1,True,45.0,publications,False
Liechtenstein,Natural Language Processing,2023,5,True,67.0,publications,False
Liechtenstein,Robotics,2016,1,True,39.0,publications,False
Liechtenstein,Robotics,2017,1,True,,publications,False
Liechtenstein,Robotics,2018,5,True,37.0,publications,False
Liechtenstein,Robotics,2020,1,True,1.0,publications,False
Liechtenstein,Robotics,2021,1,True,105.0,publications,False
Liechtenstein,Robotics,2022,2,True,86.0,publications,False
Liechtenstein,Robotics,2023,1,True,,publications,False
Liechtenstein,Robotics,2024,4,False,16.0,publications,False
Lithuania,AI Safety,2019,1,True,13.0,publications,False
Lithuania,AI Safety,2020,2,True,38.0,publications,False
Lithuania,AI Safety,2021,1,True,5.0,publications,False
Lithuania,AI Safety,2023,4,True,80.0,publications,False
Lithuania,AI Safety,2024,5,False,49.0,publications,False
Lithuania,AI Safety,2025,2,False,3.0,publications,False
Lithuania,All,2015,89,True,2226.0,publications,False
Lithuania,All,2016,96,True,1835.0,publications,False
Lithuania,All,2017,101,True,2521.0,publications,False
Lithuania,All,2018,109,True,2692.0,publications,False
Lithuania,All,2019,138,True,2910.0,publications,False
Lithuania,All,2020,178,True,5175.0,publications,False
Lithuania,All,2021,241,True,6398.0,publications,False
Lithuania,All,2022,247,True,4699.0,publications,False
Lithuania,All,2023,278,True,3515.0,publications,False
Lithuania,All,2024,298,False,2063.0,publications,False
Lithuania,All,2025,178,False,198.0,publications,False
Lithuania,Computer Vision,2015,20,True,161.0,publications,False
Lithuania,Computer Vision,2016,22,True,145.0,publications,False
Lithuania,Computer Vision,2017,29,True,461.0,publications,False
Lithuania,Computer Vision,2018,22,True,717.0,publications,False
Lithuania,Computer Vision,2019,29,True,618.0,publications,False
Lithuania,Computer Vision,2020,37,True,1743.0,publications,False
Lithuania,Computer Vision,2021,66,True,2947.0,publications,False
Lithuania,Computer Vision,2022,57,True,1790.0,publications,False
Lithuania,Computer Vision,2023,78,True,1056.0,publications,False
Lithuania,Computer Vision,2024,70,False,358.0,publications,False
Lithuania,Computer Vision,2025,48,False,75.0,publications,False
Lithuania,Large language models,2020,7,True,135.0,publications,False
Lithuania,Large language models,2021,4,True,361.0,publications,False
Lithuania,Large language models,2022,4,True,106.0,publications,False
Lithuania,Large language models,2023,10,True,216.0,publications,False
Lithuania,Large language models,2024,8,False,83.0,publications,False
Lithuania,Large language models,2025,9,False,23.0,publications,False
Lithuania,Natural Language Processing,2015,23,True,136.0,publications,False
Lithuania,Natural Language Processing,2016,18,True,157.0,publications,False
Lithuania,Natural Language Processing,2017,20,True,453.0,publications,False
Lithuania,Natural Language Processing,2018,17,True,249.0,publications,False
Lithuania,Natural Language Processing,2019,21,True,299.0,publications,False
Lithuania,Natural Language Processing,2020,27,True,273.0,publications,False
Lithuania,Natural Language Processing,2021,31,True,203.0,publications,False
Lithuania,Natural Language Processing,2022,39,True,499.0,publications,False
Lithuania,Natural Language Processing,2023,31,True,322.0,publications,False
Lithuania,Natural Language Processing,2024,25,False,89.0,publications,False
Lithuania,Natural Language Processing,2025,12,False,17.0,publications,False
Lithuania,Robotics,2015,10,True,59.0,publications,False
Lithuania,Robotics,2016,9,True,46.0,publications,False
Lithuania,Robotics,2017,15,True,251.0,publications,False
Lithuania,Robotics,2018,21,True,291.0,publications,False
Lithuania,Robotics,2019,25,True,305.0,publications,False
Lithuania,Robotics,2020,26,True,315.0,publications,False
Lithuania,Robotics,2021,37,True,638.0,publications,False
Lithuania,Robotics,2022,27,True,171.0,publications,False
Lithuania,Robotics,2023,37,True,224.0,publications,False
Lithuania,Robotics,2024,35,False,320.0,publications,False
Lithuania,Robotics,2025,26,False,29.0,publications,False
Luxembourg,AI Safety,2015,4,True,84.0,publications,False
Luxembourg,AI Safety,2016,5,True,236.0,publications,False
Luxembourg,AI Safety,2017,3,True,6.0,publications,False
Luxembourg,AI Safety,2018,5,True,320.0,publications,False
Luxembourg,AI Safety,2019,1,True,99.0,publications,False
Luxembourg,AI Safety,2020,10,True,227.0,publications,False
Luxembourg,AI Safety,2021,8,True,171.0,publications,False
Luxembourg,AI Safety,2022,15,True,306.0,publications,False
Luxembourg,AI Safety,2023,15,True,129.0,publications,False
Luxembourg,AI Safety,2024,18,False,127.0,publications,False
Luxembourg,AI Safety,2025,10,False,8.0,publications,False
Luxembourg,All,2015,125,True,2761.0,publications,False
Luxembourg,All,2016,132,True,3231.0,publications,False
Luxembourg,All,2017,149,True,4571.0,publications,False
Luxembourg,All,2018,176,True,4312.0,publications,False
Luxembourg,All,2019,168,True,4679.0,publications,False
Luxembourg,All,2020,237,True,5362.0,publications,False
Luxembourg,All,2021,249,True,6056.0,publications,False
Luxembourg,All,2022,240,True,4340.0,publications,False
Luxembourg,All,2023,337,True,2973.0,publications,False
Luxembourg,All,2024,309,False,1728.0,publications,False
Luxembourg,All,2025,145,False,170.0,publications,False
Luxembourg,Computer Vision,2015,25,True,299.0,publications,False
Luxembourg,Computer Vision,2016,20,True,263.0,publications,False
Luxembourg,Computer Vision,2017,13,True,1179.0,publications,False
Luxembourg,Computer Vision,2018,26,True,647.0,publications,False
Luxembourg,Computer Vision,2019,25,True,376.0,publications,False
Luxembourg,Computer Vision,2020,37,True,842.0,publications,False
Luxembourg,Computer Vision,2021,43,True,741.0,publications,False
Luxembourg,Computer Vision,2022,47,True,744.0,publications,False
Luxembourg,Computer Vision,2023,53,True,520.0,publications,False
Luxembourg,Computer Vision,2024,52,False,294.0,publications,False
Luxembourg,Computer Vision,2025,20,False,19.0,publications,False
Luxembourg,Large language models,2015,2,True,4.0,publications,False
Luxembourg,Large language models,2016,2,True,20.0,publications,False
Luxembourg,Large language models,2019,4,True,82.0,publications,False
Luxembourg,Large language models,2020,4,True,47.0,publications,False
Luxembourg,Large language models,2021,5,True,153.0,publications,False
Luxembourg,Large language models,2022,14,True,255.0,publications,False
Luxembourg,Large language models,2023,23,True,168.0,publications,False
Luxembourg,Large language models,2024,27,False,215.0,publications,False
Luxembourg,Large language models,2025,20,False,14.0,publications,False
Luxembourg,Natural Language Processing,2015,13,True,272.0,publications,False
Luxembourg,Natural Language Processing,2016,6,True,53.0,publications,False
Luxembourg,Natural Language Processing,2017,14,True,217.0,publications,False
Luxembourg,Natural Language Processing,2018,22,True,434.0,publications,False
Luxembourg,Natural Language Processing,2019,22,True,627.0,publications,False
Luxembourg,Natural Language Processing,2020,21,True,334.0,publications,False
Luxembourg,Natural Language Processing,2021,13,True,151.0,publications,False
Luxembourg,Natural Language Processing,2022,21,True,256.0,publications,False
Luxembourg,Natural Language Processing,2023,31,True,268.0,publications,False
Luxembourg,Natural Language Processing,2024,23,False,94.0,publications,False
Luxembourg,Natural Language Processing,2025,7,False,6.0,publications,False
Luxembourg,Robotics,2015,22,True,816.0,publications,False
Luxembourg,Robotics,2016,32,True,376.0,publications,False
Luxembourg,Robotics,2017,43,True,723.0,publications,False
Luxembourg,Robotics,2018,40,True,710.0,publications,False
Luxembourg,Robotics,2019,34,True,503.0,publications,False
Luxembourg,Robotics,2020,36,True,372.0,publications,False
Luxembourg,Robotics,2021,31,True,304.0,publications,False
Luxembourg,Robotics,2022,44,True,783.0,publications,False
Luxembourg,Robotics,2023,73,True,614.0,publications,False
Luxembourg,Robotics,2024,46,False,133.0,publications,False
Luxembourg,Robotics,2025,25,False,30.0,publications,False
Madagascar,AI Safety,2022,1,True,3.0,publications,False
Madagascar,AI Safety,2024,1,False,1.0,publications,False
Madagascar,All,2015,4,True,14.0,publications,False
Madagascar,All,2016,1,True,9.0,publications,False
Madagascar,All,2017,2,True,209.0,publications,False
Madagascar,All,2018,3,True,123.0,publications,False
Madagascar,All,2019,11,True,78.0,publications,False
Madagascar,All,2020,11,True,317.0,publications,False
Madagascar,All,2021,16,True,90.0,publications,False
Madagascar,All,2022,6,True,52.0,publications,False
Madagascar,All,2023,16,True,187.0,publications,False
Madagascar,All,2024,12,False,27.0,publications,False
Madagascar,All,2025,7,False,6.0,publications,False
Madagascar,Computer Vision,2016,1,True,9.0,publications,False
Madagascar,Computer Vision,2017,1,True,209.0,publications,False
Madagascar,Computer Vision,2018,1,True,82.0,publications,False
Madagascar,Computer Vision,2019,3,True,36.0,publications,False
Madagascar,Computer Vision,2020,4,True,272.0,publications,False
Madagascar,Computer Vision,2021,7,True,36.0,publications,False
Madagascar,Computer Vision,2022,2,True,11.0,publications,False
Madagascar,Computer Vision,2023,4,True,12.0,publications,False
Madagascar,Computer Vision,2024,2,False,1.0,publications,False
Madagascar,Large language models,2015,1,True,,publications,False
Madagascar,Natural Language Processing,2015,1,True,,publications,False
Madagascar,Natural Language Processing,2018,1,True,34.0,publications,False
Madagascar,Natural Language Processing,2019,1,True,,publications,False
Madagascar,Natural Language Processing,2022,2,True,5.0,publications,False
Madagascar,Natural Language Processing,2023,2,True,1.0,publications,False
Madagascar,Robotics,2019,1,True,,publications,False
Madagascar,Robotics,2021,1,True,,publications,False
Madagascar,Robotics,2024,1,False,1.0,publications,False
Malawi,AI Safety,2023,1,True,,publications,False
Malawi,AI Safety,2024,1,False,3.0,publications,False
Malawi,AI Safety,2025,1,False,2.0,publications,False
Malawi,All,2015,2,True,62.0,publications,False
Malawi,All,2017,1,True,19.0,publications,False
Malawi,All,2018,1,True,4.0,publications,False
Malawi,All,2019,4,True,82.0,publications,False
Malawi,All,2020,4,True,49.0,publications,False
Malawi,All,2021,8,True,132.0,publications,False
Malawi,All,2022,15,True,417.0,publications,False
Malawi,All,2023,30,True,369.0,publications,False
Malawi,All,2024,35,False,43.0,publications,False
Malawi,All,2025,17,False,13.0,publications,False
Malawi,Computer Vision,2015,2,True,62.0,publications,False
Malawi,Computer Vision,2017,1,True,19.0,publications,False
Malawi,Computer Vision,2019,1,True,,publications,False
Malawi,Computer Vision,2020,1,True,10.0,publications,False
Malawi,Computer Vision,2021,3,True,8.0,publications,False
Malawi,Computer Vision,2022,4,True,171.0,publications,False
Malawi,Computer Vision,2023,10,True,88.0,publications,False
Malawi,Computer Vision,2024,3,False,4.0,publications,False
Malawi,Computer Vision,2025,1,False,,publications,False
Malawi,Large language models,2022,2,True,195.0,publications,False
Malawi,Large language models,2023,1,True,19.0,publications,False
Malawi,Natural Language Processing,2018,1,True,4.0,publications,False
Malawi,Natural Language Processing,2020,1,True,6.0,publications,False
Malawi,Natural Language Processing,2021,1,True,,publications,False
Malawi,Natural Language Processing,2022,2,True,195.0,publications,False
Malawi,Natural Language Processing,2023,1,True,19.0,publications,False
Malawi,Natural Language Processing,2024,3,False,1.0,publications,False
Malawi,Natural Language Processing,2025,2,False,2.0,publications,False
Malawi,Robotics,2021,2,True,108.0,publications,False
Malaysia,AI Safety,2015,3,True,6.0,publications,False
Malaysia,AI Safety,2016,6,True,112.0,publications,False
Malaysia,AI Safety,2017,6,True,51.0,publications,False
Malaysia,AI Safety,2018,5,True,179.0,publications,False
Malaysia,AI Safety,2019,6,True,109.0,publications,False
Malaysia,AI Safety,2020,11,True,392.0,publications,False
Malaysia,AI Safety,2021,10,True,304.0,publications,False
Malaysia,AI Safety,2022,12,True,134.0,publications,False
Malaysia,AI Safety,2023,40,True,453.0,publications,False
Malaysia,AI Safety,2024,107,False,801.0,publications,False
Malaysia,AI Safety,2025,66,False,62.0,publications,False
Malaysia,All,2015,1651,True,25962.0,publications,False
Malaysia,All,2016,1529,True,24220.0,publications,False
Malaysia,All,2017,1629,True,31756.0,publications,False
Malaysia,All,2018,1958,True,46859.0,publications,False
Malaysia,All,2019,2207,True,42304.0,publications,False
Malaysia,All,2020,2260,True,56431.0,publications,False
Malaysia,All,2021,3223,True,62039.0,publications,False
Malaysia,All,2022,3337,True,51466.0,publications,False
Malaysia,All,2023,3900,True,38646.0,publications,False
Malaysia,All,2024,4216,False,18917.0,publications,False
Malaysia,All,2025,1999,False,2036.0,publications,False
Malaysia,Computer Vision,2015,606,True,7915.0,publications,False
Malaysia,Computer Vision,2016,521,True,8134.0,publications,False
Malaysia,Computer Vision,2017,550,True,11233.0,publications,False
Malaysia,Computer Vision,2018,662,True,12449.0,publications,False
Malaysia,Computer Vision,2019,748,True,11466.0,publications,False
Malaysia,Computer Vision,2020,774,True,22371.0,publications,False
Malaysia,Computer Vision,2021,1078,True,17995.0,publications,False
Malaysia,Computer Vision,2022,1083,True,15186.0,publications,False
Malaysia,Computer Vision,2023,1254,True,11023.0,publications,False
Malaysia,Computer Vision,2024,1235,False,4717.0,publications,False
Malaysia,Computer Vision,2025,573,False,574.0,publications,False
Malaysia,Large language models,2015,1,True,,publications,False
Malaysia,Large language models,2016,2,True,12.0,publications,False
Malaysia,Large language models,2017,1,True,22.0,publications,False
Malaysia,Large language models,2018,3,True,138.0,publications,False
Malaysia,Large language models,2019,8,True,191.0,publications,False
Malaysia,Large language models,2020,11,True,403.0,publications,False
Malaysia,Large language models,2021,20,True,1082.0,publications,False
Malaysia,Large language models,2022,43,True,1478.0,publications,False
Malaysia,Large language models,2023,92,True,1101.0,publications,False
Malaysia,Large language models,2024,155,False,924.0,publications,False
Malaysia,Large language models,2025,96,False,119.0,publications,False
Malaysia,Natural Language Processing,2015,102,True,1225.0,publications,False
Malaysia,Natural Language Processing,2016,106,True,1614.0,publications,False
Malaysia,Natural Language Processing,2017,137,True,2272.0,publications,False
Malaysia,Natural Language Processing,2018,139,True,2005.0,publications,False
Malaysia,Natural Language Processing,2019,151,True,2676.0,publications,False
Malaysia,Natural Language Processing,2020,146,True,2186.0,publications,False
Malaysia,Natural Language Processing,2021,218,True,2926.0,publications,False
Malaysia,Natural Language Processing,2022,245,True,2574.0,publications,False
Malaysia,Natural Language Processing,2023,291,True,2468.0,publications,False
Malaysia,Natural Language Processing,2024,330,False,1057.0,publications,False
Malaysia,Natural Language Processing,2025,132,False,96.0,publications,False
Malaysia,Robotics,2015,374,True,4089.0,publications,False
Malaysia,Robotics,2016,319,True,5292.0,publications,False
Malaysia,Robotics,2017,282,True,2571.0,publications,False
Malaysia,Robotics,2018,315,True,4305.0,publications,False
Malaysia,Robotics,2019,292,True,3742.0,publications,False
Malaysia,Robotics,2020,313,True,4973.0,publications,False
Malaysia,Robotics,2021,365,True,3849.0,publications,False
Malaysia,Robotics,2022,344,True,2654.0,publications,False
Malaysia,Robotics,2023,345,True,2243.0,publications,False
Malaysia,Robotics,2024,367,False,1306.0,publications,False
Malaysia,Robotics,2025,215,False,151.0,publications,False
Maldives,AI Safety,2025,2,False,,publications,False
Maldives,All,2017,1,True,4.0,publications,False
Maldives,All,2018,1,True,21.0,publications,False
Maldives,All,2019,2,True,175.0,publications,False
Maldives,All,2020,4,True,75.0,publications,False
Maldives,All,2021,1,True,5.0,publications,False
Maldives,All,2022,7,True,111.0,publications,False
Maldives,All,2023,5,True,119.0,publications,False
Maldives,All,2024,6,False,178.0,publications,False
Maldives,All,2025,28,False,2.0,publications,False
Maldives,Computer Vision,2020,1,True,17.0,publications,False
Maldives,Computer Vision,2022,3,True,10.0,publications,False
Maldives,Computer Vision,2023,2,True,2.0,publications,False
Maldives,Computer Vision,2025,2,False,,publications,False
Maldives,Natural Language Processing,2023,1,True,,publications,False
Maldives,Natural Language Processing,2024,1,False,171.0,publications,False
Maldives,Natural Language Processing,2025,3,False,,publications,False
Maldives,Robotics,2019,1,True,167.0,publications,False
Maldives,Robotics,2024,1,False,,publications,False
Maldives,Robotics,2025,1,False,,publications,False
Mali,All,2015,1,True,4.0,publications,False
Mali,All,2016,3,True,58.0,publications,False
Mali,All,2017,5,True,19.0,publications,False
Mali,All,2018,3,True,431.0,publications,False
Mali,All,2019,2,True,10.0,publications,False
Mali,All,2020,4,True,35.0,publications,False
Mali,All,2021,3,True,7.0,publications,False
Mali,All,2022,10,True,220.0,publications,False
Mali,All,2023,5,True,45.0,publications,False
Mali,All,2024,4,False,5.0,publications,False
Mali,All,2025,1,False,1.0,publications,False
Mali,Computer Vision,2018,1,True,401.0,publications,False
Mali,Computer Vision,2020,2,True,23.0,publications,False
Mali,Computer Vision,2022,2,True,10.0,publications,False
Mali,Computer Vision,2025,1,False,1.0,publications,False
Mali,Robotics,2016,1,True,,publications,False
Mali,Robotics,2017,1,True,4.0,publications,False
Malta,AI Safety,2016,1,True,26.0,publications,False
Malta,AI Safety,2017,3,True,10.0,publications,False
Malta,AI Safety,2018,4,True,311.0,publications,False
Malta,AI Safety,2019,2,True,34.0,publications,False
Malta,AI Safety,2020,5,True,290.0,publications,False
Malta,AI Safety,2021,7,True,133.0,publications,False
Malta,AI Safety,2022,3,True,33.0,publications,False
Malta,AI Safety,2023,2,True,16.0,publications,False
Malta,AI Safety,2024,6,False,144.0,publications,False
Malta,AI Safety,2025,4,False,1.0,publications,False
Malta,All,2015,55,True,729.0,publications,False
Malta,All,2016,61,True,1601.0,publications,False
Malta,All,2017,69,True,3198.0,publications,False
Malta,All,2018,60,True,1996.0,publications,False
Malta,All,2019,72,True,1313.0,publications,False
Malta,All,2020,82,True,2153.0,publications,False
Malta,All,2021,110,True,1916.0,publications,False
Malta,All,2022,89,True,697.0,publications,False
Malta,All,2023,96,True,728.0,publications,False
Malta,All,2024,89,False,574.0,publications,False
Malta,All,2025,53,False,78.0,publications,False
Malta,Computer Vision,2015,21,True,263.0,publications,False
Malta,Computer Vision,2016,20,True,715.0,publications,False
Malta,Computer Vision,2017,23,True,870.0,publications,False
Malta,Computer Vision,2018,19,True,368.0,publications,False
Malta,Computer Vision,2019,21,True,363.0,publications,False
Malta,Computer Vision,2020,29,True,295.0,publications,False
Malta,Computer Vision,2021,38,True,887.0,publications,False
Malta,Computer Vision,2022,30,True,133.0,publications,False
Malta,Computer Vision,2023,23,True,231.0,publications,False
Malta,Computer Vision,2024,13,False,29.0,publications,False
Malta,Computer Vision,2025,10,False,,publications,False
Malta,Large language models,2015,1,True,15.0,publications,False
Malta,Large language models,2018,1,True,10.0,publications,False
Malta,Large language models,2019,2,True,275.0,publications,False
Malta,Large language models,2020,3,True,213.0,publications,False
Malta,Large language models,2021,3,True,150.0,publications,False
Malta,Large language models,2022,6,True,124.0,publications,False
Malta,Large language models,2023,7,True,63.0,publications,False
Malta,Large language models,2024,5,False,43.0,publications,False
Malta,Large language models,2025,5,False,,publications,False
Malta,Natural Language Processing,2015,13,True,186.0,publications,False
Malta,Natural Language Processing,2016,17,True,785.0,publications,False
Malta,Natural Language Processing,2017,20,True,1829.0,publications,False
Malta,Natural Language Processing,2018,11,True,231.0,publications,False
Malta,Natural Language Processing,2019,12,True,348.0,publications,False
Malta,Natural Language Processing,2020,19,True,574.0,publications,False
Malta,Natural Language Processing,2021,12,True,228.0,publications,False
Malta,Natural Language Processing,2022,8,True,104.0,publications,False
Malta,Natural Language Processing,2023,19,True,84.0,publications,False
Malta,Natural Language Processing,2024,9,False,151.0,publications,False
Malta,Robotics,2015,6,True,53.0,publications,False
Malta,Robotics,2016,7,True,51.0,publications,False
Malta,Robotics,2017,7,True,181.0,publications,False
Malta,Robotics,2018,10,True,102.0,publications,False
Malta,Robotics,2019,9,True,138.0,publications,False
Malta,Robotics,2020,6,True,63.0,publications,False
Malta,Robotics,2021,3,True,21.0,publications,False
Malta,Robotics,2022,8,True,29.0,publications,False
Malta,Robotics,2023,12,True,36.0,publications,False
Malta,Robotics,2024,8,False,18.0,publications,False
Malta,Robotics,2025,5,False,17.0,publications,False
Marshall Islands,All,2017,1,True,8.0,publications,False
Marshall Islands,All,2020,1,True,,publications,False
Marshall Islands,Computer Vision,2020,1,True,,publications,False
Marshall Islands,Natural Language Processing,2017,1,True,8.0,publications,False
Mauritania,All,2015,2,True,2.0,publications,False
Mauritania,All,2016,2,True,4.0,publications,False
Mauritania,All,2017,1,True,,publications,False
Mauritania,All,2018,1,True,,publications,False
Mauritania,All,2020,2,True,36.0,publications,False
Mauritania,All,2021,5,True,21.0,publications,False
Mauritania,All,2022,4,True,12.0,publications,False
Mauritania,All,2023,8,True,47.0,publications,False
Mauritania,All,2024,7,False,3.0,publications,False
Mauritania,All,2025,1,False,,publications,False
Mauritania,Computer Vision,2016,1,True,2.0,publications,False
Mauritania,Computer Vision,2020,1,True,19.0,publications,False
Mauritania,Computer Vision,2021,1,True,1.0,publications,False
Mauritania,Computer Vision,2022,1,True,3.0,publications,False
Mauritania,Computer Vision,2024,2,False,,publications,False
Mauritania,Natural Language Processing,2021,1,True,7.0,publications,False
Mauritania,Natural Language Processing,2023,1,True,2.0,publications,False
Mauritania,Natural Language Processing,2024,1,False,,publications,False
Mauritania,Robotics,2018,1,True,,publications,False
Mauritius,AI Safety,2021,1,True,3.0,publications,False
Mauritius,AI Safety,2023,1,True,1.0,publications,False
Mauritius,AI Safety,2024,2,False,6.0,publications,False
Mauritius,All,2015,10,True,325.0,publications,False
Mauritius,All,2016,6,True,64.0,publications,False
Mauritius,All,2017,9,True,230.0,publications,False
Mauritius,All,2018,21,True,196.0,publications,False
Mauritius,All,2019,27,True,236.0,publications,False
Mauritius,All,2020,26,True,342.0,publications,False
Mauritius,All,2021,34,True,359.0,publications,False
Mauritius,All,2022,43,True,386.0,publications,False
Mauritius,All,2023,50,True,346.0,publications,False
Mauritius,All,2024,48,False,117.0,publications,False
Mauritius,All,2025,17,False,19.0,publications,False
Mauritius,Computer Vision,2015,4,True,259.0,publications,False
Mauritius,Computer Vision,2016,1,True,4.0,publications,False
Mauritius,Computer Vision,2017,4,True,203.0,publications,False
Mauritius,Computer Vision,2018,2,True,1.0,publications,False
Mauritius,Computer Vision,2019,4,True,32.0,publications,False
Mauritius,Computer Vision,2020,6,True,103.0,publications,False
Mauritius,Computer Vision,2021,9,True,230.0,publications,False
Mauritius,Computer Vision,2022,14,True,150.0,publications,False
Mauritius,Computer Vision,2023,18,True,108.0,publications,False
Mauritius,Computer Vision,2024,12,False,41.0,publications,False
Mauritius,Computer Vision,2025,3,False,4.0,publications,False
Mauritius,Large language models,2018,1,True,6.0,publications,False
Mauritius,Large language models,2023,1,True,3.0,publications,False
Mauritius,Large language models,2025,3,False,3.0,publications,False
Mauritius,Natural Language Processing,2015,3,True,52.0,publications,False
Mauritius,Natural Language Processing,2016,3,True,16.0,publications,False
Mauritius,Natural Language Processing,2018,1,True,39.0,publications,False
Mauritius,Natural Language Processing,2019,3,True,11.0,publications,False
Mauritius,Natural Language Processing,2020,2,True,11.0,publications,False
Mauritius,Natural Language Processing,2021,3,True,4.0,publications,False
Mauritius,Natural Language Processing,2022,5,True,24.0,publications,False
Mauritius,Natural Language Processing,2023,7,True,11.0,publications,False
Mauritius,Natural Language Processing,2024,2,False,12.0,publications,False
Mauritius,Natural Language Processing,2025,3,False,3.0,publications,False
Mauritius,Robotics,2015,2,True,12.0,publications,False
Mauritius,Robotics,2018,5,True,48.0,publications,False
Mauritius,Robotics,2020,2,True,64.0,publications,False
Mauritius,Robotics,2021,3,True,32.0,publications,False
Mauritius,Robotics,2022,3,True,8.0,publications,False
Mauritius,Robotics,2023,3,True,176.0,publications,False
Mauritius,Robotics,2024,4,False,2.0,publications,False
Mauritius,Robotics,2025,4,False,,publications,False
Mexico,AI Safety,2015,4,True,118.0,publications,False
Mexico,AI Safety,2016,4,True,48.0,publications,False
Mexico,AI Safety,2017,3,True,70.0,publications,False
Mexico,AI Safety,2018,7,True,82.0,publications,False
Mexico,AI Safety,2019,7,True,819.0,publications,False
Mexico,AI Safety,2020,10,True,265.0,publications,False
Mexico,AI Safety,2021,11,True,121.0,publications,False
Mexico,AI Safety,2022,9,True,78.0,publications,False
Mexico,AI Safety,2023,19,True,2656.0,publications,False
Mexico,AI Safety,2024,39,False,93.0,publications,False
Mexico,AI Safety,2025,16,False,10.0,publications,False
Mexico,All,2015,876,True,11467.0,publications,False
Mexico,All,2016,951,True,13057.0,publications,False
Mexico,All,2017,908,True,17917.0,publications,False
Mexico,All,2018,1149,True,16971.0,publications,False
Mexico,All,2019,1320,True,19955.0,publications,False
Mexico,All,2020,1344,True,21382.0,publications,False
Mexico,All,2021,1446,True,17703.0,publications,False
Mexico,All,2022,1241,True,12410.0,publications,False
Mexico,All,2023,1355,True,12590.0,publications,False
Mexico,All,2024,1444,False,4555.0,publications,False
Mexico,All,2025,791,False,637.0,publications,False
Mexico,Computer Vision,2015,225,True,2022.0,publications,False
Mexico,Computer Vision,2016,267,True,2953.0,publications,False
Mexico,Computer Vision,2017,239,True,5787.0,publications,False
Mexico,Computer Vision,2018,268,True,2578.0,publications,False
Mexico,Computer Vision,2019,333,True,4988.0,publications,False
Mexico,Computer Vision,2020,324,True,5940.0,publications,False
Mexico,Computer Vision,2021,342,True,4673.0,publications,False
Mexico,Computer Vision,2022,308,True,2870.0,publications,False
Mexico,Computer Vision,2023,340,True,4651.0,publications,False
Mexico,Computer Vision,2024,343,False,923.0,publications,False
Mexico,Computer Vision,2025,172,False,127.0,publications,False
Mexico,Large language models,2016,1,True,91.0,publications,False
Mexico,Large language models,2017,3,True,61.0,publications,False
Mexico,Large language models,2018,2,True,70.0,publications,False
Mexico,Large language models,2019,2,True,111.0,publications,False
Mexico,Large language models,2020,12,True,493.0,publications,False
Mexico,Large language models,2021,22,True,851.0,publications,False
Mexico,Large language models,2022,18,True,521.0,publications,False
Mexico,Large language models,2023,29,True,783.0,publications,False
Mexico,Large language models,2024,48,False,157.0,publications,False
Mexico,Large language models,2025,41,False,68.0,publications,False
Mexico,Natural Language Processing,2015,79,True,1629.0,publications,False
Mexico,Natural Language Processing,2016,87,True,2545.0,publications,False
Mexico,Natural Language Processing,2017,82,True,3358.0,publications,False
Mexico,Natural Language Processing,2018,121,True,4627.0,publications,False
Mexico,Natural Language Processing,2019,121,True,2823.0,publications,False
Mexico,Natural Language Processing,2020,143,True,2228.0,publications,False
Mexico,Natural Language Processing,2021,122,True,1726.0,publications,False
Mexico,Natural Language Processing,2022,97,True,1129.0,publications,False
Mexico,Natural Language Processing,2023,89,True,1123.0,publications,False
Mexico,Natural Language Processing,2024,99,False,245.0,publications,False
Mexico,Natural Language Processing,2025,62,False,83.0,publications,False
Mexico,Robotics,2015,277,True,3757.0,publications,False
Mexico,Robotics,2016,276,True,4092.0,publications,False
Mexico,Robotics,2017,265,True,3192.0,publications,False
Mexico,Robotics,2018,359,True,3833.0,publications,False
Mexico,Robotics,2019,383,True,4932.0,publications,False
Mexico,Robotics,2020,346,True,4064.0,publications,False
Mexico,Robotics,2021,413,True,3905.0,publications,False
Mexico,Robotics,2022,345,True,2302.0,publications,False
Mexico,Robotics,2023,342,True,1945.0,publications,False
Mexico,Robotics,2024,318,False,710.0,publications,False
Mexico,Robotics,2025,154,False,85.0,publications,False
Micronesia,All,2015,1,True,,publications,False
Moldova,AI Safety,2022,1,True,,publications,False
Moldova,AI Safety,2024,1,False,8.0,publications,False
Moldova,AI Safety,2025,1,False,,publications,False
Moldova,All,2015,10,True,41.0,publications,False
Moldova,All,2016,7,True,105.0,publications,False
Moldova,All,2017,9,True,142.0,publications,False
Moldova,All,2018,6,True,152.0,publications,False
Moldova,All,2019,5,True,5.0,publications,False
Moldova,All,2020,16,True,56.0,publications,False
Moldova,All,2021,13,True,29.0,publications,False
Moldova,All,2022,26,True,19.0,publications,False
Moldova,All,2023,17,True,64.0,publications,False
Moldova,All,2024,15,False,23.0,publications,False
Moldova,All,2025,9,False,5.0,publications,False
Moldova,Computer Vision,2015,2,True,4.0,publications,False
Moldova,Computer Vision,2016,2,True,25.0,publications,False
Moldova,Computer Vision,2018,1,True,3.0,publications,False
Moldova,Computer Vision,2019,2,True,,publications,False
Moldova,Computer Vision,2020,5,True,4.0,publications,False
Moldova,Computer Vision,2021,6,True,13.0,publications,False
Moldova,Computer Vision,2022,4,True,1.0,publications,False
Moldova,Computer Vision,2025,1,False,,publications,False
Moldova,Large language models,2022,2,True,,publications,False
Moldova,Large language models,2023,1,True,13.0,publications,False
Moldova,Natural Language Processing,2015,5,True,34.0,publications,False
Moldova,Natural Language Processing,2016,2,True,26.0,publications,False
Moldova,Natural Language Processing,2017,7,True,139.0,publications,False
Moldova,Natural Language Processing,2018,1,True,11.0,publications,False
Moldova,Natural Language Processing,2020,1,True,1.0,publications,False
Moldova,Natural Language Processing,2022,3,True,,publications,False
Moldova,Natural Language Processing,2023,1,True,,publications,False
Moldova,Natural Language Processing,2024,2,False,8.0,publications,False
Moldova,Robotics,2015,2,True,2.0,publications,False
Moldova,Robotics,2018,1,True,,publications,False
Moldova,Robotics,2019,3,True,5.0,publications,False
Moldova,Robotics,2020,1,True,11.0,publications,False
Moldova,Robotics,2022,3,True,2.0,publications,False
Moldova,Robotics,2024,1,False,1.0,publications,False
Monaco,All,2017,3,True,52.0,publications,False
Monaco,All,2018,1,True,12.0,publications,False
Monaco,All,2019,1,True,88.0,publications,False
Monaco,All,2020,2,True,201.0,publications,False
Monaco,All,2021,1,True,51.0,publications,False
Monaco,All,2022,1,True,24.0,publications,False
Monaco,All,2023,1,True,,publications,False
Monaco,All,2024,1,False,8.0,publications,False
Monaco,All,2025,2,False,3.0,publications,False
Monaco,Computer Vision,2017,1,True,37.0,publications,False
Monaco,Computer Vision,2019,1,True,88.0,publications,False
Monaco,Computer Vision,2024,1,False,8.0,publications,False
Monaco,Robotics,2017,2,True,15.0,publications,False
Monaco,Robotics,2020,1,True,51.0,publications,False
Monaco,Robotics,2021,1,True,51.0,publications,False
Monaco,Robotics,2022,1,True,24.0,publications,False
Mongolia,AI Safety,2023,1,True,,publications,False
Mongolia,AI Safety,2025,2,False,,publications,False
Mongolia,All,2015,8,True,145.0,publications,False
Mongolia,All,2016,7,True,48.0,publications,False
Mongolia,All,2017,12,True,109.0,publications,False
Mongolia,All,2018,8,True,30.0,publications,False
Mongolia,All,2019,15,True,301.0,publications,False
Mongolia,All,2020,16,True,179.0,publications,False
Mongolia,All,2021,36,True,229.0,publications,False
Mongolia,All,2022,47,True,634.0,publications,False
Mongolia,All,2023,32,True,205.0,publications,False
Mongolia,All,2024,43,False,120.0,publications,False
Mongolia,All,2025,34,False,30.0,publications,False
Mongolia,Computer Vision,2015,3,True,20.0,publications,False
Mongolia,Computer Vision,2016,2,True,12.0,publications,False
Mongolia,Computer Vision,2017,1,True,3.0,publications,False
Mongolia,Computer Vision,2018,4,True,25.0,publications,False
Mongolia,Computer Vision,2019,8,True,115.0,publications,False
Mongolia,Computer Vision,2020,5,True,27.0,publications,False
Mongolia,Computer Vision,2021,8,True,22.0,publications,False
Mongolia,Computer Vision,2022,15,True,143.0,publications,False
Mongolia,Computer Vision,2023,10,True,81.0,publications,False
Mongolia,Computer Vision,2024,16,False,13.0,publications,False
Mongolia,Computer Vision,2025,9,False,4.0,publications,False
Mongolia,Large language models,2023,3,True,13.0,publications,False
Mongolia,Large language models,2024,1,False,,publications,False
Mongolia,Large language models,2025,2,False,1.0,publications,False
Mongolia,Natural Language Processing,2015,5,True,125.0,publications,False
Mongolia,Natural Language Processing,2016,2,True,10.0,publications,False
Mongolia,Natural Language Processing,2017,5,True,12.0,publications,False
Mongolia,Natural Language Processing,2019,2,True,5.0,publications,False
Mongolia,Natural Language Processing,2020,1,True,6.0,publications,False
Mongolia,Natural Language Processing,2021,10,True,97.0,publications,False
Mongolia,Natural Language Processing,2022,12,True,259.0,publications,False
Mongolia,Natural Language Processing,2023,10,True,77.0,publications,False
Mongolia,Natural Language Processing,2024,7,False,18.0,publications,False
Mongolia,Natural Language Processing,2025,2,False,1.0,publications,False
Mongolia,Robotics,2016,3,True,35.0,publications,False
Mongolia,Robotics,2017,1,True,16.0,publications,False
Mongolia,Robotics,2018,2,True,2.0,publications,False
Mongolia,Robotics,2019,3,True,4.0,publications,False
Mongolia,Robotics,2020,4,True,90.0,publications,False
Mongolia,Robotics,2021,2,True,3.0,publications,False
Mongolia,Robotics,2022,7,True,55.0,publications,False
Mongolia,Robotics,2023,1,True,8.0,publications,False
Mongolia,Robotics,2024,1,False,,publications,False
Mongolia,Robotics,2025,1,False,,publications,False
Montenegro,AI Safety,2024,3,False,30.0,publications,False
Montenegro,AI Safety,2025,1,False,1.0,publications,False
Montenegro,All,2015,17,True,218.0,publications,False
Montenegro,All,2016,13,True,182.0,publications,False
Montenegro,All,2017,9,True,154.0,publications,False
Montenegro,All,2018,14,True,70.0,publications,False
Montenegro,All,2019,17,True,94.0,publications,False
Montenegro,All,2020,32,True,470.0,publications,False
Montenegro,All,2021,32,True,366.0,publications,False
Montenegro,All,2022,33,True,299.0,publications,False
Montenegro,All,2023,35,True,148.0,publications,False
Montenegro,All,2024,44,False,207.0,publications,False
Montenegro,All,2025,27,False,25.0,publications,False
Montenegro,Computer Vision,2015,5,True,33.0,publications,False
Montenegro,Computer Vision,2016,7,True,134.0,publications,False
Montenegro,Computer Vision,2017,3,True,4.0,publications,False
Montenegro,Computer Vision,2018,3,True,15.0,publications,False
Montenegro,Computer Vision,2019,5,True,34.0,publications,False
Montenegro,Computer Vision,2020,6,True,107.0,publications,False
Montenegro,Computer Vision,2021,6,True,189.0,publications,False
Montenegro,Computer Vision,2022,13,True,66.0,publications,False
Montenegro,Computer Vision,2023,11,True,67.0,publications,False
Montenegro,Computer Vision,2024,16,False,43.0,publications,False
Montenegro,Computer Vision,2025,12,False,5.0,publications,False
Montenegro,Large language models,2022,2,True,18.0,publications,False
Montenegro,Large language models,2023,1,True,8.0,publications,False
Montenegro,Large language models,2025,2,False,12.0,publications,False
Montenegro,Natural Language Processing,2015,2,True,9.0,publications,False
Montenegro,Natural Language Processing,2018,2,True,28.0,publications,False
Montenegro,Natural Language Processing,2019,2,True,,publications,False
Montenegro,Natural Language Processing,2020,6,True,9.0,publications,False
Montenegro,Natural Language Processing,2021,9,True,31.0,publications,False
Montenegro,Natural Language Processing,2022,4,True,8.0,publications,False
Montenegro,Natural Language Processing,2023,5,True,1.0,publications,False
Montenegro,Natural Language Processing,2024,3,False,2.0,publications,False
Montenegro,Natural Language Processing,2025,2,False,12.0,publications,False
Montenegro,Robotics,2015,3,True,82.0,publications,False
Montenegro,Robotics,2016,3,True,15.0,publications,False
Montenegro,Robotics,2017,1,True,7.0,publications,False
Montenegro,Robotics,2018,5,True,18.0,publications,False
Montenegro,Robotics,2019,1,True,3.0,publications,False
Montenegro,Robotics,2020,2,True,8.0,publications,False
Montenegro,Robotics,2022,1,True,2.0,publications,False
Montenegro,Robotics,2023,1,True,2.0,publications,False
Montenegro,Robotics,2024,1,False,3.0,publications,False
Montenegro,Robotics,2025,2,False,5.0,publications,False
Morocco,AI Safety,2015,2,True,8.0,publications,False
Morocco,AI Safety,2016,2,True,6.0,publications,False
Morocco,AI Safety,2017,5,True,89.0,publications,False
Morocco,AI Safety,2018,1,True,2.0,publications,False
Morocco,AI Safety,2019,1,True,,publications,False
Morocco,AI Safety,2020,2,True,7.0,publications,False
Morocco,AI Safety,2021,8,True,39.0,publications,False
Morocco,AI Safety,2022,8,True,51.0,publications,False
Morocco,AI Safety,2023,30,True,309.0,publications,False
Morocco,AI Safety,2024,45,False,181.0,publications,False
Morocco,AI Safety,2025,37,False,10.0,publications,False
Morocco,All,2015,335,True,3290.0,publications,False
Morocco,All,2016,481,True,6531.0,publications,False
Morocco,All,2017,594,True,6611.0,publications,False
Morocco,All,2018,661,True,15529.0,publications,False
Morocco,All,2019,715,True,10166.0,publications,False
Morocco,All,2020,915,True,13150.0,publications,False
Morocco,All,2021,1007,True,15709.0,publications,False
Morocco,All,2022,1042,True,11751.0,publications,False
Morocco,All,2023,1337,True,11272.0,publications,False
Morocco,All,2024,1543,False,7011.0,publications,False
Morocco,All,2025,759,False,542.0,publications,False
Morocco,Computer Vision,2015,141,True,1096.0,publications,False
Morocco,Computer Vision,2016,224,True,2043.0,publications,False
Morocco,Computer Vision,2017,207,True,2121.0,publications,False
Morocco,Computer Vision,2018,198,True,3115.0,publications,False
Morocco,Computer Vision,2019,219,True,2812.0,publications,False
Morocco,Computer Vision,2020,252,True,4629.0,publications,False
Morocco,Computer Vision,2021,256,True,3420.0,publications,False
Morocco,Computer Vision,2022,294,True,3158.0,publications,False
Morocco,Computer Vision,2023,329,True,2851.0,publications,False
Morocco,Computer Vision,2024,385,False,1418.0,publications,False
Morocco,Computer Vision,2025,141,False,124.0,publications,False
Morocco,Large language models,2018,3,True,23.0,publications,False
Morocco,Large language models,2019,3,True,84.0,publications,False
Morocco,Large language models,2020,10,True,148.0,publications,False
Morocco,Large language models,2021,22,True,375.0,publications,False
Morocco,Large language models,2022,24,True,269.0,publications,False
Morocco,Large language models,2023,37,True,280.0,publications,False
Morocco,Large language models,2024,54,False,138.0,publications,False
Morocco,Large language models,2025,46,False,24.0,publications,False
Morocco,Natural Language Processing,2015,33,True,495.0,publications,False
Morocco,Natural Language Processing,2016,58,True,879.0,publications,False
Morocco,Natural Language Processing,2017,97,True,1511.0,publications,False
Morocco,Natural Language Processing,2018,96,True,1567.0,publications,False
Morocco,Natural Language Processing,2019,97,True,1632.0,publications,False
Morocco,Natural Language Processing,2020,126,True,1245.0,publications,False
Morocco,Natural Language Processing,2021,152,True,1879.0,publications,False
Morocco,Natural Language Processing,2022,140,True,1185.0,publications,False
Morocco,Natural Language Processing,2023,165,True,1042.0,publications,False
Morocco,Natural Language Processing,2024,156,False,372.0,publications,False
Morocco,Natural Language Processing,2025,67,False,37.0,publications,False
Morocco,Robotics,2015,21,True,124.0,publications,False
Morocco,Robotics,2016,35,True,305.0,publications,False
Morocco,Robotics,2017,31,True,277.0,publications,False
Morocco,Robotics,2018,27,True,419.0,publications,False
Morocco,Robotics,2019,41,True,487.0,publications,False
Morocco,Robotics,2020,47,True,405.0,publications,False
Morocco,Robotics,2021,47,True,427.0,publications,False
Morocco,Robotics,2022,71,True,730.0,publications,False
Morocco,Robotics,2023,77,True,369.0,publications,False
Morocco,Robotics,2024,81,False,284.0,publications,False
Morocco,Robotics,2025,36,False,24.0,publications,False
Mozambique,All,2016,3,True,17.0,publications,False
Mozambique,All,2018,1,True,24.0,publications,False
Mozambique,All,2019,5,True,232.0,publications,False
Mozambique,All,2020,6,True,119.0,publications,False
Mozambique,All,2021,9,True,85.0,publications,False
Mozambique,All,2022,6,True,123.0,publications,False
Mozambique,All,2023,17,True,109.0,publications,False
Mozambique,All,2024,15,False,60.0,publications,False
Mozambique,All,2025,7,False,6.0,publications,False
Mozambique,Computer Vision,2019,4,True,229.0,publications,False
Mozambique,Computer Vision,2021,3,True,24.0,publications,False
Mozambique,Computer Vision,2022,1,True,6.0,publications,False
Mozambique,Computer Vision,2023,6,True,49.0,publications,False
Mozambique,Computer Vision,2024,5,False,10.0,publications,False
Mozambique,Computer Vision,2025,1,False,,publications,False
Mozambique,Large language models,2025,1,False,1.0,publications,False
Mozambique,Natural Language Processing,2016,1,True,1.0,publications,False
Mozambique,Natural Language Processing,2018,1,True,24.0,publications,False
Mozambique,Natural Language Processing,2023,2,True,15.0,publications,False
Mozambique,Robotics,2019,2,True,4.0,publications,False
Mozambique,Robotics,2021,2,True,21.0,publications,False
Myanmar,AI Safety,2024,2,False,,publications,False
Myanmar,All,2015,24,True,205.0,publications,False
Myanmar,All,2016,19,True,329.0,publications,False
Myanmar,All,2017,46,True,576.0,publications,False
Myanmar,All,2018,105,True,976.0,publications,False
Myanmar,All,2019,133,True,788.0,publications,False
Myanmar,All,2020,136,True,1707.0,publications,False
Myanmar,All,2021,53,True,749.0,publications,False
Myanmar,All,2022,26,True,328.0,publications,False
Myanmar,All,2023,71,True,214.0,publications,False
Myanmar,All,2024,102,False,165.0,publications,False
Myanmar,All,2025,25,False,6.0,publications,False
Myanmar,Computer Vision,2015,5,True,5.0,publications,False
Myanmar,Computer Vision,2016,5,True,17.0,publications,False
Myanmar,Computer Vision,2017,19,True,200.0,publications,False
Myanmar,Computer Vision,2018,44,True,597.0,publications,False
Myanmar,Computer Vision,2019,54,True,387.0,publications,False
Myanmar,Computer Vision,2020,38,True,597.0,publications,False
Myanmar,Computer Vision,2021,26,True,276.0,publications,False
Myanmar,Computer Vision,2022,13,True,172.0,publications,False
Myanmar,Computer Vision,2023,23,True,84.0,publications,False
Myanmar,Computer Vision,2024,43,False,80.0,publications,False
Myanmar,Computer Vision,2025,9,False,,publications,False
Myanmar,Large language models,2015,1,True,3.0,publications,False
Myanmar,Large language models,2019,3,True,14.0,publications,False
Myanmar,Large language models,2020,10,True,68.0,publications,False
Myanmar,Large language models,2021,2,True,8.0,publications,False
Myanmar,Large language models,2022,1,True,36.0,publications,False
Myanmar,Large language models,2023,6,True,11.0,publications,False
Myanmar,Large language models,2024,11,False,10.0,publications,False
Myanmar,Large language models,2025,3,False,,publications,False
Myanmar,Natural Language Processing,2015,12,True,79.0,publications,False
Myanmar,Natural Language Processing,2016,10,True,244.0,publications,False
Myanmar,Natural Language Processing,2017,16,True,291.0,publications,False
Myanmar,Natural Language Processing,2018,22,True,100.0,publications,False
Myanmar,Natural Language Processing,2019,35,True,233.0,publications,False
Myanmar,Natural Language Processing,2020,44,True,337.0,publications,False
Myanmar,Natural Language Processing,2021,13,True,45.0,publications,False
Myanmar,Natural Language Processing,2022,3,True,43.0,publications,False
Myanmar,Natural Language Processing,2023,14,True,18.0,publications,False
Myanmar,Natural Language Processing,2024,19,False,41.0,publications,False
Myanmar,Natural Language Processing,2025,8,False,,publications,False
Myanmar,Robotics,2015,1,True,,publications,False
Myanmar,Robotics,2016,1,True,2.0,publications,False
Myanmar,Robotics,2017,7,True,17.0,publications,False
Myanmar,Robotics,2018,13,True,85.0,publications,False
Myanmar,Robotics,2019,12,True,40.0,publications,False
Myanmar,Robotics,2020,13,True,208.0,publications,False
Myanmar,Robotics,2021,3,True,39.0,publications,False
Myanmar,Robotics,2022,5,True,71.0,publications,False
Myanmar,Robotics,2023,5,True,61.0,publications,False
Myanmar,Robotics,2024,8,False,3.0,publications,False
NATO,AI Safety,2015,883,True,110644.0,publications,True
NATO,AI Safety,2016,1008,True,203439.0,publications,True
NATO,AI Safety,2017,1280,True,275118.0,publications,True
NATO,AI Safety,2018,2021,True,265345.0,publications,True
NATO,AI Safety,2019,3001,True,264686.0,publications,True
NATO,AI Safety,2020,3964,True,234930.0,publications,True
NATO,AI Safety,2021,4277,True,155031.0,publications,True
NATO,AI Safety,2022,3347,True,76946.0,publications,True
NATO,AI Safety,2023,4262,True,73308.0,publications,True
NATO,AI Safety,2024,5066,False,32052.0,publications,True
NATO,AI Safety,2025,2958,False,4605.0,publications,True
NATO,All,2015,52868,True,3066786.0,publications,True
NATO,All,2016,55493,True,3337068.0,publications,True
NATO,All,2017,60372,True,3635108.0,publications,True
NATO,All,2018,72308,True,3870281.0,publications,True
NATO,All,2019,87517,True,3929120.0,publications,True
NATO,All,2020,101886,True,3855772.0,publications,True
NATO,All,2021,113392,True,3018565.0,publications,True
NATO,All,2022,104341,True,1851570.0,publications,True
NATO,All,2023,120473,True,1536554.0,publications,True
NATO,All,2024,116043,False,648350.0,publications,True
NATO,All,2025,58344,False,65316.0,publications,True
NATO,Computer Vision,2015,13432,True,1434527.0,publications,True
NATO,Computer Vision,2016,13829,True,1381121.0,publications,True
NATO,Computer Vision,2017,14930,True,1358061.0,publications,True
NATO,Computer Vision,2018,17760,True,1341995.0,publications,True
NATO,Computer Vision,2019,21652,True,1279981.0,publications,True
NATO,Computer Vision,2020,24188,True,1287849.0,publications,True
NATO,Computer Vision,2021,27659,True,1034705.0,publications,True
NATO,Computer Vision,2022,25755,True,585939.0,publications,True
NATO,Computer Vision,2023,28622,True,434698.0,publications,True
NATO,Computer Vision,2024,26595,False,155718.0,publications,True
NATO,Computer Vision,2025,12713,False,15867.0,publications,True
NATO,Large language models,2015,265,True,86217.0,publications,True
NATO,Large language models,2016,424,True,95612.0,publications,True
NATO,Large language models,2017,636,True,290110.0,publications,True
NATO,Large language models,2018,1347,True,314217.0,publications,True
NATO,Large language models,2019,2635,True,414449.0,publications,True
NATO,Large language models,2020,4408,True,482815.0,publications,True
NATO,Large language models,2021,6288,True,525072.0,publications,True
NATO,Large language models,2022,5773,True,272363.0,publications,True
NATO,Large language models,2023,9503,True,321533.0,publications,True
NATO,Large language models,2024,9827,False,125002.0,publications,True
NATO,Large language models,2025,5502,False,11675.0,publications,True
NATO,Natural Language Processing,2015,6728,True,369936.0,publications,True
NATO,Natural Language Processing,2016,7508,True,352574.0,publications,True
NATO,Natural Language Processing,2017,7469,True,513271.0,publications,True
NATO,Natural Language Processing,2018,8832,True,552718.0,publications,True
NATO,Natural Language Processing,2019,10300,True,566948.0,publications,True
NATO,Natural Language Processing,2020,11917,True,490831.0,publications,True
NATO,Natural Language Processing,2021,12898,True,380363.0,publications,True
NATO,Natural Language Processing,2022,10879,True,213041.0,publications,True
NATO,Natural Language Processing,2023,13522,True,258161.0,publications,True
NATO,Natural Language Processing,2024,10451,False,81613.0,publications,True
NATO,Natural Language Processing,2025,4988,False,7684.0,publications,True
NATO,Robotics,2015,12302,True,382487.0,publications,True
NATO,Robotics,2016,13129,True,383724.0,publications,True
NATO,Robotics,2017,14108,True,399911.0,publications,True
NATO,Robotics,2018,15646,True,437140.0,publications,True
NATO,Robotics,2019,16899,True,431376.0,publications,True
NATO,Robotics,2020,18150,True,404595.0,publications,True
NATO,Robotics,2021,18429,True,320635.0,publications,True
NATO,Robotics,2022,18163,True,232936.0,publications,True
NATO,Robotics,2023,19635,True,163199.0,publications,True
NATO,Robotics,2024,18818,False,69305.0,publications,True
NATO,Robotics,2025,9642,False,7092.0,publications,True
Namibia,AI Safety,2023,1,True,2.0,publications,False
Namibia,AI Safety,2024,1,False,4.0,publications,False
Namibia,All,2015,4,True,15.0,publications,False
Namibia,All,2016,7,True,191.0,publications,False
Namibia,All,2017,5,True,52.0,publications,False
Namibia,All,2018,8,True,46.0,publications,False
Namibia,All,2019,2,True,7.0,publications,False
Namibia,All,2020,9,True,326.0,publications,False
Namibia,All,2021,20,True,344.0,publications,False
Namibia,All,2022,9,True,264.0,publications,False
Namibia,All,2023,26,True,314.0,publications,False
Namibia,All,2024,42,False,171.0,publications,False
Namibia,All,2025,16,False,2.0,publications,False
Namibia,Computer Vision,2015,2,True,13.0,publications,False
Namibia,Computer Vision,2016,1,True,172.0,publications,False
Namibia,Computer Vision,2017,2,True,25.0,publications,False
Namibia,Computer Vision,2018,3,True,18.0,publications,False
Namibia,Computer Vision,2019,1,True,2.0,publications,False
Namibia,Computer Vision,2021,3,True,8.0,publications,False
Namibia,Computer Vision,2022,3,True,94.0,publications,False
Namibia,Computer Vision,2023,4,True,13.0,publications,False
Namibia,Computer Vision,2024,6,False,21.0,publications,False
Namibia,Computer Vision,2025,2,False,,publications,False
Namibia,Large language models,2021,1,True,238.0,publications,False
Namibia,Large language models,2022,1,True,131.0,publications,False
Namibia,Natural Language Processing,2018,2,True,14.0,publications,False
Namibia,Natural Language Processing,2020,2,True,267.0,publications,False
Namibia,Natural Language Processing,2021,3,True,240.0,publications,False
Namibia,Natural Language Processing,2022,1,True,131.0,publications,False
Namibia,Natural Language Processing,2023,1,True,3.0,publications,False
Namibia,Robotics,2020,2,True,31.0,publications,False
Namibia,Robotics,2021,1,True,19.0,publications,False
Namibia,Robotics,2022,2,True,19.0,publications,False
Namibia,Robotics,2023,3,True,16.0,publications,False
Namibia,Robotics,2024,1,False,1.0,publications,False
Nepal,AI Safety,2018,1,True,8.0,publications,False
Nepal,AI Safety,2021,1,True,5.0,publications,False
Nepal,AI Safety,2023,5,True,33.0,publications,False
Nepal,All,2015,7,True,290.0,publications,False
Nepal,All,2016,16,True,230.0,publications,False
Nepal,All,2017,15,True,105.0,publications,False
Nepal,All,2018,33,True,479.0,publications,False
Nepal,All,2019,59,True,1252.0,publications,False
Nepal,All,2020,76,True,3016.0,publications,False
Nepal,All,2021,86,True,1495.0,publications,False
Nepal,All,2022,131,True,3379.0,publications,False
Nepal,All,2023,173,True,1615.0,publications,False
Nepal,All,2024,179,False,900.0,publications,False
Nepal,All,2025,85,False,91.0,publications,False
Nepal,Computer Vision,2015,4,True,243.0,publications,False
Nepal,Computer Vision,2016,7,True,44.0,publications,False
Nepal,Computer Vision,2017,4,True,10.0,publications,False
Nepal,Computer Vision,2018,8,True,59.0,publications,False
Nepal,Computer Vision,2019,19,True,343.0,publications,False
Nepal,Computer Vision,2020,29,True,853.0,publications,False
Nepal,Computer Vision,2021,36,True,583.0,publications,False
Nepal,Computer Vision,2022,47,True,1408.0,publications,False
Nepal,Computer Vision,2023,73,True,631.0,publications,False
Nepal,Computer Vision,2024,54,False,357.0,publications,False
Nepal,Computer Vision,2025,22,False,44.0,publications,False
Nepal,Large language models,2019,2,True,13.0,publications,False
Nepal,Large language models,2020,2,True,26.0,publications,False
Nepal,Large language models,2021,3,True,10.0,publications,False
Nepal,Large language models,2022,4,True,239.0,publications,False
Nepal,Large language models,2023,2,True,13.0,publications,False
Nepal,Large language models,2024,12,False,44.0,publications,False
Nepal,Large language models,2025,7,False,,publications,False
Nepal,Natural Language Processing,2015,2,True,22.0,publications,False
Nepal,Natural Language Processing,2016,4,True,34.0,publications,False
Nepal,Natural Language Processing,2017,5,True,24.0,publications,False
Nepal,Natural Language Processing,2018,6,True,94.0,publications,False
Nepal,Natural Language Processing,2019,12,True,450.0,publications,False
Nepal,Natural Language Processing,2020,9,True,221.0,publications,False
Nepal,Natural Language Processing,2021,8,True,200.0,publications,False
Nepal,Natural Language Processing,2022,17,True,170.0,publications,False
Nepal,Natural Language Processing,2023,16,True,122.0,publications,False
Nepal,Natural Language Processing,2024,17,False,55.0,publications,False
Nepal,Natural Language Processing,2025,6,False,,publications,False
Nepal,Robotics,2016,4,True,148.0,publications,False
Nepal,Robotics,2017,1,True,3.0,publications,False
Nepal,Robotics,2019,2,True,35.0,publications,False
Nepal,Robotics,2020,4,True,23.0,publications,False
Nepal,Robotics,2021,3,True,17.0,publications,False
Nepal,Robotics,2022,2,True,274.0,publications,False
Nepal,Robotics,2023,8,True,37.0,publications,False
Nepal,Robotics,2024,16,False,18.0,publications,False
Nepal,Robotics,2025,9,False,1.0,publications,False
Netherlands,AI Safety,2015,36,True,765.0,publications,False
Netherlands,AI Safety,2016,43,True,1210.0,publications,False
Netherlands,AI Safety,2017,39,True,2448.0,publications,False
Netherlands,AI Safety,2018,78,True,5344.0,publications,False
Netherlands,AI Safety,2019,99,True,8567.0,publications,False
Netherlands,AI Safety,2020,130,True,7044.0,publications,False
Netherlands,AI Safety,2021,125,True,3499.0,publications,False
Netherlands,AI Safety,2022,146,True,3418.0,publications,False
Netherlands,AI Safety,2023,183,True,3043.0,publications,False
Netherlands,AI Safety,2024,175,False,1296.0,publications,False
Netherlands,AI Safety,2025,118,False,203.0,publications,False
Netherlands,All,2015,1682,True,65188.0,publications,False
Netherlands,All,2016,1964,True,129660.0,publications,False
Netherlands,All,2017,1947,True,129469.0,publications,False
Netherlands,All,2018,2496,True,127661.0,publications,False
Netherlands,All,2019,2991,True,136820.0,publications,False
Netherlands,All,2020,3573,True,133428.0,publications,False
Netherlands,All,2021,4102,True,126965.0,publications,False
Netherlands,All,2022,3899,True,72823.0,publications,False
Netherlands,All,2023,4521,True,58804.0,publications,False
Netherlands,All,2024,3905,False,24495.0,publications,False
Netherlands,All,2025,1943,False,2470.0,publications,False
Netherlands,Computer Vision,2015,350,True,14260.0,publications,False
Netherlands,Computer Vision,2016,444,True,37911.0,publications,False
Netherlands,Computer Vision,2017,393,True,56347.0,publications,False
Netherlands,Computer Vision,2018,498,True,35302.0,publications,False
Netherlands,Computer Vision,2019,691,True,40074.0,publications,False
Netherlands,Computer Vision,2020,742,True,34662.0,publications,False
Netherlands,Computer Vision,2021,903,True,34278.0,publications,False
Netherlands,Computer Vision,2022,802,True,16401.0,publications,False
Netherlands,Computer Vision,2023,968,True,12234.0,publications,False
Netherlands,Computer Vision,2024,837,False,4779.0,publications,False
Netherlands,Computer Vision,2025,386,False,443.0,publications,False
Netherlands,Large language models,2015,7,True,118.0,publications,False
Netherlands,Large language models,2016,12,True,1298.0,publications,False
Netherlands,Large language models,2017,20,True,2759.0,publications,False
Netherlands,Large language models,2018,56,True,5368.0,publications,False
Netherlands,Large language models,2019,92,True,7683.0,publications,False
Netherlands,Large language models,2020,144,True,12918.0,publications,False
Netherlands,Large language models,2021,222,True,11561.0,publications,False
Netherlands,Large language models,2022,171,True,5804.0,publications,False
Netherlands,Large language models,2023,292,True,6214.0,publications,False
Netherlands,Large language models,2024,266,False,2641.0,publications,False
Netherlands,Large language models,2025,154,False,260.0,publications,False
Netherlands,Natural Language Processing,2015,300,True,12302.0,publications,False
Netherlands,Natural Language Processing,2016,393,True,14680.0,publications,False
Netherlands,Natural Language Processing,2017,383,True,17743.0,publications,False
Netherlands,Natural Language Processing,2018,475,True,17956.0,publications,False
Netherlands,Natural Language Processing,2019,503,True,19251.0,publications,False
Netherlands,Natural Language Processing,2020,565,True,21790.0,publications,False
Netherlands,Natural Language Processing,2021,594,True,14999.0,publications,False
Netherlands,Natural Language Processing,2022,514,True,8155.0,publications,False
Netherlands,Natural Language Processing,2023,604,True,8340.0,publications,False
Netherlands,Natural Language Processing,2024,398,False,2506.0,publications,False
Netherlands,Natural Language Processing,2025,211,False,444.0,publications,False
Netherlands,Robotics,2015,314,True,11598.0,publications,False
Netherlands,Robotics,2016,353,True,11687.0,publications,False
Netherlands,Robotics,2017,375,True,12289.0,publications,False
Netherlands,Robotics,2018,452,True,16791.0,publications,False
Netherlands,Robotics,2019,508,True,18840.0,publications,False
Netherlands,Robotics,2020,609,True,15351.0,publications,False
Netherlands,Robotics,2021,620,True,16157.0,publications,False
Netherlands,Robotics,2022,647,True,10688.0,publications,False
Netherlands,Robotics,2023,697,True,5842.0,publications,False
Netherlands,Robotics,2024,635,False,2819.0,publications,False
Netherlands,Robotics,2025,302,False,196.0,publications,False
New Zealand,AI Safety,2015,4,True,103.0,publications,False
New Zealand,AI Safety,2016,5,True,374.0,publications,False
New Zealand,AI Safety,2017,7,True,262.0,publications,False
New Zealand,AI Safety,2018,6,True,432.0,publications,False
New Zealand,AI Safety,2019,9,True,300.0,publications,False
New Zealand,AI Safety,2020,13,True,97.0,publications,False
New Zealand,AI Safety,2021,7,True,139.0,publications,False
New Zealand,AI Safety,2022,16,True,1083.0,publications,False
New Zealand,AI Safety,2023,25,True,493.0,publications,False
New Zealand,AI Safety,2024,29,False,259.0,publications,False
New Zealand,AI Safety,2025,15,False,8.0,publications,False
New Zealand,All,2015,427,True,12110.0,publications,False
New Zealand,All,2016,478,True,12342.0,publications,False
New Zealand,All,2017,546,True,23168.0,publications,False
New Zealand,All,2018,564,True,17664.0,publications,False
New Zealand,All,2019,667,True,24203.0,publications,False
New Zealand,All,2020,757,True,22663.0,publications,False
New Zealand,All,2021,751,True,15359.0,publications,False
New Zealand,All,2022,782,True,16941.0,publications,False
New Zealand,All,2023,913,True,16276.0,publications,False
New Zealand,All,2024,896,False,5883.0,publications,False
New Zealand,All,2025,433,False,483.0,publications,False
New Zealand,Computer Vision,2015,118,True,2622.0,publications,False
New Zealand,Computer Vision,2016,123,True,3645.0,publications,False
New Zealand,Computer Vision,2017,163,True,9719.0,publications,False
New Zealand,Computer Vision,2018,152,True,3998.0,publications,False
New Zealand,Computer Vision,2019,174,True,4683.0,publications,False
New Zealand,Computer Vision,2020,195,True,7034.0,publications,False
New Zealand,Computer Vision,2021,203,True,3224.0,publications,False
New Zealand,Computer Vision,2022,203,True,3979.0,publications,False
New Zealand,Computer Vision,2023,242,True,2660.0,publications,False
New Zealand,Computer Vision,2024,242,False,863.0,publications,False
New Zealand,Computer Vision,2025,107,False,118.0,publications,False
New Zealand,Large language models,2016,3,True,92.0,publications,False
New Zealand,Large language models,2017,5,True,527.0,publications,False
New Zealand,Large language models,2018,4,True,325.0,publications,False
New Zealand,Large language models,2019,7,True,112.0,publications,False
New Zealand,Large language models,2020,16,True,1002.0,publications,False
New Zealand,Large language models,2021,10,True,302.0,publications,False
New Zealand,Large language models,2022,36,True,2092.0,publications,False
New Zealand,Large language models,2023,42,True,1370.0,publications,False
New Zealand,Large language models,2024,65,False,598.0,publications,False
New Zealand,Large language models,2025,30,False,59.0,publications,False
New Zealand,Natural Language Processing,2015,41,True,576.0,publications,False
New Zealand,Natural Language Processing,2016,34,True,847.0,publications,False
New Zealand,Natural Language Processing,2017,55,True,1912.0,publications,False
New Zealand,Natural Language Processing,2018,47,True,3668.0,publications,False
New Zealand,Natural Language Processing,2019,53,True,2126.0,publications,False
New Zealand,Natural Language Processing,2020,83,True,1411.0,publications,False
New Zealand,Natural Language Processing,2021,69,True,1080.0,publications,False
New Zealand,Natural Language Processing,2022,80,True,1525.0,publications,False
New Zealand,Natural Language Processing,2023,90,True,1582.0,publications,False
New Zealand,Natural Language Processing,2024,91,False,999.0,publications,False
New Zealand,Natural Language Processing,2025,33,False,29.0,publications,False
New Zealand,Robotics,2015,120,True,2507.0,publications,False
New Zealand,Robotics,2016,141,True,3748.0,publications,False
New Zealand,Robotics,2017,139,True,3708.0,publications,False
New Zealand,Robotics,2018,117,True,2689.0,publications,False
New Zealand,Robotics,2019,119,True,3358.0,publications,False
New Zealand,Robotics,2020,115,True,2720.0,publications,False
New Zealand,Robotics,2021,119,True,1910.0,publications,False
New Zealand,Robotics,2022,127,True,1719.0,publications,False
New Zealand,Robotics,2023,106,True,758.0,publications,False
New Zealand,Robotics,2024,83,False,319.0,publications,False
New Zealand,Robotics,2025,60,False,45.0,publications,False
Nicaragua,All,2015,1,True,2.0,publications,False
Nicaragua,All,2016,2,True,9.0,publications,False
Nicaragua,All,2017,1,True,2.0,publications,False
Nicaragua,All,2019,2,True,8.0,publications,False
Nicaragua,All,2020,3,True,8.0,publications,False
Nicaragua,All,2021,4,True,37.0,publications,False
Nicaragua,All,2022,2,True,68.0,publications,False
Nicaragua,All,2023,1,True,294.0,publications,False
Nicaragua,All,2024,1,False,6.0,publications,False
Nicaragua,All,2025,1,False,,publications,False
Nicaragua,Computer Vision,2015,1,True,2.0,publications,False
Nicaragua,Computer Vision,2017,1,True,2.0,publications,False
Nicaragua,Computer Vision,2020,1,True,,publications,False
Nicaragua,Natural Language Processing,2023,1,True,294.0,publications,False
Nicaragua,Natural Language Processing,2024,1,False,6.0,publications,False
Nicaragua,Robotics,2016,2,True,9.0,publications,False
Nicaragua,Robotics,2019,2,True,8.0,publications,False
Nicaragua,Robotics,2020,2,True,8.0,publications,False
Nicaragua,Robotics,2022,1,True,2.0,publications,False
Nicaragua,Robotics,2025,1,False,,publications,False
Niger,AI Safety,2019,1,True,,publications,False
Niger,All,2015,1,True,,publications,False
Niger,All,2016,1,True,1.0,publications,False
Niger,All,2019,2,True,21.0,publications,False
Niger,All,2022,5,True,57.0,publications,False
Niger,All,2023,3,True,22.0,publications,False
Niger,All,2024,5,False,10.0,publications,False
Niger,All,2025,5,False,,publications,False
Niger,Computer Vision,2019,1,True,21.0,publications,False
Niger,Computer Vision,2022,1,True,,publications,False
Niger,Computer Vision,2023,1,True,1.0,publications,False
Niger,Computer Vision,2024,2,False,9.0,publications,False
Niger,Computer Vision,2025,2,False,,publications,False
Niger,Natural Language Processing,2016,1,True,1.0,publications,False
Niger,Robotics,2024,1,False,,publications,False
Niger,Robotics,2025,1,False,,publications,False
Nigeria,AI Safety,2017,3,True,17.0,publications,False
Nigeria,AI Safety,2019,2,True,21.0,publications,False
Nigeria,AI Safety,2020,2,True,16.0,publications,False
Nigeria,AI Safety,2021,2,True,5.0,publications,False
Nigeria,AI Safety,2022,5,True,38.0,publications,False
Nigeria,AI Safety,2023,17,True,318.0,publications,False
Nigeria,AI Safety,2024,35,False,411.0,publications,False
Nigeria,AI Safety,2025,19,False,12.0,publications,False
Nigeria,All,2015,141,True,1924.0,publications,False
Nigeria,All,2016,159,True,1156.0,publications,False
Nigeria,All,2017,224,True,3097.0,publications,False
Nigeria,All,2018,219,True,6265.0,publications,False
Nigeria,All,2019,431,True,7192.0,publications,False
Nigeria,All,2020,554,True,10275.0,publications,False
Nigeria,All,2021,781,True,11944.0,publications,False
Nigeria,All,2022,854,True,11541.0,publications,False
Nigeria,All,2023,1084,True,10963.0,publications,False
Nigeria,All,2024,1369,False,8488.0,publications,False
Nigeria,All,2025,443,False,503.0,publications,False
Nigeria,Computer Vision,2015,43,True,288.0,publications,False
Nigeria,Computer Vision,2016,41,True,252.0,publications,False
Nigeria,Computer Vision,2017,51,True,731.0,publications,False
Nigeria,Computer Vision,2018,46,True,523.0,publications,False
Nigeria,Computer Vision,2019,103,True,1021.0,publications,False
Nigeria,Computer Vision,2020,98,True,1935.0,publications,False
Nigeria,Computer Vision,2021,154,True,2524.0,publications,False
Nigeria,Computer Vision,2022,190,True,2139.0,publications,False
Nigeria,Computer Vision,2023,206,True,1989.0,publications,False
Nigeria,Computer Vision,2024,224,False,739.0,publications,False
Nigeria,Computer Vision,2025,65,False,103.0,publications,False
Nigeria,Large language models,2017,1,True,1.0,publications,False
Nigeria,Large language models,2019,2,True,17.0,publications,False
Nigeria,Large language models,2020,5,True,126.0,publications,False
Nigeria,Large language models,2021,5,True,419.0,publications,False
Nigeria,Large language models,2022,3,True,196.0,publications,False
Nigeria,Large language models,2023,22,True,295.0,publications,False
Nigeria,Large language models,2024,13,False,54.0,publications,False
Nigeria,Large language models,2025,14,False,22.0,publications,False
Nigeria,Natural Language Processing,2015,10,True,150.0,publications,False
Nigeria,Natural Language Processing,2016,17,True,100.0,publications,False
Nigeria,Natural Language Processing,2017,27,True,207.0,publications,False
Nigeria,Natural Language Processing,2018,27,True,180.0,publications,False
Nigeria,Natural Language Processing,2019,35,True,346.0,publications,False
Nigeria,Natural Language Processing,2020,50,True,1177.0,publications,False
Nigeria,Natural Language Processing,2021,60,True,1606.0,publications,False
Nigeria,Natural Language Processing,2022,66,True,671.0,publications,False
Nigeria,Natural Language Processing,2023,95,True,913.0,publications,False
Nigeria,Natural Language Processing,2024,93,False,358.0,publications,False
Nigeria,Natural Language Processing,2025,17,False,5.0,publications,False
Nigeria,Robotics,2015,11,True,30.0,publications,False
Nigeria,Robotics,2016,11,True,68.0,publications,False
Nigeria,Robotics,2017,16,True,100.0,publications,False
Nigeria,Robotics,2018,26,True,386.0,publications,False
Nigeria,Robotics,2019,34,True,326.0,publications,False
Nigeria,Robotics,2020,54,True,508.0,publications,False
Nigeria,Robotics,2021,74,True,807.0,publications,False
Nigeria,Robotics,2022,79,True,451.0,publications,False
Nigeria,Robotics,2023,78,True,244.0,publications,False
Nigeria,Robotics,2024,73,False,157.0,publications,False
Nigeria,Robotics,2025,19,False,13.0,publications,False
North America and the Caribbean,AI Safety,2015,535,True,66651.0,publications,True
North America and the Caribbean,AI Safety,2016,657,True,172666.0,publications,True
North America and the Caribbean,AI Safety,2017,834,True,236501.0,publications,True
North America and the Caribbean,AI Safety,2018,1367,True,229812.0,publications,True
North America and the Caribbean,AI Safety,2019,2073,True,212416.0,publications,True
North America and the Caribbean,AI Safety,2020,2682,True,184542.0,publications,True
North America and the Caribbean,AI Safety,2021,2770,True,116184.0,publications,True
North America and the Caribbean,AI Safety,2022,2041,True,53245.0,publications,True
North America and the Caribbean,AI Safety,2023,2513,True,53292.0,publications,True
North America and the Caribbean,AI Safety,2024,2996,False,20967.0,publications,True
North America and the Caribbean,AI Safety,2025,1747,False,3201.0,publications,True
North America and the Caribbean,All,2015,24342,True,2036437.0,publications,True
North America and the Caribbean,All,2016,26391,True,2290594.0,publications,True
North America and the Caribbean,All,2017,29487,True,2517601.0,publications,True
North America and the Caribbean,All,2018,36763,True,2701629.0,publications,True
North America and the Caribbean,All,2019,45988,True,2672127.0,publications,True
North America and the Caribbean,All,2020,54468,True,2530759.0,publications,True
North America and the Caribbean,All,2021,59053,True,1832442.0,publications,True
North America and the Caribbean,All,2022,51058,True,1042643.0,publications,True
North America and the Caribbean,All,2023,58956,True,884537.0,publications,True
North America and the Caribbean,All,2024,58061,False,356694.0,publications,True
North America and the Caribbean,All,2025,29552,False,36457.0,publications,True
North America and the Caribbean,Computer Vision,2015,6037,True,1021119.0,publications,True
North America and the Caribbean,Computer Vision,2016,6531,True,982319.0,publications,True
North America and the Caribbean,Computer Vision,2017,7125,True,932626.0,publications,True
North America and the Caribbean,Computer Vision,2018,8959,True,931246.0,publications,True
North America and the Caribbean,Computer Vision,2019,11053,True,854430.0,publications,True
North America and the Caribbean,Computer Vision,2020,12868,True,853817.0,publications,True
North America and the Caribbean,Computer Vision,2021,14131,True,622009.0,publications,True
North America and the Caribbean,Computer Vision,2022,12352,True,336922.0,publications,True
North America and the Caribbean,Computer Vision,2023,13720,True,244837.0,publications,True
North America and the Caribbean,Computer Vision,2024,13056,False,86497.0,publications,True
North America and the Caribbean,Computer Vision,2025,6190,False,8451.0,publications,True
North America and the Caribbean,Large language models,2015,159,True,64640.0,publications,True
North America and the Caribbean,Large language models,2016,267,True,82501.0,publications,True
North America and the Caribbean,Large language models,2017,415,True,255595.0,publications,True
North America and the Caribbean,Large language models,2018,970,True,286003.0,publications,True
North America and the Caribbean,Large language models,2019,1892,True,340150.0,publications,True
North America and the Caribbean,Large language models,2020,3070,True,389499.0,publications,True
North America and the Caribbean,Large language models,2021,4222,True,373477.0,publications,True
North America and the Caribbean,Large language models,2022,3639,True,205289.0,publications,True
North America and the Caribbean,Large language models,2023,5886,True,243730.0,publications,True
North America and the Caribbean,Large language models,2024,6017,False,74639.0,publications,True
North America and the Caribbean,Large language models,2025,3298,False,8283.0,publications,True
North America and the Caribbean,Natural Language Processing,2015,3038,True,253183.0,publications,True
North America and the Caribbean,Natural Language Processing,2016,3470,True,242373.0,publications,True
North America and the Caribbean,Natural Language Processing,2017,3499,True,396173.0,publications,True
North America and the Caribbean,Natural Language Processing,2018,4404,True,431890.0,publications,True
North America and the Caribbean,Natural Language Processing,2019,5412,True,420986.0,publications,True
North America and the Caribbean,Natural Language Processing,2020,6397,True,354225.0,publications,True
North America and the Caribbean,Natural Language Processing,2021,7026,True,277497.0,publications,True
North America and the Caribbean,Natural Language Processing,2022,5733,True,146963.0,publications,True
North America and the Caribbean,Natural Language Processing,2023,7023,True,179093.0,publications,True
North America and the Caribbean,Natural Language Processing,2024,5512,False,47411.0,publications,True
North America and the Caribbean,Natural Language Processing,2025,2737,False,5668.0,publications,True
North America and the Caribbean,Robotics,2015,5842,True,202138.0,publications,True
North America and the Caribbean,Robotics,2016,6329,True,223953.0,publications,True
North America and the Caribbean,Robotics,2017,6764,True,227013.0,publications,True
North America and the Caribbean,Robotics,2018,7426,True,247872.0,publications,True
North America and the Caribbean,Robotics,2019,8150,True,245113.0,publications,True
North America and the Caribbean,Robotics,2020,8997,True,218552.0,publications,True
North America and the Caribbean,Robotics,2021,8879,True,169840.0,publications,True
North America and the Caribbean,Robotics,2022,8123,True,122803.0,publications,True
North America and the Caribbean,Robotics,2023,8848,True,88127.0,publications,True
North America and the Caribbean,Robotics,2024,8725,False,36491.0,publications,True
North America and the Caribbean,Robotics,2025,4600,False,3491.0,publications,True
North Korea,All,2015,4,True,44.0,publications,False
North Korea,All,2016,3,True,22.0,publications,False
North Korea,All,2017,3,True,10.0,publications,False
North Korea,All,2018,8,True,15.0,publications,False
North Korea,All,2019,7,True,105.0,publications,False
North Korea,All,2020,5,True,39.0,publications,False
North Korea,All,2021,8,True,64.0,publications,False
North Korea,All,2022,16,True,67.0,publications,False
North Korea,All,2023,14,True,26.0,publications,False
North Korea,All,2024,8,False,18.0,publications,False
North Korea,All,2025,2,False,,publications,False
North Korea,Computer Vision,2015,1,True,,publications,False
North Korea,Computer Vision,2016,2,True,7.0,publications,False
North Korea,Computer Vision,2017,1,True,8.0,publications,False
North Korea,Computer Vision,2018,3,True,1.0,publications,False
North Korea,Computer Vision,2019,2,True,46.0,publications,False
North Korea,Computer Vision,2020,3,True,25.0,publications,False
North Korea,Computer Vision,2021,1,True,6.0,publications,False
North Korea,Computer Vision,2022,8,True,14.0,publications,False
North Korea,Computer Vision,2023,3,True,2.0,publications,False
North Korea,Computer Vision,2024,3,False,4.0,publications,False
North Korea,Large language models,2022,1,True,14.0,publications,False
North Korea,Natural Language Processing,2015,1,True,1.0,publications,False
North Korea,Natural Language Processing,2017,1,True,,publications,False
North Korea,Natural Language Processing,2018,1,True,,publications,False
North Korea,Natural Language Processing,2020,1,True,10.0,publications,False
North Korea,Natural Language Processing,2021,1,True,1.0,publications,False
North Korea,Natural Language Processing,2022,1,True,14.0,publications,False
North Korea,Natural Language Processing,2023,1,True,3.0,publications,False
North Korea,Robotics,2015,1,True,43.0,publications,False
North Korea,Robotics,2016,1,True,15.0,publications,False
North Korea,Robotics,2018,1,True,1.0,publications,False
North Korea,Robotics,2022,2,True,15.0,publications,False
North Korea,Robotics,2023,4,True,17.0,publications,False
North Korea,Robotics,2024,2,False,5.0,publications,False
North Macedonia,AI Safety,2016,1,True,8.0,publications,False
North Macedonia,AI Safety,2017,2,True,1.0,publications,False
North Macedonia,AI Safety,2020,2,True,88.0,publications,False
North Macedonia,AI Safety,2022,1,True,3.0,publications,False
North Macedonia,AI Safety,2023,2,True,111.0,publications,False
North Macedonia,AI Safety,2024,2,False,9.0,publications,False
North Macedonia,AI Safety,2025,3,False,6.0,publications,False
North Macedonia,All,2015,33,True,800.0,publications,False
North Macedonia,All,2016,47,True,605.0,publications,False
North Macedonia,All,2017,72,True,1084.0,publications,False
North Macedonia,All,2018,74,True,1453.0,publications,False
North Macedonia,All,2019,66,True,1040.0,publications,False
North Macedonia,All,2020,94,True,1730.0,publications,False
North Macedonia,All,2021,87,True,1365.0,publications,False
North Macedonia,All,2022,104,True,1148.0,publications,False
North Macedonia,All,2023,117,True,981.0,publications,False
North Macedonia,All,2024,98,False,423.0,publications,False
North Macedonia,All,2025,70,False,28.0,publications,False
North Macedonia,Computer Vision,2015,5,True,16.0,publications,False
North Macedonia,Computer Vision,2016,4,True,81.0,publications,False
North Macedonia,Computer Vision,2017,17,True,344.0,publications,False
North Macedonia,Computer Vision,2018,12,True,98.0,publications,False
North Macedonia,Computer Vision,2019,9,True,211.0,publications,False
North Macedonia,Computer Vision,2020,10,True,283.0,publications,False
North Macedonia,Computer Vision,2021,10,True,73.0,publications,False
North Macedonia,Computer Vision,2022,14,True,365.0,publications,False
North Macedonia,Computer Vision,2023,12,True,31.0,publications,False
North Macedonia,Computer Vision,2024,9,False,43.0,publications,False
North Macedonia,Computer Vision,2025,4,False,1.0,publications,False
North Macedonia,Large language models,2019,1,True,8.0,publications,False
North Macedonia,Large language models,2020,1,True,5.0,publications,False
North Macedonia,Large language models,2021,1,True,19.0,publications,False
North Macedonia,Large language models,2022,2,True,11.0,publications,False
North Macedonia,Large language models,2023,9,True,222.0,publications,False
North Macedonia,Large language models,2024,4,False,20.0,publications,False
North Macedonia,Large language models,2025,6,False,11.0,publications,False
North Macedonia,Natural Language Processing,2015,8,True,141.0,publications,False
North Macedonia,Natural Language Processing,2016,9,True,35.0,publications,False
North Macedonia,Natural Language Processing,2017,11,True,46.0,publications,False
North Macedonia,Natural Language Processing,2018,12,True,122.0,publications,False
North Macedonia,Natural Language Processing,2019,14,True,209.0,publications,False
North Macedonia,Natural Language Processing,2020,19,True,412.0,publications,False
North Macedonia,Natural Language Processing,2021,17,True,139.0,publications,False
North Macedonia,Natural Language Processing,2022,21,True,111.0,publications,False
North Macedonia,Natural Language Processing,2023,25,True,277.0,publications,False
North Macedonia,Natural Language Processing,2024,14,False,45.0,publications,False
North Macedonia,Natural Language Processing,2025,12,False,9.0,publications,False
North Macedonia,Robotics,2015,6,True,364.0,publications,False
North Macedonia,Robotics,2016,8,True,211.0,publications,False
North Macedonia,Robotics,2017,12,True,63.0,publications,False
North Macedonia,Robotics,2018,9,True,49.0,publications,False
North Macedonia,Robotics,2019,11,True,113.0,publications,False
North Macedonia,Robotics,2020,5,True,42.0,publications,False
North Macedonia,Robotics,2021,7,True,101.0,publications,False
North Macedonia,Robotics,2022,7,True,53.0,publications,False
North Macedonia,Robotics,2023,7,True,7.0,publications,False
North Macedonia,Robotics,2024,8,False,21.0,publications,False
North Macedonia,Robotics,2025,7,False,,publications,False
Norway,AI Safety,2015,8,True,369.0,publications,False
Norway,AI Safety,2016,8,True,423.0,publications,False
Norway,AI Safety,2017,9,True,448.0,publications,False
Norway,AI Safety,2018,11,True,240.0,publications,False
Norway,AI Safety,2019,17,True,845.0,publications,False
Norway,AI Safety,2020,34,True,1614.0,publications,False
Norway,AI Safety,2021,40,True,1407.0,publications,False
Norway,AI Safety,2022,43,True,1019.0,publications,False
Norway,AI Safety,2023,37,True,401.0,publications,False
Norway,AI Safety,2024,65,False,438.0,publications,False
Norway,AI Safety,2025,39,False,48.0,publications,False
Norway,All,2015,486,True,15697.0,publications,False
Norway,All,2016,540,True,16359.0,publications,False
Norway,All,2017,676,True,19315.0,publications,False
Norway,All,2018,828,True,29380.0,publications,False
Norway,All,2019,1023,True,40279.0,publications,False
Norway,All,2020,1282,True,48386.0,publications,False
Norway,All,2021,1666,True,42403.0,publications,False
Norway,All,2022,1724,True,32036.0,publications,False
Norway,All,2023,2019,True,30084.0,publications,False
Norway,All,2024,1761,False,11686.0,publications,False
Norway,All,2025,762,False,940.0,publications,False
Norway,Computer Vision,2015,122,True,3744.0,publications,False
Norway,Computer Vision,2016,123,True,4407.0,publications,False
Norway,Computer Vision,2017,173,True,6246.0,publications,False
Norway,Computer Vision,2018,202,True,7621.0,publications,False
Norway,Computer Vision,2019,256,True,13102.0,publications,False
Norway,Computer Vision,2020,288,True,12405.0,publications,False
Norway,Computer Vision,2021,430,True,11578.0,publications,False
Norway,Computer Vision,2022,474,True,8851.0,publications,False
Norway,Computer Vision,2023,530,True,6177.0,publications,False
Norway,Computer Vision,2024,423,False,2560.0,publications,False
Norway,Computer Vision,2025,175,False,222.0,publications,False
Norway,Large language models,2016,1,True,32.0,publications,False
Norway,Large language models,2017,1,True,36.0,publications,False
Norway,Large language models,2018,2,True,17.0,publications,False
Norway,Large language models,2019,8,True,215.0,publications,False
Norway,Large language models,2020,18,True,1519.0,publications,False
Norway,Large language models,2021,22,True,901.0,publications,False
Norway,Large language models,2022,42,True,756.0,publications,False
Norway,Large language models,2023,85,True,2822.0,publications,False
Norway,Large language models,2024,100,False,715.0,publications,False
Norway,Large language models,2025,53,False,71.0,publications,False
Norway,Natural Language Processing,2015,81,True,2202.0,publications,False
Norway,Natural Language Processing,2016,83,True,3384.0,publications,False
Norway,Natural Language Processing,2017,108,True,4058.0,publications,False
Norway,Natural Language Processing,2018,114,True,3188.0,publications,False
Norway,Natural Language Processing,2019,125,True,2501.0,publications,False
Norway,Natural Language Processing,2020,153,True,4862.0,publications,False
Norway,Natural Language Processing,2021,175,True,3505.0,publications,False
Norway,Natural Language Processing,2022,163,True,2377.0,publications,False
Norway,Natural Language Processing,2023,180,True,4153.0,publications,False
Norway,Natural Language Processing,2024,149,False,945.0,publications,False
Norway,Natural Language Processing,2025,75,False,75.0,publications,False
Norway,Robotics,2015,112,True,2901.0,publications,False
Norway,Robotics,2016,115,True,3480.0,publications,False
Norway,Robotics,2017,128,True,3406.0,publications,False
Norway,Robotics,2018,180,True,5051.0,publications,False
Norway,Robotics,2019,174,True,4599.0,publications,False
Norway,Robotics,2020,210,True,4774.0,publications,False
Norway,Robotics,2021,220,True,5011.0,publications,False
Norway,Robotics,2022,222,True,2943.0,publications,False
Norway,Robotics,2023,273,True,2109.0,publications,False
Norway,Robotics,2024,234,False,988.0,publications,False
Norway,Robotics,2025,116,False,135.0,publications,False
OECD,AI Safety,2015,1014,True,115162.0,publications,True
OECD,AI Safety,2016,1139,True,211578.0,publications,True
OECD,AI Safety,2017,1455,True,294424.0,publications,True
OECD,AI Safety,2018,2261,True,285083.0,publications,True
OECD,AI Safety,2019,3367,True,284430.0,publications,True
OECD,AI Safety,2020,4482,True,259741.0,publications,True
OECD,AI Safety,2021,4860,True,173442.0,publications,True
OECD,AI Safety,2022,3848,True,85783.0,publications,True
OECD,AI Safety,2023,4992,True,84736.0,publications,True
OECD,AI Safety,2024,5962,False,36610.0,publications,True
OECD,AI Safety,2025,3536,False,5270.0,publications,True
OECD,All,2015,66657,True,3377103.0,publications,True
OECD,All,2016,69453,True,3696968.0,publications,True
OECD,All,2017,75188,True,4084014.0,publications,True
OECD,All,2018,89927,True,4366943.0,publications,True
OECD,All,2019,108208,True,4548170.0,publications,True
OECD,All,2020,125285,True,4491378.0,publications,True
OECD,All,2021,139711,True,3556617.0,publications,True
OECD,All,2022,130149,True,2227301.0,publications,True
OECD,All,2023,150038,True,1832233.0,publications,True
OECD,All,2024,144745,False,769648.0,publications,True
OECD,All,2025,72716,False,78571.0,publications,True
OECD,Computer Vision,2015,17320,True,1571932.0,publications,True
OECD,Computer Vision,2016,17577,True,1545750.0,publications,True
OECD,Computer Vision,2017,18875,True,1538315.0,publications,True
OECD,Computer Vision,2018,22652,True,1537272.0,publications,True
OECD,Computer Vision,2019,27535,True,1523344.0,publications,True
OECD,Computer Vision,2020,30919,True,1541339.0,publications,True
OECD,Computer Vision,2021,35515,True,1245910.0,publications,True
OECD,Computer Vision,2022,33475,True,729713.0,publications,True
OECD,Computer Vision,2023,37424,True,538705.0,publications,True
OECD,Computer Vision,2024,34983,False,194580.0,publications,True
OECD,Computer Vision,2025,16745,False,19777.0,publications,True
OECD,Large language models,2015,304,True,89727.0,publications,True
OECD,Large language models,2016,502,True,99368.0,publications,True
OECD,Large language models,2017,753,True,299355.0,publications,True
OECD,Large language models,2018,1590,True,329386.0,publications,True
OECD,Large language models,2019,3139,True,457297.0,publications,True
OECD,Large language models,2020,5285,True,537531.0,publications,True
OECD,Large language models,2021,7637,True,580827.0,publications,True
OECD,Large language models,2022,7181,True,316849.0,publications,True
OECD,Large language models,2023,11808,True,368774.0,publications,True
OECD,Large language models,2024,12457,False,143098.0,publications,True
OECD,Large language models,2025,7075,False,13540.0,publications,True
OECD,Natural Language Processing,2015,7832,True,394430.0,publications,True
OECD,Natural Language Processing,2016,8714,True,383177.0,publications,True
OECD,Natural Language Processing,2017,8677,True,549713.0,publications,True
OECD,Natural Language Processing,2018,10340,True,591543.0,publications,True
OECD,Natural Language Processing,2019,11982,True,613339.0,publications,True
OECD,Natural Language Processing,2020,13899,True,538799.0,publications,True
OECD,Natural Language Processing,2021,15011,True,418764.0,publications,True
OECD,Natural Language Processing,2022,12716,True,235815.0,publications,True
OECD,Natural Language Processing,2023,15976,True,290446.0,publications,True
OECD,Natural Language Processing,2024,12496,False,91451.0,publications,True
OECD,Natural Language Processing,2025,5997,False,8665.0,publications,True
OECD,Robotics,2015,17270,True,450647.0,publications,True
OECD,Robotics,2016,18014,True,459030.0,publications,True
OECD,Robotics,2017,19144,True,482666.0,publications,True
OECD,Robotics,2018,20938,True,523907.0,publications,True
OECD,Robotics,2019,22310,True,511013.0,publications,True
OECD,Robotics,2020,23667,True,481253.0,publications,True
OECD,Robotics,2021,24179,True,389802.0,publications,True
OECD,Robotics,2022,23823,True,281892.0,publications,True
OECD,Robotics,2023,25547,True,197185.0,publications,True
OECD,Robotics,2024,24751,False,83938.0,publications,True
OECD,Robotics,2025,12714,False,8803.0,publications,True
Oceania,AI Safety,2015,63,True,2812.0,publications,True
Oceania,AI Safety,2016,61,True,5956.0,publications,True
Oceania,AI Safety,2017,94,True,11114.0,publications,True
Oceania,AI Safety,2018,109,True,14161.0,publications,True
Oceania,AI Safety,2019,138,True,18051.0,publications,True
Oceania,AI Safety,2020,235,True,15986.0,publications,True
Oceania,AI Safety,2021,227,True,11521.0,publications,True
Oceania,AI Safety,2022,208,True,6499.0,publications,True
Oceania,AI Safety,2023,277,True,7069.0,publications,True
Oceania,AI Safety,2024,368,False,2958.0,publications,True
Oceania,AI Safety,2025,219,False,444.0,publications,True
Oceania,All,2015,3196,True,129039.0,publications,True
Oceania,All,2016,3524,True,168047.0,publications,True
Oceania,All,2017,3746,True,219232.0,publications,True
Oceania,All,2018,4515,True,237131.0,publications,True
Oceania,All,2019,5583,True,338963.0,publications,True
Oceania,All,2020,6713,True,331827.0,publications,True
Oceania,All,2021,7426,True,277381.0,publications,True
Oceania,All,2022,7038,True,183446.0,publications,True
Oceania,All,2023,8585,True,153664.0,publications,True
Oceania,All,2024,8324,False,63042.0,publications,True
Oceania,All,2025,4100,False,6334.0,publications,True
Oceania,Computer Vision,2015,959,True,56067.0,publications,True
Oceania,Computer Vision,2016,1045,True,82327.0,publications,True
Oceania,Computer Vision,2017,1193,True,114653.0,publications,True
Oceania,Computer Vision,2018,1408,True,101930.0,publications,True
Oceania,Computer Vision,2019,1673,True,147936.0,publications,True
Oceania,Computer Vision,2020,1993,True,137113.0,publications,True
Oceania,Computer Vision,2021,2225,True,104086.0,publications,True
Oceania,Computer Vision,2022,2073,True,64798.0,publications,True
Oceania,Computer Vision,2023,2453,True,44759.0,publications,True
Oceania,Computer Vision,2024,2308,False,16894.0,publications,True
Oceania,Computer Vision,2025,1031,False,1894.0,publications,True
Oceania,Large language models,2015,7,True,287.0,publications,True
Oceania,Large language models,2016,17,True,938.0,publications,True
Oceania,Large language models,2017,33,True,4483.0,publications,True
Oceania,Large language models,2018,56,True,5319.0,publications,True
Oceania,Large language models,2019,112,True,9228.0,publications,True
Oceania,Large language models,2020,248,True,22925.0,publications,True
Oceania,Large language models,2021,380,True,25494.0,publications,True
Oceania,Large language models,2022,451,True,20456.0,publications,True
Oceania,Large language models,2023,782,True,24928.0,publications,True
Oceania,Large language models,2024,856,False,9926.0,publications,True
Oceania,Large language models,2025,478,False,1184.0,publications,True
Oceania,Natural Language Processing,2015,297,True,13615.0,publications,True
Oceania,Natural Language Processing,2016,260,True,13023.0,publications,True
Oceania,Natural Language Processing,2017,334,True,16484.0,publications,True
Oceania,Natural Language Processing,2018,398,True,15339.0,publications,True
Oceania,Natural Language Processing,2019,449,True,14372.0,publications,True
Oceania,Natural Language Processing,2020,581,True,22829.0,publications,True
Oceania,Natural Language Processing,2021,658,True,16139.0,publications,True
Oceania,Natural Language Processing,2022,591,True,10892.0,publications,True
Oceania,Natural Language Processing,2023,829,True,19559.0,publications,True
Oceania,Natural Language Processing,2024,722,False,5590.0,publications,True
Oceania,Natural Language Processing,2025,342,False,603.0,publications,True
Oceania,Robotics,2015,622,True,16857.0,publications,True
Oceania,Robotics,2016,752,True,26065.0,publications,True
Oceania,Robotics,2017,702,True,21501.0,publications,True
Oceania,Robotics,2018,750,True,26482.0,publications,True
Oceania,Robotics,2019,859,True,26880.0,publications,True
Oceania,Robotics,2020,913,True,23394.0,publications,True
Oceania,Robotics,2021,958,True,21596.0,publications,True
Oceania,Robotics,2022,852,True,12468.0,publications,True
Oceania,Robotics,2023,898,True,9481.0,publications,True
Oceania,Robotics,2024,846,False,4201.0,publications,True
Oceania,Robotics,2025,523,False,497.0,publications,True
Oman,AI Safety,2023,3,True,20.0,publications,False
Oman,AI Safety,2024,21,False,59.0,publications,False
Oman,AI Safety,2025,7,False,5.0,publications,False
Oman,All,2015,38,True,497.0,publications,False
Oman,All,2016,51,True,628.0,publications,False
Oman,All,2017,50,True,1084.0,publications,False
Oman,All,2018,73,True,815.0,publications,False
Oman,All,2019,95,True,1481.0,publications,False
Oman,All,2020,111,True,1944.0,publications,False
Oman,All,2021,185,True,3788.0,publications,False
Oman,All,2022,252,True,3905.0,publications,False
Oman,All,2023,402,True,6554.0,publications,False
Oman,All,2024,589,False,2987.0,publications,False
Oman,All,2025,329,False,324.0,publications,False
Oman,Computer Vision,2015,10,True,87.0,publications,False
Oman,Computer Vision,2016,11,True,149.0,publications,False
Oman,Computer Vision,2017,14,True,217.0,publications,False
Oman,Computer Vision,2018,16,True,244.0,publications,False
Oman,Computer Vision,2019,22,True,240.0,publications,False
Oman,Computer Vision,2020,29,True,626.0,publications,False
Oman,Computer Vision,2021,55,True,771.0,publications,False
Oman,Computer Vision,2022,62,True,1029.0,publications,False
Oman,Computer Vision,2023,92,True,956.0,publications,False
Oman,Computer Vision,2024,122,False,561.0,publications,False
Oman,Computer Vision,2025,63,False,67.0,publications,False
Oman,Large language models,2021,1,True,29.0,publications,False
Oman,Large language models,2022,4,True,33.0,publications,False
Oman,Large language models,2023,9,True,52.0,publications,False
Oman,Large language models,2024,13,False,107.0,publications,False
Oman,Large language models,2025,9,False,5.0,publications,False
Oman,Natural Language Processing,2015,7,True,50.0,publications,False
Oman,Natural Language Processing,2016,8,True,214.0,publications,False
Oman,Natural Language Processing,2017,7,True,246.0,publications,False
Oman,Natural Language Processing,2018,4,True,41.0,publications,False
Oman,Natural Language Processing,2019,9,True,57.0,publications,False
Oman,Natural Language Processing,2020,12,True,117.0,publications,False
Oman,Natural Language Processing,2021,12,True,204.0,publications,False
Oman,Natural Language Processing,2022,12,True,24.0,publications,False
Oman,Natural Language Processing,2023,33,True,151.0,publications,False
Oman,Natural Language Processing,2024,35,False,238.0,publications,False
Oman,Natural Language Processing,2025,23,False,30.0,publications,False
Oman,Robotics,2015,4,True,10.0,publications,False
Oman,Robotics,2016,5,True,30.0,publications,False
Oman,Robotics,2017,5,True,22.0,publications,False
Oman,Robotics,2018,11,True,95.0,publications,False
Oman,Robotics,2019,22,True,300.0,publications,False
Oman,Robotics,2020,8,True,88.0,publications,False
Oman,Robotics,2021,12,True,118.0,publications,False
Oman,Robotics,2022,18,True,148.0,publications,False
Oman,Robotics,2023,36,True,227.0,publications,False
Oman,Robotics,2024,43,False,158.0,publications,False
Oman,Robotics,2025,19,False,17.0,publications,False
Pakistan,AI Safety,2016,4,True,56.0,publications,False
Pakistan,AI Safety,2017,3,True,56.0,publications,False
Pakistan,AI Safety,2018,10,True,973.0,publications,False
Pakistan,AI Safety,2019,9,True,858.0,publications,False
Pakistan,AI Safety,2020,15,True,858.0,publications,False
Pakistan,AI Safety,2021,5,True,155.0,publications,False
Pakistan,AI Safety,2022,14,True,197.0,publications,False
Pakistan,AI Safety,2023,40,True,605.0,publications,False
Pakistan,AI Safety,2024,71,False,609.0,publications,False
Pakistan,AI Safety,2025,42,False,29.0,publications,False
Pakistan,All,2015,469,True,11215.0,publications,False
Pakistan,All,2016,652,True,15832.0,publications,False
Pakistan,All,2017,840,True,25154.0,publications,False
Pakistan,All,2018,1134,True,37704.0,publications,False
Pakistan,All,2019,1635,True,58910.0,publications,False
Pakistan,All,2020,1909,True,68926.0,publications,False
Pakistan,All,2021,2727,True,81760.0,publications,False
Pakistan,All,2022,3213,True,70764.0,publications,False
Pakistan,All,2023,3474,True,52919.0,publications,False
Pakistan,All,2024,3473,False,25267.0,publications,False
Pakistan,All,2025,1802,False,2518.0,publications,False
Pakistan,Computer Vision,2015,194,True,5276.0,publications,False
Pakistan,Computer Vision,2016,254,True,5824.0,publications,False
Pakistan,Computer Vision,2017,347,True,12259.0,publications,False
Pakistan,Computer Vision,2018,438,True,15847.0,publications,False
Pakistan,Computer Vision,2019,595,True,22170.0,publications,False
Pakistan,Computer Vision,2020,650,True,26351.0,publications,False
Pakistan,Computer Vision,2021,944,True,32337.0,publications,False
Pakistan,Computer Vision,2022,1069,True,25212.0,publications,False
Pakistan,Computer Vision,2023,1134,True,17701.0,publications,False
Pakistan,Computer Vision,2024,1048,False,8166.0,publications,False
Pakistan,Computer Vision,2025,524,False,822.0,publications,False
Pakistan,Large language models,2017,2,True,192.0,publications,False
Pakistan,Large language models,2018,3,True,77.0,publications,False
Pakistan,Large language models,2019,5,True,113.0,publications,False
Pakistan,Large language models,2020,20,True,469.0,publications,False
Pakistan,Large language models,2021,32,True,1093.0,publications,False
Pakistan,Large language models,2022,52,True,1093.0,publications,False
Pakistan,Large language models,2023,103,True,2416.0,publications,False
Pakistan,Large language models,2024,160,False,1168.0,publications,False
Pakistan,Large language models,2025,120,False,159.0,publications,False
Pakistan,Natural Language Processing,2015,36,True,823.0,publications,False
Pakistan,Natural Language Processing,2016,69,True,2822.0,publications,False
Pakistan,Natural Language Processing,2017,73,True,2224.0,publications,False
Pakistan,Natural Language Processing,2018,120,True,2623.0,publications,False
Pakistan,Natural Language Processing,2019,138,True,3946.0,publications,False
Pakistan,Natural Language Processing,2020,202,True,5384.0,publications,False
Pakistan,Natural Language Processing,2021,243,True,6496.0,publications,False
Pakistan,Natural Language Processing,2022,259,True,4437.0,publications,False
Pakistan,Natural Language Processing,2023,295,True,4268.0,publications,False
Pakistan,Natural Language Processing,2024,274,False,1305.0,publications,False
Pakistan,Natural Language Processing,2025,154,False,224.0,publications,False
Pakistan,Robotics,2015,67,True,1229.0,publications,False
Pakistan,Robotics,2016,109,True,2260.0,publications,False
Pakistan,Robotics,2017,115,True,1490.0,publications,False
Pakistan,Robotics,2018,130,True,2363.0,publications,False
Pakistan,Robotics,2019,174,True,2013.0,publications,False
Pakistan,Robotics,2020,140,True,2509.0,publications,False
Pakistan,Robotics,2021,198,True,2765.0,publications,False
Pakistan,Robotics,2022,201,True,3288.0,publications,False
Pakistan,Robotics,2023,212,True,2348.0,publications,False
Pakistan,Robotics,2024,194,False,837.0,publications,False
Pakistan,Robotics,2025,112,False,67.0,publications,False
Palau,All,2019,1,True,2.0,publications,False
Panama,All,2015,12,True,648.0,publications,False
Panama,All,2016,8,True,36.0,publications,False
Panama,All,2017,13,True,223.0,publications,False
Panama,All,2018,19,True,132.0,publications,False
Panama,All,2019,19,True,160.0,publications,False
Panama,All,2020,18,True,191.0,publications,False
Panama,All,2021,20,True,179.0,publications,False
Panama,All,2022,39,True,408.0,publications,False
Panama,All,2023,26,True,125.0,publications,False
Panama,All,2024,28,False,67.0,publications,False
Panama,All,2025,13,False,16.0,publications,False
Panama,Computer Vision,2015,5,True,461.0,publications,False
Panama,Computer Vision,2016,1,True,,publications,False
Panama,Computer Vision,2017,4,True,136.0,publications,False
Panama,Computer Vision,2018,6,True,49.0,publications,False
Panama,Computer Vision,2019,7,True,127.0,publications,False
Panama,Computer Vision,2020,3,True,71.0,publications,False
Panama,Computer Vision,2021,8,True,92.0,publications,False
Panama,Computer Vision,2022,13,True,43.0,publications,False
Panama,Computer Vision,2023,4,True,21.0,publications,False
Panama,Computer Vision,2024,9,False,28.0,publications,False
Panama,Computer Vision,2025,4,False,9.0,publications,False
Panama,Large language models,2024,1,False,,publications,False
Panama,Natural Language Processing,2018,1,True,6.0,publications,False
Panama,Natural Language Processing,2020,1,True,4.0,publications,False
Panama,Natural Language Processing,2021,1,True,1.0,publications,False
Panama,Natural Language Processing,2022,3,True,54.0,publications,False
Panama,Natural Language Processing,2023,1,True,1.0,publications,False
Panama,Natural Language Processing,2024,2,False,,publications,False
Panama,Robotics,2015,4,True,25.0,publications,False
Panama,Robotics,2016,3,True,31.0,publications,False
Panama,Robotics,2017,6,True,31.0,publications,False
Panama,Robotics,2018,8,True,67.0,publications,False
Panama,Robotics,2019,5,True,18.0,publications,False
Panama,Robotics,2020,5,True,43.0,publications,False
Panama,Robotics,2021,3,True,4.0,publications,False
Panama,Robotics,2022,8,True,74.0,publications,False
Panama,Robotics,2023,8,True,46.0,publications,False
Panama,Robotics,2024,9,False,9.0,publications,False
Papua New Guinea,AI Safety,2024,1,False,1.0,publications,False
Papua New Guinea,All,2015,2,True,10.0,publications,False
Papua New Guinea,All,2016,1,True,2.0,publications,False
Papua New Guinea,All,2017,1,True,4.0,publications,False
Papua New Guinea,All,2018,5,True,33.0,publications,False
Papua New Guinea,All,2019,8,True,259.0,publications,False
Papua New Guinea,All,2020,6,True,305.0,publications,False
Papua New Guinea,All,2021,14,True,304.0,publications,False
Papua New Guinea,All,2022,12,True,148.0,publications,False
Papua New Guinea,All,2023,15,True,129.0,publications,False
Papua New Guinea,All,2024,19,False,36.0,publications,False
Papua New Guinea,All,2025,13,False,4.0,publications,False
Papua New Guinea,Computer Vision,2019,2,True,45.0,publications,False
Papua New Guinea,Computer Vision,2021,6,True,135.0,publications,False
Papua New Guinea,Computer Vision,2023,4,True,9.0,publications,False
Papua New Guinea,Computer Vision,2024,1,False,8.0,publications,False
Papua New Guinea,Computer Vision,2025,7,False,1.0,publications,False
Papua New Guinea,Large language models,2025,1,False,,publications,False
Papua New Guinea,Natural Language Processing,2015,1,True,,publications,False
Papua New Guinea,Natural Language Processing,2016,1,True,2.0,publications,False
Papua New Guinea,Natural Language Processing,2018,1,True,2.0,publications,False
Papua New Guinea,Natural Language Processing,2021,3,True,103.0,publications,False
Papua New Guinea,Natural Language Processing,2022,2,True,23.0,publications,False
Papua New Guinea,Natural Language Processing,2024,1,False,,publications,False
Papua New Guinea,Natural Language Processing,2025,1,False,,publications,False
Papua New Guinea,Robotics,2015,1,True,10.0,publications,False
Papua New Guinea,Robotics,2018,2,True,29.0,publications,False
Papua New Guinea,Robotics,2019,1,True,24.0,publications,False
Papua New Guinea,Robotics,2020,1,True,82.0,publications,False
Papua New Guinea,Robotics,2021,2,True,63.0,publications,False
Papua New Guinea,Robotics,2022,4,True,35.0,publications,False
Paraguay,All,2015,11,True,126.0,publications,False
Paraguay,All,2016,21,True,293.0,publications,False
Paraguay,All,2017,13,True,156.0,publications,False
Paraguay,All,2018,22,True,144.0,publications,False
Paraguay,All,2019,21,True,400.0,publications,False
Paraguay,All,2020,27,True,443.0,publications,False
Paraguay,All,2021,41,True,374.0,publications,False
Paraguay,All,2022,21,True,213.0,publications,False
Paraguay,All,2023,24,True,105.0,publications,False
Paraguay,All,2024,15,False,39.0,publications,False
Paraguay,All,2025,6,False,6.0,publications,False
Paraguay,Computer Vision,2015,5,True,59.0,publications,False
Paraguay,Computer Vision,2016,3,True,20.0,publications,False
Paraguay,Computer Vision,2017,4,True,41.0,publications,False
Paraguay,Computer Vision,2018,7,True,26.0,publications,False
Paraguay,Computer Vision,2019,8,True,142.0,publications,False
Paraguay,Computer Vision,2020,10,True,58.0,publications,False
Paraguay,Computer Vision,2021,16,True,145.0,publications,False
Paraguay,Computer Vision,2022,10,True,26.0,publications,False
Paraguay,Computer Vision,2023,7,True,41.0,publications,False
Paraguay,Computer Vision,2024,3,False,2.0,publications,False
Paraguay,Large language models,2025,1,False,2.0,publications,False
Paraguay,Natural Language Processing,2015,1,True,1.0,publications,False
Paraguay,Natural Language Processing,2020,5,True,5.0,publications,False
Paraguay,Natural Language Processing,2021,2,True,1.0,publications,False
Paraguay,Natural Language Processing,2022,1,True,,publications,False
Paraguay,Robotics,2015,2,True,13.0,publications,False
Paraguay,Robotics,2016,9,True,166.0,publications,False
Paraguay,Robotics,2017,5,True,103.0,publications,False
Paraguay,Robotics,2018,8,True,51.0,publications,False
Paraguay,Robotics,2019,6,True,41.0,publications,False
Paraguay,Robotics,2020,4,True,100.0,publications,False
Paraguay,Robotics,2021,3,True,11.0,publications,False
Paraguay,Robotics,2024,2,False,2.0,publications,False
Paraguay,Robotics,2025,1,False,1.0,publications,False
Peru,AI Safety,2015,2,True,3.0,publications,False
Peru,AI Safety,2016,1,True,2.0,publications,False
Peru,AI Safety,2017,1,True,1.0,publications,False
Peru,AI Safety,2018,1,True,6.0,publications,False
Peru,AI Safety,2021,2,True,10.0,publications,False
Peru,AI Safety,2023,3,True,8.0,publications,False
Peru,AI Safety,2025,1,False,,publications,False
Peru,All,2015,71,True,714.0,publications,False
Peru,All,2016,86,True,815.0,publications,False
Peru,All,2017,122,True,5328.0,publications,False
Peru,All,2018,157,True,1516.0,publications,False
Peru,All,2019,216,True,1982.0,publications,False
Peru,All,2020,290,True,2501.0,publications,False
Peru,All,2021,357,True,3144.0,publications,False
Peru,All,2022,373,True,3488.0,publications,False
Peru,All,2023,533,True,2932.0,publications,False
Peru,All,2024,470,False,1383.0,publications,False
Peru,All,2025,221,False,173.0,publications,False
Peru,Computer Vision,2015,29,True,358.0,publications,False
Peru,Computer Vision,2016,23,True,387.0,publications,False
Peru,Computer Vision,2017,48,True,4424.0,publications,False
Peru,Computer Vision,2018,53,True,540.0,publications,False
Peru,Computer Vision,2019,87,True,1002.0,publications,False
Peru,Computer Vision,2020,101,True,815.0,publications,False
Peru,Computer Vision,2021,98,True,751.0,publications,False
Peru,Computer Vision,2022,92,True,1001.0,publications,False
Peru,Computer Vision,2023,150,True,590.0,publications,False
Peru,Computer Vision,2024,94,False,182.0,publications,False
Peru,Computer Vision,2025,51,False,38.0,publications,False
Peru,Large language models,2015,1,True,12.0,publications,False
Peru,Large language models,2017,1,True,75.0,publications,False
Peru,Large language models,2018,1,True,11.0,publications,False
Peru,Large language models,2019,1,True,10.0,publications,False
Peru,Large language models,2020,4,True,88.0,publications,False
Peru,Large language models,2021,8,True,105.0,publications,False
Peru,Large language models,2022,3,True,24.0,publications,False
Peru,Large language models,2023,4,True,54.0,publications,False
Peru,Large language models,2024,8,False,27.0,publications,False
Peru,Large language models,2025,3,False,,publications,False
Peru,Natural Language Processing,2015,7,True,50.0,publications,False
Peru,Natural Language Processing,2016,5,True,11.0,publications,False
Peru,Natural Language Processing,2017,11,True,248.0,publications,False
Peru,Natural Language Processing,2018,11,True,69.0,publications,False
Peru,Natural Language Processing,2019,15,True,75.0,publications,False
Peru,Natural Language Processing,2020,25,True,213.0,publications,False
Peru,Natural Language Processing,2021,26,True,287.0,publications,False
Peru,Natural Language Processing,2022,29,True,256.0,publications,False
Peru,Natural Language Processing,2023,22,True,151.0,publications,False
Peru,Natural Language Processing,2024,21,False,37.0,publications,False
Peru,Natural Language Processing,2025,7,False,3.0,publications,False
Peru,Robotics,2015,7,True,79.0,publications,False
Peru,Robotics,2016,23,True,255.0,publications,False
Peru,Robotics,2017,41,True,410.0,publications,False
Peru,Robotics,2018,38,True,378.0,publications,False
Peru,Robotics,2019,47,True,382.0,publications,False
Peru,Robotics,2020,49,True,453.0,publications,False
Peru,Robotics,2021,84,True,787.0,publications,False
Peru,Robotics,2022,86,True,602.0,publications,False
Peru,Robotics,2023,105,True,476.0,publications,False
Peru,Robotics,2024,96,False,159.0,publications,False
Peru,Robotics,2025,44,False,12.0,publications,False
Philippines,AI Safety,2016,1,True,12.0,publications,False
Philippines,AI Safety,2018,1,True,5.0,publications,False
Philippines,AI Safety,2019,4,True,10.0,publications,False
Philippines,AI Safety,2020,5,True,95.0,publications,False
Philippines,AI Safety,2021,3,True,47.0,publications,False
Philippines,AI Safety,2022,3,True,45.0,publications,False
Philippines,AI Safety,2023,19,True,71.0,publications,False
Philippines,AI Safety,2024,26,False,95.0,publications,False
Philippines,AI Safety,2025,11,False,15.0,publications,False
Philippines,All,2015,104,True,970.0,publications,False
Philippines,All,2016,110,True,1586.0,publications,False
Philippines,All,2017,186,True,2695.0,publications,False
Philippines,All,2018,326,True,4570.0,publications,False
Philippines,All,2019,454,True,5707.0,publications,False
Philippines,All,2020,441,True,5098.0,publications,False
Philippines,All,2021,530,True,6321.0,publications,False
Philippines,All,2022,741,True,5406.0,publications,False
Philippines,All,2023,986,True,4446.0,publications,False
Philippines,All,2024,1126,False,2586.0,publications,False
Philippines,All,2025,464,False,281.0,publications,False
Philippines,Computer Vision,2015,38,True,442.0,publications,False
Philippines,Computer Vision,2016,45,True,961.0,publications,False
Philippines,Computer Vision,2017,70,True,1021.0,publications,False
Philippines,Computer Vision,2018,128,True,2617.0,publications,False
Philippines,Computer Vision,2019,196,True,2888.0,publications,False
Philippines,Computer Vision,2020,187,True,2362.0,publications,False
Philippines,Computer Vision,2021,227,True,3041.0,publications,False
Philippines,Computer Vision,2022,308,True,2302.0,publications,False
Philippines,Computer Vision,2023,388,True,1449.0,publications,False
Philippines,Computer Vision,2024,438,False,587.0,publications,False
Philippines,Computer Vision,2025,150,False,50.0,publications,False
Philippines,Large language models,2017,1,True,13.0,publications,False
Philippines,Large language models,2018,3,True,99.0,publications,False
Philippines,Large language models,2019,2,True,65.0,publications,False
Philippines,Large language models,2020,6,True,193.0,publications,False
Philippines,Large language models,2021,10,True,392.0,publications,False
Philippines,Large language models,2022,13,True,295.0,publications,False
Philippines,Large language models,2023,35,True,330.0,publications,False
Philippines,Large language models,2024,37,False,123.0,publications,False
Philippines,Large language models,2025,16,False,6.0,publications,False
Philippines,Natural Language Processing,2015,15,True,143.0,publications,False
Philippines,Natural Language Processing,2016,10,True,53.0,publications,False
Philippines,Natural Language Processing,2017,25,True,137.0,publications,False
Philippines,Natural Language Processing,2018,32,True,366.0,publications,False
Philippines,Natural Language Processing,2019,44,True,365.0,publications,False
Philippines,Natural Language Processing,2020,34,True,515.0,publications,False
Philippines,Natural Language Processing,2021,50,True,590.0,publications,False
Philippines,Natural Language Processing,2022,75,True,297.0,publications,False
Philippines,Natural Language Processing,2023,101,True,506.0,publications,False
Philippines,Natural Language Processing,2024,95,False,219.0,publications,False
Philippines,Natural Language Processing,2025,40,False,19.0,publications,False
Philippines,Robotics,2015,19,True,149.0,publications,False
Philippines,Robotics,2016,13,True,140.0,publications,False
Philippines,Robotics,2017,29,True,254.0,publications,False
Philippines,Robotics,2018,47,True,786.0,publications,False
Philippines,Robotics,2019,58,True,484.0,publications,False
Philippines,Robotics,2020,59,True,790.0,publications,False
Philippines,Robotics,2021,67,True,373.0,publications,False
Philippines,Robotics,2022,68,True,386.0,publications,False
Philippines,Robotics,2023,53,True,118.0,publications,False
Philippines,Robotics,2024,78,False,229.0,publications,False
Philippines,Robotics,2025,32,False,51.0,publications,False
Poland,AI Safety,2015,7,True,581.0,publications,False
Poland,AI Safety,2016,7,True,137.0,publications,False
Poland,AI Safety,2017,10,True,2060.0,publications,False
Poland,AI Safety,2018,16,True,850.0,publications,False
Poland,AI Safety,2019,16,True,558.0,publications,False
Poland,AI Safety,2020,16,True,260.0,publications,False
Poland,AI Safety,2021,21,True,771.0,publications,False
Poland,AI Safety,2022,16,True,235.0,publications,False
Poland,AI Safety,2023,32,True,435.0,publications,False
Poland,AI Safety,2024,49,False,226.0,publications,False
Poland,AI Safety,2025,25,False,29.0,publications,False
Poland,All,2015,1730,True,28848.0,publications,False
Poland,All,2016,1831,True,30800.0,publications,False
Poland,All,2017,1896,True,32819.0,publications,False
Poland,All,2018,2002,True,32200.0,publications,False
Poland,All,2019,1937,True,33580.0,publications,False
Poland,All,2020,1993,True,39010.0,publications,False
Poland,All,2021,2266,True,41740.0,publications,False
Poland,All,2022,2128,True,29507.0,publications,False
Poland,All,2023,2574,True,30858.0,publications,False
Poland,All,2024,2335,False,11342.0,publications,False
Poland,All,2025,1304,False,1504.0,publications,False
Poland,Computer Vision,2015,377,True,5634.0,publications,False
Poland,Computer Vision,2016,452,True,7499.0,publications,False
Poland,Computer Vision,2017,444,True,5765.0,publications,False
Poland,Computer Vision,2018,511,True,8469.0,publications,False
Poland,Computer Vision,2019,456,True,8838.0,publications,False
Poland,Computer Vision,2020,490,True,10122.0,publications,False
Poland,Computer Vision,2021,526,True,12429.0,publications,False
Poland,Computer Vision,2022,489,True,7409.0,publications,False
Poland,Computer Vision,2023,570,True,5803.0,publications,False
Poland,Computer Vision,2024,508,False,2377.0,publications,False
Poland,Computer Vision,2025,310,False,363.0,publications,False
Poland,Large language models,2015,3,True,4077.0,publications,False
Poland,Large language models,2016,5,True,2631.0,publications,False
Poland,Large language models,2017,9,True,3585.0,publications,False
Poland,Large language models,2018,9,True,437.0,publications,False
Poland,Large language models,2019,24,True,2467.0,publications,False
Poland,Large language models,2020,26,True,828.0,publications,False
Poland,Large language models,2021,61,True,3390.0,publications,False
Poland,Large language models,2022,43,True,867.0,publications,False
Poland,Large language models,2023,95,True,4202.0,publications,False
Poland,Large language models,2024,88,False,574.0,publications,False
Poland,Large language models,2025,57,False,103.0,publications,False
Poland,Natural Language Processing,2015,172,True,6188.0,publications,False
Poland,Natural Language Processing,2016,156,True,2385.0,publications,False
Poland,Natural Language Processing,2017,184,True,5344.0,publications,False
Poland,Natural Language Processing,2018,206,True,3208.0,publications,False
Poland,Natural Language Processing,2019,188,True,2527.0,publications,False
Poland,Natural Language Processing,2020,191,True,2528.0,publications,False
Poland,Natural Language Processing,2021,239,True,4648.0,publications,False
Poland,Natural Language Processing,2022,177,True,1697.0,publications,False
Poland,Natural Language Processing,2023,284,True,5355.0,publications,False
Poland,Natural Language Processing,2024,168,False,609.0,publications,False
Poland,Natural Language Processing,2025,92,False,103.0,publications,False
Poland,Robotics,2015,347,True,3293.0,publications,False
Poland,Robotics,2016,394,True,4642.0,publications,False
Poland,Robotics,2017,357,True,3814.0,publications,False
Poland,Robotics,2018,391,True,3355.0,publications,False
Poland,Robotics,2019,374,True,4256.0,publications,False
Poland,Robotics,2020,330,True,4577.0,publications,False
Poland,Robotics,2021,300,True,3421.0,publications,False
Poland,Robotics,2022,366,True,3373.0,publications,False
Poland,Robotics,2023,369,True,2122.0,publications,False
Poland,Robotics,2024,356,False,1067.0,publications,False
Poland,Robotics,2025,199,False,131.0,publications,False
Portugal,AI Safety,2015,10,True,89.0,publications,False
Portugal,AI Safety,2016,10,True,166.0,publications,False
Portugal,AI Safety,2017,15,True,284.0,publications,False
Portugal,AI Safety,2018,11,True,233.0,publications,False
Portugal,AI Safety,2019,16,True,407.0,publications,False
Portugal,AI Safety,2020,28,True,487.0,publications,False
Portugal,AI Safety,2021,29,True,600.0,publications,False
Portugal,AI Safety,2022,30,True,573.0,publications,False
Portugal,AI Safety,2023,46,True,581.0,publications,False
Portugal,AI Safety,2024,57,False,526.0,publications,False
Portugal,AI Safety,2025,33,False,35.0,publications,False
Portugal,All,2015,1209,True,25661.0,publications,False
Portugal,All,2016,1097,True,35260.0,publications,False
Portugal,All,2017,1148,True,29451.0,publications,False
Portugal,All,2018,1258,True,35148.0,publications,False
Portugal,All,2019,1486,True,38575.0,publications,False
Portugal,All,2020,1465,True,34144.0,publications,False
Portugal,All,2021,1796,True,32278.0,publications,False
Portugal,All,2022,1798,True,29236.0,publications,False
Portugal,All,2023,2005,True,20714.0,publications,False
Portugal,All,2024,1909,False,9404.0,publications,False
Portugal,All,2025,1061,False,1106.0,publications,False
Portugal,Computer Vision,2015,236,True,7117.0,publications,False
Portugal,Computer Vision,2016,204,True,6836.0,publications,False
Portugal,Computer Vision,2017,242,True,10575.0,publications,False
Portugal,Computer Vision,2018,260,True,9582.0,publications,False
Portugal,Computer Vision,2019,337,True,9567.0,publications,False
Portugal,Computer Vision,2020,287,True,7513.0,publications,False
Portugal,Computer Vision,2021,415,True,8170.0,publications,False
Portugal,Computer Vision,2022,438,True,6597.0,publications,False
Portugal,Computer Vision,2023,450,True,5071.0,publications,False
Portugal,Computer Vision,2024,455,False,2035.0,publications,False
Portugal,Computer Vision,2025,202,False,180.0,publications,False
Portugal,Large language models,2015,3,True,73.0,publications,False
Portugal,Large language models,2016,2,True,17.0,publications,False
Portugal,Large language models,2017,3,True,82.0,publications,False
Portugal,Large language models,2018,7,True,399.0,publications,False
Portugal,Large language models,2019,17,True,1284.0,publications,False
Portugal,Large language models,2020,25,True,2026.0,publications,False
Portugal,Large language models,2021,39,True,873.0,publications,False
Portugal,Large language models,2022,53,True,1417.0,publications,False
Portugal,Large language models,2023,74,True,1998.0,publications,False
Portugal,Large language models,2024,63,False,550.0,publications,False
Portugal,Large language models,2025,53,False,54.0,publications,False
Portugal,Natural Language Processing,2015,135,True,4107.0,publications,False
Portugal,Natural Language Processing,2016,128,True,2753.0,publications,False
Portugal,Natural Language Processing,2017,101,True,1779.0,publications,False
Portugal,Natural Language Processing,2018,139,True,5314.0,publications,False
Portugal,Natural Language Processing,2019,136,True,3197.0,publications,False
Portugal,Natural Language Processing,2020,161,True,3351.0,publications,False
Portugal,Natural Language Processing,2021,160,True,2165.0,publications,False
Portugal,Natural Language Processing,2022,133,True,1952.0,publications,False
Portugal,Natural Language Processing,2023,173,True,2127.0,publications,False
Portugal,Natural Language Processing,2024,134,False,569.0,publications,False
Portugal,Natural Language Processing,2025,61,False,47.0,publications,False
Portugal,Robotics,2015,321,True,5506.0,publications,False
Portugal,Robotics,2016,288,True,6797.0,publications,False
Portugal,Robotics,2017,305,True,6304.0,publications,False
Portugal,Robotics,2018,304,True,5996.0,publications,False
Portugal,Robotics,2019,398,True,6651.0,publications,False
Portugal,Robotics,2020,296,True,4837.0,publications,False
Portugal,Robotics,2021,306,True,5360.0,publications,False
Portugal,Robotics,2022,319,True,3355.0,publications,False
Portugal,Robotics,2023,324,True,2137.0,publications,False
Portugal,Robotics,2024,327,False,1138.0,publications,False
Portugal,Robotics,2025,162,False,119.0,publications,False
Qatar,AI Safety,2015,2,True,73.0,publications,False
Qatar,AI Safety,2016,2,True,179.0,publications,False
Qatar,AI Safety,2017,4,True,869.0,publications,False
Qatar,AI Safety,2018,5,True,114.0,publications,False
Qatar,AI Safety,2019,10,True,680.0,publications,False
Qatar,AI Safety,2020,11,True,1680.0,publications,False
Qatar,AI Safety,2021,8,True,314.0,publications,False
Qatar,AI Safety,2022,15,True,306.0,publications,False
Qatar,AI Safety,2023,9,True,158.0,publications,False
Qatar,AI Safety,2024,18,False,289.0,publications,False
Qatar,AI Safety,2025,19,False,45.0,publications,False
Qatar,All,2015,188,True,10482.0,publications,False
Qatar,All,2016,221,True,11239.0,publications,False
Qatar,All,2017,215,True,18492.0,publications,False
Qatar,All,2018,260,True,14881.0,publications,False
Qatar,All,2019,295,True,17273.0,publications,False
Qatar,All,2020,420,True,27340.0,publications,False
Qatar,All,2021,478,True,22703.0,publications,False
Qatar,All,2022,557,True,16481.0,publications,False
Qatar,All,2023,692,True,16753.0,publications,False
Qatar,All,2024,633,False,6706.0,publications,False
Qatar,All,2025,395,False,500.0,publications,False
Qatar,Computer Vision,2015,38,True,1406.0,publications,False
Qatar,Computer Vision,2016,48,True,2367.0,publications,False
Qatar,Computer Vision,2017,40,True,4907.0,publications,False
Qatar,Computer Vision,2018,64,True,3450.0,publications,False
Qatar,Computer Vision,2019,55,True,4314.0,publications,False
Qatar,Computer Vision,2020,94,True,7726.0,publications,False
Qatar,Computer Vision,2021,96,True,4364.0,publications,False
Qatar,Computer Vision,2022,123,True,3904.0,publications,False
Qatar,Computer Vision,2023,165,True,2732.0,publications,False
Qatar,Computer Vision,2024,143,False,1052.0,publications,False
Qatar,Computer Vision,2025,115,False,174.0,publications,False
Qatar,Large language models,2015,2,True,48.0,publications,False
Qatar,Large language models,2016,4,True,94.0,publications,False
Qatar,Large language models,2017,6,True,653.0,publications,False
Qatar,Large language models,2018,2,True,784.0,publications,False
Qatar,Large language models,2019,8,True,323.0,publications,False
Qatar,Large language models,2020,15,True,1481.0,publications,False
Qatar,Large language models,2021,20,True,1214.0,publications,False
Qatar,Large language models,2022,20,True,437.0,publications,False
Qatar,Large language models,2023,35,True,496.0,publications,False
Qatar,Large language models,2024,26,False,146.0,publications,False
Qatar,Large language models,2025,42,False,56.0,publications,False
Qatar,Natural Language Processing,2015,62,True,4628.0,publications,False
Qatar,Natural Language Processing,2016,83,True,4792.0,publications,False
Qatar,Natural Language Processing,2017,75,True,7965.0,publications,False
Qatar,Natural Language Processing,2018,52,True,3514.0,publications,False
Qatar,Natural Language Processing,2019,70,True,4772.0,publications,False
Qatar,Natural Language Processing,2020,62,True,4852.0,publications,False
Qatar,Natural Language Processing,2021,73,True,3512.0,publications,False
Qatar,Natural Language Processing,2022,56,True,1236.0,publications,False
Qatar,Natural Language Processing,2023,64,True,1944.0,publications,False
Qatar,Natural Language Processing,2024,40,False,259.0,publications,False
Qatar,Natural Language Processing,2025,22,False,29.0,publications,False
Qatar,Robotics,2015,16,True,404.0,publications,False
Qatar,Robotics,2016,22,True,417.0,publications,False
Qatar,Robotics,2017,28,True,638.0,publications,False
Qatar,Robotics,2018,37,True,853.0,publications,False
Qatar,Robotics,2019,30,True,602.0,publications,False
Qatar,Robotics,2020,26,True,995.0,publications,False
Qatar,Robotics,2021,31,True,486.0,publications,False
Qatar,Robotics,2022,42,True,576.0,publications,False
Qatar,Robotics,2023,48,True,403.0,publications,False
Qatar,Robotics,2024,40,False,200.0,publications,False
Qatar,Robotics,2025,30,False,27.0,publications,False
Quad,AI Safety,2015,587,True,66289.0,publications,True
Quad,AI Safety,2016,717,True,174049.0,publications,True
Quad,AI Safety,2017,928,True,248152.0,publications,True
Quad,AI Safety,2018,1476,True,238133.0,publications,True
Quad,AI Safety,2019,2195,True,220743.0,publications,True
Quad,AI Safety,2020,2905,True,193618.0,publications,True
Quad,AI Safety,2021,2967,True,120633.0,publications,True
Quad,AI Safety,2022,2302,True,57117.0,publications,True
Quad,AI Safety,2023,3159,True,57528.0,publications,True
Quad,AI Safety,2024,4358,False,24840.0,publications,True
Quad,AI Safety,2025,2474,False,3801.0,publications,True
Quad,All,2015,37843,True,2175151.0,publications,True
Quad,All,2016,41344,True,2473439.0,publications,True
Quad,All,2017,45968,True,2767658.0,publications,True
Quad,All,2018,56443,True,3001212.0,publications,True
Quad,All,2019,67957,True,3076858.0,publications,True
Quad,All,2020,80737,True,2975431.0,publications,True
Quad,All,2021,93466,True,2275716.0,publications,True
Quad,All,2022,87986,True,1411643.0,publications,True
Quad,All,2023,109000,True,1200016.0,publications,True
Quad,All,2024,115656,False,506452.0,publications,True
Quad,All,2025,56346,False,49191.0,publications,True
Quad,Computer Vision,2015,11450,True,1092225.0,publications,True
Quad,Computer Vision,2016,12332,True,1077902.0,publications,True
Quad,Computer Vision,2017,13541,True,1059233.0,publications,True
Quad,Computer Vision,2018,16369,True,1074165.0,publications,True
Quad,Computer Vision,2019,19257,True,1035526.0,publications,True
Quad,Computer Vision,2020,22475,True,1073699.0,publications,True
Quad,Computer Vision,2021,27118,True,803278.0,publications,True
Quad,Computer Vision,2022,26204,True,483511.0,publications,True
Quad,Computer Vision,2023,32148,True,353986.0,publications,True
Quad,Computer Vision,2024,33449,False,139100.0,publications,True
Quad,Computer Vision,2025,15233,False,12956.0,publications,True
Quad,Large language models,2015,181,True,54734.0,publications,True
Quad,Large language models,2016,312,True,79871.0,publications,True
Quad,Large language models,2017,493,True,256999.0,publications,True
Quad,Large language models,2018,1111,True,289213.0,publications,True
Quad,Large language models,2019,2183,True,349682.0,publications,True
Quad,Large language models,2020,3619,True,413705.0,publications,True
Quad,Large language models,2021,5092,True,395261.0,publications,True
Quad,Large language models,2022,4572,True,223124.0,publications,True
Quad,Large language models,2023,7501,True,264222.0,publications,True
Quad,Large language models,2024,8082,False,84061.0,publications,True
Quad,Large language models,2025,4524,False,9216.0,publications,True
Quad,Natural Language Processing,2015,4148,True,258523.0,publications,True
Quad,Natural Language Processing,2016,4838,True,260026.0,publications,True
Quad,Natural Language Processing,2017,5013,True,423143.0,publications,True
Quad,Natural Language Processing,2018,6291,True,456569.0,publications,True
Quad,Natural Language Processing,2019,7363,True,451641.0,publications,True
Quad,Natural Language Processing,2020,8932,True,395890.0,publications,True
Quad,Natural Language Processing,2021,10119,True,316345.0,publications,True
Quad,Natural Language Processing,2022,8719,True,173989.0,publications,True
Quad,Natural Language Processing,2023,11220,True,206754.0,publications,True
Quad,Natural Language Processing,2024,9796,False,57688.0,publications,True
Quad,Natural Language Processing,2025,4661,False,6178.0,publications,True
Quad,Robotics,2015,9114,True,224484.0,publications,True
Quad,Robotics,2016,9677,True,246791.0,publications,True
Quad,Robotics,2017,10169,True,261075.0,publications,True
Quad,Robotics,2018,11197,True,280957.0,publications,True
Quad,Robotics,2019,12057,True,278460.0,publications,True
Quad,Robotics,2020,13099,True,249625.0,publications,True
Quad,Robotics,2021,13309,True,199008.0,publications,True
Quad,Robotics,2022,12602,True,148077.0,publications,True
Quad,Robotics,2023,13815,True,104420.0,publications,True
Quad,Robotics,2024,13967,False,44533.0,publications,True
Quad,Robotics,2025,7073,False,4340.0,publications,True
Romania,AI Safety,2015,3,True,49.0,publications,False
Romania,AI Safety,2016,4,True,337.0,publications,False
Romania,AI Safety,2017,2,True,9.0,publications,False
Romania,AI Safety,2018,7,True,174.0,publications,False
Romania,AI Safety,2019,15,True,2040.0,publications,False
Romania,AI Safety,2020,14,True,192.0,publications,False
Romania,AI Safety,2021,10,True,166.0,publications,False
Romania,AI Safety,2022,8,True,34.0,publications,False
Romania,AI Safety,2023,12,True,124.0,publications,False
Romania,AI Safety,2024,25,False,94.0,publications,False
Romania,AI Safety,2025,25,False,52.0,publications,False
Romania,All,2015,935,True,12441.0,publications,False
Romania,All,2016,848,True,16548.0,publications,False
Romania,All,2017,837,True,17499.0,publications,False
Romania,All,2018,934,True,18114.0,publications,False
Romania,All,2019,1121,True,17713.0,publications,False
Romania,All,2020,1279,True,19607.0,publications,False
Romania,All,2021,1286,True,18931.0,publications,False
Romania,All,2022,1217,True,13791.0,publications,False
Romania,All,2023,1324,True,9916.0,publications,False
Romania,All,2024,1318,False,5189.0,publications,False
Romania,All,2025,788,False,834.0,publications,False
Romania,Computer Vision,2015,235,True,3309.0,publications,False
Romania,Computer Vision,2016,213,True,3516.0,publications,False
Romania,Computer Vision,2017,235,True,6217.0,publications,False
Romania,Computer Vision,2018,226,True,5452.0,publications,False
Romania,Computer Vision,2019,291,True,5546.0,publications,False
Romania,Computer Vision,2020,364,True,6261.0,publications,False
Romania,Computer Vision,2021,368,True,6319.0,publications,False
Romania,Computer Vision,2022,358,True,5810.0,publications,False
Romania,Computer Vision,2023,331,True,1941.0,publications,False
Romania,Computer Vision,2024,319,False,1080.0,publications,False
Romania,Computer Vision,2025,181,False,136.0,publications,False
Romania,Large language models,2015,1,True,10.0,publications,False
Romania,Large language models,2016,3,True,151.0,publications,False
Romania,Large language models,2017,2,True,347.0,publications,False
Romania,Large language models,2018,5,True,133.0,publications,False
Romania,Large language models,2019,7,True,399.0,publications,False
Romania,Large language models,2020,36,True,1058.0,publications,False
Romania,Large language models,2021,42,True,989.0,publications,False
Romania,Large language models,2022,38,True,812.0,publications,False
Romania,Large language models,2023,45,True,373.0,publications,False
Romania,Large language models,2024,60,False,306.0,publications,False
Romania,Large language models,2025,36,False,57.0,publications,False
Romania,Natural Language Processing,2015,94,True,1443.0,publications,False
Romania,Natural Language Processing,2016,104,True,4301.0,publications,False
Romania,Natural Language Processing,2017,129,True,3342.0,publications,False
Romania,Natural Language Processing,2018,95,True,3693.0,publications,False
Romania,Natural Language Processing,2019,107,True,1686.0,publications,False
Romania,Natural Language Processing,2020,173,True,2640.0,publications,False
Romania,Natural Language Processing,2021,142,True,1497.0,publications,False
Romania,Natural Language Processing,2022,129,True,1032.0,publications,False
Romania,Natural Language Processing,2023,143,True,816.0,publications,False
Romania,Natural Language Processing,2024,90,False,367.0,publications,False
Romania,Natural Language Processing,2025,58,False,66.0,publications,False
Romania,Robotics,2015,272,True,2789.0,publications,False
Romania,Robotics,2016,233,True,2480.0,publications,False
Romania,Robotics,2017,210,True,3129.0,publications,False
Romania,Robotics,2018,274,True,2189.0,publications,False
Romania,Robotics,2019,308,True,4729.0,publications,False
Romania,Robotics,2020,269,True,2363.0,publications,False
Romania,Robotics,2021,271,True,2046.0,publications,False
Romania,Robotics,2022,242,True,1322.0,publications,False
Romania,Robotics,2023,264,True,876.0,publications,False
Romania,Robotics,2024,243,False,518.0,publications,False
Romania,Robotics,2025,105,False,69.0,publications,False
Russia,AI Safety,2015,5,True,104.0,publications,False
Russia,AI Safety,2016,7,True,133.0,publications,False
Russia,AI Safety,2017,9,True,80.0,publications,False
Russia,AI Safety,2018,16,True,397.0,publications,False
Russia,AI Safety,2019,9,True,306.0,publications,False
Russia,AI Safety,2020,16,True,253.0,publications,False
Russia,AI Safety,2021,24,True,433.0,publications,False
Russia,AI Safety,2022,15,True,692.0,publications,False
Russia,AI Safety,2023,19,True,142.0,publications,False
Russia,AI Safety,2024,35,False,107.0,publications,False
Russia,AI Safety,2025,24,False,11.0,publications,False
Russia,All,2015,1254,True,25291.0,publications,False
Russia,All,2016,1727,True,37550.0,publications,False
Russia,All,2017,2212,True,34787.0,publications,False
Russia,All,2018,2851,True,44287.0,publications,False
Russia,All,2019,3892,True,44915.0,publications,False
Russia,All,2020,4355,True,40460.0,publications,False
Russia,All,2021,4831,True,38772.0,publications,False
Russia,All,2022,3664,True,25283.0,publications,False
Russia,All,2023,3641,True,15617.0,publications,False
Russia,All,2024,3389,False,7093.0,publications,False
Russia,All,2025,1752,False,765.0,publications,False
Russia,Computer Vision,2015,290,True,4066.0,publications,False
Russia,Computer Vision,2016,357,True,9218.0,publications,False
Russia,Computer Vision,2017,478,True,12164.0,publications,False
Russia,Computer Vision,2018,664,True,16782.0,publications,False
Russia,Computer Vision,2019,917,True,13404.0,publications,False
Russia,Computer Vision,2020,1022,True,12824.0,publications,False
Russia,Computer Vision,2021,1093,True,11325.0,publications,False
Russia,Computer Vision,2022,811,True,7150.0,publications,False
Russia,Computer Vision,2023,815,True,3984.0,publications,False
Russia,Computer Vision,2024,733,False,1600.0,publications,False
Russia,Computer Vision,2025,381,False,183.0,publications,False
Russia,Large language models,2015,2,True,26.0,publications,False
Russia,Large language models,2016,5,True,52.0,publications,False
Russia,Large language models,2017,7,True,167.0,publications,False
Russia,Large language models,2018,14,True,928.0,publications,False
Russia,Large language models,2019,38,True,4260.0,publications,False
Russia,Large language models,2020,75,True,1770.0,publications,False
Russia,Large language models,2021,124,True,3309.0,publications,False
Russia,Large language models,2022,93,True,1300.0,publications,False
Russia,Large language models,2023,123,True,1167.0,publications,False
Russia,Large language models,2024,127,False,704.0,publications,False
Russia,Large language models,2025,87,False,70.0,publications,False
Russia,Natural Language Processing,2015,165,True,1787.0,publications,False
Russia,Natural Language Processing,2016,249,True,4472.0,publications,False
Russia,Natural Language Processing,2017,290,True,2321.0,publications,False
Russia,Natural Language Processing,2018,348,True,3227.0,publications,False
Russia,Natural Language Processing,2019,475,True,6666.0,publications,False
Russia,Natural Language Processing,2020,503,True,4360.0,publications,False
Russia,Natural Language Processing,2021,601,True,4305.0,publications,False
Russia,Natural Language Processing,2022,391,True,2218.0,publications,False
Russia,Natural Language Processing,2023,425,True,1701.0,publications,False
Russia,Natural Language Processing,2024,355,False,750.0,publications,False
Russia,Natural Language Processing,2025,145,False,38.0,publications,False
Russia,Robotics,2015,310,True,2855.0,publications,False
Russia,Robotics,2016,481,True,3250.0,publications,False
Russia,Robotics,2017,641,True,3964.0,publications,False
Russia,Robotics,2018,724,True,6021.0,publications,False
Russia,Robotics,2019,971,True,5589.0,publications,False
Russia,Robotics,2020,1125,True,6025.0,publications,False
Russia,Robotics,2021,1152,True,4863.0,publications,False
Russia,Robotics,2022,948,True,3113.0,publications,False
Russia,Robotics,2023,809,True,1848.0,publications,False
Russia,Robotics,2024,649,False,842.0,publications,False
Russia,Robotics,2025,257,False,107.0,publications,False
Rwanda,AI Safety,2024,1,False,2.0,publications,False
Rwanda,All,2015,2,True,89.0,publications,False
Rwanda,All,2016,4,True,198.0,publications,False
Rwanda,All,2017,3,True,139.0,publications,False
Rwanda,All,2018,3,True,98.0,publications,False
Rwanda,All,2019,14,True,409.0,publications,False
Rwanda,All,2020,33,True,1557.0,publications,False
Rwanda,All,2021,41,True,803.0,publications,False
Rwanda,All,2022,53,True,1087.0,publications,False
Rwanda,All,2023,115,True,1496.0,publications,False
Rwanda,All,2024,92,False,474.0,publications,False
Rwanda,All,2025,64,False,65.0,publications,False
Rwanda,Computer Vision,2015,2,True,89.0,publications,False
Rwanda,Computer Vision,2016,1,True,75.0,publications,False
Rwanda,Computer Vision,2019,4,True,119.0,publications,False
Rwanda,Computer Vision,2020,10,True,358.0,publications,False
Rwanda,Computer Vision,2021,17,True,348.0,publications,False
Rwanda,Computer Vision,2022,17,True,332.0,publications,False
Rwanda,Computer Vision,2023,30,True,358.0,publications,False
Rwanda,Computer Vision,2024,26,False,221.0,publications,False
Rwanda,Computer Vision,2025,32,False,38.0,publications,False
Rwanda,Large language models,2021,1,True,3.0,publications,False
Rwanda,Large language models,2022,1,True,15.0,publications,False
Rwanda,Large language models,2023,4,True,166.0,publications,False
Rwanda,Large language models,2024,2,False,5.0,publications,False
Rwanda,Large language models,2025,2,False,2.0,publications,False
Rwanda,Natural Language Processing,2016,1,True,3.0,publications,False
Rwanda,Natural Language Processing,2021,2,True,4.0,publications,False
Rwanda,Natural Language Processing,2022,2,True,56.0,publications,False
Rwanda,Natural Language Processing,2023,6,True,177.0,publications,False
Rwanda,Natural Language Processing,2024,6,False,43.0,publications,False
Rwanda,Natural Language Processing,2025,2,False,2.0,publications,False
Rwanda,Robotics,2018,1,True,31.0,publications,False
Rwanda,Robotics,2019,2,True,78.0,publications,False
Rwanda,Robotics,2020,1,True,95.0,publications,False
Rwanda,Robotics,2021,1,True,9.0,publications,False
Rwanda,Robotics,2023,9,True,89.0,publications,False
Rwanda,Robotics,2024,7,False,10.0,publications,False
Rwanda,Robotics,2025,4,False,1.0,publications,False
Saint Kitts and Nevis,All,2015,1,True,1.0,publications,False
Saint Kitts and Nevis,All,2020,1,True,64.0,publications,False
Saint Kitts and Nevis,All,2021,2,True,4.0,publications,False
Saint Kitts and Nevis,All,2023,4,True,24.0,publications,False
Saint Kitts and Nevis,All,2024,11,False,37.0,publications,False
Saint Kitts and Nevis,All,2025,2,False,,publications,False
Saint Kitts and Nevis,Computer Vision,2023,2,True,11.0,publications,False
Saint Kitts and Nevis,Computer Vision,2024,4,False,15.0,publications,False
Saint Kitts and Nevis,Robotics,2015,1,True,1.0,publications,False
Saint Kitts and Nevis,Robotics,2024,3,False,4.0,publications,False
Saint Lucia,AI Safety,2024,2,False,6.0,publications,False
Saint Lucia,AI Safety,2025,1,False,,publications,False
Saint Lucia,All,2017,1,True,2.0,publications,False
Saint Lucia,All,2020,1,True,2.0,publications,False
Saint Lucia,All,2021,1,True,17.0,publications,False
Saint Lucia,All,2023,5,True,110.0,publications,False
Saint Lucia,All,2024,77,False,753.0,publications,False
Saint Lucia,All,2025,41,False,107.0,publications,False
Saint Lucia,Computer Vision,2024,12,False,64.0,publications,False
Saint Lucia,Computer Vision,2025,13,False,14.0,publications,False
Saint Lucia,Large language models,2024,2,False,10.0,publications,False
Saint Lucia,Large language models,2025,7,False,21.0,publications,False
Saint Lucia,Natural Language Processing,2024,5,False,77.0,publications,False
Saint Lucia,Natural Language Processing,2025,3,False,12.0,publications,False
Saint Lucia,Robotics,2024,1,False,6.0,publications,False
Saint Lucia,Robotics,2025,1,False,,publications,False
Saint Vincent and the Grenadines,All,2023,1,True,3.0,publications,False
Saint Vincent and the Grenadines,All,2025,2,False,1.0,publications,False
Saint Vincent and the Grenadines,Robotics,2023,1,True,3.0,publications,False
Samoa,All,2023,3,True,17.0,publications,False
Samoa,All,2024,1,False,8.0,publications,False
Samoa,Computer Vision,2023,1,True,16.0,publications,False
Samoa,Computer Vision,2024,1,False,8.0,publications,False
San Marino,All,2017,1,True,,publications,False
San Marino,All,2018,1,True,,publications,False
San Marino,All,2020,2,True,32.0,publications,False
San Marino,All,2021,1,True,,publications,False
San Marino,All,2022,2,True,20.0,publications,False
San Marino,All,2024,1,False,2.0,publications,False
San Marino,All,2025,2,False,,publications,False
San Marino,Computer Vision,2018,1,True,,publications,False
San Marino,Robotics,2021,1,True,,publications,False
San Marino,Robotics,2025,1,False,,publications,False
Saudi Arabia,AI Safety,2015,4,True,382.0,publications,False
Saudi Arabia,AI Safety,2016,7,True,331.0,publications,False
Saudi Arabia,AI Safety,2017,6,True,1330.0,publications,False
Saudi Arabia,AI Safety,2018,10,True,443.0,publications,False
Saudi Arabia,AI Safety,2019,17,True,874.0,publications,False
Saudi Arabia,AI Safety,2020,24,True,1977.0,publications,False
Saudi Arabia,AI Safety,2021,33,True,1073.0,publications,False
Saudi Arabia,AI Safety,2022,25,True,404.0,publications,False
Saudi Arabia,AI Safety,2023,43,True,388.0,publications,False
Saudi Arabia,AI Safety,2024,124,False,1345.0,publications,False
Saudi Arabia,AI Safety,2025,123,False,129.0,publications,False
Saudi Arabia,All,2015,667,True,19341.0,publications,False
Saudi Arabia,All,2016,654,True,22496.0,publications,False
Saudi Arabia,All,2017,772,True,33221.0,publications,False
Saudi Arabia,All,2018,1004,True,38163.0,publications,False
Saudi Arabia,All,2019,1544,True,58088.0,publications,False
Saudi Arabia,All,2020,2267,True,92674.0,publications,False
Saudi Arabia,All,2021,3256,True,112379.0,publications,False
Saudi Arabia,All,2022,4771,True,119636.0,publications,False
Saudi Arabia,All,2023,5209,True,96773.0,publications,False
Saudi Arabia,All,2024,5481,False,45856.0,publications,False
Saudi Arabia,All,2025,3625,False,6015.0,publications,False
Saudi Arabia,Computer Vision,2015,238,True,8774.0,publications,False
Saudi Arabia,Computer Vision,2016,204,True,9358.0,publications,False
Saudi Arabia,Computer Vision,2017,246,True,15657.0,publications,False
Saudi Arabia,Computer Vision,2018,283,True,12193.0,publications,False
Saudi Arabia,Computer Vision,2019,448,True,20028.0,publications,False
Saudi Arabia,Computer Vision,2020,624,True,32814.0,publications,False
Saudi Arabia,Computer Vision,2021,955,True,34046.0,publications,False
Saudi Arabia,Computer Vision,2022,1406,True,41491.0,publications,False
Saudi Arabia,Computer Vision,2023,1529,True,31421.0,publications,False
Saudi Arabia,Computer Vision,2024,1541,False,13135.0,publications,False
Saudi Arabia,Computer Vision,2025,1028,False,1794.0,publications,False
Saudi Arabia,Large language models,2015,1,True,14.0,publications,False
Saudi Arabia,Large language models,2016,2,True,2.0,publications,False
Saudi Arabia,Large language models,2017,2,True,178.0,publications,False
Saudi Arabia,Large language models,2018,3,True,61.0,publications,False
Saudi Arabia,Large language models,2019,16,True,1441.0,publications,False
Saudi Arabia,Large language models,2020,26,True,1974.0,publications,False
Saudi Arabia,Large language models,2021,63,True,5217.0,publications,False
Saudi Arabia,Large language models,2022,134,True,4184.0,publications,False
Saudi Arabia,Large language models,2023,236,True,7151.0,publications,False
Saudi Arabia,Large language models,2024,291,False,2425.0,publications,False
Saudi Arabia,Large language models,2025,251,False,358.0,publications,False
Saudi Arabia,Natural Language Processing,2015,77,True,1293.0,publications,False
Saudi Arabia,Natural Language Processing,2016,95,True,1796.0,publications,False
Saudi Arabia,Natural Language Processing,2017,121,True,2647.0,publications,False
Saudi Arabia,Natural Language Processing,2018,163,True,3778.0,publications,False
Saudi Arabia,Natural Language Processing,2019,202,True,5656.0,publications,False
Saudi Arabia,Natural Language Processing,2020,252,True,6094.0,publications,False
Saudi Arabia,Natural Language Processing,2021,327,True,12389.0,publications,False
Saudi Arabia,Natural Language Processing,2022,443,True,8548.0,publications,False
Saudi Arabia,Natural Language Processing,2023,468,True,7428.0,publications,False
Saudi Arabia,Natural Language Processing,2024,467,False,2645.0,publications,False
Saudi Arabia,Natural Language Processing,2025,282,False,340.0,publications,False
Saudi Arabia,Robotics,2015,71,True,1402.0,publications,False
Saudi Arabia,Robotics,2016,68,True,1839.0,publications,False
Saudi Arabia,Robotics,2017,81,True,3071.0,publications,False
Saudi Arabia,Robotics,2018,103,True,2680.0,publications,False
Saudi Arabia,Robotics,2019,112,True,2653.0,publications,False
Saudi Arabia,Robotics,2020,161,True,3684.0,publications,False
Saudi Arabia,Robotics,2021,185,True,3501.0,publications,False
Saudi Arabia,Robotics,2022,228,True,4428.0,publications,False
Saudi Arabia,Robotics,2023,270,True,2798.0,publications,False
Saudi Arabia,Robotics,2024,272,False,1353.0,publications,False
Saudi Arabia,Robotics,2025,178,False,179.0,publications,False
Senegal,AI Safety,2020,1,True,3.0,publications,False
Senegal,AI Safety,2023,2,True,8.0,publications,False
Senegal,AI Safety,2025,4,False,5.0,publications,False
Senegal,All,2015,10,True,35.0,publications,False
Senegal,All,2016,10,True,21.0,publications,False
Senegal,All,2017,19,True,81.0,publications,False
Senegal,All,2018,29,True,270.0,publications,False
Senegal,All,2019,30,True,919.0,publications,False
Senegal,All,2020,45,True,247.0,publications,False
Senegal,All,2021,40,True,741.0,publications,False
Senegal,All,2022,43,True,436.0,publications,False
Senegal,All,2023,73,True,432.0,publications,False
Senegal,All,2024,63,False,147.0,publications,False
Senegal,All,2025,23,False,14.0,publications,False
Senegal,Computer Vision,2017,3,True,8.0,publications,False
Senegal,Computer Vision,2018,4,True,107.0,publications,False
Senegal,Computer Vision,2019,6,True,565.0,publications,False
Senegal,Computer Vision,2020,7,True,54.0,publications,False
Senegal,Computer Vision,2021,10,True,155.0,publications,False
Senegal,Computer Vision,2022,8,True,89.0,publications,False
Senegal,Computer Vision,2023,16,True,83.0,publications,False
Senegal,Computer Vision,2024,20,False,36.0,publications,False
Senegal,Computer Vision,2025,7,False,2.0,publications,False
Senegal,Large language models,2020,1,True,7.0,publications,False
Senegal,Large language models,2023,2,True,48.0,publications,False
Senegal,Large language models,2024,3,False,3.0,publications,False
Senegal,Natural Language Processing,2016,3,True,2.0,publications,False
Senegal,Natural Language Processing,2018,2,True,22.0,publications,False
Senegal,Natural Language Processing,2019,6,True,27.0,publications,False
Senegal,Natural Language Processing,2020,10,True,23.0,publications,False
Senegal,Natural Language Processing,2021,2,True,319.0,publications,False
Senegal,Natural Language Processing,2022,5,True,10.0,publications,False
Senegal,Natural Language Processing,2023,8,True,59.0,publications,False
Senegal,Natural Language Processing,2024,6,False,21.0,publications,False
Senegal,Natural Language Processing,2025,1,False,2.0,publications,False
Senegal,Robotics,2018,1,True,,publications,False
Senegal,Robotics,2019,1,True,4.0,publications,False
Senegal,Robotics,2020,2,True,2.0,publications,False
Senegal,Robotics,2021,1,True,3.0,publications,False
Senegal,Robotics,2022,1,True,2.0,publications,False
Senegal,Robotics,2023,3,True,7.0,publications,False
Senegal,Robotics,2024,4,False,14.0,publications,False
Serbia,AI Safety,2016,2,True,2.0,publications,False
Serbia,AI Safety,2017,3,True,72.0,publications,False
Serbia,AI Safety,2019,2,True,53.0,publications,False
Serbia,AI Safety,2020,3,True,120.0,publications,False
Serbia,AI Safety,2021,5,True,113.0,publications,False
Serbia,AI Safety,2022,2,True,2.0,publications,False
Serbia,AI Safety,2023,7,True,178.0,publications,False
Serbia,AI Safety,2024,15,False,78.0,publications,False
Serbia,AI Safety,2025,8,False,9.0,publications,False
Serbia,All,2015,233,True,3396.0,publications,False
Serbia,All,2016,243,True,5958.0,publications,False
Serbia,All,2017,257,True,8621.0,publications,False
Serbia,All,2018,271,True,5636.0,publications,False
Serbia,All,2019,338,True,5624.0,publications,False
Serbia,All,2020,347,True,7713.0,publications,False
Serbia,All,2021,455,True,7136.0,publications,False
Serbia,All,2022,528,True,7488.0,publications,False
Serbia,All,2023,544,True,4906.0,publications,False
Serbia,All,2024,531,False,2273.0,publications,False
Serbia,All,2025,275,False,213.0,publications,False
Serbia,Computer Vision,2015,49,True,646.0,publications,False
Serbia,Computer Vision,2016,54,True,2994.0,publications,False
Serbia,Computer Vision,2017,60,True,1166.0,publications,False
Serbia,Computer Vision,2018,58,True,1542.0,publications,False
Serbia,Computer Vision,2019,91,True,1523.0,publications,False
Serbia,Computer Vision,2020,79,True,2500.0,publications,False
Serbia,Computer Vision,2021,91,True,873.0,publications,False
Serbia,Computer Vision,2022,117,True,1139.0,publications,False
Serbia,Computer Vision,2023,95,True,673.0,publications,False
Serbia,Computer Vision,2024,102,False,300.0,publications,False
Serbia,Computer Vision,2025,38,False,33.0,publications,False
Serbia,Large language models,2018,2,True,11.0,publications,False
Serbia,Large language models,2019,4,True,70.0,publications,False
Serbia,Large language models,2020,2,True,44.0,publications,False
Serbia,Large language models,2021,6,True,105.0,publications,False
Serbia,Large language models,2022,6,True,126.0,publications,False
Serbia,Large language models,2023,16,True,181.0,publications,False
Serbia,Large language models,2024,11,False,20.0,publications,False
Serbia,Large language models,2025,13,False,36.0,publications,False
Serbia,Natural Language Processing,2015,27,True,379.0,publications,False
Serbia,Natural Language Processing,2016,26,True,305.0,publications,False
Serbia,Natural Language Processing,2017,25,True,337.0,publications,False
Serbia,Natural Language Processing,2018,28,True,210.0,publications,False
Serbia,Natural Language Processing,2019,33,True,219.0,publications,False
Serbia,Natural Language Processing,2020,41,True,239.0,publications,False
Serbia,Natural Language Processing,2021,38,True,179.0,publications,False
Serbia,Natural Language Processing,2022,38,True,217.0,publications,False
Serbia,Natural Language Processing,2023,44,True,235.0,publications,False
Serbia,Natural Language Processing,2024,34,False,98.0,publications,False
Serbia,Natural Language Processing,2025,21,False,38.0,publications,False
Serbia,Robotics,2015,38,True,747.0,publications,False
Serbia,Robotics,2016,61,True,1012.0,publications,False
Serbia,Robotics,2017,49,True,837.0,publications,False
Serbia,Robotics,2018,61,True,827.0,publications,False
Serbia,Robotics,2019,59,True,1014.0,publications,False
Serbia,Robotics,2020,40,True,483.0,publications,False
Serbia,Robotics,2021,44,True,384.0,publications,False
Serbia,Robotics,2022,52,True,297.0,publications,False
Serbia,Robotics,2023,65,True,204.0,publications,False
Serbia,Robotics,2024,60,False,129.0,publications,False
Serbia,Robotics,2025,30,False,7.0,publications,False
Seychelles,All,2018,1,True,,publications,False
Seychelles,All,2022,1,True,17.0,publications,False
Seychelles,Computer Vision,2018,1,True,,publications,False
Sierra Leone,All,2017,1,True,1.0,publications,False
Sierra Leone,All,2019,3,True,156.0,publications,False
Sierra Leone,All,2020,2,True,7.0,publications,False
Sierra Leone,All,2021,3,True,13.0,publications,False
Sierra Leone,All,2022,2,True,4.0,publications,False
Sierra Leone,All,2023,3,True,59.0,publications,False
Sierra Leone,All,2024,7,False,24.0,publications,False
Sierra Leone,All,2025,1,False,,publications,False
Sierra Leone,Computer Vision,2017,1,True,1.0,publications,False
Sierra Leone,Computer Vision,2019,1,True,60.0,publications,False
Sierra Leone,Computer Vision,2023,3,True,59.0,publications,False
Sierra Leone,Large language models,2025,1,False,,publications,False
Sierra Leone,Natural Language Processing,2025,1,False,,publications,False
Singapore,AI Safety,2015,24,True,9355.0,publications,False
Singapore,AI Safety,2016,25,True,1431.0,publications,False
Singapore,AI Safety,2017,29,True,1432.0,publications,False
Singapore,AI Safety,2018,55,True,12138.0,publications,False
Singapore,AI Safety,2019,101,True,11312.0,publications,False
Singapore,AI Safety,2020,112,True,11571.0,publications,False
Singapore,AI Safety,2021,133,True,8957.0,publications,False
Singapore,AI Safety,2022,101,True,3473.0,publications,False
Singapore,AI Safety,2023,172,True,5478.0,publications,False
Singapore,AI Safety,2024,255,False,2614.0,publications,False
Singapore,AI Safety,2025,141,False,387.0,publications,False
Singapore,All,2015,1496,True,92951.0,publications,False
Singapore,All,2016,1646,True,101796.0,publications,False
Singapore,All,2017,1678,True,130525.0,publications,False
Singapore,All,2018,2056,True,158776.0,publications,False
Singapore,All,2019,2428,True,186025.0,publications,False
Singapore,All,2020,2874,True,187035.0,publications,False
Singapore,All,2021,3409,True,169640.0,publications,False
Singapore,All,2022,3377,True,106657.0,publications,False
Singapore,All,2023,4500,True,108750.0,publications,False
Singapore,All,2024,4356,False,38530.0,publications,False
Singapore,All,2025,2077,False,4050.0,publications,False
Singapore,Computer Vision,2015,572,True,52510.0,publications,False
Singapore,Computer Vision,2016,533,True,48956.0,publications,False
Singapore,Computer Vision,2017,540,True,44503.0,publications,False
Singapore,Computer Vision,2018,619,True,59433.0,publications,False
Singapore,Computer Vision,2019,742,True,69674.0,publications,False
Singapore,Computer Vision,2020,834,True,68682.0,publications,False
Singapore,Computer Vision,2021,1080,True,73976.0,publications,False
Singapore,Computer Vision,2022,1080,True,44048.0,publications,False
Singapore,Computer Vision,2023,1512,True,45012.0,publications,False
Singapore,Computer Vision,2024,1398,False,13530.0,publications,False
Singapore,Computer Vision,2025,579,False,1311.0,publications,False
Singapore,Large language models,2015,8,True,419.0,publications,False
Singapore,Large language models,2016,11,True,1553.0,publications,False
Singapore,Large language models,2017,17,True,1321.0,publications,False
Singapore,Large language models,2018,48,True,7327.0,publications,False
Singapore,Large language models,2019,106,True,11793.0,publications,False
Singapore,Large language models,2020,194,True,21931.0,publications,False
Singapore,Large language models,2021,363,True,35142.0,publications,False
Singapore,Large language models,2022,423,True,24064.0,publications,False
Singapore,Large language models,2023,787,True,40274.0,publications,False
Singapore,Large language models,2024,824,False,11630.0,publications,False
Singapore,Large language models,2025,366,False,1110.0,publications,False
Singapore,Natural Language Processing,2015,155,True,7622.0,publications,False
Singapore,Natural Language Processing,2016,194,True,12555.0,publications,False
Singapore,Natural Language Processing,2017,193,True,16546.0,publications,False
Singapore,Natural Language Processing,2018,219,True,21550.0,publications,False
Singapore,Natural Language Processing,2019,230,True,15770.0,publications,False
Singapore,Natural Language Processing,2020,277,True,21966.0,publications,False
Singapore,Natural Language Processing,2021,339,True,21612.0,publications,False
Singapore,Natural Language Processing,2022,323,True,12057.0,publications,False
Singapore,Natural Language Processing,2023,541,True,23133.0,publications,False
Singapore,Natural Language Processing,2024,361,False,4667.0,publications,False
Singapore,Natural Language Processing,2025,167,False,484.0,publications,False
Singapore,Robotics,2015,293,True,8681.0,publications,False
Singapore,Robotics,2016,376,True,12670.0,publications,False
Singapore,Robotics,2017,361,True,12712.0,publications,False
Singapore,Robotics,2018,460,True,16218.0,publications,False
Singapore,Robotics,2019,448,True,13883.0,publications,False
Singapore,Robotics,2020,470,True,17525.0,publications,False
Singapore,Robotics,2021,481,True,11763.0,publications,False
Singapore,Robotics,2022,477,True,9822.0,publications,False
Singapore,Robotics,2023,622,True,8604.0,publications,False
Singapore,Robotics,2024,612,False,4105.0,publications,False
Singapore,Robotics,2025,346,False,466.0,publications,False
Slovakia,AI Safety,2016,1,True,3.0,publications,False
Slovakia,AI Safety,2017,1,True,1.0,publications,False
Slovakia,AI Safety,2020,2,True,27.0,publications,False
Slovakia,AI Safety,2021,5,True,596.0,publications,False
Slovakia,AI Safety,2022,4,True,25.0,publications,False
Slovakia,AI Safety,2023,4,True,16.0,publications,False
Slovakia,AI Safety,2024,14,False,70.0,publications,False
Slovakia,AI Safety,2025,4,False,7.0,publications,False
Slovakia,All,2015,231,True,1864.0,publications,False
Slovakia,All,2016,279,True,2796.0,publications,False
Slovakia,All,2017,222,True,2955.0,publications,False
Slovakia,All,2018,293,True,3941.0,publications,False
Slovakia,All,2019,371,True,6502.0,publications,False
Slovakia,All,2020,364,True,9205.0,publications,False
Slovakia,All,2021,415,True,6632.0,publications,False
Slovakia,All,2022,461,True,6582.0,publications,False
Slovakia,All,2023,471,True,3569.0,publications,False
Slovakia,All,2024,398,False,1601.0,publications,False
Slovakia,All,2025,226,False,172.0,publications,False
Slovakia,Computer Vision,2015,47,True,300.0,publications,False
Slovakia,Computer Vision,2016,61,True,492.0,publications,False
Slovakia,Computer Vision,2017,52,True,598.0,publications,False
Slovakia,Computer Vision,2018,52,True,486.0,publications,False
Slovakia,Computer Vision,2019,74,True,613.0,publications,False
Slovakia,Computer Vision,2020,72,True,997.0,publications,False
Slovakia,Computer Vision,2021,89,True,2111.0,publications,False
Slovakia,Computer Vision,2022,97,True,1936.0,publications,False
Slovakia,Computer Vision,2023,121,True,1016.0,publications,False
Slovakia,Computer Vision,2024,92,False,286.0,publications,False
Slovakia,Computer Vision,2025,47,False,22.0,publications,False
Slovakia,Large language models,2016,1,True,3.0,publications,False
Slovakia,Large language models,2017,2,True,10.0,publications,False
Slovakia,Large language models,2018,3,True,9.0,publications,False
Slovakia,Large language models,2020,3,True,54.0,publications,False
Slovakia,Large language models,2021,4,True,10.0,publications,False
Slovakia,Large language models,2022,5,True,267.0,publications,False
Slovakia,Large language models,2023,16,True,138.0,publications,False
Slovakia,Large language models,2024,12,False,43.0,publications,False
Slovakia,Large language models,2025,11,False,2.0,publications,False
Slovakia,Natural Language Processing,2015,33,True,190.0,publications,False
Slovakia,Natural Language Processing,2016,30,True,234.0,publications,False
Slovakia,Natural Language Processing,2017,17,True,102.0,publications,False
Slovakia,Natural Language Processing,2018,34,True,345.0,publications,False
Slovakia,Natural Language Processing,2019,41,True,769.0,publications,False
Slovakia,Natural Language Processing,2020,40,True,748.0,publications,False
Slovakia,Natural Language Processing,2021,45,True,504.0,publications,False
Slovakia,Natural Language Processing,2022,58,True,325.0,publications,False
Slovakia,Natural Language Processing,2023,53,True,305.0,publications,False
Slovakia,Natural Language Processing,2024,32,False,55.0,publications,False
Slovakia,Natural Language Processing,2025,19,False,2.0,publications,False
Slovakia,Robotics,2015,74,True,730.0,publications,False
Slovakia,Robotics,2016,89,True,965.0,publications,False
Slovakia,Robotics,2017,63,True,908.0,publications,False
Slovakia,Robotics,2018,94,True,1145.0,publications,False
Slovakia,Robotics,2019,100,True,813.0,publications,False
Slovakia,Robotics,2020,82,True,1270.0,publications,False
Slovakia,Robotics,2021,112,True,1069.0,publications,False
Slovakia,Robotics,2022,91,True,429.0,publications,False
Slovakia,Robotics,2023,93,True,368.0,publications,False
Slovakia,Robotics,2024,74,False,177.0,publications,False
Slovakia,Robotics,2025,52,False,14.0,publications,False
Slovenia,AI Safety,2017,2,True,250.0,publications,False
Slovenia,AI Safety,2018,2,True,93.0,publications,False
Slovenia,AI Safety,2019,3,True,72.0,publications,False
Slovenia,AI Safety,2020,4,True,606.0,publications,False
Slovenia,AI Safety,2021,7,True,191.0,publications,False
Slovenia,AI Safety,2022,5,True,655.0,publications,False
Slovenia,AI Safety,2023,13,True,142.0,publications,False
Slovenia,AI Safety,2024,6,False,45.0,publications,False
Slovenia,AI Safety,2025,6,False,8.0,publications,False
Slovenia,All,2015,241,True,14704.0,publications,False
Slovenia,All,2016,202,True,7804.0,publications,False
Slovenia,All,2017,231,True,6456.0,publications,False
Slovenia,All,2018,254,True,8243.0,publications,False
Slovenia,All,2019,296,True,9615.0,publications,False
Slovenia,All,2020,336,True,9259.0,publications,False
Slovenia,All,2021,430,True,9430.0,publications,False
Slovenia,All,2022,360,True,5106.0,publications,False
Slovenia,All,2023,423,True,5277.0,publications,False
Slovenia,All,2024,395,False,1838.0,publications,False
Slovenia,All,2025,227,False,194.0,publications,False
Slovenia,Computer Vision,2015,62,True,5472.0,publications,False
Slovenia,Computer Vision,2016,34,True,4056.0,publications,False
Slovenia,Computer Vision,2017,42,True,2110.0,publications,False
Slovenia,Computer Vision,2018,49,True,2934.0,publications,False
Slovenia,Computer Vision,2019,63,True,4005.0,publications,False
Slovenia,Computer Vision,2020,57,True,2616.0,publications,False
Slovenia,Computer Vision,2021,72,True,2857.0,publications,False
Slovenia,Computer Vision,2022,73,True,1207.0,publications,False
Slovenia,Computer Vision,2023,85,True,959.0,publications,False
Slovenia,Computer Vision,2024,78,False,443.0,publications,False
Slovenia,Computer Vision,2025,42,False,51.0,publications,False
Slovenia,Large language models,2016,3,True,38.0,publications,False
Slovenia,Large language models,2017,1,True,6.0,publications,False
Slovenia,Large language models,2018,2,True,13.0,publications,False
Slovenia,Large language models,2019,5,True,337.0,publications,False
Slovenia,Large language models,2020,11,True,416.0,publications,False
Slovenia,Large language models,2021,19,True,549.0,publications,False
Slovenia,Large language models,2022,15,True,198.0,publications,False
Slovenia,Large language models,2023,21,True,140.0,publications,False
Slovenia,Large language models,2024,19,False,70.0,publications,False
Slovenia,Large language models,2025,21,False,23.0,publications,False
Slovenia,Natural Language Processing,2015,43,True,6400.0,publications,False
Slovenia,Natural Language Processing,2016,47,True,738.0,publications,False
Slovenia,Natural Language Processing,2017,28,True,794.0,publications,False
Slovenia,Natural Language Processing,2018,39,True,1000.0,publications,False
Slovenia,Natural Language Processing,2019,53,True,993.0,publications,False
Slovenia,Natural Language Processing,2020,63,True,1140.0,publications,False
Slovenia,Natural Language Processing,2021,71,True,1243.0,publications,False
Slovenia,Natural Language Processing,2022,61,True,548.0,publications,False
Slovenia,Natural Language Processing,2023,66,True,415.0,publications,False
Slovenia,Natural Language Processing,2024,49,False,197.0,publications,False
Slovenia,Natural Language Processing,2025,32,False,23.0,publications,False
Slovenia,Robotics,2015,53,True,1094.0,publications,False
Slovenia,Robotics,2016,48,True,1025.0,publications,False
Slovenia,Robotics,2017,65,True,1417.0,publications,False
Slovenia,Robotics,2018,64,True,1127.0,publications,False
Slovenia,Robotics,2019,46,True,833.0,publications,False
Slovenia,Robotics,2020,55,True,981.0,publications,False
Slovenia,Robotics,2021,63,True,884.0,publications,False
Slovenia,Robotics,2022,64,True,642.0,publications,False
Slovenia,Robotics,2023,68,True,333.0,publications,False
Slovenia,Robotics,2024,63,False,176.0,publications,False
Slovenia,Robotics,2025,25,False,11.0,publications,False
Somalia,AI Safety,2023,1,True,19.0,publications,False
Somalia,All,2018,2,True,8.0,publications,False
Somalia,All,2019,4,True,143.0,publications,False
Somalia,All,2020,2,True,345.0,publications,False
Somalia,All,2021,7,True,57.0,publications,False
Somalia,All,2022,4,True,30.0,publications,False
Somalia,All,2023,10,True,88.0,publications,False
Somalia,All,2024,28,False,206.0,publications,False
Somalia,All,2025,14,False,25.0,publications,False
Somalia,Computer Vision,2019,1,True,67.0,publications,False
Somalia,Computer Vision,2021,5,True,41.0,publications,False
Somalia,Computer Vision,2022,1,True,10.0,publications,False
Somalia,Computer Vision,2023,4,True,22.0,publications,False
Somalia,Computer Vision,2024,5,False,62.0,publications,False
Somalia,Computer Vision,2025,3,False,6.0,publications,False
Somalia,Large language models,2023,2,True,61.0,publications,False
Somalia,Natural Language Processing,2019,1,True,62.0,publications,False
Somalia,Natural Language Processing,2020,1,True,6.0,publications,False
Somalia,Natural Language Processing,2023,3,True,64.0,publications,False
Somalia,Natural Language Processing,2025,1,False,,publications,False
South Africa,AI Safety,2015,3,True,38.0,publications,False
South Africa,AI Safety,2016,6,True,25.0,publications,False
South Africa,AI Safety,2017,6,True,54.0,publications,False
South Africa,AI Safety,2018,7,True,116.0,publications,False
South Africa,AI Safety,2019,8,True,236.0,publications,False
South Africa,AI Safety,2020,10,True,305.0,publications,False
South Africa,AI Safety,2021,12,True,88.0,publications,False
South Africa,AI Safety,2022,10,True,90.0,publications,False
South Africa,AI Safety,2023,15,True,186.0,publications,False
South Africa,AI Safety,2024,29,False,420.0,publications,False
South Africa,AI Safety,2025,20,False,78.0,publications,False
South Africa,All,2015,279,True,9105.0,publications,False
South Africa,All,2016,355,True,6072.0,publications,False
South Africa,All,2017,322,True,10434.0,publications,False
South Africa,All,2018,398,True,9845.0,publications,False
South Africa,All,2019,502,True,16898.0,publications,False
South Africa,All,2020,728,True,16959.0,publications,False
South Africa,All,2021,832,True,18581.0,publications,False
South Africa,All,2022,850,True,18060.0,publications,False
South Africa,All,2023,1113,True,15294.0,publications,False
South Africa,All,2024,1111,False,8736.0,publications,False
South Africa,All,2025,570,False,851.0,publications,False
South Africa,Computer Vision,2015,77,True,1612.0,publications,False
South Africa,Computer Vision,2016,87,True,1292.0,publications,False
South Africa,Computer Vision,2017,87,True,6303.0,publications,False
South Africa,Computer Vision,2018,105,True,3593.0,publications,False
South Africa,Computer Vision,2019,128,True,2744.0,publications,False
South Africa,Computer Vision,2020,188,True,3628.0,publications,False
South Africa,Computer Vision,2021,184,True,3322.0,publications,False
South Africa,Computer Vision,2022,184,True,2931.0,publications,False
South Africa,Computer Vision,2023,224,True,2409.0,publications,False
South Africa,Computer Vision,2024,206,False,1037.0,publications,False
South Africa,Computer Vision,2025,104,False,145.0,publications,False
South Africa,Large language models,2015,1,True,5.0,publications,False
South Africa,Large language models,2017,2,True,74.0,publications,False
South Africa,Large language models,2018,4,True,362.0,publications,False
South Africa,Large language models,2019,6,True,3627.0,publications,False
South Africa,Large language models,2020,11,True,89.0,publications,False
South Africa,Large language models,2021,18,True,474.0,publications,False
South Africa,Large language models,2022,23,True,446.0,publications,False
South Africa,Large language models,2023,39,True,353.0,publications,False
South Africa,Large language models,2024,36,False,233.0,publications,False
South Africa,Large language models,2025,37,False,50.0,publications,False
South Africa,Natural Language Processing,2015,33,True,634.0,publications,False
South Africa,Natural Language Processing,2016,53,True,767.0,publications,False
South Africa,Natural Language Processing,2017,39,True,568.0,publications,False
South Africa,Natural Language Processing,2018,49,True,1488.0,publications,False
South Africa,Natural Language Processing,2019,56,True,4154.0,publications,False
South Africa,Natural Language Processing,2020,75,True,1432.0,publications,False
South Africa,Natural Language Processing,2021,84,True,1156.0,publications,False
South Africa,Natural Language Processing,2022,80,True,1045.0,publications,False
South Africa,Natural Language Processing,2023,123,True,1287.0,publications,False
South Africa,Natural Language Processing,2024,90,False,236.0,publications,False
South Africa,Natural Language Processing,2025,52,False,85.0,publications,False
South Africa,Robotics,2015,53,True,565.0,publications,False
South Africa,Robotics,2016,50,True,425.0,publications,False
South Africa,Robotics,2017,56,True,999.0,publications,False
South Africa,Robotics,2018,57,True,586.0,publications,False
South Africa,Robotics,2019,66,True,1646.0,publications,False
South Africa,Robotics,2020,68,True,1353.0,publications,False
South Africa,Robotics,2021,96,True,1334.0,publications,False
South Africa,Robotics,2022,75,True,570.0,publications,False
South Africa,Robotics,2023,111,True,573.0,publications,False
South Africa,Robotics,2024,63,False,205.0,publications,False
South Africa,Robotics,2025,28,False,8.0,publications,False
South Korea,AI Safety,2015,23,True,6172.0,publications,False
South Korea,AI Safety,2016,20,True,942.0,publications,False
South Korea,AI Safety,2017,19,True,2982.0,publications,False
South Korea,AI Safety,2018,39,True,29227.0,publications,False
South Korea,AI Safety,2019,68,True,7446.0,publications,False
South Korea,AI Safety,2020,135,True,9343.0,publications,False
South Korea,AI Safety,2021,158,True,5744.0,publications,False
South Korea,AI Safety,2022,138,True,2519.0,publications,False
South Korea,AI Safety,2023,209,True,2858.0,publications,False
South Korea,AI Safety,2024,289,False,1529.0,publications,False
South Korea,AI Safety,2025,221,False,255.0,publications,False
South Korea,All,2015,3312,True,99736.0,publications,False
South Korea,All,2016,3076,True,80451.0,publications,False
South Korea,All,2017,3402,True,137770.0,publications,False
South Korea,All,2018,4252,True,196776.0,publications,False
South Korea,All,2019,5192,True,222010.0,publications,False
South Korea,All,2020,6741,True,234449.0,publications,False
South Korea,All,2021,8272,True,256821.0,publications,False
South Korea,All,2022,8810,True,154198.0,publications,False
South Korea,All,2023,10298,True,121004.0,publications,False
South Korea,All,2024,10165,False,48822.0,publications,False
South Korea,All,2025,5916,False,5961.0,publications,False
South Korea,Computer Vision,2015,1313,True,60440.0,publications,False
South Korea,Computer Vision,2016,1122,True,32992.0,publications,False
South Korea,Computer Vision,2017,1153,True,66956.0,publications,False
South Korea,Computer Vision,2018,1501,True,99167.0,publications,False
South Korea,Computer Vision,2019,1827,True,96411.0,publications,False
South Korea,Computer Vision,2020,2445,True,94013.0,publications,False
South Korea,Computer Vision,2021,2995,True,95942.0,publications,False
South Korea,Computer Vision,2022,3178,True,61822.0,publications,False
South Korea,Computer Vision,2023,3602,True,46046.0,publications,False
South Korea,Computer Vision,2024,3371,False,16864.0,publications,False
South Korea,Computer Vision,2025,1984,False,2161.0,publications,False
South Korea,Large language models,2015,4,True,11.0,publications,False
South Korea,Large language models,2016,10,True,269.0,publications,False
South Korea,Large language models,2017,24,True,3912.0,publications,False
South Korea,Large language models,2018,58,True,3548.0,publications,False
South Korea,Large language models,2019,150,True,19450.0,publications,False
South Korea,Large language models,2020,282,True,15450.0,publications,False
South Korea,Large language models,2021,460,True,62524.0,publications,False
South Korea,Large language models,2022,530,True,14278.0,publications,False
South Korea,Large language models,2023,890,True,18956.0,publications,False
South Korea,Large language models,2024,961,False,6962.0,publications,False
South Korea,Large language models,2025,702,False,1023.0,publications,False
South Korea,Natural Language Processing,2015,173,True,3018.0,publications,False
South Korea,Natural Language Processing,2016,179,True,4324.0,publications,False
South Korea,Natural Language Processing,2017,185,True,5846.0,publications,False
South Korea,Natural Language Processing,2018,260,True,7094.0,publications,False
South Korea,Natural Language Processing,2019,315,True,16272.0,publications,False
South Korea,Natural Language Processing,2020,400,True,11037.0,publications,False
South Korea,Natural Language Processing,2021,485,True,15539.0,publications,False
South Korea,Natural Language Processing,2022,514,True,8341.0,publications,False
South Korea,Natural Language Processing,2023,704,True,8689.0,publications,False
South Korea,Natural Language Processing,2024,599,False,3336.0,publications,False
South Korea,Natural Language Processing,2025,338,False,405.0,publications,False
South Korea,Robotics,2015,1150,True,19284.0,publications,False
South Korea,Robotics,2016,1042,True,19656.0,publications,False
South Korea,Robotics,2017,1114,True,24184.0,publications,False
South Korea,Robotics,2018,1122,True,25782.0,publications,False
South Korea,Robotics,2019,1162,True,27047.0,publications,False
South Korea,Robotics,2020,1247,True,30269.0,publications,False
South Korea,Robotics,2021,1417,True,24064.0,publications,False
South Korea,Robotics,2022,1454,True,19571.0,publications,False
South Korea,Robotics,2023,1590,True,13922.0,publications,False
South Korea,Robotics,2024,1712,False,6360.0,publications,False
South Korea,Robotics,2025,964,False,716.0,publications,False
South Sudan,All,2022,1,True,,publications,False
South Sudan,All,2024,1,False,4.0,publications,False
South Sudan,All,2025,2,False,6.0,publications,False
South Sudan,Computer Vision,2025,1,False,1.0,publications,False
South Sudan,Natural Language Processing,2022,1,True,,publications,False
South and Central America,AI Safety,2015,35,True,933.0,publications,False
South and Central America,AI Safety,2016,31,True,959.0,publications,False
South and Central America,AI Safety,2017,36,True,1432.0,publications,False
South and Central America,AI Safety,2018,54,True,2121.0,publications,False
South and Central America,AI Safety,2019,57,True,2380.0,publications,False
South and Central America,AI Safety,2020,72,True,2252.0,publications,False
South and Central America,AI Safety,2021,97,True,1892.0,publications,False
South and Central America,AI Safety,2022,87,True,1688.0,publications,False
South and Central America,AI Safety,2023,95,True,1341.0,publications,False
South and Central America,AI Safety,2024,133,False,436.0,publications,False
South and Central America,AI Safety,2025,80,False,57.0,publications,False
South and Central America,All,2015,3214,True,54539.0,publications,False
South and Central America,All,2016,3146,True,62685.0,publications,False
South and Central America,All,2017,3642,True,77176.0,publications,False
South and Central America,All,2018,4617,True,79241.0,publications,False
South and Central America,All,2019,5225,True,81185.0,publications,False
South and Central America,All,2020,6003,True,103392.0,publications,False
South and Central America,All,2021,6289,True,82222.0,publications,False
South and Central America,All,2022,5284,True,51954.0,publications,False
South and Central America,All,2023,6104,True,41512.0,publications,False
South and Central America,All,2024,5607,False,19270.0,publications,False
South and Central America,All,2025,2916,False,2650.0,publications,False
South and Central America,Computer Vision,2015,862,True,19081.0,publications,False
South and Central America,Computer Vision,2016,749,True,22898.0,publications,False
South and Central America,Computer Vision,2017,979,True,27464.0,publications,False
South and Central America,Computer Vision,2018,1129,True,24916.0,publications,False
South and Central America,Computer Vision,2019,1369,True,23655.0,publications,False
South and Central America,Computer Vision,2020,1553,True,36571.0,publications,False
South and Central America,Computer Vision,2021,1610,True,25729.0,publications,False
South and Central America,Computer Vision,2022,1261,True,14653.0,publications,False
South and Central America,Computer Vision,2023,1473,True,9361.0,publications,False
South and Central America,Computer Vision,2024,1280,False,3931.0,publications,False
South and Central America,Computer Vision,2025,632,False,522.0,publications,False
South and Central America,Large language models,2015,1,True,12.0,publications,False
South and Central America,Large language models,2016,2,True,88.0,publications,False
South and Central America,Large language models,2017,8,True,350.0,publications,False
South and Central America,Large language models,2018,28,True,1581.0,publications,False
South and Central America,Large language models,2019,22,True,672.0,publications,False
South and Central America,Large language models,2020,60,True,2133.0,publications,False
South and Central America,Large language models,2021,115,True,2350.0,publications,False
South and Central America,Large language models,2022,111,True,1577.0,publications,False
South and Central America,Large language models,2023,174,True,2486.0,publications,False
South and Central America,Large language models,2024,237,False,1225.0,publications,False
South and Central America,Large language models,2025,162,False,149.0,publications,False
South and Central America,Natural Language Processing,2015,288,True,3873.0,publications,False
South and Central America,Natural Language Processing,2016,335,True,4453.0,publications,False
South and Central America,Natural Language Processing,2017,351,True,4377.0,publications,False
South and Central America,Natural Language Processing,2018,481,True,7621.0,publications,False
South and Central America,Natural Language Processing,2019,447,True,5330.0,publications,False
South and Central America,Natural Language Processing,2020,653,True,7481.0,publications,False
South and Central America,Natural Language Processing,2021,600,True,5674.0,publications,False
South and Central America,Natural Language Processing,2022,423,True,3435.0,publications,False
South and Central America,Natural Language Processing,2023,488,True,3780.0,publications,False
South and Central America,Natural Language Processing,2024,375,False,1360.0,publications,False
South and Central America,Natural Language Processing,2025,190,False,330.0,publications,False
South and Central America,Robotics,2015,638,True,7321.0,publications,False
South and Central America,Robotics,2016,690,True,13832.0,publications,False
South and Central America,Robotics,2017,793,True,10826.0,publications,False
South and Central America,Robotics,2018,931,True,11132.0,publications,False
South and Central America,Robotics,2019,1076,True,13464.0,publications,False
South and Central America,Robotics,2020,1016,True,10756.0,publications,False
South and Central America,Robotics,2021,996,True,9616.0,publications,False
South and Central America,Robotics,2022,938,True,5727.0,publications,False
South and Central America,Robotics,2023,985,True,4013.0,publications,False
South and Central America,Robotics,2024,940,False,1688.0,publications,False
South and Central America,Robotics,2025,457,False,228.0,publications,False
Spain,AI Safety,2015,22,True,546.0,publications,False
Spain,AI Safety,2016,32,True,1220.0,publications,False
Spain,AI Safety,2017,34,True,2979.0,publications,False
Spain,AI Safety,2018,53,True,3558.0,publications,False
Spain,AI Safety,2019,67,True,10937.0,publications,False
Spain,AI Safety,2020,91,True,3761.0,publications,False
Spain,AI Safety,2021,85,True,2940.0,publications,False
Spain,AI Safety,2022,87,True,1565.0,publications,False
Spain,AI Safety,2023,153,True,2031.0,publications,False
Spain,AI Safety,2024,166,False,834.0,publications,False
Spain,AI Safety,2025,120,False,140.0,publications,False
Spain,All,2015,3359,True,101658.0,publications,False
Spain,All,2016,3102,True,116678.0,publications,False
Spain,All,2017,3475,True,148522.0,publications,False
Spain,All,2018,3762,True,122694.0,publications,False
Spain,All,2019,4331,True,146219.0,publications,False
Spain,All,2020,4729,True,147938.0,publications,False
Spain,All,2021,5297,True,117555.0,publications,False
Spain,All,2022,5211,True,83052.0,publications,False
Spain,All,2023,5827,True,70095.0,publications,False
Spain,All,2024,5506,False,29243.0,publications,False
Spain,All,2025,2846,False,3035.0,publications,False
Spain,Computer Vision,2015,844,True,36926.0,publications,False
Spain,Computer Vision,2016,744,True,43592.0,publications,False
Spain,Computer Vision,2017,897,True,56323.0,publications,False
Spain,Computer Vision,2018,932,True,46762.0,publications,False
Spain,Computer Vision,2019,1068,True,47828.0,publications,False
Spain,Computer Vision,2020,1070,True,47166.0,publications,False
Spain,Computer Vision,2021,1227,True,32575.0,publications,False
Spain,Computer Vision,2022,1229,True,22905.0,publications,False
Spain,Computer Vision,2023,1335,True,16072.0,publications,False
Spain,Computer Vision,2024,1225,False,7228.0,publications,False
Spain,Computer Vision,2025,623,False,676.0,publications,False
Spain,Large language models,2015,13,True,1186.0,publications,False
Spain,Large language models,2016,16,True,1304.0,publications,False
Spain,Large language models,2017,14,True,1752.0,publications,False
Spain,Large language models,2018,20,True,2455.0,publications,False
Spain,Large language models,2019,58,True,3833.0,publications,False
Spain,Large language models,2020,86,True,3721.0,publications,False
Spain,Large language models,2021,136,True,4790.0,publications,False
Spain,Large language models,2022,168,True,3437.0,publications,False
Spain,Large language models,2023,244,True,5689.0,publications,False
Spain,Large language models,2024,298,False,3011.0,publications,False
Spain,Large language models,2025,178,False,217.0,publications,False
Spain,Natural Language Processing,2015,492,True,11796.0,publications,False
Spain,Natural Language Processing,2016,489,True,18306.0,publications,False
Spain,Natural Language Processing,2017,459,True,12916.0,publications,False
Spain,Natural Language Processing,2018,453,True,12345.0,publications,False
Spain,Natural Language Processing,2019,554,True,13437.0,publications,False
Spain,Natural Language Processing,2020,547,True,12920.0,publications,False
Spain,Natural Language Processing,2021,608,True,11476.0,publications,False
Spain,Natural Language Processing,2022,502,True,6430.0,publications,False
Spain,Natural Language Processing,2023,591,True,6781.0,publications,False
Spain,Natural Language Processing,2024,492,False,2301.0,publications,False
Spain,Natural Language Processing,2025,221,False,268.0,publications,False
Spain,Robotics,2015,699,True,23933.0,publications,False
Spain,Robotics,2016,607,True,27765.0,publications,False
Spain,Robotics,2017,747,True,19673.0,publications,False
Spain,Robotics,2018,743,True,18682.0,publications,False
Spain,Robotics,2019,895,True,19860.0,publications,False
Spain,Robotics,2020,875,True,23613.0,publications,False
Spain,Robotics,2021,842,True,14494.0,publications,False
Spain,Robotics,2022,894,True,10516.0,publications,False
Spain,Robotics,2023,965,True,6640.0,publications,False
Spain,Robotics,2024,936,False,2990.0,publications,False
Spain,Robotics,2025,466,False,353.0,publications,False
Sri Lanka,AI Safety,2019,3,True,87.0,publications,False
Sri Lanka,AI Safety,2020,5,True,73.0,publications,False
Sri Lanka,AI Safety,2021,3,True,7.0,publications,False
Sri Lanka,AI Safety,2022,2,True,29.0,publications,False
Sri Lanka,AI Safety,2023,16,True,27.0,publications,False
Sri Lanka,AI Safety,2024,22,False,9.0,publications,False
Sri Lanka,AI Safety,2025,16,False,8.0,publications,False
Sri Lanka,All,2015,112,True,1515.0,publications,False
Sri Lanka,All,2016,124,True,1535.0,publications,False
Sri Lanka,All,2017,180,True,2379.0,publications,False
Sri Lanka,All,2018,249,True,2497.0,publications,False
Sri Lanka,All,2019,289,True,4117.0,publications,False
Sri Lanka,All,2020,421,True,4707.0,publications,False
Sri Lanka,All,2021,565,True,5697.0,publications,False
Sri Lanka,All,2022,557,True,5417.0,publications,False
Sri Lanka,All,2023,591,True,2828.0,publications,False
Sri Lanka,All,2024,635,False,1735.0,publications,False
Sri Lanka,All,2025,289,False,132.0,publications,False
Sri Lanka,Computer Vision,2015,44,True,291.0,publications,False
Sri Lanka,Computer Vision,2016,32,True,274.0,publications,False
Sri Lanka,Computer Vision,2017,53,True,706.0,publications,False
Sri Lanka,Computer Vision,2018,54,True,390.0,publications,False
Sri Lanka,Computer Vision,2019,77,True,1379.0,publications,False
Sri Lanka,Computer Vision,2020,103,True,1642.0,publications,False
Sri Lanka,Computer Vision,2021,159,True,1266.0,publications,False
Sri Lanka,Computer Vision,2022,168,True,1954.0,publications,False
Sri Lanka,Computer Vision,2023,167,True,737.0,publications,False
Sri Lanka,Computer Vision,2024,175,False,445.0,publications,False
Sri Lanka,Computer Vision,2025,69,False,26.0,publications,False
Sri Lanka,Large language models,2019,1,True,5.0,publications,False
Sri Lanka,Large language models,2020,5,True,49.0,publications,False
Sri Lanka,Large language models,2021,17,True,277.0,publications,False
Sri Lanka,Large language models,2022,15,True,213.0,publications,False
Sri Lanka,Large language models,2023,25,True,76.0,publications,False
Sri Lanka,Large language models,2024,30,False,68.0,publications,False
Sri Lanka,Large language models,2025,30,False,12.0,publications,False
Sri Lanka,Natural Language Processing,2015,22,True,145.0,publications,False
Sri Lanka,Natural Language Processing,2016,24,True,376.0,publications,False
Sri Lanka,Natural Language Processing,2017,18,True,402.0,publications,False
Sri Lanka,Natural Language Processing,2018,54,True,694.0,publications,False
Sri Lanka,Natural Language Processing,2019,52,True,719.0,publications,False
Sri Lanka,Natural Language Processing,2020,82,True,890.0,publications,False
Sri Lanka,Natural Language Processing,2021,87,True,1772.0,publications,False
Sri Lanka,Natural Language Processing,2022,72,True,399.0,publications,False
Sri Lanka,Natural Language Processing,2023,68,True,145.0,publications,False
Sri Lanka,Natural Language Processing,2024,88,False,177.0,publications,False
Sri Lanka,Natural Language Processing,2025,40,False,16.0,publications,False
Sri Lanka,Robotics,2015,18,True,771.0,publications,False
Sri Lanka,Robotics,2016,25,True,418.0,publications,False
Sri Lanka,Robotics,2017,46,True,422.0,publications,False
Sri Lanka,Robotics,2018,61,True,569.0,publications,False
Sri Lanka,Robotics,2019,50,True,429.0,publications,False
Sri Lanka,Robotics,2020,58,True,383.0,publications,False
Sri Lanka,Robotics,2021,48,True,345.0,publications,False
Sri Lanka,Robotics,2022,53,True,282.0,publications,False
Sri Lanka,Robotics,2023,62,True,287.0,publications,False
Sri Lanka,Robotics,2024,52,False,154.0,publications,False
Sri Lanka,Robotics,2025,27,False,6.0,publications,False
Sudan,AI Safety,2025,3,False,1.0,publications,False
Sudan,All,2015,44,True,485.0,publications,False
Sudan,All,2016,46,True,661.0,publications,False
Sudan,All,2017,63,True,929.0,publications,False
Sudan,All,2018,64,True,876.0,publications,False
Sudan,All,2019,66,True,1194.0,publications,False
Sudan,All,2020,53,True,779.0,publications,False
Sudan,All,2021,95,True,1400.0,publications,False
Sudan,All,2022,80,True,1830.0,publications,False
Sudan,All,2023,88,True,823.0,publications,False
Sudan,All,2024,79,False,428.0,publications,False
Sudan,All,2025,56,False,57.0,publications,False
Sudan,Computer Vision,2015,20,True,239.0,publications,False
Sudan,Computer Vision,2016,16,True,166.0,publications,False
Sudan,Computer Vision,2017,28,True,474.0,publications,False
Sudan,Computer Vision,2018,25,True,443.0,publications,False
Sudan,Computer Vision,2019,26,True,544.0,publications,False
Sudan,Computer Vision,2020,26,True,398.0,publications,False
Sudan,Computer Vision,2021,25,True,352.0,publications,False
Sudan,Computer Vision,2022,20,True,368.0,publications,False
Sudan,Computer Vision,2023,25,True,214.0,publications,False
Sudan,Computer Vision,2024,16,False,95.0,publications,False
Sudan,Computer Vision,2025,11,False,11.0,publications,False
Sudan,Large language models,2020,1,True,28.0,publications,False
Sudan,Large language models,2021,2,True,10.0,publications,False
Sudan,Large language models,2023,2,True,7.0,publications,False
Sudan,Large language models,2024,2,False,,publications,False
Sudan,Large language models,2025,2,False,1.0,publications,False
Sudan,Natural Language Processing,2015,4,True,8.0,publications,False
Sudan,Natural Language Processing,2016,8,True,107.0,publications,False
Sudan,Natural Language Processing,2017,7,True,101.0,publications,False
Sudan,Natural Language Processing,2018,12,True,95.0,publications,False
Sudan,Natural Language Processing,2019,11,True,290.0,publications,False
Sudan,Natural Language Processing,2020,8,True,237.0,publications,False
Sudan,Natural Language Processing,2021,13,True,58.0,publications,False
Sudan,Natural Language Processing,2022,5,True,15.0,publications,False
Sudan,Natural Language Processing,2023,12,True,60.0,publications,False
Sudan,Natural Language Processing,2024,4,False,16.0,publications,False
Sudan,Natural Language Processing,2025,5,False,1.0,publications,False
Sudan,Robotics,2015,4,True,15.0,publications,False
Sudan,Robotics,2016,2,True,4.0,publications,False
Sudan,Robotics,2017,11,True,68.0,publications,False
Sudan,Robotics,2018,3,True,6.0,publications,False
Sudan,Robotics,2019,3,True,13.0,publications,False
Sudan,Robotics,2020,4,True,23.0,publications,False
Sudan,Robotics,2021,16,True,246.0,publications,False
Sudan,Robotics,2022,3,True,145.0,publications,False
Sudan,Robotics,2023,12,True,108.0,publications,False
Sudan,Robotics,2024,2,False,5.0,publications,False
Sudan,Robotics,2025,9,False,6.0,publications,False
Suriname,All,2021,1,True,5.0,publications,False
Swaziland,AI Safety,2023,1,True,12.0,publications,False
Swaziland,AI Safety,2025,1,False,,publications,False
Swaziland,All,2016,1,True,37.0,publications,False
Swaziland,All,2017,1,True,1.0,publications,False
Swaziland,All,2018,2,True,31.0,publications,False
Swaziland,All,2019,2,True,111.0,publications,False
Swaziland,All,2020,6,True,274.0,publications,False
Swaziland,All,2021,6,True,214.0,publications,False
Swaziland,All,2022,8,True,122.0,publications,False
Swaziland,All,2023,4,True,103.0,publications,False
Swaziland,All,2024,8,False,17.0,publications,False
Swaziland,All,2025,2,False,,publications,False
Swaziland,Computer Vision,2020,1,True,27.0,publications,False
Swaziland,Computer Vision,2021,1,True,89.0,publications,False
Swaziland,Computer Vision,2022,1,True,3.0,publications,False
Swaziland,Large language models,2024,1,False,6.0,publications,False
Swaziland,Natural Language Processing,2017,1,True,1.0,publications,False
Swaziland,Natural Language Processing,2024,1,False,6.0,publications,False
Swaziland,Robotics,2021,1,True,27.0,publications,False
Sweden,AI Safety,2015,18,True,500.0,publications,False
Sweden,AI Safety,2016,17,True,722.0,publications,False
Sweden,AI Safety,2017,36,True,1115.0,publications,False
Sweden,AI Safety,2018,35,True,1852.0,publications,False
Sweden,AI Safety,2019,54,True,4106.0,publications,False
Sweden,AI Safety,2020,91,True,4812.0,publications,False
Sweden,AI Safety,2021,81,True,2455.0,publications,False
Sweden,AI Safety,2022,79,True,1331.0,publications,False
Sweden,AI Safety,2023,96,True,1342.0,publications,False
Sweden,AI Safety,2024,121,False,645.0,publications,False
Sweden,AI Safety,2025,75,False,91.0,publications,False
Sweden,All,2015,929,True,30898.0,publications,False
Sweden,All,2016,1100,True,44165.0,publications,False
Sweden,All,2017,1133,True,49505.0,publications,False
Sweden,All,2018,1320,True,57527.0,publications,False
Sweden,All,2019,1628,True,72172.0,publications,False
Sweden,All,2020,2100,True,78844.0,publications,False
Sweden,All,2021,2284,True,64107.0,publications,False
Sweden,All,2022,2367,True,45501.0,publications,False
Sweden,All,2023,2671,True,36093.0,publications,False
Sweden,All,2024,2463,False,15410.0,publications,False
Sweden,All,2025,1199,False,1567.0,publications,False
Sweden,Computer Vision,2015,204,True,9910.0,publications,False
Sweden,Computer Vision,2016,220,True,17842.0,publications,False
Sweden,Computer Vision,2017,210,True,15607.0,publications,False
Sweden,Computer Vision,2018,247,True,17428.0,publications,False
Sweden,Computer Vision,2019,326,True,24327.0,publications,False
Sweden,Computer Vision,2020,362,True,18696.0,publications,False
Sweden,Computer Vision,2021,453,True,21680.0,publications,False
Sweden,Computer Vision,2022,440,True,10539.0,publications,False
Sweden,Computer Vision,2023,520,True,7277.0,publications,False
Sweden,Computer Vision,2024,487,False,3184.0,publications,False
Sweden,Computer Vision,2025,215,False,421.0,publications,False
Sweden,Large language models,2015,2,True,22.0,publications,False
Sweden,Large language models,2016,4,True,189.0,publications,False
Sweden,Large language models,2017,4,True,50.0,publications,False
Sweden,Large language models,2018,12,True,1221.0,publications,False
Sweden,Large language models,2019,29,True,1754.0,publications,False
Sweden,Large language models,2020,45,True,1551.0,publications,False
Sweden,Large language models,2021,84,True,12093.0,publications,False
Sweden,Large language models,2022,93,True,4552.0,publications,False
Sweden,Large language models,2023,148,True,3520.0,publications,False
Sweden,Large language models,2024,138,False,1236.0,publications,False
Sweden,Large language models,2025,89,False,262.0,publications,False
Sweden,Natural Language Processing,2015,125,True,3036.0,publications,False
Sweden,Natural Language Processing,2016,169,True,5216.0,publications,False
Sweden,Natural Language Processing,2017,146,True,4646.0,publications,False
Sweden,Natural Language Processing,2018,173,True,5207.0,publications,False
Sweden,Natural Language Processing,2019,170,True,2724.0,publications,False
Sweden,Natural Language Processing,2020,211,True,5525.0,publications,False
Sweden,Natural Language Processing,2021,223,True,4914.0,publications,False
Sweden,Natural Language Processing,2022,206,True,2558.0,publications,False
Sweden,Natural Language Processing,2023,259,True,4382.0,publications,False
Sweden,Natural Language Processing,2024,164,False,889.0,publications,False
Sweden,Natural Language Processing,2025,92,False,193.0,publications,False
Sweden,Robotics,2015,253,True,9606.0,publications,False
Sweden,Robotics,2016,338,True,10433.0,publications,False
Sweden,Robotics,2017,334,True,10841.0,publications,False
Sweden,Robotics,2018,371,True,10499.0,publications,False
Sweden,Robotics,2019,405,True,13619.0,publications,False
Sweden,Robotics,2020,467,True,13890.0,publications,False
Sweden,Robotics,2021,433,True,9176.0,publications,False
Sweden,Robotics,2022,462,True,6666.0,publications,False
Sweden,Robotics,2023,491,True,4397.0,publications,False
Sweden,Robotics,2024,438,False,2256.0,publications,False
Sweden,Robotics,2025,201,False,196.0,publications,False
Switzerland,AI Safety,2015,20,True,2303.0,publications,False
Switzerland,AI Safety,2016,23,True,7283.0,publications,False
Switzerland,AI Safety,2017,39,True,3868.0,publications,False
Switzerland,AI Safety,2018,55,True,10309.0,publications,False
Switzerland,AI Safety,2019,84,True,6247.0,publications,False
Switzerland,AI Safety,2020,128,True,9416.0,publications,False
Switzerland,AI Safety,2021,131,True,5782.0,publications,False
Switzerland,AI Safety,2022,93,True,3014.0,publications,False
Switzerland,AI Safety,2023,118,True,2446.0,publications,False
Switzerland,AI Safety,2024,111,False,1037.0,publications,False
Switzerland,AI Safety,2025,78,False,119.0,publications,False
Switzerland,All,2015,1422,True,97687.0,publications,False
Switzerland,All,2016,1475,True,155042.0,publications,False
Switzerland,All,2017,1709,True,137537.0,publications,False
Switzerland,All,2018,2077,True,163742.0,publications,False
Switzerland,All,2019,2508,True,181759.0,publications,False
Switzerland,All,2020,3123,True,163282.0,publications,False
Switzerland,All,2021,3613,True,143904.0,publications,False
Switzerland,All,2022,3631,True,96583.0,publications,False
Switzerland,All,2023,3786,True,73635.0,publications,False
Switzerland,All,2024,3239,False,24256.0,publications,False
Switzerland,All,2025,1654,False,2819.0,publications,False
Switzerland,Computer Vision,2015,439,True,34625.0,publications,False
Switzerland,Computer Vision,2016,469,True,90127.0,publications,False
Switzerland,Computer Vision,2017,496,True,65787.0,publications,False
Switzerland,Computer Vision,2018,558,True,53593.0,publications,False
Switzerland,Computer Vision,2019,663,True,64437.0,publications,False
Switzerland,Computer Vision,2020,858,True,57907.0,publications,False
Switzerland,Computer Vision,2021,936,True,58810.0,publications,False
Switzerland,Computer Vision,2022,957,True,38804.0,publications,False
Switzerland,Computer Vision,2023,1061,True,25980.0,publications,False
Switzerland,Computer Vision,2024,834,False,7474.0,publications,False
Switzerland,Computer Vision,2025,367,False,637.0,publications,False
Switzerland,Large language models,2015,5,True,2981.0,publications,False
Switzerland,Large language models,2016,8,True,2079.0,publications,False
Switzerland,Large language models,2017,26,True,2590.0,publications,False
Switzerland,Large language models,2018,38,True,6597.0,publications,False
Switzerland,Large language models,2019,93,True,13741.0,publications,False
Switzerland,Large language models,2020,146,True,14928.0,publications,False
Switzerland,Large language models,2021,251,True,18110.0,publications,False
Switzerland,Large language models,2022,228,True,15707.0,publications,False
Switzerland,Large language models,2023,350,True,18080.0,publications,False
Switzerland,Large language models,2024,365,False,4631.0,publications,False
Switzerland,Large language models,2025,191,False,412.0,publications,False
Switzerland,Natural Language Processing,2015,155,True,5676.0,publications,False
Switzerland,Natural Language Processing,2016,163,True,7346.0,publications,False
Switzerland,Natural Language Processing,2017,181,True,6998.0,publications,False
Switzerland,Natural Language Processing,2018,230,True,12892.0,publications,False
Switzerland,Natural Language Processing,2019,266,True,12775.0,publications,False
Switzerland,Natural Language Processing,2020,347,True,12118.0,publications,False
Switzerland,Natural Language Processing,2021,408,True,11282.0,publications,False
Switzerland,Natural Language Processing,2022,360,True,6661.0,publications,False
Switzerland,Natural Language Processing,2023,471,True,12187.0,publications,False
Switzerland,Natural Language Processing,2024,332,False,2359.0,publications,False
Switzerland,Natural Language Processing,2025,193,False,380.0,publications,False
Switzerland,Robotics,2015,368,True,25125.0,publications,False
Switzerland,Robotics,2016,399,True,30238.0,publications,False
Switzerland,Robotics,2017,446,True,27480.0,publications,False
Switzerland,Robotics,2018,508,True,34039.0,publications,False
Switzerland,Robotics,2019,470,True,22462.0,publications,False
Switzerland,Robotics,2020,514,True,18823.0,publications,False
Switzerland,Robotics,2021,610,True,23316.0,publications,False
Switzerland,Robotics,2022,662,True,15677.0,publications,False
Switzerland,Robotics,2023,599,True,9569.0,publications,False
Switzerland,Robotics,2024,566,False,3723.0,publications,False
Switzerland,Robotics,2025,288,False,330.0,publications,False
Syria,AI Safety,2021,1,True,,publications,False
Syria,AI Safety,2024,4,False,1.0,publications,False
Syria,AI Safety,2025,3,False,2.0,publications,False
Syria,All,2015,7,True,63.0,publications,False
Syria,All,2016,15,True,151.0,publications,False
Syria,All,2017,10,True,112.0,publications,False
Syria,All,2018,21,True,396.0,publications,False
Syria,All,2019,29,True,1366.0,publications,False
Syria,All,2020,44,True,1143.0,publications,False
Syria,All,2021,51,True,975.0,publications,False
Syria,All,2022,62,True,1070.0,publications,False
Syria,All,2023,69,True,758.0,publications,False
Syria,All,2024,75,False,375.0,publications,False
Syria,All,2025,61,False,39.0,publications,False
Syria,Computer Vision,2016,4,True,61.0,publications,False
Syria,Computer Vision,2017,4,True,19.0,publications,False
Syria,Computer Vision,2018,3,True,10.0,publications,False
Syria,Computer Vision,2019,11,True,356.0,publications,False
Syria,Computer Vision,2020,14,True,488.0,publications,False
Syria,Computer Vision,2021,17,True,220.0,publications,False
Syria,Computer Vision,2022,17,True,251.0,publications,False
Syria,Computer Vision,2023,15,True,55.0,publications,False
Syria,Computer Vision,2024,17,False,40.0,publications,False
Syria,Computer Vision,2025,15,False,7.0,publications,False
Syria,Large language models,2021,1,True,13.0,publications,False
Syria,Large language models,2022,1,True,66.0,publications,False
Syria,Large language models,2023,3,True,98.0,publications,False
Syria,Large language models,2024,6,False,17.0,publications,False
Syria,Large language models,2025,5,False,3.0,publications,False
Syria,Natural Language Processing,2015,1,True,6.0,publications,False
Syria,Natural Language Processing,2016,2,True,4.0,publications,False
Syria,Natural Language Processing,2017,4,True,6.0,publications,False
Syria,Natural Language Processing,2018,4,True,26.0,publications,False
Syria,Natural Language Processing,2019,5,True,54.0,publications,False
Syria,Natural Language Processing,2020,5,True,84.0,publications,False
Syria,Natural Language Processing,2021,4,True,29.0,publications,False
Syria,Natural Language Processing,2022,4,True,75.0,publications,False
Syria,Natural Language Processing,2023,9,True,57.0,publications,False
Syria,Natural Language Processing,2024,6,False,99.0,publications,False
Syria,Natural Language Processing,2025,5,False,4.0,publications,False
Syria,Robotics,2015,5,True,35.0,publications,False
Syria,Robotics,2016,3,True,1.0,publications,False
Syria,Robotics,2017,2,True,85.0,publications,False
Syria,Robotics,2018,9,True,68.0,publications,False
Syria,Robotics,2019,9,True,79.0,publications,False
Syria,Robotics,2020,7,True,61.0,publications,False
Syria,Robotics,2021,8,True,116.0,publications,False
Syria,Robotics,2022,9,True,57.0,publications,False
Syria,Robotics,2023,10,True,56.0,publications,False
Syria,Robotics,2024,9,False,16.0,publications,False
Syria,Robotics,2025,3,False,,publications,False
São Tomé and Príncipe,All,2022,1,True,19.0,publications,False
Taiwan,AI Safety,2015,6,True,270.0,publications,False
Taiwan,AI Safety,2016,10,True,279.0,publications,False
Taiwan,AI Safety,2017,8,True,537.0,publications,False
Taiwan,AI Safety,2018,19,True,1612.0,publications,False
Taiwan,AI Safety,2019,21,True,1673.0,publications,False
Taiwan,AI Safety,2020,26,True,3656.0,publications,False
Taiwan,AI Safety,2021,42,True,1023.0,publications,False
Taiwan,AI Safety,2022,25,True,373.0,publications,False
Taiwan,AI Safety,2023,48,True,408.0,publications,False
Taiwan,AI Safety,2024,101,False,545.0,publications,False
Taiwan,AI Safety,2025,49,False,33.0,publications,False
Taiwan,All,2015,1644,True,25843.0,publications,False
Taiwan,All,2016,1570,True,27587.0,publications,False
Taiwan,All,2017,1625,True,36388.0,publications,False
Taiwan,All,2018,1976,True,56129.0,publications,False
Taiwan,All,2019,2599,True,68179.0,publications,False
Taiwan,All,2020,3047,True,105669.0,publications,False
Taiwan,All,2021,3637,True,75616.0,publications,False
Taiwan,All,2022,3758,True,66163.0,publications,False
Taiwan,All,2023,4075,True,38972.0,publications,False
Taiwan,All,2024,3980,False,18557.0,publications,False
Taiwan,All,2025,2101,False,1602.0,publications,False
Taiwan,Computer Vision,2015,608,True,10087.0,publications,False
Taiwan,Computer Vision,2016,597,True,10106.0,publications,False
Taiwan,Computer Vision,2017,605,True,15935.0,publications,False
Taiwan,Computer Vision,2018,727,True,22357.0,publications,False
Taiwan,Computer Vision,2019,954,True,29968.0,publications,False
Taiwan,Computer Vision,2020,1055,True,49814.0,publications,False
Taiwan,Computer Vision,2021,1331,True,27667.0,publications,False
Taiwan,Computer Vision,2022,1335,True,30713.0,publications,False
Taiwan,Computer Vision,2023,1486,True,11648.0,publications,False
Taiwan,Computer Vision,2024,1369,False,7875.0,publications,False
Taiwan,Computer Vision,2025,700,False,537.0,publications,False
Taiwan,Large language models,2015,10,True,237.0,publications,False
Taiwan,Large language models,2016,10,True,525.0,publications,False
Taiwan,Large language models,2017,14,True,164.0,publications,False
Taiwan,Large language models,2018,40,True,2306.0,publications,False
Taiwan,Large language models,2019,71,True,3412.0,publications,False
Taiwan,Large language models,2020,112,True,3491.0,publications,False
Taiwan,Large language models,2021,149,True,5408.0,publications,False
Taiwan,Large language models,2022,135,True,2550.0,publications,False
Taiwan,Large language models,2023,226,True,4250.0,publications,False
Taiwan,Large language models,2024,337,False,2125.0,publications,False
Taiwan,Large language models,2025,186,False,130.0,publications,False
Taiwan,Natural Language Processing,2015,145,True,3192.0,publications,False
Taiwan,Natural Language Processing,2016,160,True,3123.0,publications,False
Taiwan,Natural Language Processing,2017,135,True,3152.0,publications,False
Taiwan,Natural Language Processing,2018,154,True,3613.0,publications,False
Taiwan,Natural Language Processing,2019,217,True,5999.0,publications,False
Taiwan,Natural Language Processing,2020,241,True,5022.0,publications,False
Taiwan,Natural Language Processing,2021,267,True,8257.0,publications,False
Taiwan,Natural Language Processing,2022,267,True,3748.0,publications,False
Taiwan,Natural Language Processing,2023,243,True,2999.0,publications,False
Taiwan,Natural Language Processing,2024,326,False,1570.0,publications,False
Taiwan,Natural Language Processing,2025,115,False,98.0,publications,False
Taiwan,Robotics,2015,343,True,3918.0,publications,False
Taiwan,Robotics,2016,368,True,5117.0,publications,False
Taiwan,Robotics,2017,370,True,4814.0,publications,False
Taiwan,Robotics,2018,390,True,7300.0,publications,False
Taiwan,Robotics,2019,505,True,7234.0,publications,False
Taiwan,Robotics,2020,500,True,7131.0,publications,False
Taiwan,Robotics,2021,508,True,7429.0,publications,False
Taiwan,Robotics,2022,534,True,4715.0,publications,False
Taiwan,Robotics,2023,580,True,3447.0,publications,False
Taiwan,Robotics,2024,493,False,1511.0,publications,False
Taiwan,Robotics,2025,291,False,98.0,publications,False
Tajikistan,AI Safety,2019,1,True,4.0,publications,False
Tajikistan,AI Safety,2024,1,False,4.0,publications,False
Tajikistan,AI Safety,2025,1,False,,publications,False
Tajikistan,All,2018,2,True,2.0,publications,False
Tajikistan,All,2019,4,True,8.0,publications,False
Tajikistan,All,2020,5,True,33.0,publications,False
Tajikistan,All,2021,8,True,58.0,publications,False
Tajikistan,All,2022,3,True,18.0,publications,False
Tajikistan,All,2023,5,True,48.0,publications,False
Tajikistan,All,2024,7,False,60.0,publications,False
Tajikistan,All,2025,6,False,14.0,publications,False
Tajikistan,Computer Vision,2020,1,True,19.0,publications,False
Tajikistan,Computer Vision,2021,1,True,42.0,publications,False
Tajikistan,Computer Vision,2024,1,False,5.0,publications,False
Tajikistan,Computer Vision,2025,1,False,,publications,False
Tajikistan,Large language models,2025,1,False,5.0,publications,False
Tajikistan,Natural Language Processing,2019,1,True,,publications,False
Tajikistan,Natural Language Processing,2020,1,True,5.0,publications,False
Tajikistan,Natural Language Processing,2023,1,True,,publications,False
Tajikistan,Robotics,2018,1,True,2.0,publications,False
Tajikistan,Robotics,2021,1,True,6.0,publications,False
Tajikistan,Robotics,2024,1,False,,publications,False
Tajikistan,Robotics,2025,1,False,,publications,False
Tanzania,AI Safety,2024,4,False,43.0,publications,False
Tanzania,AI Safety,2025,1,False,,publications,False
Tanzania,All,2015,9,True,81.0,publications,False
Tanzania,All,2016,10,True,294.0,publications,False
Tanzania,All,2017,15,True,1061.0,publications,False
Tanzania,All,2018,4,True,193.0,publications,False
Tanzania,All,2019,18,True,779.0,publications,False
Tanzania,All,2020,35,True,657.0,publications,False
Tanzania,All,2021,50,True,1059.0,publications,False
Tanzania,All,2022,81,True,1483.0,publications,False
Tanzania,All,2023,97,True,657.0,publications,False
Tanzania,All,2024,82,False,349.0,publications,False
Tanzania,All,2025,42,False,44.0,publications,False
Tanzania,Computer Vision,2015,3,True,27.0,publications,False
Tanzania,Computer Vision,2016,5,True,50.0,publications,False
Tanzania,Computer Vision,2017,7,True,905.0,publications,False
Tanzania,Computer Vision,2019,8,True,484.0,publications,False
Tanzania,Computer Vision,2020,12,True,410.0,publications,False
Tanzania,Computer Vision,2021,19,True,361.0,publications,False
Tanzania,Computer Vision,2022,27,True,686.0,publications,False
Tanzania,Computer Vision,2023,22,True,65.0,publications,False
Tanzania,Computer Vision,2024,18,False,108.0,publications,False
Tanzania,Computer Vision,2025,8,False,16.0,publications,False
Tanzania,Large language models,2023,2,True,52.0,publications,False
Tanzania,Large language models,2025,2,False,1.0,publications,False
Tanzania,Natural Language Processing,2016,1,True,,publications,False
Tanzania,Natural Language Processing,2017,1,True,3.0,publications,False
Tanzania,Natural Language Processing,2020,2,True,19.0,publications,False
Tanzania,Natural Language Processing,2021,2,True,6.0,publications,False
Tanzania,Natural Language Processing,2022,1,True,,publications,False
Tanzania,Natural Language Processing,2023,11,True,111.0,publications,False
Tanzania,Natural Language Processing,2024,8,False,33.0,publications,False
Tanzania,Natural Language Processing,2025,4,False,1.0,publications,False
Tanzania,Robotics,2015,2,True,16.0,publications,False
Tanzania,Robotics,2016,1,True,103.0,publications,False
Tanzania,Robotics,2020,2,True,6.0,publications,False
Tanzania,Robotics,2021,5,True,59.0,publications,False
Tanzania,Robotics,2022,2,True,,publications,False
Tanzania,Robotics,2023,3,True,12.0,publications,False
Tanzania,Robotics,2024,1,False,,publications,False
Tanzania,Robotics,2025,1,False,,publications,False
Thailand,AI Safety,2015,1,True,6.0,publications,False
Thailand,AI Safety,2016,3,True,36.0,publications,False
Thailand,AI Safety,2018,1,True,1.0,publications,False
Thailand,AI Safety,2019,4,True,15.0,publications,False
Thailand,AI Safety,2020,4,True,37.0,publications,False
Thailand,AI Safety,2021,4,True,9.0,publications,False
Thailand,AI Safety,2022,8,True,78.0,publications,False
Thailand,AI Safety,2023,11,True,46.0,publications,False
Thailand,AI Safety,2024,23,False,97.0,publications,False
Thailand,AI Safety,2025,17,False,12.0,publications,False
Thailand,All,2015,520,True,6339.0,publications,False
Thailand,All,2016,583,True,7677.0,publications,False
Thailand,All,2017,650,True,7736.0,publications,False
Thailand,All,2018,793,True,12213.0,publications,False
Thailand,All,2019,891,True,11145.0,publications,False
Thailand,All,2020,851,True,13297.0,publications,False
Thailand,All,2021,1165,True,17851.0,publications,False
Thailand,All,2022,1350,True,13246.0,publications,False
Thailand,All,2023,1580,True,12519.0,publications,False
Thailand,All,2024,1797,False,6567.0,publications,False
Thailand,All,2025,961,False,848.0,publications,False
Thailand,Computer Vision,2015,195,True,1788.0,publications,False
Thailand,Computer Vision,2016,190,True,2340.0,publications,False
Thailand,Computer Vision,2017,237,True,2355.0,publications,False
Thailand,Computer Vision,2018,290,True,5471.0,publications,False
Thailand,Computer Vision,2019,319,True,3965.0,publications,False
Thailand,Computer Vision,2020,304,True,4990.0,publications,False
Thailand,Computer Vision,2021,389,True,5500.0,publications,False
Thailand,Computer Vision,2022,444,True,3983.0,publications,False
Thailand,Computer Vision,2023,512,True,3315.0,publications,False
Thailand,Computer Vision,2024,566,False,2163.0,publications,False
Thailand,Computer Vision,2025,281,False,169.0,publications,False
Thailand,Large language models,2016,2,True,13.0,publications,False
Thailand,Large language models,2018,2,True,1.0,publications,False
Thailand,Large language models,2019,8,True,188.0,publications,False
Thailand,Large language models,2020,13,True,94.0,publications,False
Thailand,Large language models,2021,22,True,437.0,publications,False
Thailand,Large language models,2022,39,True,310.0,publications,False
Thailand,Large language models,2023,53,True,541.0,publications,False
Thailand,Large language models,2024,78,False,451.0,publications,False
Thailand,Large language models,2025,56,False,40.0,publications,False
Thailand,Natural Language Processing,2015,44,True,312.0,publications,False
Thailand,Natural Language Processing,2016,64,True,529.0,publications,False
Thailand,Natural Language Processing,2017,57,True,487.0,publications,False
Thailand,Natural Language Processing,2018,88,True,927.0,publications,False
Thailand,Natural Language Processing,2019,88,True,815.0,publications,False
Thailand,Natural Language Processing,2020,85,True,595.0,publications,False
Thailand,Natural Language Processing,2021,122,True,1371.0,publications,False
Thailand,Natural Language Processing,2022,105,True,549.0,publications,False
Thailand,Natural Language Processing,2023,132,True,888.0,publications,False
Thailand,Natural Language Processing,2024,160,False,504.0,publications,False
Thailand,Natural Language Processing,2025,61,False,28.0,publications,False
Thailand,Robotics,2015,78,True,586.0,publications,False
Thailand,Robotics,2016,96,True,1764.0,publications,False
Thailand,Robotics,2017,101,True,1446.0,publications,False
Thailand,Robotics,2018,104,True,898.0,publications,False
Thailand,Robotics,2019,140,True,1657.0,publications,False
Thailand,Robotics,2020,119,True,1254.0,publications,False
Thailand,Robotics,2021,140,True,1341.0,publications,False
Thailand,Robotics,2022,148,True,1215.0,publications,False
Thailand,Robotics,2023,176,True,1191.0,publications,False
Thailand,Robotics,2024,173,False,397.0,publications,False
Thailand,Robotics,2025,83,False,28.0,publications,False
Timor-Leste,All,2015,1,True,3.0,publications,False
Timor-Leste,All,2017,1,True,87.0,publications,False
Timor-Leste,All,2018,3,True,75.0,publications,False
Timor-Leste,All,2019,2,True,58.0,publications,False
Timor-Leste,All,2021,4,True,20.0,publications,False
Timor-Leste,All,2022,4,True,12.0,publications,False
Timor-Leste,All,2023,6,True,13.0,publications,False
Timor-Leste,All,2024,3,False,3.0,publications,False
Timor-Leste,All,2025,1,False,,publications,False
Timor-Leste,Computer Vision,2017,1,True,87.0,publications,False
Timor-Leste,Computer Vision,2019,1,True,29.0,publications,False
Timor-Leste,Computer Vision,2021,2,True,16.0,publications,False
Timor-Leste,Computer Vision,2023,4,True,7.0,publications,False
Timor-Leste,Natural Language Processing,2018,1,True,20.0,publications,False
Timor-Leste,Natural Language Processing,2021,1,True,3.0,publications,False
Timor-Leste,Natural Language Processing,2022,1,True,,publications,False
Timor-Leste,Natural Language Processing,2024,1,False,,publications,False
Togo,All,2020,3,True,20.0,publications,False
Togo,All,2021,5,True,130.0,publications,False
Togo,All,2022,5,True,190.0,publications,False
Togo,All,2023,7,True,132.0,publications,False
Togo,All,2024,8,False,53.0,publications,False
Togo,All,2025,3,False,4.0,publications,False
Togo,Computer Vision,2020,2,True,19.0,publications,False
Togo,Computer Vision,2022,1,True,106.0,publications,False
Togo,Computer Vision,2025,2,False,4.0,publications,False
Togo,Large language models,2022,1,True,28.0,publications,False
Togo,Large language models,2023,1,True,19.0,publications,False
Togo,Natural Language Processing,2022,1,True,28.0,publications,False
Togo,Natural Language Processing,2023,1,True,19.0,publications,False
Togo,Robotics,2021,1,True,86.0,publications,False
Tonga,All,2020,1,True,14.0,publications,False
Tonga,All,2021,1,True,,publications,False
Tonga,All,2023,1,True,26.0,publications,False
Tonga,All,2024,2,False,30.0,publications,False
Tonga,Computer Vision,2024,1,False,8.0,publications,False
Tonga,Robotics,2020,1,True,14.0,publications,False
Tonga,Robotics,2021,1,True,,publications,False
Trinidad and Tobago,AI Safety,2024,1,False,1.0,publications,False
Trinidad and Tobago,All,2015,3,True,52.0,publications,False
Trinidad and Tobago,All,2016,8,True,63.0,publications,False
Trinidad and Tobago,All,2017,5,True,137.0,publications,False
Trinidad and Tobago,All,2018,5,True,52.0,publications,False
Trinidad and Tobago,All,2019,15,True,269.0,publications,False
Trinidad and Tobago,All,2020,22,True,230.0,publications,False
Trinidad and Tobago,All,2021,18,True,182.0,publications,False
Trinidad and Tobago,All,2022,27,True,211.0,publications,False
Trinidad and Tobago,All,2023,34,True,353.0,publications,False
Trinidad and Tobago,All,2024,32,False,86.0,publications,False
Trinidad and Tobago,All,2025,16,False,7.0,publications,False
Trinidad and Tobago,Computer Vision,2015,1,True,9.0,publications,False
Trinidad and Tobago,Computer Vision,2016,5,True,15.0,publications,False
Trinidad and Tobago,Computer Vision,2018,2,True,18.0,publications,False
Trinidad and Tobago,Computer Vision,2019,2,True,3.0,publications,False
Trinidad and Tobago,Computer Vision,2020,2,True,10.0,publications,False
Trinidad and Tobago,Computer Vision,2021,5,True,85.0,publications,False
Trinidad and Tobago,Computer Vision,2022,2,True,2.0,publications,False
Trinidad and Tobago,Computer Vision,2023,6,True,3.0,publications,False
Trinidad and Tobago,Computer Vision,2024,3,False,2.0,publications,False
Trinidad and Tobago,Computer Vision,2025,3,False,1.0,publications,False
Trinidad and Tobago,Large language models,2024,2,False,1.0,publications,False
Trinidad and Tobago,Large language models,2025,3,False,4.0,publications,False
Trinidad and Tobago,Natural Language Processing,2016,1,True,11.0,publications,False
Trinidad and Tobago,Natural Language Processing,2023,1,True,,publications,False
Trinidad and Tobago,Natural Language Processing,2024,2,False,,publications,False
Trinidad and Tobago,Natural Language Processing,2025,2,False,3.0,publications,False
Trinidad and Tobago,Robotics,2016,1,True,37.0,publications,False
Trinidad and Tobago,Robotics,2017,1,True,,publications,False
Trinidad and Tobago,Robotics,2018,1,True,18.0,publications,False
Trinidad and Tobago,Robotics,2020,2,True,1.0,publications,False
Trinidad and Tobago,Robotics,2021,1,True,10.0,publications,False
Trinidad and Tobago,Robotics,2022,5,True,1.0,publications,False
Trinidad and Tobago,Robotics,2023,3,True,3.0,publications,False
Trinidad and Tobago,Robotics,2024,2,False,,publications,False
Trinidad and Tobago,Robotics,2025,1,False,,publications,False
Tunisia,AI Safety,2015,1,True,,publications,False
Tunisia,AI Safety,2016,4,True,20.0,publications,False
Tunisia,AI Safety,2017,2,True,3.0,publications,False
Tunisia,AI Safety,2018,6,True,30.0,publications,False
Tunisia,AI Safety,2019,4,True,34.0,publications,False
Tunisia,AI Safety,2020,5,True,141.0,publications,False
Tunisia,AI Safety,2021,7,True,131.0,publications,False
Tunisia,AI Safety,2022,4,True,21.0,publications,False
Tunisia,AI Safety,2023,9,True,13.0,publications,False
Tunisia,AI Safety,2024,35,False,143.0,publications,False
Tunisia,AI Safety,2025,19,False,5.0,publications,False
Tunisia,All,2015,594,True,6116.0,publications,False
Tunisia,All,2016,770,True,7715.0,publications,False
Tunisia,All,2017,693,True,7622.0,publications,False
Tunisia,All,2018,657,True,8007.0,publications,False
Tunisia,All,2019,608,True,8768.0,publications,False
Tunisia,All,2020,744,True,11272.0,publications,False
Tunisia,All,2021,778,True,42117.0,publications,False
Tunisia,All,2022,793,True,8853.0,publications,False
Tunisia,All,2023,928,True,8073.0,publications,False
Tunisia,All,2024,924,False,3732.0,publications,False
Tunisia,All,2025,414,False,283.0,publications,False
Tunisia,Computer Vision,2015,185,True,2137.0,publications,False
Tunisia,Computer Vision,2016,303,True,3361.0,publications,False
Tunisia,Computer Vision,2017,263,True,2420.0,publications,False
Tunisia,Computer Vision,2018,241,True,4071.0,publications,False
Tunisia,Computer Vision,2019,194,True,3007.0,publications,False
Tunisia,Computer Vision,2020,284,True,4775.0,publications,False
Tunisia,Computer Vision,2021,297,True,34169.0,publications,False
Tunisia,Computer Vision,2022,284,True,3219.0,publications,False
Tunisia,Computer Vision,2023,326,True,2248.0,publications,False
Tunisia,Computer Vision,2024,294,False,925.0,publications,False
Tunisia,Computer Vision,2025,147,False,80.0,publications,False
Tunisia,Large language models,2017,1,True,2.0,publications,False
Tunisia,Large language models,2019,4,True,39.0,publications,False
Tunisia,Large language models,2020,5,True,51.0,publications,False
Tunisia,Large language models,2021,12,True,202.0,publications,False
Tunisia,Large language models,2022,15,True,413.0,publications,False
Tunisia,Large language models,2023,27,True,407.0,publications,False
Tunisia,Large language models,2024,27,False,197.0,publications,False
Tunisia,Large language models,2025,22,False,13.0,publications,False
Tunisia,Natural Language Processing,2015,71,True,615.0,publications,False
Tunisia,Natural Language Processing,2016,91,True,668.0,publications,False
Tunisia,Natural Language Processing,2017,77,True,1033.0,publications,False
Tunisia,Natural Language Processing,2018,89,True,579.0,publications,False
Tunisia,Natural Language Processing,2019,72,True,1028.0,publications,False
Tunisia,Natural Language Processing,2020,51,True,989.0,publications,False
Tunisia,Natural Language Processing,2021,66,True,799.0,publications,False
Tunisia,Natural Language Processing,2022,67,True,721.0,publications,False
Tunisia,Natural Language Processing,2023,79,True,1084.0,publications,False
Tunisia,Natural Language Processing,2024,84,False,292.0,publications,False
Tunisia,Natural Language Processing,2025,24,False,14.0,publications,False
Tunisia,Robotics,2015,68,True,711.0,publications,False
Tunisia,Robotics,2016,76,True,1158.0,publications,False
Tunisia,Robotics,2017,92,True,1054.0,publications,False
Tunisia,Robotics,2018,77,True,1101.0,publications,False
Tunisia,Robotics,2019,88,True,1279.0,publications,False
Tunisia,Robotics,2020,79,True,1135.0,publications,False
Tunisia,Robotics,2021,63,True,941.0,publications,False
Tunisia,Robotics,2022,97,True,870.0,publications,False
Tunisia,Robotics,2023,89,True,431.0,publications,False
Tunisia,Robotics,2024,89,False,257.0,publications,False
Tunisia,Robotics,2025,40,False,27.0,publications,False
Turkey,AI Safety,2015,9,True,855.0,publications,False
Turkey,AI Safety,2016,9,True,534.0,publications,False
Turkey,AI Safety,2017,10,True,264.0,publications,False
Turkey,AI Safety,2018,10,True,763.0,publications,False
Turkey,AI Safety,2019,20,True,905.0,publications,False
Turkey,AI Safety,2020,16,True,753.0,publications,False
Turkey,AI Safety,2021,27,True,517.0,publications,False
Turkey,AI Safety,2022,33,True,643.0,publications,False
Turkey,AI Safety,2023,56,True,1381.0,publications,False
Turkey,AI Safety,2024,73,False,322.0,publications,False
Turkey,AI Safety,2025,56,False,67.0,publications,False
Turkey,All,2015,1356,True,29823.0,publications,False
Turkey,All,2016,1503,True,49862.0,publications,False
Turkey,All,2017,1775,True,43522.0,publications,False
Turkey,All,2018,2127,True,44743.0,publications,False
Turkey,All,2019,2345,True,53372.0,publications,False
Turkey,All,2020,2795,True,70332.0,publications,False
Turkey,All,2021,3567,True,55880.0,publications,False
Turkey,All,2022,3917,True,47926.0,publications,False
Turkey,All,2023,4576,True,41931.0,publications,False
Turkey,All,2024,4891,False,22246.0,publications,False
Turkey,All,2025,3286,False,2909.0,publications,False
Turkey,Computer Vision,2015,513,True,6919.0,publications,False
Turkey,Computer Vision,2016,497,True,24495.0,publications,False
Turkey,Computer Vision,2017,616,True,20294.0,publications,False
Turkey,Computer Vision,2018,672,True,16019.0,publications,False
Turkey,Computer Vision,2019,675,True,20502.0,publications,False
Turkey,Computer Vision,2020,750,True,27101.0,publications,False
Turkey,Computer Vision,2021,1049,True,18463.0,publications,False
Turkey,Computer Vision,2022,1197,True,15490.0,publications,False
Turkey,Computer Vision,2023,1273,True,11177.0,publications,False
Turkey,Computer Vision,2024,1320,False,6215.0,publications,False
Turkey,Computer Vision,2025,858,False,785.0,publications,False
Turkey,Large language models,2015,2,True,134.0,publications,False
Turkey,Large language models,2016,5,True,1274.0,publications,False
Turkey,Large language models,2017,7,True,141.0,publications,False
Turkey,Large language models,2018,6,True,598.0,publications,False
Turkey,Large language models,2019,11,True,138.0,publications,False
Turkey,Large language models,2020,27,True,891.0,publications,False
Turkey,Large language models,2021,70,True,1072.0,publications,False
Turkey,Large language models,2022,83,True,1895.0,publications,False
Turkey,Large language models,2023,133,True,1946.0,publications,False
Turkey,Large language models,2024,224,False,1401.0,publications,False
Turkey,Large language models,2025,248,False,368.0,publications,False
Turkey,Natural Language Processing,2015,79,True,2342.0,publications,False
Turkey,Natural Language Processing,2016,119,True,6042.0,publications,False
Turkey,Natural Language Processing,2017,136,True,3160.0,publications,False
Turkey,Natural Language Processing,2018,191,True,3568.0,publications,False
Turkey,Natural Language Processing,2019,209,True,3251.0,publications,False
Turkey,Natural Language Processing,2020,210,True,4616.0,publications,False
Turkey,Natural Language Processing,2021,271,True,3605.0,publications,False
Turkey,Natural Language Processing,2022,266,True,2604.0,publications,False
Turkey,Natural Language Processing,2023,307,True,2841.0,publications,False
Turkey,Natural Language Processing,2024,365,False,1584.0,publications,False
Turkey,Natural Language Processing,2025,234,False,162.0,publications,False
Turkey,Robotics,2015,279,True,5300.0,publications,False
Turkey,Robotics,2016,344,True,6037.0,publications,False
Turkey,Robotics,2017,347,True,5289.0,publications,False
Turkey,Robotics,2018,414,True,5564.0,publications,False
Turkey,Robotics,2019,426,True,6752.0,publications,False
Turkey,Robotics,2020,522,True,7830.0,publications,False
Turkey,Robotics,2021,547,True,7507.0,publications,False
Turkey,Robotics,2022,575,True,5961.0,publications,False
Turkey,Robotics,2023,650,True,3962.0,publications,False
Turkey,Robotics,2024,520,False,1623.0,publications,False
Turkey,Robotics,2025,307,False,219.0,publications,False
Turkmenistan,All,2015,1,True,17.0,publications,False
Turkmenistan,All,2023,3,True,,publications,False
Turkmenistan,All,2024,3,False,,publications,False
Turkmenistan,All,2025,2,False,,publications,False
Turkmenistan,Robotics,2023,3,True,,publications,False
Turkmenistan,Robotics,2024,1,False,,publications,False
Turkmenistan,Robotics,2025,2,False,,publications,False
Uganda,AI Safety,2023,5,True,34.0,publications,False
Uganda,AI Safety,2024,4,False,10.0,publications,False
Uganda,AI Safety,2025,4,False,1.0,publications,False
Uganda,All,2015,6,True,80.0,publications,False
Uganda,All,2016,8,True,185.0,publications,False
Uganda,All,2017,13,True,337.0,publications,False
Uganda,All,2018,22,True,708.0,publications,False
Uganda,All,2019,21,True,468.0,publications,False
Uganda,All,2020,36,True,1276.0,publications,False
Uganda,All,2021,41,True,1008.0,publications,False
Uganda,All,2022,52,True,907.0,publications,False
Uganda,All,2023,100,True,1093.0,publications,False
Uganda,All,2024,142,False,1084.0,publications,False
Uganda,All,2025,87,False,168.0,publications,False
Uganda,Computer Vision,2015,3,True,15.0,publications,False
Uganda,Computer Vision,2016,4,True,160.0,publications,False
Uganda,Computer Vision,2017,4,True,132.0,publications,False
Uganda,Computer Vision,2018,2,True,87.0,publications,False
Uganda,Computer Vision,2019,7,True,307.0,publications,False
Uganda,Computer Vision,2020,17,True,612.0,publications,False
Uganda,Computer Vision,2021,10,True,295.0,publications,False
Uganda,Computer Vision,2022,17,True,228.0,publications,False
Uganda,Computer Vision,2023,22,True,266.0,publications,False
Uganda,Computer Vision,2024,30,False,122.0,publications,False
Uganda,Computer Vision,2025,20,False,31.0,publications,False
Uganda,Large language models,2020,1,True,1.0,publications,False
Uganda,Large language models,2021,1,True,238.0,publications,False
Uganda,Large language models,2022,4,True,228.0,publications,False
Uganda,Large language models,2023,6,True,111.0,publications,False
Uganda,Large language models,2024,7,False,18.0,publications,False
Uganda,Large language models,2025,5,False,6.0,publications,False
Uganda,Natural Language Processing,2017,3,True,17.0,publications,False
Uganda,Natural Language Processing,2018,8,True,119.0,publications,False
Uganda,Natural Language Processing,2019,1,True,2.0,publications,False
Uganda,Natural Language Processing,2020,6,True,13.0,publications,False
Uganda,Natural Language Processing,2021,6,True,270.0,publications,False
Uganda,Natural Language Processing,2022,6,True,234.0,publications,False
Uganda,Natural Language Processing,2023,12,True,167.0,publications,False
Uganda,Natural Language Processing,2024,13,False,226.0,publications,False
Uganda,Natural Language Processing,2025,5,False,2.0,publications,False
Uganda,Robotics,2015,1,True,5.0,publications,False
Uganda,Robotics,2017,1,True,12.0,publications,False
Uganda,Robotics,2018,1,True,10.0,publications,False
Uganda,Robotics,2020,1,True,14.0,publications,False
Uganda,Robotics,2021,3,True,150.0,publications,False
Uganda,Robotics,2022,3,True,25.0,publications,False
Uganda,Robotics,2023,4,True,20.0,publications,False
Uganda,Robotics,2024,6,False,22.0,publications,False
Uganda,Robotics,2025,1,False,,publications,False
Ukraine,AI Safety,2018,1,True,8.0,publications,False
Ukraine,AI Safety,2019,2,True,16.0,publications,False
Ukraine,AI Safety,2021,2,True,8.0,publications,False
Ukraine,AI Safety,2023,5,True,37.0,publications,False
Ukraine,AI Safety,2024,20,False,37.0,publications,False
Ukraine,AI Safety,2025,7,False,2.0,publications,False
Ukraine,All,2015,330,True,3353.0,publications,False
Ukraine,All,2016,422,True,4026.0,publications,False
Ukraine,All,2017,525,True,9760.0,publications,False
Ukraine,All,2018,739,True,9332.0,publications,False
Ukraine,All,2019,922,True,7604.0,publications,False
Ukraine,All,2020,1153,True,7572.0,publications,False
Ukraine,All,2021,1064,True,5326.0,publications,False
Ukraine,All,2022,993,True,5008.0,publications,False
Ukraine,All,2023,1424,True,6492.0,publications,False
Ukraine,All,2024,1251,False,2625.0,publications,False
Ukraine,All,2025,403,False,364.0,publications,False
Ukraine,Computer Vision,2015,96,True,1982.0,publications,False
Ukraine,Computer Vision,2016,118,True,1640.0,publications,False
Ukraine,Computer Vision,2017,149,True,5665.0,publications,False
Ukraine,Computer Vision,2018,202,True,4404.0,publications,False
Ukraine,Computer Vision,2019,266,True,3620.0,publications,False
Ukraine,Computer Vision,2020,307,True,2236.0,publications,False
Ukraine,Computer Vision,2021,271,True,1727.0,publications,False
Ukraine,Computer Vision,2022,240,True,1253.0,publications,False
Ukraine,Computer Vision,2023,291,True,932.0,publications,False
Ukraine,Computer Vision,2024,291,False,620.0,publications,False
Ukraine,Computer Vision,2025,79,False,67.0,publications,False
Ukraine,Large language models,2016,1,True,,publications,False
Ukraine,Large language models,2017,2,True,4.0,publications,False
Ukraine,Large language models,2018,2,True,11.0,publications,False
Ukraine,Large language models,2019,3,True,1.0,publications,False
Ukraine,Large language models,2020,5,True,11.0,publications,False
Ukraine,Large language models,2021,15,True,172.0,publications,False
Ukraine,Large language models,2022,16,True,237.0,publications,False
Ukraine,Large language models,2023,33,True,460.0,publications,False
Ukraine,Large language models,2024,42,False,105.0,publications,False
Ukraine,Large language models,2025,23,False,17.0,publications,False
Ukraine,Natural Language Processing,2015,23,True,13.0,publications,False
Ukraine,Natural Language Processing,2016,42,True,160.0,publications,False
Ukraine,Natural Language Processing,2017,51,True,1147.0,publications,False
Ukraine,Natural Language Processing,2018,81,True,646.0,publications,False
Ukraine,Natural Language Processing,2019,91,True,414.0,publications,False
Ukraine,Natural Language Processing,2020,114,True,395.0,publications,False
Ukraine,Natural Language Processing,2021,91,True,309.0,publications,False
Ukraine,Natural Language Processing,2022,98,True,334.0,publications,False
Ukraine,Natural Language Processing,2023,163,True,1720.0,publications,False
Ukraine,Natural Language Processing,2024,123,False,211.0,publications,False
Ukraine,Natural Language Processing,2025,28,False,5.0,publications,False
Ukraine,Robotics,2015,53,True,448.0,publications,False
Ukraine,Robotics,2016,62,True,552.0,publications,False
Ukraine,Robotics,2017,84,True,482.0,publications,False
Ukraine,Robotics,2018,99,True,711.0,publications,False
Ukraine,Robotics,2019,168,True,619.0,publications,False
Ukraine,Robotics,2020,160,True,665.0,publications,False
Ukraine,Robotics,2021,159,True,713.0,publications,False
Ukraine,Robotics,2022,169,True,772.0,publications,False
Ukraine,Robotics,2023,223,True,714.0,publications,False
Ukraine,Robotics,2024,144,False,177.0,publications,False
Ukraine,Robotics,2025,38,False,16.0,publications,False
United Arab Emirates,AI Safety,2015,3,True,135.0,publications,False
United Arab Emirates,AI Safety,2017,2,True,9.0,publications,False
United Arab Emirates,AI Safety,2018,12,True,733.0,publications,False
United Arab Emirates,AI Safety,2019,10,True,1376.0,publications,False
United Arab Emirates,AI Safety,2020,24,True,2168.0,publications,False
United Arab Emirates,AI Safety,2021,16,True,1316.0,publications,False
United Arab Emirates,AI Safety,2022,32,True,1339.0,publications,False
United Arab Emirates,AI Safety,2023,69,True,1669.0,publications,False
United Arab Emirates,AI Safety,2024,110,False,1001.0,publications,False
United Arab Emirates,AI Safety,2025,71,False,182.0,publications,False
United Arab Emirates,All,2015,261,True,7374.0,publications,False
United Arab Emirates,All,2016,279,True,5589.0,publications,False
United Arab Emirates,All,2017,376,True,11411.0,publications,False
United Arab Emirates,All,2018,512,True,22611.0,publications,False
United Arab Emirates,All,2019,740,True,38201.0,publications,False
United Arab Emirates,All,2020,1023,True,51996.0,publications,False
United Arab Emirates,All,2021,1374,True,68336.0,publications,False
United Arab Emirates,All,2022,1775,True,46944.0,publications,False
United Arab Emirates,All,2023,2569,True,46522.0,publications,False
United Arab Emirates,All,2024,2689,False,19897.0,publications,False
United Arab Emirates,All,2025,1287,False,2151.0,publications,False
United Arab Emirates,Computer Vision,2015,68,True,1237.0,publications,False
United Arab Emirates,Computer Vision,2016,71,True,1413.0,publications,False
United Arab Emirates,Computer Vision,2017,87,True,3537.0,publications,False
United Arab Emirates,Computer Vision,2018,159,True,11127.0,publications,False
United Arab Emirates,Computer Vision,2019,269,True,22216.0,publications,False
United Arab Emirates,Computer Vision,2020,341,True,29298.0,publications,False
United Arab Emirates,Computer Vision,2021,457,True,40329.0,publications,False
United Arab Emirates,Computer Vision,2022,526,True,17913.0,publications,False
United Arab Emirates,Computer Vision,2023,727,True,14704.0,publications,False
United Arab Emirates,Computer Vision,2024,710,False,4739.0,publications,False
United Arab Emirates,Computer Vision,2025,301,False,615.0,publications,False
United Arab Emirates,Large language models,2016,1,True,48.0,publications,False
United Arab Emirates,Large language models,2017,1,True,19.0,publications,False
United Arab Emirates,Large language models,2018,6,True,455.0,publications,False
United Arab Emirates,Large language models,2019,11,True,1175.0,publications,False
United Arab Emirates,Large language models,2020,21,True,1865.0,publications,False
United Arab Emirates,Large language models,2021,56,True,10516.0,publications,False
United Arab Emirates,Large language models,2022,62,True,3949.0,publications,False
United Arab Emirates,Large language models,2023,162,True,7778.0,publications,False
United Arab Emirates,Large language models,2024,213,False,2738.0,publications,False
United Arab Emirates,Large language models,2025,120,False,411.0,publications,False
United Arab Emirates,Natural Language Processing,2015,38,True,1275.0,publications,False
United Arab Emirates,Natural Language Processing,2016,45,True,1166.0,publications,False
United Arab Emirates,Natural Language Processing,2017,63,True,2370.0,publications,False
United Arab Emirates,Natural Language Processing,2018,58,True,3337.0,publications,False
United Arab Emirates,Natural Language Processing,2019,69,True,3262.0,publications,False
United Arab Emirates,Natural Language Processing,2020,83,True,2491.0,publications,False
United Arab Emirates,Natural Language Processing,2021,107,True,2688.0,publications,False
United Arab Emirates,Natural Language Processing,2022,133,True,3084.0,publications,False
United Arab Emirates,Natural Language Processing,2023,240,True,6438.0,publications,False
United Arab Emirates,Natural Language Processing,2024,215,False,2045.0,publications,False
United Arab Emirates,Natural Language Processing,2025,85,False,157.0,publications,False
United Arab Emirates,Robotics,2015,69,True,2069.0,publications,False
United Arab Emirates,Robotics,2016,66,True,1344.0,publications,False
United Arab Emirates,Robotics,2017,97,True,2738.0,publications,False
United Arab Emirates,Robotics,2018,102,True,3264.0,publications,False
United Arab Emirates,Robotics,2019,103,True,2367.0,publications,False
United Arab Emirates,Robotics,2020,136,True,3314.0,publications,False
United Arab Emirates,Robotics,2021,131,True,3070.0,publications,False
United Arab Emirates,Robotics,2022,192,True,2989.0,publications,False
United Arab Emirates,Robotics,2023,284,True,2613.0,publications,False
United Arab Emirates,Robotics,2024,302,False,1539.0,publications,False
United Arab Emirates,Robotics,2025,158,False,120.0,publications,False
United Kingdom,AI Safety,2015,118,True,27839.0,publications,False
United Kingdom,AI Safety,2016,134,True,25287.0,publications,False
United Kingdom,AI Safety,2017,157,True,20804.0,publications,False
United Kingdom,AI Safety,2018,258,True,25404.0,publications,False
United Kingdom,AI Safety,2019,349,True,19228.0,publications,False
United Kingdom,AI Safety,2020,466,True,25655.0,publications,False
United Kingdom,AI Safety,2021,562,True,21934.0,publications,False
United Kingdom,AI Safety,2022,398,True,11061.0,publications,False
United Kingdom,AI Safety,2023,573,True,12331.0,publications,False
United Kingdom,AI Safety,2024,603,False,4372.0,publications,False
United Kingdom,AI Safety,2025,348,False,643.0,publications,False
United Kingdom,All,2015,6067,True,463538.0,publications,False
United Kingdom,All,2016,6910,True,497503.0,publications,False
United Kingdom,All,2017,7598,True,599698.0,publications,False
United Kingdom,All,2018,9059,True,550822.0,publications,False
United Kingdom,All,2019,10858,True,614225.0,publications,False
United Kingdom,All,2020,12954,True,662611.0,publications,False
United Kingdom,All,2021,14486,True,524268.0,publications,False
United Kingdom,All,2022,13650,True,327947.0,publications,False
United Kingdom,All,2023,16520,True,270291.0,publications,False
United Kingdom,All,2024,15253,False,114820.0,publications,False
United Kingdom,All,2025,7587,False,10822.0,publications,False
United Kingdom,Computer Vision,2015,1512,True,174227.0,publications,False
United Kingdom,Computer Vision,2016,1793,True,181187.0,publications,False
United Kingdom,Computer Vision,2017,1987,True,249081.0,publications,False
United Kingdom,Computer Vision,2018,2314,True,193735.0,publications,False
United Kingdom,Computer Vision,2019,2842,True,185539.0,publications,False
United Kingdom,Computer Vision,2020,3188,True,250874.0,publications,False
United Kingdom,Computer Vision,2021,3825,True,179409.0,publications,False
United Kingdom,Computer Vision,2022,3595,True,106885.0,publications,False
United Kingdom,Computer Vision,2023,4339,True,80637.0,publications,False
United Kingdom,Computer Vision,2024,3706,False,27231.0,publications,False
United Kingdom,Computer Vision,2025,1795,False,2944.0,publications,False
United Kingdom,Large language models,2015,56,True,24887.0,publications,False
United Kingdom,Large language models,2016,72,True,13541.0,publications,False
United Kingdom,Large language models,2017,106,True,31305.0,publications,False
United Kingdom,Large language models,2018,189,True,23383.0,publications,False
United Kingdom,Large language models,2019,333,True,47365.0,publications,False
United Kingdom,Large language models,2020,592,True,113294.0,publications,False
United Kingdom,Large language models,2021,845,True,97884.0,publications,False
United Kingdom,Large language models,2022,896,True,56250.0,publications,False
United Kingdom,Large language models,2023,1510,True,55777.0,publications,False
United Kingdom,Large language models,2024,1330,False,24358.0,publications,False
United Kingdom,Large language models,2025,679,False,1502.0,publications,False
United Kingdom,Natural Language Processing,2015,900,True,61870.0,publications,False
United Kingdom,Natural Language Processing,2016,1091,True,61600.0,publications,False
United Kingdom,Natural Language Processing,2017,1040,True,63105.0,publications,False
United Kingdom,Natural Language Processing,2018,1266,True,68906.0,publications,False
United Kingdom,Natural Language Processing,2019,1377,True,70524.0,publications,False
United Kingdom,Natural Language Processing,2020,1563,True,71944.0,publications,False
United Kingdom,Natural Language Processing,2021,1810,True,60255.0,publications,False
United Kingdom,Natural Language Processing,2022,1486,True,39820.0,publications,False
United Kingdom,Natural Language Processing,2023,1969,True,38536.0,publications,False
United Kingdom,Natural Language Processing,2024,1388,False,11483.0,publications,False
United Kingdom,Natural Language Processing,2025,616,False,1106.0,publications,False
United Kingdom,Robotics,2015,1109,True,53624.0,publications,False
United Kingdom,Robotics,2016,1283,True,41467.0,publications,False
United Kingdom,Robotics,2017,1488,True,50543.0,publications,False
United Kingdom,Robotics,2018,1673,True,62213.0,publications,False
United Kingdom,Robotics,2019,1825,True,56756.0,publications,False
United Kingdom,Robotics,2020,2025,True,60356.0,publications,False
United Kingdom,Robotics,2021,2066,True,43991.0,publications,False
United Kingdom,Robotics,2022,2080,True,33247.0,publications,False
United Kingdom,Robotics,2023,2323,True,25220.0,publications,False
United Kingdom,Robotics,2024,2358,False,10797.0,publications,False
United Kingdom,Robotics,2025,1231,False,1128.0,publications,False
United States,AI Safety,2015,481,True,63312.0,publications,False
United States,AI Safety,2016,615,True,167170.0,publications,False
United States,AI Safety,2017,786,True,232278.0,publications,False
United States,AI Safety,2018,1277,True,222567.0,publications,False
United States,AI Safety,2019,1900,True,204513.0,publications,False
United States,AI Safety,2020,2501,True,177492.0,publications,False
United States,AI Safety,2021,2504,True,108909.0,publications,False
United States,AI Safety,2022,1865,True,49456.0,publications,False
United States,AI Safety,2023,2262,True,46300.0,publications,False
United States,AI Safety,2024,2636,False,18846.0,publications,False
United States,AI Safety,2025,1559,False,3024.0,publications,False
United States,All,2015,20544,True,1888021.0,publications,False
United States,All,2016,22432,True,2132861.0,publications,False
United States,All,2017,25367,True,2343395.0,publications,False
United States,All,2018,31858,True,2504042.0,publications,False
United States,All,2019,39793,True,2470038.0,publications,False
United States,All,2020,47203,True,2295770.0,publications,False
United States,All,2021,50693,True,1653701.0,publications,False
United States,All,2022,43592,True,918983.0,publications,False
United States,All,2023,50359,True,781331.0,publications,False
United States,All,2024,49908,False,316311.0,publications,False
United States,All,2025,25484,False,32544.0,publications,False
United States,Computer Vision,2015,5000,True,967955.0,publications,False
United States,Computer Vision,2016,5409,True,928770.0,publications,False
United States,Computer Vision,2017,5967,True,878934.0,publications,False
United States,Computer Vision,2018,7646,True,872375.0,publications,False
United States,Computer Vision,2019,9385,True,789087.0,publications,False
United States,Computer Vision,2020,11013,True,790416.0,publications,False
United States,Computer Vision,2021,11931,True,570784.0,publications,False
United States,Computer Vision,2022,10445,True,301711.0,publications,False
United States,Computer Vision,2023,11618,True,217873.0,publications,False
United States,Computer Vision,2024,11123,False,77721.0,publications,False
United States,Computer Vision,2025,5295,False,7643.0,publications,False
United States,Large language models,2015,139,True,54182.0,publications,False
United States,Large language models,2016,248,True,77519.0,publications,False
United States,Large language models,2017,384,True,251971.0,publications,False
United States,Large language models,2018,909,True,278795.0,publications,False
United States,Large language models,2019,1763,True,329648.0,publications,False
United States,Large language models,2020,2838,True,376318.0,publications,False
United States,Large language models,2021,3880,True,361694.0,publications,False
United States,Large language models,2022,3295,True,193440.0,publications,False
United States,Large language models,2023,5327,True,226403.0,publications,False
United States,Large language models,2024,5401,False,69380.0,publications,False
United States,Large language models,2025,2973,False,7757.0,publications,False
United States,Natural Language Processing,2015,2678,True,228824.0,publications,False
United States,Natural Language Processing,2016,3072,True,225437.0,publications,False
United States,Natural Language Processing,2017,3097,True,382509.0,publications,False
United States,Natural Language Processing,2018,3885,True,413421.0,publications,False
United States,Natural Language Processing,2019,4853,True,405020.0,publications,False
United States,Natural Language Processing,2020,5697,True,334516.0,publications,False
United States,Natural Language Processing,2021,6242,True,263398.0,publications,False
United States,Natural Language Processing,2022,5093,True,136790.0,publications,False
United States,Natural Language Processing,2023,6267,True,165799.0,publications,False
United States,Natural Language Processing,2024,4920,False,43882.0,publications,False
United States,Natural Language Processing,2025,2445,False,5205.0,publications,False
United States,Robotics,2015,4902,True,179133.0,publications,False
United States,Robotics,2016,5351,True,197990.0,publications,False
United States,Robotics,2017,5755,True,205619.0,publications,False
United States,Robotics,2018,6297,True,223257.0,publications,False
United States,Robotics,2019,6883,True,219048.0,publications,False
United States,Robotics,2020,7675,True,193042.0,publications,False
United States,Robotics,2021,7456,True,148081.0,publications,False
United States,Robotics,2022,6812,True,107924.0,publications,False
United States,Robotics,2023,7409,True,76160.0,publications,False
United States,Robotics,2024,7472,False,32300.0,publications,False
United States,Robotics,2025,3927,False,3058.0,publications,False
Uruguay,AI Safety,2020,2,True,2.0,publications,False
Uruguay,AI Safety,2021,2,True,10.0,publications,False
Uruguay,AI Safety,2022,1,True,2.0,publications,False
Uruguay,AI Safety,2023,1,True,1.0,publications,False
Uruguay,AI Safety,2024,1,False,1.0,publications,False
Uruguay,All,2015,32,True,452.0,publications,False
Uruguay,All,2016,32,True,446.0,publications,False
Uruguay,All,2017,38,True,1109.0,publications,False
Uruguay,All,2018,37,True,902.0,publications,False
Uruguay,All,2019,48,True,512.0,publications,False
Uruguay,All,2020,57,True,830.0,publications,False
Uruguay,All,2021,80,True,1401.0,publications,False
Uruguay,All,2022,66,True,534.0,publications,False
Uruguay,All,2023,73,True,418.0,publications,False
Uruguay,All,2024,75,False,236.0,publications,False
Uruguay,All,2025,36,False,23.0,publications,False
Uruguay,Computer Vision,2015,11,True,236.0,publications,False
Uruguay,Computer Vision,2016,11,True,287.0,publications,False
Uruguay,Computer Vision,2017,16,True,918.0,publications,False
Uruguay,Computer Vision,2018,9,True,149.0,publications,False
Uruguay,Computer Vision,2019,6,True,60.0,publications,False
Uruguay,Computer Vision,2020,14,True,168.0,publications,False
Uruguay,Computer Vision,2021,13,True,119.0,publications,False
Uruguay,Computer Vision,2022,19,True,126.0,publications,False
Uruguay,Computer Vision,2023,14,True,81.0,publications,False
Uruguay,Computer Vision,2024,15,False,22.0,publications,False
Uruguay,Computer Vision,2025,6,False,2.0,publications,False
Uruguay,Large language models,2019,1,True,8.0,publications,False
Uruguay,Large language models,2021,3,True,286.0,publications,False
Uruguay,Large language models,2022,3,True,41.0,publications,False
Uruguay,Large language models,2023,4,True,49.0,publications,False
Uruguay,Large language models,2024,4,False,19.0,publications,False
Uruguay,Large language models,2025,3,False,,publications,False
Uruguay,Natural Language Processing,2015,2,True,19.0,publications,False
Uruguay,Natural Language Processing,2016,7,True,80.0,publications,False
Uruguay,Natural Language Processing,2017,7,True,113.0,publications,False
Uruguay,Natural Language Processing,2018,3,True,18.0,publications,False
Uruguay,Natural Language Processing,2019,7,True,31.0,publications,False
Uruguay,Natural Language Processing,2020,5,True,66.0,publications,False
Uruguay,Natural Language Processing,2021,10,True,335.0,publications,False
Uruguay,Natural Language Processing,2022,9,True,83.0,publications,False
Uruguay,Natural Language Processing,2023,8,True,67.0,publications,False
Uruguay,Natural Language Processing,2024,7,False,34.0,publications,False
Uruguay,Natural Language Processing,2025,4,False,,publications,False
Uruguay,Robotics,2015,7,True,114.0,publications,False
Uruguay,Robotics,2016,6,True,54.0,publications,False
Uruguay,Robotics,2017,7,True,21.0,publications,False
Uruguay,Robotics,2018,3,True,61.0,publications,False
Uruguay,Robotics,2019,9,True,85.0,publications,False
Uruguay,Robotics,2020,2,True,2.0,publications,False
Uruguay,Robotics,2021,10,True,74.0,publications,False
Uruguay,Robotics,2022,14,True,131.0,publications,False
Uruguay,Robotics,2023,16,True,50.0,publications,False
Uruguay,Robotics,2024,12,False,17.0,publications,False
Uruguay,Robotics,2025,5,False,1.0,publications,False
Uzbekistan,AI Safety,2023,4,True,31.0,publications,False
Uzbekistan,AI Safety,2024,8,False,49.0,publications,False
Uzbekistan,AI Safety,2025,9,False,6.0,publications,False
Uzbekistan,All,2015,5,True,24.0,publications,False
Uzbekistan,All,2016,5,True,22.0,publications,False
Uzbekistan,All,2017,12,True,101.0,publications,False
Uzbekistan,All,2018,13,True,301.0,publications,False
Uzbekistan,All,2019,66,True,416.0,publications,False
Uzbekistan,All,2020,105,True,916.0,publications,False
Uzbekistan,All,2021,222,True,1172.0,publications,False
Uzbekistan,All,2022,177,True,1305.0,publications,False
Uzbekistan,All,2023,308,True,2311.0,publications,False
Uzbekistan,All,2024,455,False,1957.0,publications,False
Uzbekistan,All,2025,298,False,391.0,publications,False
Uzbekistan,Computer Vision,2015,4,True,20.0,publications,False
Uzbekistan,Computer Vision,2016,2,True,10.0,publications,False
Uzbekistan,Computer Vision,2017,3,True,15.0,publications,False
Uzbekistan,Computer Vision,2018,5,True,195.0,publications,False
Uzbekistan,Computer Vision,2019,24,True,188.0,publications,False
Uzbekistan,Computer Vision,2020,19,True,247.0,publications,False
Uzbekistan,Computer Vision,2021,37,True,407.0,publications,False
Uzbekistan,Computer Vision,2022,40,True,470.0,publications,False
Uzbekistan,Computer Vision,2023,59,True,1070.0,publications,False
Uzbekistan,Computer Vision,2024,100,False,789.0,publications,False
Uzbekistan,Computer Vision,2025,99,False,177.0,publications,False
Uzbekistan,Large language models,2021,3,True,53.0,publications,False
Uzbekistan,Large language models,2022,1,True,5.0,publications,False
Uzbekistan,Large language models,2023,2,True,40.0,publications,False
Uzbekistan,Large language models,2024,9,False,229.0,publications,False
Uzbekistan,Large language models,2025,14,False,10.0,publications,False
Uzbekistan,Natural Language Processing,2016,2,True,1.0,publications,False
Uzbekistan,Natural Language Processing,2017,2,True,5.0,publications,False
Uzbekistan,Natural Language Processing,2018,5,True,14.0,publications,False
Uzbekistan,Natural Language Processing,2019,13,True,60.0,publications,False
Uzbekistan,Natural Language Processing,2020,29,True,272.0,publications,False
Uzbekistan,Natural Language Processing,2021,80,True,267.0,publications,False
Uzbekistan,Natural Language Processing,2022,53,True,202.0,publications,False
Uzbekistan,Natural Language Processing,2023,69,True,290.0,publications,False
Uzbekistan,Natural Language Processing,2024,100,False,227.0,publications,False
Uzbekistan,Natural Language Processing,2025,32,False,13.0,publications,False
Uzbekistan,Robotics,2019,1,True,3.0,publications,False
Uzbekistan,Robotics,2020,8,True,66.0,publications,False
Uzbekistan,Robotics,2021,12,True,76.0,publications,False
Uzbekistan,Robotics,2022,15,True,54.0,publications,False
Uzbekistan,Robotics,2023,28,True,56.0,publications,False
Uzbekistan,Robotics,2024,22,False,111.0,publications,False
Uzbekistan,Robotics,2025,9,False,2.0,publications,False
Vanuatu,All,2024,1,False,8.0,publications,False
Vanuatu,Computer Vision,2024,1,False,8.0,publications,False
Vatican City,All,2018,1,True,21.0,publications,False
Vatican City,All,2019,1,True,6.0,publications,False
Vatican City,All,2021,4,True,49.0,publications,False
Vatican City,All,2022,1,True,22.0,publications,False
Vatican City,All,2024,1,False,5.0,publications,False
Vatican City,Computer Vision,2018,1,True,21.0,publications,False
Vatican City,Natural Language Processing,2019,1,True,6.0,publications,False
Vatican City,Robotics,2021,3,True,47.0,publications,False
Vatican City,Robotics,2024,1,False,5.0,publications,False
Venezuela,AI Safety,2015,2,True,9.0,publications,False
Venezuela,AI Safety,2017,1,True,38.0,publications,False
Venezuela,AI Safety,2024,1,False,4.0,publications,False
Venezuela,All,2015,56,True,565.0,publications,False
Venezuela,All,2016,50,True,680.0,publications,False
Venezuela,All,2017,62,True,1357.0,publications,False
Venezuela,All,2018,44,True,1011.0,publications,False
Venezuela,All,2019,62,True,520.0,publications,False
Venezuela,All,2020,42,True,540.0,publications,False
Venezuela,All,2021,50,True,443.0,publications,False
Venezuela,All,2022,45,True,396.0,publications,False
Venezuela,All,2023,33,True,324.0,publications,False
Venezuela,All,2024,44,False,607.0,publications,False
Venezuela,All,2025,12,False,31.0,publications,False
Venezuela,Computer Vision,2015,8,True,50.0,publications,False
Venezuela,Computer Vision,2016,4,True,22.0,publications,False
Venezuela,Computer Vision,2017,6,True,284.0,publications,False
Venezuela,Computer Vision,2018,10,True,123.0,publications,False
Venezuela,Computer Vision,2019,27,True,96.0,publications,False
Venezuela,Computer Vision,2020,8,True,181.0,publications,False
Venezuela,Computer Vision,2021,9,True,43.0,publications,False
Venezuela,Computer Vision,2022,7,True,46.0,publications,False
Venezuela,Computer Vision,2023,4,True,54.0,publications,False
Venezuela,Computer Vision,2024,3,False,2.0,publications,False
Venezuela,Computer Vision,2025,2,False,7.0,publications,False
Venezuela,Large language models,2025,1,False,1.0,publications,False
Venezuela,Natural Language Processing,2017,2,True,16.0,publications,False
Venezuela,Natural Language Processing,2018,4,True,105.0,publications,False
Venezuela,Natural Language Processing,2019,1,True,21.0,publications,False
Venezuela,Natural Language Processing,2020,1,True,16.0,publications,False
Venezuela,Natural Language Processing,2021,6,True,111.0,publications,False
Venezuela,Natural Language Processing,2022,1,True,11.0,publications,False
Venezuela,Natural Language Processing,2023,1,True,3.0,publications,False
Venezuela,Natural Language Processing,2024,2,False,12.0,publications,False
Venezuela,Robotics,2015,17,True,234.0,publications,False
Venezuela,Robotics,2016,13,True,220.0,publications,False
Venezuela,Robotics,2017,19,True,396.0,publications,False
Venezuela,Robotics,2018,9,True,64.0,publications,False
Venezuela,Robotics,2019,11,True,73.0,publications,False
Venezuela,Robotics,2020,13,True,70.0,publications,False
Venezuela,Robotics,2021,12,True,133.0,publications,False
Venezuela,Robotics,2022,6,True,90.0,publications,False
Venezuela,Robotics,2023,4,True,179.0,publications,False
Venezuela,Robotics,2024,6,False,41.0,publications,False
Venezuela,Robotics,2025,6,False,1.0,publications,False
Vietnam,AI Safety,2015,3,True,15.0,publications,False
Vietnam,AI Safety,2016,1,True,13.0,publications,False
Vietnam,AI Safety,2017,1,True,51.0,publications,False
Vietnam,AI Safety,2018,2,True,16.0,publications,False
Vietnam,AI Safety,2019,3,True,205.0,publications,False
Vietnam,AI Safety,2020,3,True,125.0,publications,False
Vietnam,AI Safety,2021,14,True,780.0,publications,False
Vietnam,AI Safety,2022,11,True,44.0,publications,False
Vietnam,AI Safety,2023,34,True,433.0,publications,False
Vietnam,AI Safety,2024,50,False,201.0,publications,False
Vietnam,AI Safety,2025,32,False,7.0,publications,False
Vietnam,All,2015,424,True,5939.0,publications,False
Vietnam,All,2016,552,True,8181.0,publications,False
Vietnam,All,2017,521,True,9179.0,publications,False
Vietnam,All,2018,683,True,16715.0,publications,False
Vietnam,All,2019,1066,True,33821.0,publications,False
Vietnam,All,2020,1424,True,42474.0,publications,False
Vietnam,All,2021,1731,True,30189.0,publications,False
Vietnam,All,2022,1736,True,20122.0,publications,False
Vietnam,All,2023,1994,True,15589.0,publications,False
Vietnam,All,2024,1834,False,6672.0,publications,False
Vietnam,All,2025,743,False,508.0,publications,False
Vietnam,Computer Vision,2015,137,True,1281.0,publications,False
Vietnam,Computer Vision,2016,178,True,2929.0,publications,False
Vietnam,Computer Vision,2017,157,True,2827.0,publications,False
Vietnam,Computer Vision,2018,218,True,4030.0,publications,False
Vietnam,Computer Vision,2019,290,True,7458.0,publications,False
Vietnam,Computer Vision,2020,369,True,8293.0,publications,False
Vietnam,Computer Vision,2021,514,True,8051.0,publications,False
Vietnam,Computer Vision,2022,570,True,6071.0,publications,False
Vietnam,Computer Vision,2023,618,True,4199.0,publications,False
Vietnam,Computer Vision,2024,552,False,1677.0,publications,False
Vietnam,Computer Vision,2025,238,False,142.0,publications,False
Vietnam,Large language models,2016,5,True,35.0,publications,False
Vietnam,Large language models,2017,3,True,87.0,publications,False
Vietnam,Large language models,2018,7,True,141.0,publications,False
Vietnam,Large language models,2019,22,True,513.0,publications,False
Vietnam,Large language models,2020,41,True,2328.0,publications,False
Vietnam,Large language models,2021,85,True,1449.0,publications,False
Vietnam,Large language models,2022,106,True,1062.0,publications,False
Vietnam,Large language models,2023,164,True,1355.0,publications,False
Vietnam,Large language models,2024,136,False,521.0,publications,False
Vietnam,Large language models,2025,84,False,61.0,publications,False
Vietnam,Natural Language Processing,2015,75,True,851.0,publications,False
Vietnam,Natural Language Processing,2016,91,True,782.0,publications,False
Vietnam,Natural Language Processing,2017,75,True,1299.0,publications,False
Vietnam,Natural Language Processing,2018,107,True,1880.0,publications,False
Vietnam,Natural Language Processing,2019,141,True,2185.0,publications,False
Vietnam,Natural Language Processing,2020,144,True,4390.0,publications,False
Vietnam,Natural Language Processing,2021,215,True,2952.0,publications,False
Vietnam,Natural Language Processing,2022,199,True,1190.0,publications,False
Vietnam,Natural Language Processing,2023,232,True,1553.0,publications,False
Vietnam,Natural Language Processing,2024,143,False,324.0,publications,False
Vietnam,Natural Language Processing,2025,70,False,29.0,publications,False
Vietnam,Robotics,2015,44,True,716.0,publications,False
Vietnam,Robotics,2016,81,True,1606.0,publications,False
Vietnam,Robotics,2017,101,True,1739.0,publications,False
Vietnam,Robotics,2018,92,True,2106.0,publications,False
Vietnam,Robotics,2019,135,True,2258.0,publications,False
Vietnam,Robotics,2020,227,True,3251.0,publications,False
Vietnam,Robotics,2021,279,True,2622.0,publications,False
Vietnam,Robotics,2022,286,True,1701.0,publications,False
Vietnam,Robotics,2023,321,True,1658.0,publications,False
Vietnam,Robotics,2024,275,False,681.0,publications,False
Vietnam,Robotics,2025,105,False,60.0,publications,False
Yemen,AI Safety,2018,1,True,254.0,publications,False
Yemen,AI Safety,2019,1,True,19.0,publications,False
Yemen,AI Safety,2020,2,True,333.0,publications,False
Yemen,AI Safety,2021,1,True,50.0,publications,False
Yemen,AI Safety,2024,2,False,11.0,publications,False
Yemen,AI Safety,2025,3,False,,publications,False
Yemen,All,2015,24,True,178.0,publications,False
Yemen,All,2016,39,True,468.0,publications,False
Yemen,All,2017,30,True,842.0,publications,False
Yemen,All,2018,32,True,831.0,publications,False
Yemen,All,2019,72,True,1281.0,publications,False
Yemen,All,2020,87,True,3791.0,publications,False
Yemen,All,2021,173,True,3843.0,publications,False
Yemen,All,2022,207,True,5016.0,publications,False
Yemen,All,2023,203,True,3364.0,publications,False
Yemen,All,2024,188,False,1292.0,publications,False
Yemen,All,2025,104,False,137.0,publications,False
Yemen,Computer Vision,2015,11,True,116.0,publications,False
Yemen,Computer Vision,2016,10,True,62.0,publications,False
Yemen,Computer Vision,2017,12,True,138.0,publications,False
Yemen,Computer Vision,2018,3,True,7.0,publications,False
Yemen,Computer Vision,2019,25,True,203.0,publications,False
Yemen,Computer Vision,2020,23,True,1069.0,publications,False
Yemen,Computer Vision,2021,52,True,684.0,publications,False
Yemen,Computer Vision,2022,54,True,1500.0,publications,False
Yemen,Computer Vision,2023,71,True,1046.0,publications,False
Yemen,Computer Vision,2024,39,False,278.0,publications,False
Yemen,Computer Vision,2025,33,False,40.0,publications,False
Yemen,Large language models,2019,1,True,8.0,publications,False
Yemen,Large language models,2020,1,True,338.0,publications,False
Yemen,Large language models,2021,2,True,11.0,publications,False
Yemen,Large language models,2022,7,True,136.0,publications,False
Yemen,Large language models,2023,7,True,291.0,publications,False
Yemen,Large language models,2024,10,False,31.0,publications,False
Yemen,Large language models,2025,10,False,21.0,publications,False
Yemen,Natural Language Processing,2015,2,True,12.0,publications,False
Yemen,Natural Language Processing,2016,13,True,127.0,publications,False
Yemen,Natural Language Processing,2017,8,True,327.0,publications,False
Yemen,Natural Language Processing,2018,9,True,103.0,publications,False
Yemen,Natural Language Processing,2019,21,True,334.0,publications,False
Yemen,Natural Language Processing,2020,11,True,285.0,publications,False
Yemen,Natural Language Processing,2021,28,True,680.0,publications,False
Yemen,Natural Language Processing,2022,36,True,838.0,publications,False
Yemen,Natural Language Processing,2023,24,True,355.0,publications,False
Yemen,Natural Language Processing,2024,38,False,121.0,publications,False
Yemen,Natural Language Processing,2025,15,False,22.0,publications,False
Yemen,Robotics,2015,7,True,29.0,publications,False
Yemen,Robotics,2016,2,True,22.0,publications,False
Yemen,Robotics,2017,1,True,,publications,False
Yemen,Robotics,2018,1,True,4.0,publications,False
Yemen,Robotics,2019,4,True,125.0,publications,False
Yemen,Robotics,2020,4,True,159.0,publications,False
Yemen,Robotics,2021,5,True,12.0,publications,False
Yemen,Robotics,2022,8,True,86.0,publications,False
Yemen,Robotics,2023,9,True,66.0,publications,False
Yemen,Robotics,2024,9,False,21.0,publications,False
Yemen,Robotics,2025,6,False,4.0,publications,False
Zambia,AI Safety,2023,1,True,1.0,publications,False
Zambia,AI Safety,2024,3,False,9.0,publications,False
Zambia,All,2015,1,True,64.0,publications,False
Zambia,All,2016,1,True,6.0,publications,False
Zambia,All,2017,3,True,47.0,publications,False
Zambia,All,2018,4,True,57.0,publications,False
Zambia,All,2019,17,True,609.0,publications,False
Zambia,All,2020,10,True,229.0,publications,False
Zambia,All,2021,18,True,666.0,publications,False
Zambia,All,2022,20,True,315.0,publications,False
Zambia,All,2023,42,True,318.0,publications,False
Zambia,All,2024,24,False,58.0,publications,False
Zambia,All,2025,11,False,4.0,publications,False
Zambia,Computer Vision,2015,1,True,64.0,publications,False
Zambia,Computer Vision,2017,2,True,36.0,publications,False
Zambia,Computer Vision,2019,10,True,562.0,publications,False
Zambia,Computer Vision,2020,6,True,114.0,publications,False
Zambia,Computer Vision,2021,6,True,90.0,publications,False
Zambia,Computer Vision,2022,6,True,112.0,publications,False
Zambia,Computer Vision,2023,7,True,53.0,publications,False
Zambia,Computer Vision,2024,4,False,19.0,publications,False
Zambia,Computer Vision,2025,3,False,,publications,False
Zambia,Large language models,2023,2,True,12.0,publications,False
Zambia,Large language models,2025,1,False,1.0,publications,False
Zambia,Natural Language Processing,2021,3,True,351.0,publications,False
Zambia,Natural Language Processing,2022,1,True,13.0,publications,False
Zambia,Natural Language Processing,2023,7,True,31.0,publications,False
Zambia,Natural Language Processing,2025,1,False,1.0,publications,False
Zambia,Robotics,2023,1,True,,publications,False
Zambia,Robotics,2024,1,False,,publications,False
Zimbabwe,AI Safety,2020,1,True,5.0,publications,False
Zimbabwe,AI Safety,2023,1,True,12.0,publications,False
Zimbabwe,AI Safety,2024,1,False,18.0,publications,False
Zimbabwe,All,2015,2,True,14.0,publications,False
Zimbabwe,All,2016,6,True,31.0,publications,False
Zimbabwe,All,2017,6,True,206.0,publications,False
Zimbabwe,All,2018,11,True,142.0,publications,False
Zimbabwe,All,2019,12,True,52.0,publications,False
Zimbabwe,All,2020,14,True,142.0,publications,False
Zimbabwe,All,2021,19,True,166.0,publications,False
Zimbabwe,All,2022,26,True,169.0,publications,False
Zimbabwe,All,2023,56,True,420.0,publications,False
Zimbabwe,All,2024,48,False,77.0,publications,False
Zimbabwe,All,2025,24,False,15.0,publications,False
Zimbabwe,Computer Vision,2016,1,True,14.0,publications,False
Zimbabwe,Computer Vision,2017,1,True,,publications,False
Zimbabwe,Computer Vision,2019,2,True,10.0,publications,False
Zimbabwe,Computer Vision,2021,1,True,,publications,False
Zimbabwe,Computer Vision,2022,10,True,44.0,publications,False
Zimbabwe,Computer Vision,2023,8,True,68.0,publications,False
Zimbabwe,Computer Vision,2024,3,False,1.0,publications,False
Zimbabwe,Computer Vision,2025,1,False,,publications,False
Zimbabwe,Large language models,2024,1,False,,publications,False
Zimbabwe,Natural Language Processing,2015,1,True,,publications,False
Zimbabwe,Natural Language Processing,2017,1,True,22.0,publications,False
Zimbabwe,Natural Language Processing,2019,1,True,2.0,publications,False
Zimbabwe,Natural Language Processing,2021,1,True,8.0,publications,False
Zimbabwe,Natural Language Processing,2022,4,True,8.0,publications,False
Zimbabwe,Natural Language Processing,2023,1,True,6.0,publications,False
Zimbabwe,Natural Language Processing,2024,3,False,4.0,publications,False
Zimbabwe,Robotics,2018,5,True,11.0,publications,False
Zimbabwe,Robotics,2019,6,True,35.0,publications,False
Zimbabwe,Robotics,2020,3,True,2.0,publications,False
Zimbabwe,Robotics,2021,5,True,51.0,publications,False
Zimbabwe,Robotics,2022,1,True,,publications,False
Zimbabwe,Robotics,2023,13,True,4.0,publications,False
Zimbabwe,Robotics,2024,1,False,1.0,publications,False
Zimbabwe,Robotics,2025,2,False,,publications,False
