country,field,year,num_patent_applications,num_patent_granted,complete,pillar,is_group
Argentina,Agriculture,2016,1,,False,patents,False
Argentina,Agriculture,2017,1,1.0,True,patents,False
Argentina,Agriculture,2018,4,4.0,True,patents,False
Argentina,Agriculture,2019,3,3.0,False,patents,False
Argentina,Agriculture,2020,3,3.0,False,patents,False
Argentina,Agriculture,2021,4,,False,patents,False
Argentina,Agriculture,2022,2,0.0,False,patents,False
Argentina,All,2016,1,,False,patents,False
Argentina,All,2017,1,1.0,True,patents,False
Argentina,All,2018,7,6.0,True,patents,False
Argentina,All,2019,8,7.0,False,patents,False
Argentina,All,2020,10,7.0,False,patents,False
Argentina,All,2021,6,,False,patents,False
Argentina,All,2022,15,3.0,False,patents,False
Argentina,Banking and Finance,2016,0,,False,patents,False
Argentina,Banking and Finance,2017,0,0.0,True,patents,False
Argentina,Banking and Finance,2018,0,0.0,True,patents,False
Argentina,Banking and Finance,2019,0,0.0,False,patents,False
Argentina,Banking and Finance,2020,0,0.0,False,patents,False
Argentina,Banking and Finance,2021,0,,False,patents,False
Argentina,Banking and Finance,2022,2,0.0,False,patents,False
Argentina,Business,2016,0,,False,patents,False
Argentina,Business,2017,1,1.0,True,patents,False
Argentina,Business,2018,3,3.0,True,patents,False
Argentina,Business,2019,1,1.0,False,patents,False
Argentina,Business,2020,2,2.0,False,patents,False
Argentina,Business,2021,2,,False,patents,False
Argentina,Business,2022,1,0.0,False,patents,False
Argentina,Energy Management,2016,0,,False,patents,False
Argentina,Energy Management,2017,1,1.0,True,patents,False
Argentina,Energy Management,2018,0,0.0,True,patents,False
Argentina,Energy Management,2019,0,0.0,False,patents,False
Argentina,Energy Management,2020,0,0.0,False,patents,False
Argentina,Energy Management,2021,0,,False,patents,False
Argentina,Energy Management,2022,1,0.0,False,patents,False
Argentina,Industry and Manufacturing,2016,0,,False,patents,False
Argentina,Industry and Manufacturing,2017,0,0.0,True,patents,False
Argentina,Industry and Manufacturing,2018,1,1.0,True,patents,False
Argentina,Industry and Manufacturing,2019,0,0.0,False,patents,False
Argentina,Industry and Manufacturing,2020,0,0.0,False,patents,False
Argentina,Industry and Manufacturing,2021,0,,False,patents,False
Argentina,Industry and Manufacturing,2022,1,0.0,False,patents,False
Argentina,Life Sciences,2016,0,,False,patents,False
Argentina,Life Sciences,2017,0,0.0,True,patents,False
Argentina,Life Sciences,2018,2,1.0,True,patents,False
Argentina,Life Sciences,2019,1,1.0,False,patents,False
Argentina,Life Sciences,2020,2,1.0,False,patents,False
Argentina,Life Sciences,2021,0,,False,patents,False
Argentina,Life Sciences,2022,2,0.0,False,patents,False
Argentina,Personal Devices and Computing,2016,0,,False,patents,False
Argentina,Personal Devices and Computing,2017,0,0.0,True,patents,False
Argentina,Personal Devices and Computing,2018,4,4.0,True,patents,False
Argentina,Personal Devices and Computing,2019,0,0.0,False,patents,False
Argentina,Personal Devices and Computing,2020,1,1.0,False,patents,False
Argentina,Personal Devices and Computing,2021,1,,False,patents,False
Argentina,Personal Devices and Computing,2022,2,1.0,False,patents,False
Argentina,Physical Sciences and Engineering,2016,0,,False,patents,False
Argentina,Physical Sciences and Engineering,2017,1,1.0,True,patents,False
Argentina,Physical Sciences and Engineering,2018,3,3.0,True,patents,False
Argentina,Physical Sciences and Engineering,2019,3,2.0,False,patents,False
Argentina,Physical Sciences and Engineering,2020,2,0.0,False,patents,False
Argentina,Physical Sciences and Engineering,2021,0,,False,patents,False
Argentina,Physical Sciences and Engineering,2022,7,2.0,False,patents,False
Argentina,Security,2016,0,,False,patents,False
Argentina,Security,2017,0,0.0,True,patents,False
Argentina,Security,2018,0,0.0,True,patents,False
Argentina,Security,2019,1,0.0,False,patents,False
Argentina,Security,2020,0,0.0,False,patents,False
Argentina,Security,2021,0,,False,patents,False
Argentina,Security,2022,0,0.0,False,patents,False
Argentina,Telecommunications,2016,0,,False,patents,False
Argentina,Telecommunications,2017,0,0.0,True,patents,False
Argentina,Telecommunications,2018,0,0.0,True,patents,False
Argentina,Telecommunications,2019,1,1.0,False,patents,False
Argentina,Telecommunications,2020,1,1.0,False,patents,False
Argentina,Telecommunications,2021,2,,False,patents,False
Argentina,Telecommunications,2022,5,1.0,False,patents,False
Argentina,Transportation,2016,0,,False,patents,False
Argentina,Transportation,2017,0,0.0,True,patents,False
Argentina,Transportation,2018,0,0.0,True,patents,False
Argentina,Transportation,2019,1,1.0,False,patents,False
Argentina,Transportation,2020,0,0.0,False,patents,False
Argentina,Transportation,2021,0,,False,patents,False
Argentina,Transportation,2022,0,0.0,False,patents,False
Australia,Agriculture,2015,2,2.0,True,patents,False
Australia,Agriculture,2016,8,8.0,True,patents,False
Australia,Agriculture,2017,16,14.0,True,patents,False
Australia,Agriculture,2018,39,30.0,True,patents,False
Australia,Agriculture,2019,26,21.0,False,patents,False
Australia,Agriculture,2020,49,40.0,False,patents,False
Australia,Agriculture,2021,73,56.0,False,patents,False
Australia,Agriculture,2022,13,0.0,False,patents,False
Australia,Agriculture,2023,1,0.0,False,patents,False
Australia,All,2015,128,108.0,True,patents,False
Australia,All,2016,241,207.0,True,patents,False
Australia,All,2017,291,255.0,True,patents,False
Australia,All,2018,476,400.0,True,patents,False
Australia,All,2019,568,449.0,False,patents,False
Australia,All,2020,894,655.0,False,patents,False
Australia,All,2021,1445,1060.0,False,patents,False
Australia,All,2022,500,64.0,False,patents,False
Australia,All,2023,29,14.0,False,patents,False
Australia,Banking and Finance,2015,14,9.0,True,patents,False
Australia,Banking and Finance,2016,10,8.0,True,patents,False
Australia,Banking and Finance,2017,19,17.0,True,patents,False
Australia,Banking and Finance,2018,30,27.0,True,patents,False
Australia,Banking and Finance,2019,46,40.0,False,patents,False
Australia,Banking and Finance,2020,53,40.0,False,patents,False
Australia,Banking and Finance,2021,59,38.0,False,patents,False
Australia,Banking and Finance,2022,32,4.0,False,patents,False
Australia,Banking and Finance,2023,0,0.0,False,patents,False
Australia,Business,2015,32,22.0,True,patents,False
Australia,Business,2016,61,46.0,True,patents,False
Australia,Business,2017,41,33.0,True,patents,False
Australia,Business,2018,68,55.0,True,patents,False
Australia,Business,2019,99,74.0,False,patents,False
Australia,Business,2020,117,72.0,False,patents,False
Australia,Business,2021,155,110.0,False,patents,False
Australia,Business,2022,49,4.0,False,patents,False
Australia,Business,2023,0,0.0,False,patents,False
Australia,Energy Management,2015,4,3.0,True,patents,False
Australia,Energy Management,2016,18,14.0,True,patents,False
Australia,Energy Management,2017,9,8.0,True,patents,False
Australia,Energy Management,2018,14,12.0,True,patents,False
Australia,Energy Management,2019,18,16.0,False,patents,False
Australia,Energy Management,2020,27,26.0,False,patents,False
Australia,Energy Management,2021,57,46.0,False,patents,False
Australia,Energy Management,2022,13,2.0,False,patents,False
Australia,Energy Management,2023,1,0.0,False,patents,False
Australia,Industry and Manufacturing,2015,11,8.0,True,patents,False
Australia,Industry and Manufacturing,2016,19,16.0,True,patents,False
Australia,Industry and Manufacturing,2017,20,18.0,True,patents,False
Australia,Industry and Manufacturing,2018,29,24.0,True,patents,False
Australia,Industry and Manufacturing,2019,33,25.0,False,patents,False
Australia,Industry and Manufacturing,2020,60,47.0,False,patents,False
Australia,Industry and Manufacturing,2021,78,61.0,False,patents,False
Australia,Industry and Manufacturing,2022,25,4.0,False,patents,False
Australia,Industry and Manufacturing,2023,1,1.0,False,patents,False
Australia,Life Sciences,2015,39,34.0,True,patents,False
Australia,Life Sciences,2016,73,60.0,True,patents,False
Australia,Life Sciences,2017,105,89.0,True,patents,False
Australia,Life Sciences,2018,174,132.0,True,patents,False
Australia,Life Sciences,2019,223,173.0,False,patents,False
Australia,Life Sciences,2020,305,189.0,False,patents,False
Australia,Life Sciences,2021,470,274.0,False,patents,False
Australia,Life Sciences,2022,230,20.0,False,patents,False
Australia,Life Sciences,2023,8,2.0,False,patents,False
Australia,Personal Devices and Computing,2015,63,53.0,True,patents,False
Australia,Personal Devices and Computing,2016,121,110.0,True,patents,False
Australia,Personal Devices and Computing,2017,123,112.0,True,patents,False
Australia,Personal Devices and Computing,2018,214,183.0,True,patents,False
Australia,Personal Devices and Computing,2019,234,187.0,False,patents,False
Australia,Personal Devices and Computing,2020,326,259.0,False,patents,False
Australia,Personal Devices and Computing,2021,445,347.0,False,patents,False
Australia,Personal Devices and Computing,2022,115,17.0,False,patents,False
Australia,Personal Devices and Computing,2023,9,5.0,False,patents,False
Australia,Physical Sciences and Engineering,2015,15,13.0,True,patents,False
Australia,Physical Sciences and Engineering,2016,20,19.0,True,patents,False
Australia,Physical Sciences and Engineering,2017,16,15.0,True,patents,False
Australia,Physical Sciences and Engineering,2018,29,25.0,True,patents,False
Australia,Physical Sciences and Engineering,2019,45,41.0,False,patents,False
Australia,Physical Sciences and Engineering,2020,59,38.0,False,patents,False
Australia,Physical Sciences and Engineering,2021,89,65.0,False,patents,False
Australia,Physical Sciences and Engineering,2022,23,2.0,False,patents,False
Australia,Physical Sciences and Engineering,2023,4,1.0,False,patents,False
Australia,Security,2015,8,6.0,True,patents,False
Australia,Security,2016,24,23.0,True,patents,False
Australia,Security,2017,17,16.0,True,patents,False
Australia,Security,2018,39,32.0,True,patents,False
Australia,Security,2019,45,39.0,False,patents,False
Australia,Security,2020,74,56.0,False,patents,False
Australia,Security,2021,134,106.0,False,patents,False
Australia,Security,2022,29,5.0,False,patents,False
Australia,Security,2023,0,0.0,False,patents,False
Australia,Telecommunications,2015,21,17.0,True,patents,False
Australia,Telecommunications,2016,56,53.0,True,patents,False
Australia,Telecommunications,2017,52,48.0,True,patents,False
Australia,Telecommunications,2018,88,76.0,True,patents,False
Australia,Telecommunications,2019,112,92.0,False,patents,False
Australia,Telecommunications,2020,168,136.0,False,patents,False
Australia,Telecommunications,2021,218,162.0,False,patents,False
Australia,Telecommunications,2022,74,15.0,False,patents,False
Australia,Telecommunications,2023,5,2.0,False,patents,False
Australia,Transportation,2015,13,13.0,True,patents,False
Australia,Transportation,2016,19,18.0,True,patents,False
Australia,Transportation,2017,27,26.0,True,patents,False
Australia,Transportation,2018,41,39.0,True,patents,False
Australia,Transportation,2019,26,22.0,False,patents,False
Australia,Transportation,2020,46,37.0,False,patents,False
Australia,Transportation,2021,46,38.0,False,patents,False
Australia,Transportation,2022,13,4.0,False,patents,False
Australia,Transportation,2023,1,0.0,False,patents,False
Austria,Agriculture,2015,0,0.0,True,patents,False
Austria,Agriculture,2016,0,0.0,True,patents,False
Austria,Agriculture,2017,0,0.0,True,patents,False
Austria,Agriculture,2018,0,0.0,True,patents,False
Austria,Agriculture,2019,0,0.0,False,patents,False
Austria,Agriculture,2020,0,0.0,False,patents,False
Austria,Agriculture,2021,1,1.0,False,patents,False
Austria,Agriculture,2022,0,0.0,False,patents,False
Austria,Agriculture,2023,0,0.0,False,patents,False
Austria,All,2015,3,2.0,True,patents,False
Austria,All,2016,10,9.0,True,patents,False
Austria,All,2017,11,10.0,True,patents,False
Austria,All,2018,12,10.0,True,patents,False
Austria,All,2019,6,4.0,False,patents,False
Austria,All,2020,15,11.0,False,patents,False
Austria,All,2021,15,11.0,False,patents,False
Austria,All,2022,9,4.0,False,patents,False
Austria,All,2023,1,1.0,False,patents,False
Austria,Banking and Finance,2015,0,0.0,True,patents,False
Austria,Banking and Finance,2016,0,0.0,True,patents,False
Austria,Banking and Finance,2017,0,0.0,True,patents,False
Austria,Banking and Finance,2018,0,0.0,True,patents,False
Austria,Banking and Finance,2019,0,0.0,False,patents,False
Austria,Banking and Finance,2020,1,1.0,False,patents,False
Austria,Banking and Finance,2021,1,1.0,False,patents,False
Austria,Banking and Finance,2022,1,0.0,False,patents,False
Austria,Banking and Finance,2023,0,0.0,False,patents,False
Austria,Business,2015,0,0.0,True,patents,False
Austria,Business,2016,0,0.0,True,patents,False
Austria,Business,2017,1,1.0,True,patents,False
Austria,Business,2018,0,0.0,True,patents,False
Austria,Business,2019,0,0.0,False,patents,False
Austria,Business,2020,2,2.0,False,patents,False
Austria,Business,2021,1,1.0,False,patents,False
Austria,Business,2022,1,0.0,False,patents,False
Austria,Business,2023,0,0.0,False,patents,False
Austria,Energy Management,2015,2,2.0,True,patents,False
Austria,Energy Management,2016,2,2.0,True,patents,False
Austria,Energy Management,2017,4,4.0,True,patents,False
Austria,Energy Management,2018,3,1.0,True,patents,False
Austria,Energy Management,2019,2,2.0,False,patents,False
Austria,Energy Management,2020,3,1.0,False,patents,False
Austria,Energy Management,2021,4,2.0,False,patents,False
Austria,Energy Management,2022,2,2.0,False,patents,False
Austria,Energy Management,2023,1,1.0,False,patents,False
Austria,Industry and Manufacturing,2015,0,0.0,True,patents,False
Austria,Industry and Manufacturing,2016,1,0.0,True,patents,False
Austria,Industry and Manufacturing,2017,0,0.0,True,patents,False
Austria,Industry and Manufacturing,2018,0,0.0,True,patents,False
Austria,Industry and Manufacturing,2019,0,0.0,False,patents,False
Austria,Industry and Manufacturing,2020,3,2.0,False,patents,False
Austria,Industry and Manufacturing,2021,2,2.0,False,patents,False
Austria,Industry and Manufacturing,2022,1,0.0,False,patents,False
Austria,Industry and Manufacturing,2023,0,0.0,False,patents,False
Austria,Life Sciences,2015,0,0.0,True,patents,False
Austria,Life Sciences,2016,3,3.0,True,patents,False
Austria,Life Sciences,2017,3,3.0,True,patents,False
Austria,Life Sciences,2018,2,2.0,True,patents,False
Austria,Life Sciences,2019,0,0.0,False,patents,False
Austria,Life Sciences,2020,1,0.0,False,patents,False
Austria,Life Sciences,2021,1,0.0,False,patents,False
Austria,Life Sciences,2022,2,0.0,False,patents,False
Austria,Life Sciences,2023,0,0.0,False,patents,False
Austria,Personal Devices and Computing,2015,0,0.0,True,patents,False
Austria,Personal Devices and Computing,2016,6,5.0,True,patents,False
Austria,Personal Devices and Computing,2017,1,1.0,True,patents,False
Austria,Personal Devices and Computing,2018,3,3.0,True,patents,False
Austria,Personal Devices and Computing,2019,1,0.0,False,patents,False
Austria,Personal Devices and Computing,2020,6,5.0,False,patents,False
Austria,Personal Devices and Computing,2021,6,5.0,False,patents,False
Austria,Personal Devices and Computing,2022,2,1.0,False,patents,False
Austria,Personal Devices and Computing,2023,0,0.0,False,patents,False
Austria,Physical Sciences and Engineering,2015,1,0.0,True,patents,False
Austria,Physical Sciences and Engineering,2016,0,0.0,True,patents,False
Austria,Physical Sciences and Engineering,2017,3,2.0,True,patents,False
Austria,Physical Sciences and Engineering,2018,0,0.0,True,patents,False
Austria,Physical Sciences and Engineering,2019,1,0.0,False,patents,False
Austria,Physical Sciences and Engineering,2020,5,4.0,False,patents,False
Austria,Physical Sciences and Engineering,2021,1,1.0,False,patents,False
Austria,Physical Sciences and Engineering,2022,1,1.0,False,patents,False
Austria,Physical Sciences and Engineering,2023,0,0.0,False,patents,False
Austria,Security,2015,0,0.0,True,patents,False
Austria,Security,2016,1,1.0,True,patents,False
Austria,Security,2017,0,0.0,True,patents,False
Austria,Security,2018,0,0.0,True,patents,False
Austria,Security,2019,0,0.0,False,patents,False
Austria,Security,2020,1,0.0,False,patents,False
Austria,Security,2021,0,0.0,False,patents,False
Austria,Security,2022,2,0.0,False,patents,False
Austria,Security,2023,0,0.0,False,patents,False
Austria,Telecommunications,2015,1,1.0,True,patents,False
Austria,Telecommunications,2016,2,2.0,True,patents,False
Austria,Telecommunications,2017,0,0.0,True,patents,False
Austria,Telecommunications,2018,0,0.0,True,patents,False
Austria,Telecommunications,2019,0,0.0,False,patents,False
Austria,Telecommunications,2020,0,0.0,False,patents,False
Austria,Telecommunications,2021,2,2.0,False,patents,False
Austria,Telecommunications,2022,2,0.0,False,patents,False
Austria,Telecommunications,2023,0,0.0,False,patents,False
Austria,Transportation,2015,0,0.0,True,patents,False
Austria,Transportation,2016,3,3.0,True,patents,False
Austria,Transportation,2017,5,5.0,True,patents,False
Austria,Transportation,2018,5,4.0,True,patents,False
Austria,Transportation,2019,5,3.0,False,patents,False
Austria,Transportation,2020,3,3.0,False,patents,False
Austria,Transportation,2021,3,2.0,False,patents,False
Austria,Transportation,2022,4,1.0,False,patents,False
Austria,Transportation,2023,0,0.0,False,patents,False
Azerbaijan,Agriculture,2018,0,,False,patents,False
Azerbaijan,All,2018,1,,False,patents,False
Azerbaijan,Banking and Finance,2018,0,,False,patents,False
Azerbaijan,Business,2018,0,,False,patents,False
Azerbaijan,Energy Management,2018,0,,False,patents,False
Azerbaijan,Industry and Manufacturing,2018,0,,False,patents,False
Azerbaijan,Life Sciences,2018,0,,False,patents,False
Azerbaijan,Personal Devices and Computing,2018,1,,False,patents,False
Azerbaijan,Physical Sciences and Engineering,2018,0,,False,patents,False
Azerbaijan,Security,2018,0,,False,patents,False
Azerbaijan,Telecommunications,2018,0,,False,patents,False
Azerbaijan,Transportation,2018,0,,False,patents,False
Belgium,Agriculture,2016,0,0.0,True,patents,False
Belgium,Agriculture,2017,2,2.0,True,patents,False
Belgium,Agriculture,2018,2,2.0,True,patents,False
Belgium,Agriculture,2019,0,0.0,False,patents,False
Belgium,Agriculture,2020,0,0.0,False,patents,False
Belgium,Agriculture,2021,0,0.0,False,patents,False
Belgium,Agriculture,2022,0,0.0,False,patents,False
Belgium,Agriculture,2023,0,0.0,False,patents,False
Belgium,All,2016,2,2.0,True,patents,False
Belgium,All,2017,2,2.0,True,patents,False
Belgium,All,2018,8,8.0,True,patents,False
Belgium,All,2019,2,1.0,False,patents,False
Belgium,All,2020,6,6.0,False,patents,False
Belgium,All,2021,8,7.0,False,patents,False
Belgium,All,2022,8,6.0,False,patents,False
Belgium,All,2023,1,1.0,False,patents,False
Belgium,Banking and Finance,2016,0,0.0,True,patents,False
Belgium,Banking and Finance,2017,0,0.0,True,patents,False
Belgium,Banking and Finance,2018,0,0.0,True,patents,False
Belgium,Banking and Finance,2019,0,0.0,False,patents,False
Belgium,Banking and Finance,2020,0,0.0,False,patents,False
Belgium,Banking and Finance,2021,0,0.0,False,patents,False
Belgium,Banking and Finance,2022,0,0.0,False,patents,False
Belgium,Banking and Finance,2023,0,0.0,False,patents,False
Belgium,Business,2016,0,0.0,True,patents,False
Belgium,Business,2017,2,2.0,True,patents,False
Belgium,Business,2018,1,1.0,True,patents,False
Belgium,Business,2019,0,0.0,False,patents,False
Belgium,Business,2020,0,0.0,False,patents,False
Belgium,Business,2021,1,1.0,False,patents,False
Belgium,Business,2022,0,0.0,False,patents,False
Belgium,Business,2023,1,1.0,False,patents,False
Belgium,Energy Management,2016,1,1.0,True,patents,False
Belgium,Energy Management,2017,0,0.0,True,patents,False
Belgium,Energy Management,2018,0,0.0,True,patents,False
Belgium,Energy Management,2019,0,0.0,False,patents,False
Belgium,Energy Management,2020,1,1.0,False,patents,False
Belgium,Energy Management,2021,0,0.0,False,patents,False
Belgium,Energy Management,2022,0,0.0,False,patents,False
Belgium,Energy Management,2023,0,0.0,False,patents,False
Belgium,Industry and Manufacturing,2016,1,1.0,True,patents,False
Belgium,Industry and Manufacturing,2017,0,0.0,True,patents,False
Belgium,Industry and Manufacturing,2018,3,3.0,True,patents,False
Belgium,Industry and Manufacturing,2019,0,0.0,False,patents,False
Belgium,Industry and Manufacturing,2020,0,0.0,False,patents,False
Belgium,Industry and Manufacturing,2021,2,2.0,False,patents,False
Belgium,Industry and Manufacturing,2022,3,3.0,False,patents,False
Belgium,Industry and Manufacturing,2023,0,0.0,False,patents,False
Belgium,Life Sciences,2016,0,0.0,True,patents,False
Belgium,Life Sciences,2017,0,0.0,True,patents,False
Belgium,Life Sciences,2018,1,1.0,True,patents,False
Belgium,Life Sciences,2019,0,0.0,False,patents,False
Belgium,Life Sciences,2020,2,2.0,False,patents,False
Belgium,Life Sciences,2021,2,2.0,False,patents,False
Belgium,Life Sciences,2022,2,2.0,False,patents,False
Belgium,Life Sciences,2023,0,0.0,False,patents,False
Belgium,Personal Devices and Computing,2016,1,1.0,True,patents,False
Belgium,Personal Devices and Computing,2017,0,0.0,True,patents,False
Belgium,Personal Devices and Computing,2018,3,3.0,True,patents,False
Belgium,Personal Devices and Computing,2019,0,0.0,False,patents,False
Belgium,Personal Devices and Computing,2020,1,1.0,False,patents,False
Belgium,Personal Devices and Computing,2021,0,0.0,False,patents,False
Belgium,Personal Devices and Computing,2022,1,1.0,False,patents,False
Belgium,Personal Devices and Computing,2023,1,1.0,False,patents,False
Belgium,Physical Sciences and Engineering,2016,1,1.0,True,patents,False
Belgium,Physical Sciences and Engineering,2017,0,0.0,True,patents,False
Belgium,Physical Sciences and Engineering,2018,1,1.0,True,patents,False
Belgium,Physical Sciences and Engineering,2019,0,0.0,False,patents,False
Belgium,Physical Sciences and Engineering,2020,2,2.0,False,patents,False
Belgium,Physical Sciences and Engineering,2021,1,1.0,False,patents,False
Belgium,Physical Sciences and Engineering,2022,3,3.0,False,patents,False
Belgium,Physical Sciences and Engineering,2023,0,0.0,False,patents,False
Belgium,Security,2016,0,0.0,True,patents,False
Belgium,Security,2017,0,0.0,True,patents,False
Belgium,Security,2018,0,0.0,True,patents,False
Belgium,Security,2019,1,0.0,False,patents,False
Belgium,Security,2020,0,0.0,False,patents,False
Belgium,Security,2021,1,1.0,False,patents,False
Belgium,Security,2022,0,0.0,False,patents,False
Belgium,Security,2023,0,0.0,False,patents,False
Belgium,Telecommunications,2016,0,0.0,True,patents,False
Belgium,Telecommunications,2017,0,0.0,True,patents,False
Belgium,Telecommunications,2018,1,1.0,True,patents,False
Belgium,Telecommunications,2019,1,1.0,False,patents,False
Belgium,Telecommunications,2020,0,0.0,False,patents,False
Belgium,Telecommunications,2021,2,2.0,False,patents,False
Belgium,Telecommunications,2022,0,0.0,False,patents,False
Belgium,Telecommunications,2023,0,0.0,False,patents,False
Belgium,Transportation,2016,0,0.0,True,patents,False
Belgium,Transportation,2017,2,2.0,True,patents,False
Belgium,Transportation,2018,1,1.0,True,patents,False
Belgium,Transportation,2019,0,0.0,False,patents,False
Belgium,Transportation,2020,0,0.0,False,patents,False
Belgium,Transportation,2021,0,0.0,False,patents,False
Belgium,Transportation,2022,2,1.0,False,patents,False
Belgium,Transportation,2023,0,0.0,False,patents,False
Brazil,Agriculture,2015,1,1.0,True,patents,False
Brazil,Agriculture,2016,7,7.0,True,patents,False
Brazil,Agriculture,2017,12,11.0,True,patents,False
Brazil,Agriculture,2018,22,17.0,True,patents,False
Brazil,Agriculture,2019,20,15.0,False,patents,False
Brazil,Agriculture,2020,16,11.0,False,patents,False
Brazil,Agriculture,2021,10,2.0,False,patents,False
Brazil,Agriculture,2022,7,1.0,False,patents,False
Brazil,All,2015,58,50.0,True,patents,False
Brazil,All,2016,80,67.0,True,patents,False
Brazil,All,2017,83,72.0,True,patents,False
Brazil,All,2018,152,123.0,True,patents,False
Brazil,All,2019,199,147.0,False,patents,False
Brazil,All,2020,155,86.0,False,patents,False
Brazil,All,2021,107,40.0,False,patents,False
Brazil,All,2022,21,1.0,False,patents,False
Brazil,Banking and Finance,2015,1,1.0,True,patents,False
Brazil,Banking and Finance,2016,2,2.0,True,patents,False
Brazil,Banking and Finance,2017,3,2.0,True,patents,False
Brazil,Banking and Finance,2018,5,5.0,True,patents,False
Brazil,Banking and Finance,2019,13,9.0,False,patents,False
Brazil,Banking and Finance,2020,6,2.0,False,patents,False
Brazil,Banking and Finance,2021,4,4.0,False,patents,False
Brazil,Banking and Finance,2022,0,0.0,False,patents,False
Brazil,Business,2015,7,5.0,True,patents,False
Brazil,Business,2016,9,4.0,True,patents,False
Brazil,Business,2017,7,5.0,True,patents,False
Brazil,Business,2018,21,16.0,True,patents,False
Brazil,Business,2019,35,25.0,False,patents,False
Brazil,Business,2020,17,10.0,False,patents,False
Brazil,Business,2021,14,8.0,False,patents,False
Brazil,Business,2022,3,0.0,False,patents,False
Brazil,Energy Management,2015,3,3.0,True,patents,False
Brazil,Energy Management,2016,4,1.0,True,patents,False
Brazil,Energy Management,2017,3,2.0,True,patents,False
Brazil,Energy Management,2018,4,2.0,True,patents,False
Brazil,Energy Management,2019,8,6.0,False,patents,False
Brazil,Energy Management,2020,2,1.0,False,patents,False
Brazil,Energy Management,2021,3,2.0,False,patents,False
Brazil,Energy Management,2022,0,0.0,False,patents,False
Brazil,Industry and Manufacturing,2015,2,2.0,True,patents,False
Brazil,Industry and Manufacturing,2016,4,4.0,True,patents,False
Brazil,Industry and Manufacturing,2017,5,4.0,True,patents,False
Brazil,Industry and Manufacturing,2018,13,12.0,True,patents,False
Brazil,Industry and Manufacturing,2019,12,10.0,False,patents,False
Brazil,Industry and Manufacturing,2020,19,13.0,False,patents,False
Brazil,Industry and Manufacturing,2021,13,8.0,False,patents,False
Brazil,Industry and Manufacturing,2022,0,0.0,False,patents,False
Brazil,Life Sciences,2015,11,10.0,True,patents,False
Brazil,Life Sciences,2016,27,22.0,True,patents,False
Brazil,Life Sciences,2017,25,25.0,True,patents,False
Brazil,Life Sciences,2018,51,36.0,True,patents,False
Brazil,Life Sciences,2019,57,40.0,False,patents,False
Brazil,Life Sciences,2020,50,28.0,False,patents,False
Brazil,Life Sciences,2021,28,10.0,False,patents,False
Brazil,Life Sciences,2022,3,0.0,False,patents,False
Brazil,Personal Devices and Computing,2015,24,19.0,True,patents,False
Brazil,Personal Devices and Computing,2016,25,21.0,True,patents,False
Brazil,Personal Devices and Computing,2017,26,25.0,True,patents,False
Brazil,Personal Devices and Computing,2018,64,56.0,True,patents,False
Brazil,Personal Devices and Computing,2019,79,58.0,False,patents,False
Brazil,Personal Devices and Computing,2020,42,26.0,False,patents,False
Brazil,Personal Devices and Computing,2021,26,14.0,False,patents,False
Brazil,Personal Devices and Computing,2022,4,0.0,False,patents,False
Brazil,Physical Sciences and Engineering,2015,5,5.0,True,patents,False
Brazil,Physical Sciences and Engineering,2016,9,7.0,True,patents,False
Brazil,Physical Sciences and Engineering,2017,9,8.0,True,patents,False
Brazil,Physical Sciences and Engineering,2018,20,14.0,True,patents,False
Brazil,Physical Sciences and Engineering,2019,16,13.0,False,patents,False
Brazil,Physical Sciences and Engineering,2020,13,5.0,False,patents,False
Brazil,Physical Sciences and Engineering,2021,11,3.0,False,patents,False
Brazil,Physical Sciences and Engineering,2022,3,0.0,False,patents,False
Brazil,Security,2015,1,1.0,True,patents,False
Brazil,Security,2016,6,5.0,True,patents,False
Brazil,Security,2017,2,2.0,True,patents,False
Brazil,Security,2018,6,5.0,True,patents,False
Brazil,Security,2019,9,9.0,False,patents,False
Brazil,Security,2020,5,1.0,False,patents,False
Brazil,Security,2021,4,3.0,False,patents,False
Brazil,Security,2022,0,0.0,False,patents,False
Brazil,Telecommunications,2015,9,7.0,True,patents,False
Brazil,Telecommunications,2016,13,11.0,True,patents,False
Brazil,Telecommunications,2017,9,7.0,True,patents,False
Brazil,Telecommunications,2018,21,15.0,True,patents,False
Brazil,Telecommunications,2019,46,38.0,False,patents,False
Brazil,Telecommunications,2020,25,16.0,False,patents,False
Brazil,Telecommunications,2021,27,10.0,False,patents,False
Brazil,Telecommunications,2022,1,0.0,False,patents,False
Brazil,Transportation,2015,22,22.0,True,patents,False
Brazil,Transportation,2016,22,22.0,True,patents,False
Brazil,Transportation,2017,16,16.0,True,patents,False
Brazil,Transportation,2018,12,12.0,True,patents,False
Brazil,Transportation,2019,17,11.0,False,patents,False
Brazil,Transportation,2020,8,4.0,False,patents,False
Brazil,Transportation,2021,4,2.0,False,patents,False
Brazil,Transportation,2022,1,0.0,False,patents,False
Bulgaria,Agriculture,2015,0,0.0,True,patents,False
Bulgaria,Agriculture,2017,0,0.0,True,patents,False
Bulgaria,Agriculture,2018,0,0.0,True,patents,False
Bulgaria,Agriculture,2019,0,0.0,False,patents,False
Bulgaria,Agriculture,2020,0,0.0,False,patents,False
Bulgaria,Agriculture,2021,0,0.0,False,patents,False
Bulgaria,Agriculture,2022,0,0.0,False,patents,False
Bulgaria,Agriculture,2023,0,0.0,False,patents,False
Bulgaria,All,2015,1,1.0,True,patents,False
Bulgaria,All,2017,3,2.0,True,patents,False
Bulgaria,All,2018,4,4.0,True,patents,False
Bulgaria,All,2019,3,3.0,False,patents,False
Bulgaria,All,2020,12,10.0,False,patents,False
Bulgaria,All,2021,4,3.0,False,patents,False
Bulgaria,All,2022,2,2.0,False,patents,False
Bulgaria,All,2023,5,5.0,False,patents,False
Bulgaria,Banking and Finance,2015,0,0.0,True,patents,False
Bulgaria,Banking and Finance,2017,0,0.0,True,patents,False
Bulgaria,Banking and Finance,2018,0,0.0,True,patents,False
Bulgaria,Banking and Finance,2019,0,0.0,False,patents,False
Bulgaria,Banking and Finance,2020,0,0.0,False,patents,False
Bulgaria,Banking and Finance,2021,0,0.0,False,patents,False
Bulgaria,Banking and Finance,2022,0,0.0,False,patents,False
Bulgaria,Banking and Finance,2023,0,0.0,False,patents,False
Bulgaria,Business,2015,0,0.0,True,patents,False
Bulgaria,Business,2017,0,0.0,True,patents,False
Bulgaria,Business,2018,0,0.0,True,patents,False
Bulgaria,Business,2019,0,0.0,False,patents,False
Bulgaria,Business,2020,0,0.0,False,patents,False
Bulgaria,Business,2021,0,0.0,False,patents,False
Bulgaria,Business,2022,0,0.0,False,patents,False
Bulgaria,Business,2023,0,0.0,False,patents,False
Bulgaria,Energy Management,2015,0,0.0,True,patents,False
Bulgaria,Energy Management,2017,0,0.0,True,patents,False
Bulgaria,Energy Management,2018,0,0.0,True,patents,False
Bulgaria,Energy Management,2019,0,0.0,False,patents,False
Bulgaria,Energy Management,2020,0,0.0,False,patents,False
Bulgaria,Energy Management,2021,0,0.0,False,patents,False
Bulgaria,Energy Management,2022,0,0.0,False,patents,False
Bulgaria,Energy Management,2023,0,0.0,False,patents,False
Bulgaria,Industry and Manufacturing,2015,0,0.0,True,patents,False
Bulgaria,Industry and Manufacturing,2017,0,0.0,True,patents,False
Bulgaria,Industry and Manufacturing,2018,0,0.0,True,patents,False
Bulgaria,Industry and Manufacturing,2019,0,0.0,False,patents,False
Bulgaria,Industry and Manufacturing,2020,0,0.0,False,patents,False
Bulgaria,Industry and Manufacturing,2021,0,0.0,False,patents,False
Bulgaria,Industry and Manufacturing,2022,0,0.0,False,patents,False
Bulgaria,Industry and Manufacturing,2023,0,0.0,False,patents,False
Bulgaria,Life Sciences,2015,0,0.0,True,patents,False
Bulgaria,Life Sciences,2017,0,0.0,True,patents,False
Bulgaria,Life Sciences,2018,0,0.0,True,patents,False
Bulgaria,Life Sciences,2019,0,0.0,False,patents,False
Bulgaria,Life Sciences,2020,0,0.0,False,patents,False
Bulgaria,Life Sciences,2021,0,0.0,False,patents,False
Bulgaria,Life Sciences,2022,0,0.0,False,patents,False
Bulgaria,Life Sciences,2023,0,0.0,False,patents,False
Bulgaria,Personal Devices and Computing,2015,0,0.0,True,patents,False
Bulgaria,Personal Devices and Computing,2017,0,0.0,True,patents,False
Bulgaria,Personal Devices and Computing,2018,0,0.0,True,patents,False
Bulgaria,Personal Devices and Computing,2019,0,0.0,False,patents,False
Bulgaria,Personal Devices and Computing,2020,0,0.0,False,patents,False
Bulgaria,Personal Devices and Computing,2021,0,0.0,False,patents,False
Bulgaria,Personal Devices and Computing,2022,0,0.0,False,patents,False
Bulgaria,Personal Devices and Computing,2023,0,0.0,False,patents,False
Bulgaria,Physical Sciences and Engineering,2015,0,0.0,True,patents,False
Bulgaria,Physical Sciences and Engineering,2017,0,0.0,True,patents,False
Bulgaria,Physical Sciences and Engineering,2018,0,0.0,True,patents,False
Bulgaria,Physical Sciences and Engineering,2019,0,0.0,False,patents,False
Bulgaria,Physical Sciences and Engineering,2020,0,0.0,False,patents,False
Bulgaria,Physical Sciences and Engineering,2021,0,0.0,False,patents,False
Bulgaria,Physical Sciences and Engineering,2022,0,0.0,False,patents,False
Bulgaria,Physical Sciences and Engineering,2023,0,0.0,False,patents,False
Bulgaria,Security,2015,0,0.0,True,patents,False
Bulgaria,Security,2017,0,0.0,True,patents,False
Bulgaria,Security,2018,0,0.0,True,patents,False
Bulgaria,Security,2019,0,0.0,False,patents,False
Bulgaria,Security,2020,0,0.0,False,patents,False
Bulgaria,Security,2021,0,0.0,False,patents,False
Bulgaria,Security,2022,0,0.0,False,patents,False
Bulgaria,Security,2023,0,0.0,False,patents,False
Bulgaria,Telecommunications,2015,0,0.0,True,patents,False
Bulgaria,Telecommunications,2017,0,0.0,True,patents,False
Bulgaria,Telecommunications,2018,0,0.0,True,patents,False
Bulgaria,Telecommunications,2019,0,0.0,False,patents,False
Bulgaria,Telecommunications,2020,0,0.0,False,patents,False
Bulgaria,Telecommunications,2021,0,0.0,False,patents,False
Bulgaria,Telecommunications,2022,0,0.0,False,patents,False
Bulgaria,Telecommunications,2023,0,0.0,False,patents,False
Bulgaria,Transportation,2015,0,0.0,True,patents,False
Bulgaria,Transportation,2017,0,0.0,True,patents,False
Bulgaria,Transportation,2018,0,0.0,True,patents,False
Bulgaria,Transportation,2019,0,0.0,False,patents,False
Bulgaria,Transportation,2020,0,0.0,False,patents,False
Bulgaria,Transportation,2021,0,0.0,False,patents,False
Bulgaria,Transportation,2022,0,0.0,False,patents,False
Bulgaria,Transportation,2023,0,0.0,False,patents,False
Canada,Agriculture,2015,4,4.0,True,patents,False
Canada,Agriculture,2016,8,8.0,True,patents,False
Canada,Agriculture,2017,21,15.0,True,patents,False
Canada,Agriculture,2018,35,29.0,True,patents,False
Canada,Agriculture,2019,32,21.0,False,patents,False
Canada,Agriculture,2020,42,27.0,False,patents,False
Canada,Agriculture,2021,31,8.0,False,patents,False
Canada,Agriculture,2022,4,2.0,False,patents,False
Canada,Agriculture,2023,0,,False,patents,False
Canada,Agriculture,2024,0,,False,patents,False
Canada,All,2015,184,156.0,True,patents,False
Canada,All,2016,335,284.0,True,patents,False
Canada,All,2017,425,352.0,True,patents,False
Canada,All,2018,685,541.0,True,patents,False
Canada,All,2019,756,529.0,False,patents,False
Canada,All,2020,882,457.0,False,patents,False
Canada,All,2021,894,271.0,False,patents,False
Canada,All,2022,138,24.0,False,patents,False
Canada,All,2023,3,,False,patents,False
Canada,All,2024,1,,False,patents,False
Canada,Banking and Finance,2015,17,15.0,True,patents,False
Canada,Banking and Finance,2016,15,14.0,True,patents,False
Canada,Banking and Finance,2017,28,23.0,True,patents,False
Canada,Banking and Finance,2018,47,37.0,True,patents,False
Canada,Banking and Finance,2019,58,36.0,False,patents,False
Canada,Banking and Finance,2020,52,25.0,False,patents,False
Canada,Banking and Finance,2021,61,15.0,False,patents,False
Canada,Banking and Finance,2022,11,1.0,False,patents,False
Canada,Banking and Finance,2023,0,,False,patents,False
Canada,Banking and Finance,2024,1,,False,patents,False
Canada,Business,2015,42,32.0,True,patents,False
Canada,Business,2016,78,59.0,True,patents,False
Canada,Business,2017,64,40.0,True,patents,False
Canada,Business,2018,113,84.0,True,patents,False
Canada,Business,2019,123,76.0,False,patents,False
Canada,Business,2020,143,61.0,False,patents,False
Canada,Business,2021,130,38.0,False,patents,False
Canada,Business,2022,21,4.0,False,patents,False
Canada,Business,2023,1,,False,patents,False
Canada,Business,2024,1,,False,patents,False
Canada,Energy Management,2015,13,11.0,True,patents,False
Canada,Energy Management,2016,11,7.0,True,patents,False
Canada,Energy Management,2017,14,12.0,True,patents,False
Canada,Energy Management,2018,21,19.0,True,patents,False
Canada,Energy Management,2019,17,11.0,False,patents,False
Canada,Energy Management,2020,21,12.0,False,patents,False
Canada,Energy Management,2021,25,8.0,False,patents,False
Canada,Energy Management,2022,4,3.0,False,patents,False
Canada,Energy Management,2023,1,,False,patents,False
Canada,Energy Management,2024,0,,False,patents,False
Canada,Industry and Manufacturing,2015,11,8.0,True,patents,False
Canada,Industry and Manufacturing,2016,23,22.0,True,patents,False
Canada,Industry and Manufacturing,2017,37,30.0,True,patents,False
Canada,Industry and Manufacturing,2018,41,38.0,True,patents,False
Canada,Industry and Manufacturing,2019,52,39.0,False,patents,False
Canada,Industry and Manufacturing,2020,61,41.0,False,patents,False
Canada,Industry and Manufacturing,2021,58,26.0,False,patents,False
Canada,Industry and Manufacturing,2022,3,0.0,False,patents,False
Canada,Industry and Manufacturing,2023,0,,False,patents,False
Canada,Industry and Manufacturing,2024,0,,False,patents,False
Canada,Life Sciences,2015,59,49.0,True,patents,False
Canada,Life Sciences,2016,103,84.0,True,patents,False
Canada,Life Sciences,2017,142,122.0,True,patents,False
Canada,Life Sciences,2018,231,169.0,True,patents,False
Canada,Life Sciences,2019,268,189.0,False,patents,False
Canada,Life Sciences,2020,302,146.0,False,patents,False
Canada,Life Sciences,2021,336,83.0,False,patents,False
Canada,Life Sciences,2022,23,4.0,False,patents,False
Canada,Life Sciences,2023,0,,False,patents,False
Canada,Life Sciences,2024,0,,False,patents,False
Canada,Personal Devices and Computing,2015,84,68.0,True,patents,False
Canada,Personal Devices and Computing,2016,162,139.0,True,patents,False
Canada,Personal Devices and Computing,2017,192,164.0,True,patents,False
Canada,Personal Devices and Computing,2018,326,273.0,True,patents,False
Canada,Personal Devices and Computing,2019,316,236.0,False,patents,False
Canada,Personal Devices and Computing,2020,324,189.0,False,patents,False
Canada,Personal Devices and Computing,2021,241,84.0,False,patents,False
Canada,Personal Devices and Computing,2022,36,7.0,False,patents,False
Canada,Personal Devices and Computing,2023,0,,False,patents,False
Canada,Personal Devices and Computing,2024,1,,False,patents,False
Canada,Physical Sciences and Engineering,2015,23,22.0,True,patents,False
Canada,Physical Sciences and Engineering,2016,23,21.0,True,patents,False
Canada,Physical Sciences and Engineering,2017,37,32.0,True,patents,False
Canada,Physical Sciences and Engineering,2018,63,52.0,True,patents,False
Canada,Physical Sciences and Engineering,2019,59,49.0,False,patents,False
Canada,Physical Sciences and Engineering,2020,59,35.0,False,patents,False
Canada,Physical Sciences and Engineering,2021,73,15.0,False,patents,False
Canada,Physical Sciences and Engineering,2022,7,2.0,False,patents,False
Canada,Physical Sciences and Engineering,2023,2,,False,patents,False
Canada,Physical Sciences and Engineering,2024,0,,False,patents,False
Canada,Security,2015,8,7.0,True,patents,False
Canada,Security,2016,26,22.0,True,patents,False
Canada,Security,2017,31,27.0,True,patents,False
Canada,Security,2018,54,44.0,True,patents,False
Canada,Security,2019,45,33.0,False,patents,False
Canada,Security,2020,56,29.0,False,patents,False
Canada,Security,2021,58,20.0,False,patents,False
Canada,Security,2022,11,1.0,False,patents,False
Canada,Security,2023,0,,False,patents,False
Canada,Security,2024,0,,False,patents,False
Canada,Telecommunications,2015,28,26.0,True,patents,False
Canada,Telecommunications,2016,62,57.0,True,patents,False
Canada,Telecommunications,2017,93,80.0,True,patents,False
Canada,Telecommunications,2018,117,91.0,True,patents,False
Canada,Telecommunications,2019,143,114.0,False,patents,False
Canada,Telecommunications,2020,145,90.0,False,patents,False
Canada,Telecommunications,2021,135,60.0,False,patents,False
Canada,Telecommunications,2022,15,3.0,False,patents,False
Canada,Telecommunications,2023,1,,False,patents,False
Canada,Telecommunications,2024,0,,False,patents,False
Canada,Transportation,2015,31,31.0,True,patents,False
Canada,Transportation,2016,50,44.0,True,patents,False
Canada,Transportation,2017,51,49.0,True,patents,False
Canada,Transportation,2018,58,53.0,True,patents,False
Canada,Transportation,2019,30,24.0,False,patents,False
Canada,Transportation,2020,46,30.0,False,patents,False
Canada,Transportation,2021,37,15.0,False,patents,False
Canada,Transportation,2022,4,1.0,False,patents,False
Canada,Transportation,2023,0,,False,patents,False
Canada,Transportation,2024,0,,False,patents,False
Chile,Agriculture,2015,0,0.0,True,patents,False
Chile,Agriculture,2017,0,,False,patents,False
Chile,Agriculture,2018,0,0.0,True,patents,False
Chile,Agriculture,2019,0,,False,patents,False
Chile,Agriculture,2021,0,,False,patents,False
Chile,Agriculture,2022,0,,False,patents,False
Chile,Agriculture,2023,0,,False,patents,False
Chile,Agriculture,2024,0,,False,patents,False
Chile,All,2015,4,2.0,True,patents,False
Chile,All,2017,1,,False,patents,False
Chile,All,2018,1,1.0,True,patents,False
Chile,All,2019,1,,False,patents,False
Chile,All,2021,1,,False,patents,False
Chile,All,2022,3,,False,patents,False
Chile,All,2023,3,,False,patents,False
Chile,All,2024,1,,False,patents,False
Chile,Banking and Finance,2015,0,0.0,True,patents,False
Chile,Banking and Finance,2017,0,,False,patents,False
Chile,Banking and Finance,2018,0,0.0,True,patents,False
Chile,Banking and Finance,2019,0,,False,patents,False
Chile,Banking and Finance,2021,0,,False,patents,False
Chile,Banking and Finance,2022,0,,False,patents,False
Chile,Banking and Finance,2023,0,,False,patents,False
Chile,Banking and Finance,2024,0,,False,patents,False
Chile,Business,2015,0,0.0,True,patents,False
Chile,Business,2017,0,,False,patents,False
Chile,Business,2018,0,0.0,True,patents,False
Chile,Business,2019,0,,False,patents,False
Chile,Business,2021,0,,False,patents,False
Chile,Business,2022,0,,False,patents,False
Chile,Business,2023,1,,False,patents,False
Chile,Business,2024,0,,False,patents,False
Chile,Energy Management,2015,0,0.0,True,patents,False
Chile,Energy Management,2017,0,,False,patents,False
Chile,Energy Management,2018,0,0.0,True,patents,False
Chile,Energy Management,2019,0,,False,patents,False
Chile,Energy Management,2021,0,,False,patents,False
Chile,Energy Management,2022,0,,False,patents,False
Chile,Energy Management,2023,0,,False,patents,False
Chile,Energy Management,2024,0,,False,patents,False
Chile,Industry and Manufacturing,2015,0,0.0,True,patents,False
Chile,Industry and Manufacturing,2017,0,,False,patents,False
Chile,Industry and Manufacturing,2018,0,0.0,True,patents,False
Chile,Industry and Manufacturing,2019,0,,False,patents,False
Chile,Industry and Manufacturing,2021,0,,False,patents,False
Chile,Industry and Manufacturing,2022,1,,False,patents,False
Chile,Industry and Manufacturing,2023,0,,False,patents,False
Chile,Industry and Manufacturing,2024,0,,False,patents,False
Chile,Life Sciences,2015,0,0.0,True,patents,False
Chile,Life Sciences,2017,0,,False,patents,False
Chile,Life Sciences,2018,0,0.0,True,patents,False
Chile,Life Sciences,2019,0,,False,patents,False
Chile,Life Sciences,2021,0,,False,patents,False
Chile,Life Sciences,2022,1,,False,patents,False
Chile,Life Sciences,2023,1,,False,patents,False
Chile,Life Sciences,2024,0,,False,patents,False
Chile,Personal Devices and Computing,2015,2,1.0,True,patents,False
Chile,Personal Devices and Computing,2017,0,,False,patents,False
Chile,Personal Devices and Computing,2018,0,0.0,True,patents,False
Chile,Personal Devices and Computing,2019,0,,False,patents,False
Chile,Personal Devices and Computing,2021,1,,False,patents,False
Chile,Personal Devices and Computing,2022,1,,False,patents,False
Chile,Personal Devices and Computing,2023,1,,False,patents,False
Chile,Personal Devices and Computing,2024,0,,False,patents,False
Chile,Physical Sciences and Engineering,2015,0,0.0,True,patents,False
Chile,Physical Sciences and Engineering,2017,0,,False,patents,False
Chile,Physical Sciences and Engineering,2018,1,1.0,True,patents,False
Chile,Physical Sciences and Engineering,2019,0,,False,patents,False
Chile,Physical Sciences and Engineering,2021,0,,False,patents,False
Chile,Physical Sciences and Engineering,2022,1,,False,patents,False
Chile,Physical Sciences and Engineering,2023,0,,False,patents,False
Chile,Physical Sciences and Engineering,2024,0,,False,patents,False
Chile,Security,2015,0,0.0,True,patents,False
Chile,Security,2017,0,,False,patents,False
Chile,Security,2018,0,0.0,True,patents,False
Chile,Security,2019,0,,False,patents,False
Chile,Security,2021,1,,False,patents,False
Chile,Security,2022,0,,False,patents,False
Chile,Security,2023,0,,False,patents,False
Chile,Security,2024,0,,False,patents,False
Chile,Telecommunications,2015,2,1.0,True,patents,False
Chile,Telecommunications,2017,0,,False,patents,False
Chile,Telecommunications,2018,0,0.0,True,patents,False
Chile,Telecommunications,2019,0,,False,patents,False
Chile,Telecommunications,2021,1,,False,patents,False
Chile,Telecommunications,2022,0,,False,patents,False
Chile,Telecommunications,2023,1,,False,patents,False
Chile,Telecommunications,2024,0,,False,patents,False
Chile,Transportation,2015,0,0.0,True,patents,False
Chile,Transportation,2017,0,,False,patents,False
Chile,Transportation,2018,1,1.0,True,patents,False
Chile,Transportation,2019,0,,False,patents,False
Chile,Transportation,2021,0,,False,patents,False
Chile,Transportation,2022,0,,False,patents,False
Chile,Transportation,2023,0,,False,patents,False
Chile,Transportation,2024,1,,False,patents,False
China (mainland),Agriculture,2015,24,12.0,True,patents,False
China (mainland),Agriculture,2016,94,50.0,True,patents,False
China (mainland),Agriculture,2017,205,90.0,True,patents,False
China (mainland),Agriculture,2018,298,141.0,True,patents,False
China (mainland),Agriculture,2019,524,292.0,False,patents,False
China (mainland),Agriculture,2020,747,446.0,False,patents,False
China (mainland),Agriculture,2021,1015,620.0,False,patents,False
China (mainland),Agriculture,2022,1446,684.0,False,patents,False
China (mainland),Agriculture,2023,2001,671.0,False,patents,False
China (mainland),Agriculture,2024,769,320.0,False,patents,False
China (mainland),Agriculture,2025,0,,False,patents,False
China (mainland),All,2015,3946,2562.0,True,patents,False
China (mainland),All,2016,7969,4742.0,True,patents,False
China (mainland),All,2017,14825,8564.0,True,patents,False
China (mainland),All,2018,27647,16328.0,True,patents,False
China (mainland),All,2019,43916,26932.0,False,patents,False
China (mainland),All,2020,66279,42530.0,False,patents,False
China (mainland),All,2021,87009,51180.0,False,patents,False
China (mainland),All,2022,98448,40495.0,False,patents,False
China (mainland),All,2023,113885,29764.0,False,patents,False
China (mainland),All,2024,40219,13573.0,False,patents,False
China (mainland),All,2025,1,,False,patents,False
China (mainland),Banking and Finance,2015,29,17.0,True,patents,False
China (mainland),Banking and Finance,2016,140,61.0,True,patents,False
China (mainland),Banking and Finance,2017,346,158.0,True,patents,False
China (mainland),Banking and Finance,2018,760,269.0,True,patents,False
China (mainland),Banking and Finance,2019,966,384.0,False,patents,False
China (mainland),Banking and Finance,2020,1699,794.0,False,patents,False
China (mainland),Banking and Finance,2021,2300,931.0,False,patents,False
China (mainland),Banking and Finance,2022,2003,480.0,False,patents,False
China (mainland),Banking and Finance,2023,2861,339.0,False,patents,False
China (mainland),Banking and Finance,2024,938,170.0,False,patents,False
China (mainland),Banking and Finance,2025,0,,False,patents,False
China (mainland),Business,2015,194,87.0,True,patents,False
China (mainland),Business,2016,772,302.0,True,patents,False
China (mainland),Business,2017,1552,662.0,True,patents,False
China (mainland),Business,2018,2879,1346.0,True,patents,False
China (mainland),Business,2019,4623,2264.0,False,patents,False
China (mainland),Business,2020,7736,4193.0,False,patents,False
China (mainland),Business,2021,10066,4951.0,False,patents,False
China (mainland),Business,2022,10463,3610.0,False,patents,False
China (mainland),Business,2023,12816,2828.0,False,patents,False
China (mainland),Business,2024,5142,1672.0,False,patents,False
China (mainland),Business,2025,0,,False,patents,False
China (mainland),Energy Management,2015,219,131.0,True,patents,False
China (mainland),Energy Management,2016,537,257.0,True,patents,False
China (mainland),Energy Management,2017,753,380.0,True,patents,False
China (mainland),Energy Management,2018,1287,642.0,True,patents,False
China (mainland),Energy Management,2019,2014,1066.0,False,patents,False
China (mainland),Energy Management,2020,3235,1867.0,False,patents,False
China (mainland),Energy Management,2021,4675,2610.0,False,patents,False
China (mainland),Energy Management,2022,6049,2485.0,False,patents,False
China (mainland),Energy Management,2023,8765,2087.0,False,patents,False
China (mainland),Energy Management,2024,3189,1165.0,False,patents,False
China (mainland),Energy Management,2025,0,,False,patents,False
China (mainland),Industry and Manufacturing,2015,103,71.0,True,patents,False
China (mainland),Industry and Manufacturing,2016,255,169.0,True,patents,False
China (mainland),Industry and Manufacturing,2017,548,331.0,True,patents,False
China (mainland),Industry and Manufacturing,2018,1110,661.0,True,patents,False
China (mainland),Industry and Manufacturing,2019,1832,1294.0,False,patents,False
China (mainland),Industry and Manufacturing,2020,2960,2072.0,False,patents,False
China (mainland),Industry and Manufacturing,2021,4014,2701.0,False,patents,False
China (mainland),Industry and Manufacturing,2022,7014,3539.0,False,patents,False
China (mainland),Industry and Manufacturing,2023,10016,3255.0,False,patents,False
China (mainland),Industry and Manufacturing,2024,2529,1066.0,False,patents,False
China (mainland),Industry and Manufacturing,2025,0,,False,patents,False
China (mainland),Life Sciences,2015,193,162.0,True,patents,False
China (mainland),Life Sciences,2016,599,379.0,True,patents,False
China (mainland),Life Sciences,2017,870,570.0,True,patents,False
China (mainland),Life Sciences,2018,1912,1033.0,True,patents,False
China (mainland),Life Sciences,2019,3009,1716.0,False,patents,False
China (mainland),Life Sciences,2020,4500,2547.0,False,patents,False
China (mainland),Life Sciences,2021,5813,3043.0,False,patents,False
China (mainland),Life Sciences,2022,6178,2383.0,False,patents,False
China (mainland),Life Sciences,2023,8030,2155.0,False,patents,False
China (mainland),Life Sciences,2024,3536,1199.0,False,patents,False
China (mainland),Life Sciences,2025,0,,False,patents,False
China (mainland),Personal Devices and Computing,2015,941,621.0,True,patents,False
China (mainland),Personal Devices and Computing,2016,3241,1958.0,True,patents,False
China (mainland),Personal Devices and Computing,2017,6232,3781.0,True,patents,False
China (mainland),Personal Devices and Computing,2018,10319,6470.0,True,patents,False
China (mainland),Personal Devices and Computing,2019,19026,12035.0,False,patents,False
China (mainland),Personal Devices and Computing,2020,36666,23849.0,False,patents,False
China (mainland),Personal Devices and Computing,2021,50336,30444.0,False,patents,False
China (mainland),Personal Devices and Computing,2022,38085,17255.0,False,patents,False
China (mainland),Personal Devices and Computing,2023,49113,12165.0,False,patents,False
China (mainland),Personal Devices and Computing,2024,19071,6658.0,False,patents,False
China (mainland),Personal Devices and Computing,2025,1,,False,patents,False
China (mainland),Physical Sciences and Engineering,2015,67,44.0,True,patents,False
China (mainland),Physical Sciences and Engineering,2016,229,129.0,True,patents,False
China (mainland),Physical Sciences and Engineering,2017,333,183.0,True,patents,False
China (mainland),Physical Sciences and Engineering,2018,707,372.0,True,patents,False
China (mainland),Physical Sciences and Engineering,2019,1061,639.0,False,patents,False
China (mainland),Physical Sciences and Engineering,2020,1712,998.0,False,patents,False
China (mainland),Physical Sciences and Engineering,2021,2219,1324.0,False,patents,False
China (mainland),Physical Sciences and Engineering,2022,3108,1490.0,False,patents,False
China (mainland),Physical Sciences and Engineering,2023,3901,1313.0,False,patents,False
China (mainland),Physical Sciences and Engineering,2024,1483,637.0,False,patents,False
China (mainland),Physical Sciences and Engineering,2025,0,,False,patents,False
China (mainland),Security,2015,69,53.0,True,patents,False
China (mainland),Security,2016,183,113.0,True,patents,False
China (mainland),Security,2017,337,202.0,True,patents,False
China (mainland),Security,2018,732,400.0,True,patents,False
China (mainland),Security,2019,1085,573.0,False,patents,False
China (mainland),Security,2020,2309,1345.0,False,patents,False
China (mainland),Security,2021,3005,1607.0,False,patents,False
China (mainland),Security,2022,3074,1175.0,False,patents,False
China (mainland),Security,2023,4406,1015.0,False,patents,False
China (mainland),Security,2024,1838,666.0,False,patents,False
China (mainland),Security,2025,0,,False,patents,False
China (mainland),Telecommunications,2015,298,219.0,True,patents,False
China (mainland),Telecommunications,2016,677,464.0,True,patents,False
China (mainland),Telecommunications,2017,1429,964.0,True,patents,False
China (mainland),Telecommunications,2018,2565,1719.0,True,patents,False
China (mainland),Telecommunications,2019,3609,2454.0,False,patents,False
China (mainland),Telecommunications,2020,5915,4017.0,False,patents,False
China (mainland),Telecommunications,2021,6805,4291.0,False,patents,False
China (mainland),Telecommunications,2022,8161,3929.0,False,patents,False
China (mainland),Telecommunications,2023,9437,2557.0,False,patents,False
China (mainland),Telecommunications,2024,3239,1152.0,False,patents,False
China (mainland),Telecommunications,2025,0,,False,patents,False
China (mainland),Transportation,2015,119,104.0,True,patents,False
China (mainland),Transportation,2016,328,271.0,True,patents,False
China (mainland),Transportation,2017,588,438.0,True,patents,False
China (mainland),Transportation,2018,1098,866.0,True,patents,False
China (mainland),Transportation,2019,2078,1775.0,False,patents,False
China (mainland),Transportation,2020,3753,3263.0,False,patents,False
China (mainland),Transportation,2021,4956,4170.0,False,patents,False
China (mainland),Transportation,2022,7879,4675.0,False,patents,False
China (mainland),Transportation,2023,13436,4401.0,False,patents,False
China (mainland),Transportation,2024,3538,1460.0,False,patents,False
China (mainland),Transportation,2025,0,,False,patents,False
Colombia,Agriculture,2015,0,0.0,True,patents,False
Colombia,Agriculture,2017,0,,False,patents,False
Colombia,Agriculture,2019,0,0.0,False,patents,False
Colombia,Agriculture,2021,0,,False,patents,False
Colombia,Agriculture,2022,0,,False,patents,False
Colombia,Agriculture,2023,0,,False,patents,False
Colombia,Agriculture,2024,0,,False,patents,False
Colombia,All,2015,2,1.0,True,patents,False
Colombia,All,2017,2,,False,patents,False
Colombia,All,2019,2,1.0,False,patents,False
Colombia,All,2021,2,,False,patents,False
Colombia,All,2022,8,,False,patents,False
Colombia,All,2023,1,,False,patents,False
Colombia,All,2024,1,,False,patents,False
Colombia,Banking and Finance,2015,0,0.0,True,patents,False
Colombia,Banking and Finance,2017,0,,False,patents,False
Colombia,Banking and Finance,2019,1,0.0,False,patents,False
Colombia,Banking and Finance,2021,0,,False,patents,False
Colombia,Banking and Finance,2022,0,,False,patents,False
Colombia,Banking and Finance,2023,0,,False,patents,False
Colombia,Banking and Finance,2024,0,,False,patents,False
Colombia,Business,2015,0,0.0,True,patents,False
Colombia,Business,2017,0,,False,patents,False
Colombia,Business,2019,1,0.0,False,patents,False
Colombia,Business,2021,1,,False,patents,False
Colombia,Business,2022,1,,False,patents,False
Colombia,Business,2023,0,,False,patents,False
Colombia,Business,2024,1,,False,patents,False
Colombia,Energy Management,2015,0,0.0,True,patents,False
Colombia,Energy Management,2017,0,,False,patents,False
Colombia,Energy Management,2019,0,0.0,False,patents,False
Colombia,Energy Management,2021,0,,False,patents,False
Colombia,Energy Management,2022,0,,False,patents,False
Colombia,Energy Management,2023,0,,False,patents,False
Colombia,Energy Management,2024,0,,False,patents,False
Colombia,Industry and Manufacturing,2015,2,1.0,True,patents,False
Colombia,Industry and Manufacturing,2017,0,,False,patents,False
Colombia,Industry and Manufacturing,2019,0,0.0,False,patents,False
Colombia,Industry and Manufacturing,2021,1,,False,patents,False
Colombia,Industry and Manufacturing,2022,0,,False,patents,False
Colombia,Industry and Manufacturing,2023,0,,False,patents,False
Colombia,Industry and Manufacturing,2024,0,,False,patents,False
Colombia,Life Sciences,2015,0,0.0,True,patents,False
Colombia,Life Sciences,2017,1,,False,patents,False
Colombia,Life Sciences,2019,1,1.0,False,patents,False
Colombia,Life Sciences,2021,1,,False,patents,False
Colombia,Life Sciences,2022,5,,False,patents,False
Colombia,Life Sciences,2023,1,,False,patents,False
Colombia,Life Sciences,2024,0,,False,patents,False
Colombia,Personal Devices and Computing,2015,0,0.0,True,patents,False
Colombia,Personal Devices and Computing,2017,0,,False,patents,False
Colombia,Personal Devices and Computing,2019,0,0.0,False,patents,False
Colombia,Personal Devices and Computing,2021,1,,False,patents,False
Colombia,Personal Devices and Computing,2022,1,,False,patents,False
Colombia,Personal Devices and Computing,2023,0,,False,patents,False
Colombia,Personal Devices and Computing,2024,0,,False,patents,False
Colombia,Physical Sciences and Engineering,2015,1,1.0,True,patents,False
Colombia,Physical Sciences and Engineering,2017,1,,False,patents,False
Colombia,Physical Sciences and Engineering,2019,0,0.0,False,patents,False
Colombia,Physical Sciences and Engineering,2021,0,,False,patents,False
Colombia,Physical Sciences and Engineering,2022,1,,False,patents,False
Colombia,Physical Sciences and Engineering,2023,0,,False,patents,False
Colombia,Physical Sciences and Engineering,2024,1,,False,patents,False
Colombia,Security,2015,0,0.0,True,patents,False
Colombia,Security,2017,1,,False,patents,False
Colombia,Security,2019,0,0.0,False,patents,False
Colombia,Security,2021,0,,False,patents,False
Colombia,Security,2022,0,,False,patents,False
Colombia,Security,2023,0,,False,patents,False
Colombia,Security,2024,0,,False,patents,False
Colombia,Telecommunications,2015,0,0.0,True,patents,False
Colombia,Telecommunications,2017,0,,False,patents,False
Colombia,Telecommunications,2019,0,0.0,False,patents,False
Colombia,Telecommunications,2021,1,,False,patents,False
Colombia,Telecommunications,2022,1,,False,patents,False
Colombia,Telecommunications,2023,0,,False,patents,False
Colombia,Telecommunications,2024,0,,False,patents,False
Colombia,Transportation,2015,0,0.0,True,patents,False
Colombia,Transportation,2017,0,,False,patents,False
Colombia,Transportation,2019,0,0.0,False,patents,False
Colombia,Transportation,2021,0,,False,patents,False
Colombia,Transportation,2022,0,,False,patents,False
Colombia,Transportation,2023,0,,False,patents,False
Colombia,Transportation,2024,0,,False,patents,False
Costa Rica,Agriculture,2019,0,,False,patents,False
Costa Rica,Agriculture,2020,0,0.0,False,patents,False
Costa Rica,All,2019,1,,False,patents,False
Costa Rica,All,2020,1,1.0,False,patents,False
Costa Rica,Banking and Finance,2019,0,,False,patents,False
Costa Rica,Banking and Finance,2020,0,0.0,False,patents,False
Costa Rica,Business,2019,0,,False,patents,False
Costa Rica,Business,2020,0,0.0,False,patents,False
Costa Rica,Energy Management,2019,0,,False,patents,False
Costa Rica,Energy Management,2020,0,0.0,False,patents,False
Costa Rica,Industry and Manufacturing,2019,0,,False,patents,False
Costa Rica,Industry and Manufacturing,2020,1,1.0,False,patents,False
Costa Rica,Life Sciences,2019,1,,False,patents,False
Costa Rica,Life Sciences,2020,0,0.0,False,patents,False
Costa Rica,Personal Devices and Computing,2019,0,,False,patents,False
Costa Rica,Personal Devices and Computing,2020,0,0.0,False,patents,False
Costa Rica,Physical Sciences and Engineering,2019,0,,False,patents,False
Costa Rica,Physical Sciences and Engineering,2020,0,0.0,False,patents,False
Costa Rica,Security,2019,0,,False,patents,False
Costa Rica,Security,2020,0,0.0,False,patents,False
Costa Rica,Telecommunications,2019,0,,False,patents,False
Costa Rica,Telecommunications,2020,0,0.0,False,patents,False
Costa Rica,Transportation,2019,0,,False,patents,False
Costa Rica,Transportation,2020,0,0.0,False,patents,False
Croatia,Agriculture,2015,0,0.0,True,patents,False
Croatia,Agriculture,2018,1,1.0,True,patents,False
Croatia,Agriculture,2019,0,0.0,False,patents,False
Croatia,Agriculture,2022,0,,False,patents,False
Croatia,All,2015,2,2.0,True,patents,False
Croatia,All,2018,3,2.0,True,patents,False
Croatia,All,2019,2,2.0,False,patents,False
Croatia,All,2022,1,,False,patents,False
Croatia,Banking and Finance,2015,0,0.0,True,patents,False
Croatia,Banking and Finance,2018,0,0.0,True,patents,False
Croatia,Banking and Finance,2019,0,0.0,False,patents,False
Croatia,Banking and Finance,2022,0,,False,patents,False
Croatia,Business,2015,0,0.0,True,patents,False
Croatia,Business,2018,0,0.0,True,patents,False
Croatia,Business,2019,0,0.0,False,patents,False
Croatia,Business,2022,0,,False,patents,False
Croatia,Energy Management,2015,0,0.0,True,patents,False
Croatia,Energy Management,2018,0,0.0,True,patents,False
Croatia,Energy Management,2019,0,0.0,False,patents,False
Croatia,Energy Management,2022,0,,False,patents,False
Croatia,Industry and Manufacturing,2015,0,0.0,True,patents,False
Croatia,Industry and Manufacturing,2018,0,0.0,True,patents,False
Croatia,Industry and Manufacturing,2019,0,0.0,False,patents,False
Croatia,Industry and Manufacturing,2022,0,,False,patents,False
Croatia,Life Sciences,2015,2,2.0,True,patents,False
Croatia,Life Sciences,2018,1,0.0,True,patents,False
Croatia,Life Sciences,2019,0,0.0,False,patents,False
Croatia,Life Sciences,2022,0,,False,patents,False
Croatia,Personal Devices and Computing,2015,1,1.0,True,patents,False
Croatia,Personal Devices and Computing,2018,0,0.0,True,patents,False
Croatia,Personal Devices and Computing,2019,1,1.0,False,patents,False
Croatia,Personal Devices and Computing,2022,0,,False,patents,False
Croatia,Physical Sciences and Engineering,2015,0,0.0,True,patents,False
Croatia,Physical Sciences and Engineering,2018,1,0.0,True,patents,False
Croatia,Physical Sciences and Engineering,2019,0,0.0,False,patents,False
Croatia,Physical Sciences and Engineering,2022,0,,False,patents,False
Croatia,Security,2015,0,0.0,True,patents,False
Croatia,Security,2018,0,0.0,True,patents,False
Croatia,Security,2019,0,0.0,False,patents,False
Croatia,Security,2022,0,,False,patents,False
Croatia,Telecommunications,2015,0,0.0,True,patents,False
Croatia,Telecommunications,2018,1,1.0,True,patents,False
Croatia,Telecommunications,2019,0,0.0,False,patents,False
Croatia,Telecommunications,2022,0,,False,patents,False
Croatia,Transportation,2015,0,0.0,True,patents,False
Croatia,Transportation,2018,0,0.0,True,patents,False
Croatia,Transportation,2019,0,0.0,False,patents,False
Croatia,Transportation,2022,0,,False,patents,False
Cuba,Agriculture,2020,0,0.0,False,patents,False
Cuba,All,2020,1,1.0,False,patents,False
Cuba,Banking and Finance,2020,0,0.0,False,patents,False
Cuba,Business,2020,0,0.0,False,patents,False
Cuba,Energy Management,2020,1,1.0,False,patents,False
Cuba,Industry and Manufacturing,2020,1,1.0,False,patents,False
Cuba,Life Sciences,2020,0,0.0,False,patents,False
Cuba,Personal Devices and Computing,2020,0,0.0,False,patents,False
Cuba,Physical Sciences and Engineering,2020,1,1.0,False,patents,False
Cuba,Security,2020,0,0.0,False,patents,False
Cuba,Telecommunications,2020,1,1.0,False,patents,False
Cuba,Transportation,2020,0,0.0,False,patents,False
Czechia,Agriculture,2017,0,0.0,True,patents,False
Czechia,Agriculture,2018,0,0.0,True,patents,False
Czechia,Agriculture,2019,0,0.0,False,patents,False
Czechia,Agriculture,2020,0,0.0,False,patents,False
Czechia,Agriculture,2021,1,1.0,False,patents,False
Czechia,Agriculture,2022,0,0.0,False,patents,False
Czechia,Agriculture,2023,0,0.0,False,patents,False
Czechia,All,2017,1,1.0,True,patents,False
Czechia,All,2018,1,1.0,True,patents,False
Czechia,All,2019,1,1.0,False,patents,False
Czechia,All,2020,4,2.0,False,patents,False
Czechia,All,2021,2,2.0,False,patents,False
Czechia,All,2022,3,2.0,False,patents,False
Czechia,All,2023,4,3.0,False,patents,False
Czechia,Banking and Finance,2017,0,0.0,True,patents,False
Czechia,Banking and Finance,2018,0,0.0,True,patents,False
Czechia,Banking and Finance,2019,0,0.0,False,patents,False
Czechia,Banking and Finance,2020,0,0.0,False,patents,False
Czechia,Banking and Finance,2021,0,0.0,False,patents,False
Czechia,Banking and Finance,2022,0,0.0,False,patents,False
Czechia,Banking and Finance,2023,0,0.0,False,patents,False
Czechia,Business,2017,0,0.0,True,patents,False
Czechia,Business,2018,0,0.0,True,patents,False
Czechia,Business,2019,0,0.0,False,patents,False
Czechia,Business,2020,1,1.0,False,patents,False
Czechia,Business,2021,0,0.0,False,patents,False
Czechia,Business,2022,0,0.0,False,patents,False
Czechia,Business,2023,1,1.0,False,patents,False
Czechia,Energy Management,2017,0,0.0,True,patents,False
Czechia,Energy Management,2018,0,0.0,True,patents,False
Czechia,Energy Management,2019,0,0.0,False,patents,False
Czechia,Energy Management,2020,1,1.0,False,patents,False
Czechia,Energy Management,2021,0,0.0,False,patents,False
Czechia,Energy Management,2022,0,0.0,False,patents,False
Czechia,Energy Management,2023,0,0.0,False,patents,False
Czechia,Industry and Manufacturing,2017,0,0.0,True,patents,False
Czechia,Industry and Manufacturing,2018,0,0.0,True,patents,False
Czechia,Industry and Manufacturing,2019,0,0.0,False,patents,False
Czechia,Industry and Manufacturing,2020,0,0.0,False,patents,False
Czechia,Industry and Manufacturing,2021,0,0.0,False,patents,False
Czechia,Industry and Manufacturing,2022,0,0.0,False,patents,False
Czechia,Industry and Manufacturing,2023,1,1.0,False,patents,False
Czechia,Life Sciences,2017,0,0.0,True,patents,False
Czechia,Life Sciences,2018,0,0.0,True,patents,False
Czechia,Life Sciences,2019,0,0.0,False,patents,False
Czechia,Life Sciences,2020,1,0.0,False,patents,False
Czechia,Life Sciences,2021,1,1.0,False,patents,False
Czechia,Life Sciences,2022,0,0.0,False,patents,False
Czechia,Life Sciences,2023,0,0.0,False,patents,False
Czechia,Personal Devices and Computing,2017,0,0.0,True,patents,False
Czechia,Personal Devices and Computing,2018,1,1.0,True,patents,False
Czechia,Personal Devices and Computing,2019,0,0.0,False,patents,False
Czechia,Personal Devices and Computing,2020,1,1.0,False,patents,False
Czechia,Personal Devices and Computing,2021,0,0.0,False,patents,False
Czechia,Personal Devices and Computing,2022,0,0.0,False,patents,False
Czechia,Personal Devices and Computing,2023,0,0.0,False,patents,False
Czechia,Physical Sciences and Engineering,2017,0,0.0,True,patents,False
Czechia,Physical Sciences and Engineering,2018,0,0.0,True,patents,False
Czechia,Physical Sciences and Engineering,2019,0,0.0,False,patents,False
Czechia,Physical Sciences and Engineering,2020,0,0.0,False,patents,False
Czechia,Physical Sciences and Engineering,2021,0,0.0,False,patents,False
Czechia,Physical Sciences and Engineering,2022,0,0.0,False,patents,False
Czechia,Physical Sciences and Engineering,2023,1,0.0,False,patents,False
Czechia,Security,2017,0,0.0,True,patents,False
Czechia,Security,2018,0,0.0,True,patents,False
Czechia,Security,2019,0,0.0,False,patents,False
Czechia,Security,2020,0,0.0,False,patents,False
Czechia,Security,2021,0,0.0,False,patents,False
Czechia,Security,2022,0,0.0,False,patents,False
Czechia,Security,2023,0,0.0,False,patents,False
Czechia,Telecommunications,2017,0,0.0,True,patents,False
Czechia,Telecommunications,2018,0,0.0,True,patents,False
Czechia,Telecommunications,2019,1,1.0,False,patents,False
Czechia,Telecommunications,2020,1,0.0,False,patents,False
Czechia,Telecommunications,2021,0,0.0,False,patents,False
Czechia,Telecommunications,2022,0,0.0,False,patents,False
Czechia,Telecommunications,2023,0,0.0,False,patents,False
Czechia,Transportation,2017,0,0.0,True,patents,False
Czechia,Transportation,2018,1,1.0,True,patents,False
Czechia,Transportation,2019,0,0.0,False,patents,False
Czechia,Transportation,2020,0,0.0,False,patents,False
Czechia,Transportation,2021,0,0.0,False,patents,False
Czechia,Transportation,2022,1,1.0,False,patents,False
Czechia,Transportation,2023,0,0.0,False,patents,False
Denmark,Agriculture,2015,0,0.0,True,patents,False
Denmark,Agriculture,2016,1,1.0,True,patents,False
Denmark,Agriculture,2017,0,0.0,True,patents,False
Denmark,Agriculture,2018,2,2.0,True,patents,False
Denmark,Agriculture,2019,0,0.0,False,patents,False
Denmark,Agriculture,2020,1,1.0,False,patents,False
Denmark,Agriculture,2021,0,0.0,False,patents,False
Denmark,Agriculture,2022,0,0.0,False,patents,False
Denmark,All,2015,22,21.0,True,patents,False
Denmark,All,2016,15,14.0,True,patents,False
Denmark,All,2017,25,24.0,True,patents,False
Denmark,All,2018,28,25.0,True,patents,False
Denmark,All,2019,24,24.0,False,patents,False
Denmark,All,2020,19,18.0,False,patents,False
Denmark,All,2021,10,6.0,False,patents,False
Denmark,All,2022,6,4.0,False,patents,False
Denmark,Banking and Finance,2015,2,2.0,True,patents,False
Denmark,Banking and Finance,2016,0,0.0,True,patents,False
Denmark,Banking and Finance,2017,2,2.0,True,patents,False
Denmark,Banking and Finance,2018,1,1.0,True,patents,False
Denmark,Banking and Finance,2019,0,0.0,False,patents,False
Denmark,Banking and Finance,2020,0,0.0,False,patents,False
Denmark,Banking and Finance,2021,0,0.0,False,patents,False
Denmark,Banking and Finance,2022,0,0.0,False,patents,False
Denmark,Business,2015,3,3.0,True,patents,False
Denmark,Business,2016,1,1.0,True,patents,False
Denmark,Business,2017,0,0.0,True,patents,False
Denmark,Business,2018,3,2.0,True,patents,False
Denmark,Business,2019,1,1.0,False,patents,False
Denmark,Business,2020,3,3.0,False,patents,False
Denmark,Business,2021,1,1.0,False,patents,False
Denmark,Business,2022,0,0.0,False,patents,False
Denmark,Energy Management,2015,2,2.0,True,patents,False
Denmark,Energy Management,2016,1,1.0,True,patents,False
Denmark,Energy Management,2017,0,0.0,True,patents,False
Denmark,Energy Management,2018,1,1.0,True,patents,False
Denmark,Energy Management,2019,1,1.0,False,patents,False
Denmark,Energy Management,2020,0,0.0,False,patents,False
Denmark,Energy Management,2021,0,0.0,False,patents,False
Denmark,Energy Management,2022,1,1.0,False,patents,False
Denmark,Industry and Manufacturing,2015,2,2.0,True,patents,False
Denmark,Industry and Manufacturing,2016,3,2.0,True,patents,False
Denmark,Industry and Manufacturing,2017,0,0.0,True,patents,False
Denmark,Industry and Manufacturing,2018,2,1.0,True,patents,False
Denmark,Industry and Manufacturing,2019,2,2.0,False,patents,False
Denmark,Industry and Manufacturing,2020,1,1.0,False,patents,False
Denmark,Industry and Manufacturing,2021,1,1.0,False,patents,False
Denmark,Industry and Manufacturing,2022,1,1.0,False,patents,False
Denmark,Life Sciences,2015,11,10.0,True,patents,False
Denmark,Life Sciences,2016,4,3.0,True,patents,False
Denmark,Life Sciences,2017,12,12.0,True,patents,False
Denmark,Life Sciences,2018,11,9.0,True,patents,False
Denmark,Life Sciences,2019,9,9.0,False,patents,False
Denmark,Life Sciences,2020,2,2.0,False,patents,False
Denmark,Life Sciences,2021,4,2.0,False,patents,False
Denmark,Life Sciences,2022,3,2.0,False,patents,False
Denmark,Personal Devices and Computing,2015,7,7.0,True,patents,False
Denmark,Personal Devices and Computing,2016,2,2.0,True,patents,False
Denmark,Personal Devices and Computing,2017,10,10.0,True,patents,False
Denmark,Personal Devices and Computing,2018,9,9.0,True,patents,False
Denmark,Personal Devices and Computing,2019,11,11.0,False,patents,False
Denmark,Personal Devices and Computing,2020,6,6.0,False,patents,False
Denmark,Personal Devices and Computing,2021,0,0.0,False,patents,False
Denmark,Personal Devices and Computing,2022,0,0.0,False,patents,False
Denmark,Physical Sciences and Engineering,2015,0,0.0,True,patents,False
Denmark,Physical Sciences and Engineering,2016,1,1.0,True,patents,False
Denmark,Physical Sciences and Engineering,2017,0,0.0,True,patents,False
Denmark,Physical Sciences and Engineering,2018,2,1.0,True,patents,False
Denmark,Physical Sciences and Engineering,2019,3,3.0,False,patents,False
Denmark,Physical Sciences and Engineering,2020,0,0.0,False,patents,False
Denmark,Physical Sciences and Engineering,2021,2,1.0,False,patents,False
Denmark,Physical Sciences and Engineering,2022,1,1.0,False,patents,False
Denmark,Security,2015,0,0.0,True,patents,False
Denmark,Security,2016,1,1.0,True,patents,False
Denmark,Security,2017,1,1.0,True,patents,False
Denmark,Security,2018,2,2.0,True,patents,False
Denmark,Security,2019,1,1.0,False,patents,False
Denmark,Security,2020,2,2.0,False,patents,False
Denmark,Security,2021,0,0.0,False,patents,False
Denmark,Security,2022,0,0.0,False,patents,False
Denmark,Telecommunications,2015,5,5.0,True,patents,False
Denmark,Telecommunications,2016,3,3.0,True,patents,False
Denmark,Telecommunications,2017,7,7.0,True,patents,False
Denmark,Telecommunications,2018,9,9.0,True,patents,False
Denmark,Telecommunications,2019,7,7.0,False,patents,False
Denmark,Telecommunications,2020,9,9.0,False,patents,False
Denmark,Telecommunications,2021,4,3.0,False,patents,False
Denmark,Telecommunications,2022,1,0.0,False,patents,False
Denmark,Transportation,2015,3,3.0,True,patents,False
Denmark,Transportation,2016,3,3.0,True,patents,False
Denmark,Transportation,2017,2,2.0,True,patents,False
Denmark,Transportation,2018,7,7.0,True,patents,False
Denmark,Transportation,2019,4,4.0,False,patents,False
Denmark,Transportation,2020,1,1.0,False,patents,False
Denmark,Transportation,2021,0,0.0,False,patents,False
Denmark,Transportation,2022,0,0.0,False,patents,False
Estonia,Agriculture,2022,0,0.0,False,patents,False
Estonia,All,2022,1,1.0,False,patents,False
Estonia,Banking and Finance,2022,0,0.0,False,patents,False
Estonia,Business,2022,0,0.0,False,patents,False
Estonia,Energy Management,2022,0,0.0,False,patents,False
Estonia,Industry and Manufacturing,2022,0,0.0,False,patents,False
Estonia,Life Sciences,2022,0,0.0,False,patents,False
Estonia,Personal Devices and Computing,2022,0,0.0,False,patents,False
Estonia,Physical Sciences and Engineering,2022,0,0.0,False,patents,False
Estonia,Security,2022,0,0.0,False,patents,False
Estonia,Telecommunications,2022,0,0.0,False,patents,False
Estonia,Transportation,2022,0,0.0,False,patents,False
Eurasian Patent Organization,Agriculture,2015,0,0.0,True,patents,False
Eurasian Patent Organization,Agriculture,2016,0,0.0,True,patents,False
Eurasian Patent Organization,Agriculture,2017,0,0.0,True,patents,False
Eurasian Patent Organization,Agriculture,2018,0,0.0,True,patents,False
Eurasian Patent Organization,Agriculture,2019,1,,False,patents,False
Eurasian Patent Organization,All,2015,2,2.0,True,patents,False
Eurasian Patent Organization,All,2016,3,3.0,True,patents,False
Eurasian Patent Organization,All,2017,3,2.0,True,patents,False
Eurasian Patent Organization,All,2018,13,7.0,True,patents,False
Eurasian Patent Organization,All,2019,4,,False,patents,False
Eurasian Patent Organization,Banking and Finance,2015,0,0.0,True,patents,False
Eurasian Patent Organization,Banking and Finance,2016,1,1.0,True,patents,False
Eurasian Patent Organization,Banking and Finance,2017,0,0.0,True,patents,False
Eurasian Patent Organization,Banking and Finance,2018,0,0.0,True,patents,False
Eurasian Patent Organization,Banking and Finance,2019,0,,False,patents,False
Eurasian Patent Organization,Business,2015,0,0.0,True,patents,False
Eurasian Patent Organization,Business,2016,0,0.0,True,patents,False
Eurasian Patent Organization,Business,2017,0,0.0,True,patents,False
Eurasian Patent Organization,Business,2018,1,0.0,True,patents,False
Eurasian Patent Organization,Business,2019,1,,False,patents,False
Eurasian Patent Organization,Energy Management,2015,0,0.0,True,patents,False
Eurasian Patent Organization,Energy Management,2016,1,1.0,True,patents,False
Eurasian Patent Organization,Energy Management,2017,0,0.0,True,patents,False
Eurasian Patent Organization,Energy Management,2018,0,0.0,True,patents,False
Eurasian Patent Organization,Energy Management,2019,0,,False,patents,False
Eurasian Patent Organization,Industry and Manufacturing,2015,0,0.0,True,patents,False
Eurasian Patent Organization,Industry and Manufacturing,2016,0,0.0,True,patents,False
Eurasian Patent Organization,Industry and Manufacturing,2017,1,1.0,True,patents,False
Eurasian Patent Organization,Industry and Manufacturing,2018,0,0.0,True,patents,False
Eurasian Patent Organization,Industry and Manufacturing,2019,1,,False,patents,False
Eurasian Patent Organization,Life Sciences,2015,1,1.0,True,patents,False
Eurasian Patent Organization,Life Sciences,2016,1,1.0,True,patents,False
Eurasian Patent Organization,Life Sciences,2017,2,2.0,True,patents,False
Eurasian Patent Organization,Life Sciences,2018,2,1.0,True,patents,False
Eurasian Patent Organization,Life Sciences,2019,0,,False,patents,False
Eurasian Patent Organization,Personal Devices and Computing,2015,0,0.0,True,patents,False
Eurasian Patent Organization,Personal Devices and Computing,2016,1,1.0,True,patents,False
Eurasian Patent Organization,Personal Devices and Computing,2017,1,1.0,True,patents,False
Eurasian Patent Organization,Personal Devices and Computing,2018,4,4.0,True,patents,False
Eurasian Patent Organization,Personal Devices and Computing,2019,1,,False,patents,False
Eurasian Patent Organization,Physical Sciences and Engineering,2015,0,0.0,True,patents,False
Eurasian Patent Organization,Physical Sciences and Engineering,2016,0,0.0,True,patents,False
Eurasian Patent Organization,Physical Sciences and Engineering,2017,0,0.0,True,patents,False
Eurasian Patent Organization,Physical Sciences and Engineering,2018,3,2.0,True,patents,False
Eurasian Patent Organization,Physical Sciences and Engineering,2019,0,,False,patents,False
Eurasian Patent Organization,Security,2015,0,0.0,True,patents,False
Eurasian Patent Organization,Security,2016,1,1.0,True,patents,False
Eurasian Patent Organization,Security,2017,0,0.0,True,patents,False
Eurasian Patent Organization,Security,2018,0,0.0,True,patents,False
Eurasian Patent Organization,Security,2019,1,,False,patents,False
Eurasian Patent Organization,Telecommunications,2015,0,0.0,True,patents,False
Eurasian Patent Organization,Telecommunications,2016,1,1.0,True,patents,False
Eurasian Patent Organization,Telecommunications,2017,0,0.0,True,patents,False
Eurasian Patent Organization,Telecommunications,2018,1,0.0,True,patents,False
Eurasian Patent Organization,Telecommunications,2019,1,,False,patents,False
Eurasian Patent Organization,Transportation,2015,0,0.0,True,patents,False
Eurasian Patent Organization,Transportation,2016,0,0.0,True,patents,False
Eurasian Patent Organization,Transportation,2017,0,0.0,True,patents,False
Eurasian Patent Organization,Transportation,2018,0,0.0,True,patents,False
Eurasian Patent Organization,Transportation,2019,0,,False,patents,False
European Patent Organization,Agriculture,2015,2,2.0,True,patents,False
European Patent Organization,Agriculture,2016,6,4.0,True,patents,False
European Patent Organization,Agriculture,2017,9,9.0,True,patents,False
European Patent Organization,Agriculture,2018,5,4.0,True,patents,False
European Patent Organization,Agriculture,2019,7,3.0,False,patents,False
European Patent Organization,Agriculture,2020,13,3.0,False,patents,False
European Patent Organization,Agriculture,2021,14,8.0,False,patents,False
European Patent Organization,Agriculture,2022,15,1.0,False,patents,False
European Patent Organization,Agriculture,2023,1,0.0,False,patents,False
European Patent Organization,Agriculture,2024,0,,False,patents,False
European Patent Organization,All,2015,102,59.0,True,patents,False
European Patent Organization,All,2016,153,87.0,True,patents,False
European Patent Organization,All,2017,345,232.0,True,patents,False
European Patent Organization,All,2018,622,433.0,True,patents,False
European Patent Organization,All,2019,953,591.0,False,patents,False
European Patent Organization,All,2020,1123,606.0,False,patents,False
European Patent Organization,All,2021,1464,588.0,False,patents,False
European Patent Organization,All,2022,1784,259.0,False,patents,False
European Patent Organization,All,2023,59,9.0,False,patents,False
European Patent Organization,All,2024,1,,False,patents,False
European Patent Organization,Banking and Finance,2015,3,1.0,True,patents,False
European Patent Organization,Banking and Finance,2016,4,3.0,True,patents,False
European Patent Organization,Banking and Finance,2017,11,6.0,True,patents,False
European Patent Organization,Banking and Finance,2018,16,13.0,True,patents,False
European Patent Organization,Banking and Finance,2019,28,19.0,False,patents,False
European Patent Organization,Banking and Finance,2020,18,6.0,False,patents,False
European Patent Organization,Banking and Finance,2021,30,11.0,False,patents,False
European Patent Organization,Banking and Finance,2022,25,3.0,False,patents,False
European Patent Organization,Banking and Finance,2023,1,0.0,False,patents,False
European Patent Organization,Banking and Finance,2024,0,,False,patents,False
European Patent Organization,Business,2015,15,8.0,True,patents,False
European Patent Organization,Business,2016,10,5.0,True,patents,False
European Patent Organization,Business,2017,25,18.0,True,patents,False
European Patent Organization,Business,2018,45,30.0,True,patents,False
European Patent Organization,Business,2019,77,44.0,False,patents,False
European Patent Organization,Business,2020,84,36.0,False,patents,False
European Patent Organization,Business,2021,85,33.0,False,patents,False
European Patent Organization,Business,2022,84,10.0,False,patents,False
European Patent Organization,Business,2023,3,0.0,False,patents,False
European Patent Organization,Business,2024,0,,False,patents,False
European Patent Organization,Energy Management,2015,5,3.0,True,patents,False
European Patent Organization,Energy Management,2016,8,0.0,True,patents,False
European Patent Organization,Energy Management,2017,10,6.0,True,patents,False
European Patent Organization,Energy Management,2018,12,10.0,True,patents,False
European Patent Organization,Energy Management,2019,43,32.0,False,patents,False
European Patent Organization,Energy Management,2020,41,25.0,False,patents,False
European Patent Organization,Energy Management,2021,51,22.0,False,patents,False
European Patent Organization,Energy Management,2022,45,11.0,False,patents,False
European Patent Organization,Energy Management,2023,3,1.0,False,patents,False
European Patent Organization,Energy Management,2024,0,,False,patents,False
European Patent Organization,Industry and Manufacturing,2015,3,1.0,True,patents,False
European Patent Organization,Industry and Manufacturing,2016,6,4.0,True,patents,False
European Patent Organization,Industry and Manufacturing,2017,23,16.0,True,patents,False
European Patent Organization,Industry and Manufacturing,2018,25,19.0,True,patents,False
European Patent Organization,Industry and Manufacturing,2019,74,58.0,False,patents,False
European Patent Organization,Industry and Manufacturing,2020,80,46.0,False,patents,False
European Patent Organization,Industry and Manufacturing,2021,77,35.0,False,patents,False
European Patent Organization,Industry and Manufacturing,2022,75,13.0,False,patents,False
European Patent Organization,Industry and Manufacturing,2023,1,0.0,False,patents,False
European Patent Organization,Industry and Manufacturing,2024,0,,False,patents,False
European Patent Organization,Life Sciences,2015,14,10.0,True,patents,False
European Patent Organization,Life Sciences,2016,41,15.0,True,patents,False
European Patent Organization,Life Sciences,2017,94,67.0,True,patents,False
European Patent Organization,Life Sciences,2018,175,132.0,True,patents,False
European Patent Organization,Life Sciences,2019,193,112.0,False,patents,False
European Patent Organization,Life Sciences,2020,221,101.0,False,patents,False
European Patent Organization,Life Sciences,2021,359,119.0,False,patents,False
European Patent Organization,Life Sciences,2022,438,54.0,False,patents,False
European Patent Organization,Life Sciences,2023,14,2.0,False,patents,False
European Patent Organization,Life Sciences,2024,1,,False,patents,False
European Patent Organization,Personal Devices and Computing,2015,41,25.0,True,patents,False
European Patent Organization,Personal Devices and Computing,2016,62,42.0,True,patents,False
European Patent Organization,Personal Devices and Computing,2017,154,117.0,True,patents,False
European Patent Organization,Personal Devices and Computing,2018,263,202.0,True,patents,False
European Patent Organization,Personal Devices and Computing,2019,391,270.0,False,patents,False
European Patent Organization,Personal Devices and Computing,2020,466,313.0,False,patents,False
European Patent Organization,Personal Devices and Computing,2021,434,200.0,False,patents,False
European Patent Organization,Personal Devices and Computing,2022,426,77.0,False,patents,False
European Patent Organization,Personal Devices and Computing,2023,9,2.0,False,patents,False
European Patent Organization,Personal Devices and Computing,2024,1,,False,patents,False
European Patent Organization,Physical Sciences and Engineering,2015,3,2.0,True,patents,False
European Patent Organization,Physical Sciences and Engineering,2016,4,1.0,True,patents,False
European Patent Organization,Physical Sciences and Engineering,2017,6,4.0,True,patents,False
European Patent Organization,Physical Sciences and Engineering,2018,17,14.0,True,patents,False
European Patent Organization,Physical Sciences and Engineering,2019,24,18.0,False,patents,False
European Patent Organization,Physical Sciences and Engineering,2020,42,21.0,False,patents,False
European Patent Organization,Physical Sciences and Engineering,2021,48,22.0,False,patents,False
European Patent Organization,Physical Sciences and Engineering,2022,39,5.0,False,patents,False
European Patent Organization,Physical Sciences and Engineering,2023,2,1.0,False,patents,False
European Patent Organization,Physical Sciences and Engineering,2024,0,,False,patents,False
European Patent Organization,Security,2015,3,2.0,True,patents,False
European Patent Organization,Security,2016,9,7.0,True,patents,False
European Patent Organization,Security,2017,20,14.0,True,patents,False
European Patent Organization,Security,2018,27,20.0,True,patents,False
European Patent Organization,Security,2019,44,32.0,False,patents,False
European Patent Organization,Security,2020,55,30.0,False,patents,False
European Patent Organization,Security,2021,50,19.0,False,patents,False
European Patent Organization,Security,2022,83,11.0,False,patents,False
European Patent Organization,Security,2023,0,0.0,False,patents,False
European Patent Organization,Security,2024,1,,False,patents,False
European Patent Organization,Telecommunications,2015,17,12.0,True,patents,False
European Patent Organization,Telecommunications,2016,27,18.0,True,patents,False
European Patent Organization,Telecommunications,2017,64,44.0,True,patents,False
European Patent Organization,Telecommunications,2018,104,87.0,True,patents,False
European Patent Organization,Telecommunications,2019,177,134.0,False,patents,False
European Patent Organization,Telecommunications,2020,194,130.0,False,patents,False
European Patent Organization,Telecommunications,2021,289,145.0,False,patents,False
European Patent Organization,Telecommunications,2022,392,59.0,False,patents,False
European Patent Organization,Telecommunications,2023,14,4.0,False,patents,False
European Patent Organization,Telecommunications,2024,1,,False,patents,False
European Patent Organization,Transportation,2015,22,18.0,True,patents,False
European Patent Organization,Transportation,2016,17,14.0,True,patents,False
European Patent Organization,Transportation,2017,36,32.0,True,patents,False
European Patent Organization,Transportation,2018,44,36.0,True,patents,False
European Patent Organization,Transportation,2019,74,56.0,False,patents,False
European Patent Organization,Transportation,2020,70,51.0,False,patents,False
European Patent Organization,Transportation,2021,71,46.0,False,patents,False
European Patent Organization,Transportation,2022,95,34.0,False,patents,False
European Patent Organization,Transportation,2023,5,0.0,False,patents,False
European Patent Organization,Transportation,2024,0,,False,patents,False
Finland,Agriculture,2015,0,0.0,True,patents,False
Finland,Agriculture,2016,0,0.0,True,patents,False
Finland,Agriculture,2017,0,0.0,True,patents,False
Finland,Agriculture,2018,2,1.0,True,patents,False
Finland,Agriculture,2019,1,0.0,False,patents,False
Finland,Agriculture,2020,0,0.0,False,patents,False
Finland,Agriculture,2021,0,0.0,False,patents,False
Finland,Agriculture,2022,0,0.0,False,patents,False
Finland,Agriculture,2023,0,0.0,False,patents,False
Finland,All,2015,11,6.0,True,patents,False
Finland,All,2016,9,8.0,True,patents,False
Finland,All,2017,26,20.0,True,patents,False
Finland,All,2018,43,23.0,True,patents,False
Finland,All,2019,36,28.0,False,patents,False
Finland,All,2020,38,24.0,False,patents,False
Finland,All,2021,39,17.0,False,patents,False
Finland,All,2022,25,14.0,False,patents,False
Finland,All,2023,4,2.0,False,patents,False
Finland,Banking and Finance,2015,0,0.0,True,patents,False
Finland,Banking and Finance,2016,0,0.0,True,patents,False
Finland,Banking and Finance,2017,0,0.0,True,patents,False
Finland,Banking and Finance,2018,0,0.0,True,patents,False
Finland,Banking and Finance,2019,0,0.0,False,patents,False
Finland,Banking and Finance,2020,0,0.0,False,patents,False
Finland,Banking and Finance,2021,2,0.0,False,patents,False
Finland,Banking and Finance,2022,0,0.0,False,patents,False
Finland,Banking and Finance,2023,0,0.0,False,patents,False
Finland,Business,2015,2,1.0,True,patents,False
Finland,Business,2016,0,0.0,True,patents,False
Finland,Business,2017,1,0.0,True,patents,False
Finland,Business,2018,4,2.0,True,patents,False
Finland,Business,2019,6,4.0,False,patents,False
Finland,Business,2020,6,4.0,False,patents,False
Finland,Business,2021,5,1.0,False,patents,False
Finland,Business,2022,1,0.0,False,patents,False
Finland,Business,2023,0,0.0,False,patents,False
Finland,Energy Management,2015,0,0.0,True,patents,False
Finland,Energy Management,2016,0,0.0,True,patents,False
Finland,Energy Management,2017,0,0.0,True,patents,False
Finland,Energy Management,2018,2,2.0,True,patents,False
Finland,Energy Management,2019,1,1.0,False,patents,False
Finland,Energy Management,2020,1,1.0,False,patents,False
Finland,Energy Management,2021,3,2.0,False,patents,False
Finland,Energy Management,2022,1,1.0,False,patents,False
Finland,Energy Management,2023,0,0.0,False,patents,False
Finland,Industry and Manufacturing,2015,3,2.0,True,patents,False
Finland,Industry and Manufacturing,2016,1,1.0,True,patents,False
Finland,Industry and Manufacturing,2017,1,1.0,True,patents,False
Finland,Industry and Manufacturing,2018,3,3.0,True,patents,False
Finland,Industry and Manufacturing,2019,7,5.0,False,patents,False
Finland,Industry and Manufacturing,2020,3,1.0,False,patents,False
Finland,Industry and Manufacturing,2021,5,3.0,False,patents,False
Finland,Industry and Manufacturing,2022,1,1.0,False,patents,False
Finland,Industry and Manufacturing,2023,0,0.0,False,patents,False
Finland,Life Sciences,2015,3,2.0,True,patents,False
Finland,Life Sciences,2016,4,3.0,True,patents,False
Finland,Life Sciences,2017,4,4.0,True,patents,False
Finland,Life Sciences,2018,12,7.0,True,patents,False
Finland,Life Sciences,2019,11,9.0,False,patents,False
Finland,Life Sciences,2020,5,0.0,False,patents,False
Finland,Life Sciences,2021,2,1.0,False,patents,False
Finland,Life Sciences,2022,3,3.0,False,patents,False
Finland,Life Sciences,2023,0,0.0,False,patents,False
Finland,Personal Devices and Computing,2015,4,2.0,True,patents,False
Finland,Personal Devices and Computing,2016,5,4.0,True,patents,False
Finland,Personal Devices and Computing,2017,12,9.0,True,patents,False
Finland,Personal Devices and Computing,2018,18,9.0,True,patents,False
Finland,Personal Devices and Computing,2019,17,12.0,False,patents,False
Finland,Personal Devices and Computing,2020,16,10.0,False,patents,False
Finland,Personal Devices and Computing,2021,12,4.0,False,patents,False
Finland,Personal Devices and Computing,2022,7,4.0,False,patents,False
Finland,Personal Devices and Computing,2023,1,0.0,False,patents,False
Finland,Physical Sciences and Engineering,2015,0,0.0,True,patents,False
Finland,Physical Sciences and Engineering,2016,1,1.0,True,patents,False
Finland,Physical Sciences and Engineering,2017,0,0.0,True,patents,False
Finland,Physical Sciences and Engineering,2018,3,3.0,True,patents,False
Finland,Physical Sciences and Engineering,2019,5,2.0,False,patents,False
Finland,Physical Sciences and Engineering,2020,2,1.0,False,patents,False
Finland,Physical Sciences and Engineering,2021,2,2.0,False,patents,False
Finland,Physical Sciences and Engineering,2022,1,1.0,False,patents,False
Finland,Physical Sciences and Engineering,2023,0,0.0,False,patents,False
Finland,Security,2015,0,0.0,True,patents,False
Finland,Security,2016,1,0.0,True,patents,False
Finland,Security,2017,1,1.0,True,patents,False
Finland,Security,2018,3,2.0,True,patents,False
Finland,Security,2019,2,2.0,False,patents,False
Finland,Security,2020,2,2.0,False,patents,False
Finland,Security,2021,2,0.0,False,patents,False
Finland,Security,2022,1,1.0,False,patents,False
Finland,Security,2023,1,0.0,False,patents,False
Finland,Telecommunications,2015,1,0.0,True,patents,False
Finland,Telecommunications,2016,2,1.0,True,patents,False
Finland,Telecommunications,2017,10,7.0,True,patents,False
Finland,Telecommunications,2018,20,11.0,True,patents,False
Finland,Telecommunications,2019,9,8.0,False,patents,False
Finland,Telecommunications,2020,25,19.0,False,patents,False
Finland,Telecommunications,2021,23,13.0,False,patents,False
Finland,Telecommunications,2022,10,6.0,False,patents,False
Finland,Telecommunications,2023,4,2.0,False,patents,False
Finland,Transportation,2015,0,0.0,True,patents,False
Finland,Transportation,2016,0,0.0,True,patents,False
Finland,Transportation,2017,1,1.0,True,patents,False
Finland,Transportation,2018,0,0.0,True,patents,False
Finland,Transportation,2019,3,2.0,False,patents,False
Finland,Transportation,2020,0,0.0,False,patents,False
Finland,Transportation,2021,3,1.0,False,patents,False
Finland,Transportation,2022,0,0.0,False,patents,False
Finland,Transportation,2023,0,0.0,False,patents,False
France,Agriculture,2015,1,1.0,True,patents,False
France,Agriculture,2016,0,0.0,True,patents,False
France,Agriculture,2017,0,0.0,True,patents,False
France,Agriculture,2018,0,0.0,True,patents,False
France,Agriculture,2019,1,1.0,False,patents,False
France,Agriculture,2020,3,3.0,False,patents,False
France,Agriculture,2021,1,0.0,False,patents,False
France,Agriculture,2022,2,1.0,False,patents,False
France,Agriculture,2023,0,,False,patents,False
France,All,2015,35,32.0,True,patents,False
France,All,2016,66,53.0,True,patents,False
France,All,2017,97,82.0,True,patents,False
France,All,2018,184,154.0,True,patents,False
France,All,2019,221,181.0,False,patents,False
France,All,2020,283,214.0,False,patents,False
France,All,2021,292,171.0,False,patents,False
France,All,2022,284,127.0,False,patents,False
France,All,2023,12,,False,patents,False
France,Banking and Finance,2015,1,1.0,True,patents,False
France,Banking and Finance,2016,4,3.0,True,patents,False
France,Banking and Finance,2017,5,3.0,True,patents,False
France,Banking and Finance,2018,12,11.0,True,patents,False
France,Banking and Finance,2019,13,12.0,False,patents,False
France,Banking and Finance,2020,8,5.0,False,patents,False
France,Banking and Finance,2021,7,2.0,False,patents,False
France,Banking and Finance,2022,5,1.0,False,patents,False
France,Banking and Finance,2023,0,,False,patents,False
France,Business,2015,1,1.0,True,patents,False
France,Business,2016,1,1.0,True,patents,False
France,Business,2017,9,6.0,True,patents,False
France,Business,2018,17,13.0,True,patents,False
France,Business,2019,14,11.0,False,patents,False
France,Business,2020,16,11.0,False,patents,False
France,Business,2021,15,7.0,False,patents,False
France,Business,2022,15,2.0,False,patents,False
France,Business,2023,5,,False,patents,False
France,Energy Management,2015,4,3.0,True,patents,False
France,Energy Management,2016,3,3.0,True,patents,False
France,Energy Management,2017,5,5.0,True,patents,False
France,Energy Management,2018,5,5.0,True,patents,False
France,Energy Management,2019,6,5.0,False,patents,False
France,Energy Management,2020,19,18.0,False,patents,False
France,Energy Management,2021,14,6.0,False,patents,False
France,Energy Management,2022,15,12.0,False,patents,False
France,Energy Management,2023,0,,False,patents,False
France,Industry and Manufacturing,2015,1,1.0,True,patents,False
France,Industry and Manufacturing,2016,2,2.0,True,patents,False
France,Industry and Manufacturing,2017,2,1.0,True,patents,False
France,Industry and Manufacturing,2018,8,8.0,True,patents,False
France,Industry and Manufacturing,2019,8,8.0,False,patents,False
France,Industry and Manufacturing,2020,14,12.0,False,patents,False
France,Industry and Manufacturing,2021,10,3.0,False,patents,False
France,Industry and Manufacturing,2022,9,4.0,False,patents,False
France,Industry and Manufacturing,2023,1,,False,patents,False
France,Life Sciences,2015,7,7.0,True,patents,False
France,Life Sciences,2016,15,11.0,True,patents,False
France,Life Sciences,2017,21,18.0,True,patents,False
France,Life Sciences,2018,30,23.0,True,patents,False
France,Life Sciences,2019,21,18.0,False,patents,False
France,Life Sciences,2020,31,23.0,False,patents,False
France,Life Sciences,2021,48,30.0,False,patents,False
France,Life Sciences,2022,32,7.0,False,patents,False
France,Life Sciences,2023,2,,False,patents,False
France,Personal Devices and Computing,2015,10,10.0,True,patents,False
France,Personal Devices and Computing,2016,25,22.0,True,patents,False
France,Personal Devices and Computing,2017,41,37.0,True,patents,False
France,Personal Devices and Computing,2018,80,68.0,True,patents,False
France,Personal Devices and Computing,2019,86,74.0,False,patents,False
France,Personal Devices and Computing,2020,88,66.0,False,patents,False
France,Personal Devices and Computing,2021,61,34.0,False,patents,False
France,Personal Devices and Computing,2022,68,21.0,False,patents,False
France,Personal Devices and Computing,2023,3,,False,patents,False
France,Physical Sciences and Engineering,2015,4,3.0,True,patents,False
France,Physical Sciences and Engineering,2016,3,3.0,True,patents,False
France,Physical Sciences and Engineering,2017,4,4.0,True,patents,False
France,Physical Sciences and Engineering,2018,9,8.0,True,patents,False
France,Physical Sciences and Engineering,2019,4,3.0,False,patents,False
France,Physical Sciences and Engineering,2020,13,13.0,False,patents,False
France,Physical Sciences and Engineering,2021,8,5.0,False,patents,False
France,Physical Sciences and Engineering,2022,8,5.0,False,patents,False
France,Physical Sciences and Engineering,2023,0,,False,patents,False
France,Security,2015,2,2.0,True,patents,False
France,Security,2016,6,6.0,True,patents,False
France,Security,2017,4,4.0,True,patents,False
France,Security,2018,14,11.0,True,patents,False
France,Security,2019,21,18.0,False,patents,False
France,Security,2020,20,16.0,False,patents,False
France,Security,2021,10,9.0,False,patents,False
France,Security,2022,18,7.0,False,patents,False
France,Security,2023,0,,False,patents,False
France,Telecommunications,2015,2,2.0,True,patents,False
France,Telecommunications,2016,12,11.0,True,patents,False
France,Telecommunications,2017,19,15.0,True,patents,False
France,Telecommunications,2018,27,20.0,True,patents,False
France,Telecommunications,2019,49,41.0,False,patents,False
France,Telecommunications,2020,50,36.0,False,patents,False
France,Telecommunications,2021,35,21.0,False,patents,False
France,Telecommunications,2022,48,21.0,False,patents,False
France,Telecommunications,2023,0,,False,patents,False
France,Transportation,2015,6,6.0,True,patents,False
France,Transportation,2016,17,13.0,True,patents,False
France,Transportation,2017,13,12.0,True,patents,False
France,Transportation,2018,36,30.0,True,patents,False
France,Transportation,2019,35,31.0,False,patents,False
France,Transportation,2020,41,33.0,False,patents,False
France,Transportation,2021,55,29.0,False,patents,False
France,Transportation,2022,42,21.0,False,patents,False
France,Transportation,2023,2,,False,patents,False
Germany,Agriculture,2015,1,1.0,True,patents,False
Germany,Agriculture,2016,1,0.0,True,patents,False
Germany,Agriculture,2017,5,3.0,True,patents,False
Germany,Agriculture,2018,5,3.0,True,patents,False
Germany,Agriculture,2019,15,9.0,False,patents,False
Germany,Agriculture,2020,10,4.0,False,patents,False
Germany,Agriculture,2021,13,7.0,False,patents,False
Germany,Agriculture,2022,13,5.0,False,patents,False
Germany,Agriculture,2023,2,1.0,False,patents,False
Germany,Agriculture,2024,1,1.0,False,patents,False
Germany,All,2015,122,98.0,True,patents,False
Germany,All,2016,238,194.0,True,patents,False
Germany,All,2017,410,310.0,True,patents,False
Germany,All,2018,643,447.0,True,patents,False
Germany,All,2019,865,503.0,False,patents,False
Germany,All,2020,1038,497.0,False,patents,False
Germany,All,2021,994,338.0,False,patents,False
Germany,All,2022,1180,291.0,False,patents,False
Germany,All,2023,153,80.0,False,patents,False
Germany,All,2024,32,29.0,False,patents,False
Germany,Banking and Finance,2015,3,2.0,True,patents,False
Germany,Banking and Finance,2016,14,13.0,True,patents,False
Germany,Banking and Finance,2017,16,11.0,True,patents,False
Germany,Banking and Finance,2018,28,18.0,True,patents,False
Germany,Banking and Finance,2019,22,14.0,False,patents,False
Germany,Banking and Finance,2020,20,13.0,False,patents,False
Germany,Banking and Finance,2021,30,16.0,False,patents,False
Germany,Banking and Finance,2022,17,4.0,False,patents,False
Germany,Banking and Finance,2023,7,4.0,False,patents,False
Germany,Banking and Finance,2024,0,0.0,False,patents,False
Germany,Business,2015,11,8.0,True,patents,False
Germany,Business,2016,23,17.0,True,patents,False
Germany,Business,2017,24,20.0,True,patents,False
Germany,Business,2018,39,31.0,True,patents,False
Germany,Business,2019,37,21.0,False,patents,False
Germany,Business,2020,44,19.0,False,patents,False
Germany,Business,2021,36,10.0,False,patents,False
Germany,Business,2022,53,17.0,False,patents,False
Germany,Business,2023,10,9.0,False,patents,False
Germany,Business,2024,5,5.0,False,patents,False
Germany,Energy Management,2015,4,4.0,True,patents,False
Germany,Energy Management,2016,21,12.0,True,patents,False
Germany,Energy Management,2017,19,15.0,True,patents,False
Germany,Energy Management,2018,22,13.0,True,patents,False
Germany,Energy Management,2019,45,22.0,False,patents,False
Germany,Energy Management,2020,77,19.0,False,patents,False
Germany,Energy Management,2021,62,19.0,False,patents,False
Germany,Energy Management,2022,90,16.0,False,patents,False
Germany,Energy Management,2023,20,7.0,False,patents,False
Germany,Energy Management,2024,1,0.0,False,patents,False
Germany,Industry and Manufacturing,2015,11,10.0,True,patents,False
Germany,Industry and Manufacturing,2016,20,13.0,True,patents,False
Germany,Industry and Manufacturing,2017,43,37.0,True,patents,False
Germany,Industry and Manufacturing,2018,59,46.0,True,patents,False
Germany,Industry and Manufacturing,2019,73,44.0,False,patents,False
Germany,Industry and Manufacturing,2020,112,76.0,False,patents,False
Germany,Industry and Manufacturing,2021,95,45.0,False,patents,False
Germany,Industry and Manufacturing,2022,83,29.0,False,patents,False
Germany,Industry and Manufacturing,2023,7,3.0,False,patents,False
Germany,Industry and Manufacturing,2024,2,2.0,False,patents,False
Germany,Life Sciences,2015,27,19.0,True,patents,False
Germany,Life Sciences,2016,39,31.0,True,patents,False
Germany,Life Sciences,2017,46,30.0,True,patents,False
Germany,Life Sciences,2018,58,41.0,True,patents,False
Germany,Life Sciences,2019,93,71.0,False,patents,False
Germany,Life Sciences,2020,119,62.0,False,patents,False
Germany,Life Sciences,2021,93,42.0,False,patents,False
Germany,Life Sciences,2022,120,48.0,False,patents,False
Germany,Life Sciences,2023,17,12.0,False,patents,False
Germany,Life Sciences,2024,9,9.0,False,patents,False
Germany,Personal Devices and Computing,2015,30,18.0,True,patents,False
Germany,Personal Devices and Computing,2016,73,60.0,True,patents,False
Germany,Personal Devices and Computing,2017,128,103.0,True,patents,False
Germany,Personal Devices and Computing,2018,221,165.0,True,patents,False
Germany,Personal Devices and Computing,2019,296,173.0,False,patents,False
Germany,Personal Devices and Computing,2020,359,184.0,False,patents,False
Germany,Personal Devices and Computing,2021,249,80.0,False,patents,False
Germany,Personal Devices and Computing,2022,264,64.0,False,patents,False
Germany,Personal Devices and Computing,2023,45,28.0,False,patents,False
Germany,Personal Devices and Computing,2024,10,10.0,False,patents,False
Germany,Physical Sciences and Engineering,2015,1,1.0,True,patents,False
Germany,Physical Sciences and Engineering,2016,8,7.0,True,patents,False
Germany,Physical Sciences and Engineering,2017,16,13.0,True,patents,False
Germany,Physical Sciences and Engineering,2018,23,16.0,True,patents,False
Germany,Physical Sciences and Engineering,2019,41,18.0,False,patents,False
Germany,Physical Sciences and Engineering,2020,33,15.0,False,patents,False
Germany,Physical Sciences and Engineering,2021,51,17.0,False,patents,False
Germany,Physical Sciences and Engineering,2022,62,16.0,False,patents,False
Germany,Physical Sciences and Engineering,2023,11,8.0,False,patents,False
Germany,Physical Sciences and Engineering,2024,1,1.0,False,patents,False
Germany,Security,2015,1,1.0,True,patents,False
Germany,Security,2016,11,11.0,True,patents,False
Germany,Security,2017,14,13.0,True,patents,False
Germany,Security,2018,30,22.0,True,patents,False
Germany,Security,2019,30,15.0,False,patents,False
Germany,Security,2020,32,20.0,False,patents,False
Germany,Security,2021,40,13.0,False,patents,False
Germany,Security,2022,34,11.0,False,patents,False
Germany,Security,2023,12,9.0,False,patents,False
Germany,Security,2024,2,2.0,False,patents,False
Germany,Telecommunications,2015,18,17.0,True,patents,False
Germany,Telecommunications,2016,31,26.0,True,patents,False
Germany,Telecommunications,2017,71,60.0,True,patents,False
Germany,Telecommunications,2018,102,75.0,True,patents,False
Germany,Telecommunications,2019,112,73.0,False,patents,False
Germany,Telecommunications,2020,126,77.0,False,patents,False
Germany,Telecommunications,2021,121,45.0,False,patents,False
Germany,Telecommunications,2022,128,43.0,False,patents,False
Germany,Telecommunications,2023,13,6.0,False,patents,False
Germany,Telecommunications,2024,1,1.0,False,patents,False
Germany,Transportation,2015,60,51.0,True,patents,False
Germany,Transportation,2016,105,93.0,True,patents,False
Germany,Transportation,2017,167,138.0,True,patents,False
Germany,Transportation,2018,214,164.0,True,patents,False
Germany,Transportation,2019,199,137.0,False,patents,False
Germany,Transportation,2020,190,101.0,False,patents,False
Germany,Transportation,2021,187,79.0,False,patents,False
Germany,Transportation,2022,189,51.0,False,patents,False
Germany,Transportation,2023,29,11.0,False,patents,False
Germany,Transportation,2024,4,3.0,False,patents,False
Greece,Agriculture,2015,0,0.0,True,patents,False
Greece,Agriculture,2016,0,0.0,True,patents,False
Greece,Agriculture,2017,0,0.0,True,patents,False
Greece,Agriculture,2018,0,0.0,True,patents,False
Greece,Agriculture,2019,0,0.0,False,patents,False
Greece,Agriculture,2020,1,1.0,False,patents,False
Greece,Agriculture,2021,1,1.0,False,patents,False
Greece,Agriculture,2022,2,2.0,False,patents,False
Greece,Agriculture,2023,0,0.0,False,patents,False
Greece,All,2015,2,2.0,True,patents,False
Greece,All,2016,4,3.0,True,patents,False
Greece,All,2017,14,10.0,True,patents,False
Greece,All,2018,9,5.0,True,patents,False
Greece,All,2019,3,3.0,False,patents,False
Greece,All,2020,5,3.0,False,patents,False
Greece,All,2021,8,6.0,False,patents,False
Greece,All,2022,12,12.0,False,patents,False
Greece,All,2023,6,6.0,False,patents,False
Greece,Banking and Finance,2015,0,0.0,True,patents,False
Greece,Banking and Finance,2016,0,0.0,True,patents,False
Greece,Banking and Finance,2017,0,0.0,True,patents,False
Greece,Banking and Finance,2018,0,0.0,True,patents,False
Greece,Banking and Finance,2019,0,0.0,False,patents,False
Greece,Banking and Finance,2020,0,0.0,False,patents,False
Greece,Banking and Finance,2021,0,0.0,False,patents,False
Greece,Banking and Finance,2022,0,0.0,False,patents,False
Greece,Banking and Finance,2023,0,0.0,False,patents,False
Greece,Business,2015,0,0.0,True,patents,False
Greece,Business,2016,1,1.0,True,patents,False
Greece,Business,2017,1,1.0,True,patents,False
Greece,Business,2018,1,0.0,True,patents,False
Greece,Business,2019,0,0.0,False,patents,False
Greece,Business,2020,0,0.0,False,patents,False
Greece,Business,2021,2,1.0,False,patents,False
Greece,Business,2022,3,3.0,False,patents,False
Greece,Business,2023,0,0.0,False,patents,False
Greece,Energy Management,2015,1,1.0,True,patents,False
Greece,Energy Management,2016,0,0.0,True,patents,False
Greece,Energy Management,2017,0,0.0,True,patents,False
Greece,Energy Management,2018,1,0.0,True,patents,False
Greece,Energy Management,2019,1,1.0,False,patents,False
Greece,Energy Management,2020,1,1.0,False,patents,False
Greece,Energy Management,2021,1,1.0,False,patents,False
Greece,Energy Management,2022,0,0.0,False,patents,False
Greece,Energy Management,2023,0,0.0,False,patents,False
Greece,Industry and Manufacturing,2015,1,1.0,True,patents,False
Greece,Industry and Manufacturing,2016,0,0.0,True,patents,False
Greece,Industry and Manufacturing,2017,2,1.0,True,patents,False
Greece,Industry and Manufacturing,2018,1,1.0,True,patents,False
Greece,Industry and Manufacturing,2019,0,0.0,False,patents,False
Greece,Industry and Manufacturing,2020,0,0.0,False,patents,False
Greece,Industry and Manufacturing,2021,1,1.0,False,patents,False
Greece,Industry and Manufacturing,2022,0,0.0,False,patents,False
Greece,Industry and Manufacturing,2023,0,0.0,False,patents,False
Greece,Life Sciences,2015,0,0.0,True,patents,False
Greece,Life Sciences,2016,0,0.0,True,patents,False
Greece,Life Sciences,2017,1,0.0,True,patents,False
Greece,Life Sciences,2018,2,1.0,True,patents,False
Greece,Life Sciences,2019,0,0.0,False,patents,False
Greece,Life Sciences,2020,0,0.0,False,patents,False
Greece,Life Sciences,2021,1,0.0,False,patents,False
Greece,Life Sciences,2022,4,4.0,False,patents,False
Greece,Life Sciences,2023,4,4.0,False,patents,False
Greece,Personal Devices and Computing,2015,1,1.0,True,patents,False
Greece,Personal Devices and Computing,2016,3,2.0,True,patents,False
Greece,Personal Devices and Computing,2017,6,5.0,True,patents,False
Greece,Personal Devices and Computing,2018,6,4.0,True,patents,False
Greece,Personal Devices and Computing,2019,1,1.0,False,patents,False
Greece,Personal Devices and Computing,2020,1,1.0,False,patents,False
Greece,Personal Devices and Computing,2021,4,2.0,False,patents,False
Greece,Personal Devices and Computing,2022,6,6.0,False,patents,False
Greece,Personal Devices and Computing,2023,3,3.0,False,patents,False
Greece,Physical Sciences and Engineering,2015,0,0.0,True,patents,False
Greece,Physical Sciences and Engineering,2016,0,0.0,True,patents,False
Greece,Physical Sciences and Engineering,2017,0,0.0,True,patents,False
Greece,Physical Sciences and Engineering,2018,1,0.0,True,patents,False
Greece,Physical Sciences and Engineering,2019,1,1.0,False,patents,False
Greece,Physical Sciences and Engineering,2020,1,0.0,False,patents,False
Greece,Physical Sciences and Engineering,2021,2,2.0,False,patents,False
Greece,Physical Sciences and Engineering,2022,0,0.0,False,patents,False
Greece,Physical Sciences and Engineering,2023,0,0.0,False,patents,False
Greece,Security,2015,0,0.0,True,patents,False
Greece,Security,2016,0,0.0,True,patents,False
Greece,Security,2017,1,0.0,True,patents,False
Greece,Security,2018,0,0.0,True,patents,False
Greece,Security,2019,0,0.0,False,patents,False
Greece,Security,2020,0,0.0,False,patents,False
Greece,Security,2021,0,0.0,False,patents,False
Greece,Security,2022,1,1.0,False,patents,False
Greece,Security,2023,1,1.0,False,patents,False
Greece,Telecommunications,2015,0,0.0,True,patents,False
Greece,Telecommunications,2016,0,0.0,True,patents,False
Greece,Telecommunications,2017,0,0.0,True,patents,False
Greece,Telecommunications,2018,0,0.0,True,patents,False
Greece,Telecommunications,2019,0,0.0,False,patents,False
Greece,Telecommunications,2020,1,0.0,False,patents,False
Greece,Telecommunications,2021,2,2.0,False,patents,False
Greece,Telecommunications,2022,1,1.0,False,patents,False
Greece,Telecommunications,2023,2,2.0,False,patents,False
Greece,Transportation,2015,0,0.0,True,patents,False
Greece,Transportation,2016,0,0.0,True,patents,False
Greece,Transportation,2017,0,0.0,True,patents,False
Greece,Transportation,2018,0,0.0,True,patents,False
Greece,Transportation,2019,0,0.0,False,patents,False
Greece,Transportation,2020,0,0.0,False,patents,False
Greece,Transportation,2021,0,0.0,False,patents,False
Greece,Transportation,2022,1,1.0,False,patents,False
Greece,Transportation,2023,0,0.0,False,patents,False
Hungary,Agriculture,2015,0,0.0,True,patents,False
Hungary,Agriculture,2016,0,0.0,True,patents,False
Hungary,Agriculture,2017,1,1.0,True,patents,False
Hungary,Agriculture,2018,1,1.0,True,patents,False
Hungary,Agriculture,2019,0,0.0,False,patents,False
Hungary,Agriculture,2020,0,0.0,False,patents,False
Hungary,Agriculture,2021,0,0.0,False,patents,False
Hungary,Agriculture,2022,0,0.0,False,patents,False
Hungary,Agriculture,2023,0,,False,patents,False
Hungary,All,2015,9,8.0,True,patents,False
Hungary,All,2016,7,7.0,True,patents,False
Hungary,All,2017,10,6.0,True,patents,False
Hungary,All,2018,6,5.0,True,patents,False
Hungary,All,2019,8,7.0,False,patents,False
Hungary,All,2020,7,6.0,False,patents,False
Hungary,All,2021,6,6.0,False,patents,False
Hungary,All,2022,10,6.0,False,patents,False
Hungary,All,2023,1,,False,patents,False
Hungary,Banking and Finance,2015,0,0.0,True,patents,False
Hungary,Banking and Finance,2016,2,2.0,True,patents,False
Hungary,Banking and Finance,2017,0,0.0,True,patents,False
Hungary,Banking and Finance,2018,0,0.0,True,patents,False
Hungary,Banking and Finance,2019,0,0.0,False,patents,False
Hungary,Banking and Finance,2020,2,2.0,False,patents,False
Hungary,Banking and Finance,2021,0,0.0,False,patents,False
Hungary,Banking and Finance,2022,0,0.0,False,patents,False
Hungary,Banking and Finance,2023,1,,False,patents,False
Hungary,Business,2015,0,0.0,True,patents,False
Hungary,Business,2016,2,2.0,True,patents,False
Hungary,Business,2017,2,2.0,True,patents,False
Hungary,Business,2018,1,1.0,True,patents,False
Hungary,Business,2019,0,0.0,False,patents,False
Hungary,Business,2020,2,2.0,False,patents,False
Hungary,Business,2021,0,0.0,False,patents,False
Hungary,Business,2022,0,0.0,False,patents,False
Hungary,Business,2023,1,,False,patents,False
Hungary,Energy Management,2015,0,0.0,True,patents,False
Hungary,Energy Management,2016,0,0.0,True,patents,False
Hungary,Energy Management,2017,0,0.0,True,patents,False
Hungary,Energy Management,2018,0,0.0,True,patents,False
Hungary,Energy Management,2019,2,2.0,False,patents,False
Hungary,Energy Management,2020,2,2.0,False,patents,False
Hungary,Energy Management,2021,1,1.0,False,patents,False
Hungary,Energy Management,2022,0,0.0,False,patents,False
Hungary,Energy Management,2023,0,,False,patents,False
Hungary,Industry and Manufacturing,2015,0,0.0,True,patents,False
Hungary,Industry and Manufacturing,2016,3,3.0,True,patents,False
Hungary,Industry and Manufacturing,2017,0,0.0,True,patents,False
Hungary,Industry and Manufacturing,2018,1,1.0,True,patents,False
Hungary,Industry and Manufacturing,2019,0,0.0,False,patents,False
Hungary,Industry and Manufacturing,2020,1,1.0,False,patents,False
Hungary,Industry and Manufacturing,2021,2,2.0,False,patents,False
Hungary,Industry and Manufacturing,2022,1,1.0,False,patents,False
Hungary,Industry and Manufacturing,2023,0,,False,patents,False
Hungary,Life Sciences,2015,7,6.0,True,patents,False
Hungary,Life Sciences,2016,0,0.0,True,patents,False
Hungary,Life Sciences,2017,2,2.0,True,patents,False
Hungary,Life Sciences,2018,3,2.0,True,patents,False
Hungary,Life Sciences,2019,2,2.0,False,patents,False
Hungary,Life Sciences,2020,3,2.0,False,patents,False
Hungary,Life Sciences,2021,1,1.0,False,patents,False
Hungary,Life Sciences,2022,4,2.0,False,patents,False
Hungary,Life Sciences,2023,0,,False,patents,False
Hungary,Personal Devices and Computing,2015,3,3.0,True,patents,False
Hungary,Personal Devices and Computing,2016,3,3.0,True,patents,False
Hungary,Personal Devices and Computing,2017,6,2.0,True,patents,False
Hungary,Personal Devices and Computing,2018,1,1.0,True,patents,False
Hungary,Personal Devices and Computing,2019,4,3.0,False,patents,False
Hungary,Personal Devices and Computing,2020,1,1.0,False,patents,False
Hungary,Personal Devices and Computing,2021,1,1.0,False,patents,False
Hungary,Personal Devices and Computing,2022,5,3.0,False,patents,False
Hungary,Personal Devices and Computing,2023,0,,False,patents,False
Hungary,Physical Sciences and Engineering,2015,0,0.0,True,patents,False
Hungary,Physical Sciences and Engineering,2016,2,2.0,True,patents,False
Hungary,Physical Sciences and Engineering,2017,1,1.0,True,patents,False
Hungary,Physical Sciences and Engineering,2018,1,0.0,True,patents,False
Hungary,Physical Sciences and Engineering,2019,1,1.0,False,patents,False
Hungary,Physical Sciences and Engineering,2020,0,0.0,False,patents,False
Hungary,Physical Sciences and Engineering,2021,0,0.0,False,patents,False
Hungary,Physical Sciences and Engineering,2022,0,0.0,False,patents,False
Hungary,Physical Sciences and Engineering,2023,0,,False,patents,False
Hungary,Security,2015,0,0.0,True,patents,False
Hungary,Security,2016,0,0.0,True,patents,False
Hungary,Security,2017,0,0.0,True,patents,False
Hungary,Security,2018,0,0.0,True,patents,False
Hungary,Security,2019,1,1.0,False,patents,False
Hungary,Security,2020,1,1.0,False,patents,False
Hungary,Security,2021,0,0.0,False,patents,False
Hungary,Security,2022,2,1.0,False,patents,False
Hungary,Security,2023,0,,False,patents,False
Hungary,Telecommunications,2015,0,0.0,True,patents,False
Hungary,Telecommunications,2016,2,2.0,True,patents,False
Hungary,Telecommunications,2017,5,3.0,True,patents,False
Hungary,Telecommunications,2018,1,1.0,True,patents,False
Hungary,Telecommunications,2019,1,1.0,False,patents,False
Hungary,Telecommunications,2020,1,1.0,False,patents,False
Hungary,Telecommunications,2021,1,1.0,False,patents,False
Hungary,Telecommunications,2022,1,1.0,False,patents,False
Hungary,Telecommunications,2023,0,,False,patents,False
Hungary,Transportation,2015,2,2.0,True,patents,False
Hungary,Transportation,2016,2,2.0,True,patents,False
Hungary,Transportation,2017,0,0.0,True,patents,False
Hungary,Transportation,2018,0,0.0,True,patents,False
Hungary,Transportation,2019,0,0.0,False,patents,False
Hungary,Transportation,2020,2,2.0,False,patents,False
Hungary,Transportation,2021,0,0.0,False,patents,False
Hungary,Transportation,2022,0,0.0,False,patents,False
Hungary,Transportation,2023,0,,False,patents,False
India,Agriculture,2015,1,1.0,True,patents,False
India,Agriculture,2016,3,3.0,True,patents,False
India,Agriculture,2017,0,0.0,True,patents,False
India,Agriculture,2018,2,1.0,True,patents,False
India,Agriculture,2019,0,0.0,False,patents,False
India,Agriculture,2020,0,0.0,False,patents,False
India,Agriculture,2021,0,0.0,False,patents,False
India,Agriculture,2022,0,,False,patents,False
India,All,2015,111,68.0,True,patents,False
India,All,2016,156,111.0,True,patents,False
India,All,2017,270,199.0,True,patents,False
India,All,2018,270,201.0,True,patents,False
India,All,2019,10,8.0,False,patents,False
India,All,2020,10,2.0,False,patents,False
India,All,2021,6,1.0,False,patents,False
India,All,2022,2,,False,patents,False
India,Banking and Finance,2015,5,3.0,True,patents,False
India,Banking and Finance,2016,2,1.0,True,patents,False
India,Banking and Finance,2017,14,11.0,True,patents,False
India,Banking and Finance,2018,12,4.0,True,patents,False
India,Banking and Finance,2019,0,0.0,False,patents,False
India,Banking and Finance,2020,0,0.0,False,patents,False
India,Banking and Finance,2021,0,0.0,False,patents,False
India,Banking and Finance,2022,0,,False,patents,False
India,Business,2015,30,16.0,True,patents,False
India,Business,2016,38,24.0,True,patents,False
India,Business,2017,60,31.0,True,patents,False
India,Business,2018,50,30.0,True,patents,False
India,Business,2019,1,1.0,False,patents,False
India,Business,2020,0,0.0,False,patents,False
India,Business,2021,0,0.0,False,patents,False
India,Business,2022,0,,False,patents,False
India,Energy Management,2015,2,2.0,True,patents,False
India,Energy Management,2016,2,2.0,True,patents,False
India,Energy Management,2017,2,1.0,True,patents,False
India,Energy Management,2018,4,1.0,True,patents,False
India,Energy Management,2019,0,0.0,False,patents,False
India,Energy Management,2020,0,0.0,False,patents,False
India,Energy Management,2021,0,0.0,False,patents,False
India,Energy Management,2022,1,,False,patents,False
India,Industry and Manufacturing,2015,3,2.0,True,patents,False
India,Industry and Manufacturing,2016,3,2.0,True,patents,False
India,Industry and Manufacturing,2017,9,8.0,True,patents,False
India,Industry and Manufacturing,2018,14,9.0,True,patents,False
India,Industry and Manufacturing,2019,0,0.0,False,patents,False
India,Industry and Manufacturing,2020,0,0.0,False,patents,False
India,Industry and Manufacturing,2021,0,0.0,False,patents,False
India,Industry and Manufacturing,2022,0,,False,patents,False
India,Life Sciences,2015,20,15.0,True,patents,False
India,Life Sciences,2016,28,19.0,True,patents,False
India,Life Sciences,2017,34,28.0,True,patents,False
India,Life Sciences,2018,31,21.0,True,patents,False
India,Life Sciences,2019,0,0.0,False,patents,False
India,Life Sciences,2020,3,0.0,False,patents,False
India,Life Sciences,2021,1,1.0,False,patents,False
India,Life Sciences,2022,0,,False,patents,False
India,Personal Devices and Computing,2015,61,43.0,True,patents,False
India,Personal Devices and Computing,2016,90,70.0,True,patents,False
India,Personal Devices and Computing,2017,167,138.0,True,patents,False
India,Personal Devices and Computing,2018,159,127.0,True,patents,False
India,Personal Devices and Computing,2019,8,6.0,False,patents,False
India,Personal Devices and Computing,2020,4,1.0,False,patents,False
India,Personal Devices and Computing,2021,1,0.0,False,patents,False
India,Personal Devices and Computing,2022,0,,False,patents,False
India,Physical Sciences and Engineering,2015,0,0.0,True,patents,False
India,Physical Sciences and Engineering,2016,1,1.0,True,patents,False
India,Physical Sciences and Engineering,2017,2,1.0,True,patents,False
India,Physical Sciences and Engineering,2018,10,6.0,True,patents,False
India,Physical Sciences and Engineering,2019,0,0.0,False,patents,False
India,Physical Sciences and Engineering,2020,0,0.0,False,patents,False
India,Physical Sciences and Engineering,2021,0,0.0,False,patents,False
India,Physical Sciences and Engineering,2022,1,,False,patents,False
India,Security,2015,2,2.0,True,patents,False
India,Security,2016,6,5.0,True,patents,False
India,Security,2017,12,9.0,True,patents,False
India,Security,2018,20,15.0,True,patents,False
India,Security,2019,2,2.0,False,patents,False
India,Security,2020,3,0.0,False,patents,False
India,Security,2021,1,0.0,False,patents,False
India,Security,2022,0,,False,patents,False
India,Telecommunications,2015,13,12.0,True,patents,False
India,Telecommunications,2016,28,24.0,True,patents,False
India,Telecommunications,2017,53,39.0,True,patents,False
India,Telecommunications,2018,40,30.0,True,patents,False
India,Telecommunications,2019,2,1.0,False,patents,False
India,Telecommunications,2020,1,0.0,False,patents,False
India,Telecommunications,2021,0,0.0,False,patents,False
India,Telecommunications,2022,1,,False,patents,False
India,Transportation,2015,4,2.0,True,patents,False
India,Transportation,2016,6,4.0,True,patents,False
India,Transportation,2017,12,11.0,True,patents,False
India,Transportation,2018,14,11.0,True,patents,False
India,Transportation,2019,0,0.0,False,patents,False
India,Transportation,2020,0,0.0,False,patents,False
India,Transportation,2021,0,0.0,False,patents,False
India,Transportation,2022,1,,False,patents,False
Indonesia,Agriculture,2016,0,0.0,True,patents,False
Indonesia,All,2016,2,1.0,True,patents,False
Indonesia,Banking and Finance,2016,2,1.0,True,patents,False
Indonesia,Business,2016,1,1.0,True,patents,False
Indonesia,Energy Management,2016,0,0.0,True,patents,False
Indonesia,Industry and Manufacturing,2016,0,0.0,True,patents,False
Indonesia,Life Sciences,2016,1,1.0,True,patents,False
Indonesia,Personal Devices and Computing,2016,2,1.0,True,patents,False
Indonesia,Physical Sciences and Engineering,2016,0,0.0,True,patents,False
Indonesia,Security,2016,0,0.0,True,patents,False
Indonesia,Telecommunications,2016,2,1.0,True,patents,False
Indonesia,Transportation,2016,0,0.0,True,patents,False
International Bureau of WIPO,Agriculture,2015,0,0.0,True,patents,False
International Bureau of WIPO,Agriculture,2016,0,0.0,True,patents,False
International Bureau of WIPO,Agriculture,2017,1,0.0,True,patents,False
International Bureau of WIPO,Agriculture,2018,0,0.0,True,patents,False
International Bureau of WIPO,Agriculture,2019,1,,False,patents,False
International Bureau of WIPO,All,2015,7,3.0,True,patents,False
International Bureau of WIPO,All,2016,9,6.0,True,patents,False
International Bureau of WIPO,All,2017,25,12.0,True,patents,False
International Bureau of WIPO,All,2018,25,17.0,True,patents,False
International Bureau of WIPO,All,2019,2,,False,patents,False
International Bureau of WIPO,Banking and Finance,2015,0,0.0,True,patents,False
International Bureau of WIPO,Banking and Finance,2016,2,0.0,True,patents,False
International Bureau of WIPO,Banking and Finance,2017,0,0.0,True,patents,False
International Bureau of WIPO,Banking and Finance,2018,1,0.0,True,patents,False
International Bureau of WIPO,Banking and Finance,2019,0,,False,patents,False
International Bureau of WIPO,Business,2015,1,0.0,True,patents,False
International Bureau of WIPO,Business,2016,3,1.0,True,patents,False
International Bureau of WIPO,Business,2017,4,2.0,True,patents,False
International Bureau of WIPO,Business,2018,1,0.0,True,patents,False
International Bureau of WIPO,Business,2019,0,,False,patents,False
International Bureau of WIPO,Energy Management,2015,0,0.0,True,patents,False
International Bureau of WIPO,Energy Management,2016,0,0.0,True,patents,False
International Bureau of WIPO,Energy Management,2017,1,0.0,True,patents,False
International Bureau of WIPO,Energy Management,2018,0,0.0,True,patents,False
International Bureau of WIPO,Energy Management,2019,0,,False,patents,False
International Bureau of WIPO,Industry and Manufacturing,2015,0,0.0,True,patents,False
International Bureau of WIPO,Industry and Manufacturing,2016,0,0.0,True,patents,False
International Bureau of WIPO,Industry and Manufacturing,2017,1,1.0,True,patents,False
International Bureau of WIPO,Industry and Manufacturing,2018,2,1.0,True,patents,False
International Bureau of WIPO,Industry and Manufacturing,2019,2,,False,patents,False
International Bureau of WIPO,Life Sciences,2015,3,2.0,True,patents,False
International Bureau of WIPO,Life Sciences,2016,2,2.0,True,patents,False
International Bureau of WIPO,Life Sciences,2017,6,4.0,True,patents,False
International Bureau of WIPO,Life Sciences,2018,1,1.0,True,patents,False
International Bureau of WIPO,Life Sciences,2019,1,,False,patents,False
International Bureau of WIPO,Personal Devices and Computing,2015,1,0.0,True,patents,False
International Bureau of WIPO,Personal Devices and Computing,2016,2,1.0,True,patents,False
International Bureau of WIPO,Personal Devices and Computing,2017,8,5.0,True,patents,False
International Bureau of WIPO,Personal Devices and Computing,2018,12,8.0,True,patents,False
International Bureau of WIPO,Personal Devices and Computing,2019,0,,False,patents,False
International Bureau of WIPO,Physical Sciences and Engineering,2015,0,0.0,True,patents,False
International Bureau of WIPO,Physical Sciences and Engineering,2016,1,1.0,True,patents,False
International Bureau of WIPO,Physical Sciences and Engineering,2017,1,1.0,True,patents,False
International Bureau of WIPO,Physical Sciences and Engineering,2018,0,0.0,True,patents,False
International Bureau of WIPO,Physical Sciences and Engineering,2019,0,,False,patents,False
International Bureau of WIPO,Security,2015,0,0.0,True,patents,False
International Bureau of WIPO,Security,2016,0,0.0,True,patents,False
International Bureau of WIPO,Security,2017,0,0.0,True,patents,False
International Bureau of WIPO,Security,2018,2,0.0,True,patents,False
International Bureau of WIPO,Security,2019,0,,False,patents,False
International Bureau of WIPO,Telecommunications,2015,1,1.0,True,patents,False
International Bureau of WIPO,Telecommunications,2016,2,1.0,True,patents,False
International Bureau of WIPO,Telecommunications,2017,4,2.0,True,patents,False
International Bureau of WIPO,Telecommunications,2018,9,8.0,True,patents,False
International Bureau of WIPO,Telecommunications,2019,0,,False,patents,False
International Bureau of WIPO,Transportation,2015,0,0.0,True,patents,False
International Bureau of WIPO,Transportation,2016,1,1.0,True,patents,False
International Bureau of WIPO,Transportation,2017,3,1.0,True,patents,False
International Bureau of WIPO,Transportation,2018,3,3.0,True,patents,False
International Bureau of WIPO,Transportation,2019,0,,False,patents,False
Iran,Agriculture,2018,0,0.0,True,patents,False
Iran,All,2018,1,1.0,True,patents,False
Iran,Banking and Finance,2018,0,0.0,True,patents,False
Iran,Business,2018,0,0.0,True,patents,False
Iran,Energy Management,2018,0,0.0,True,patents,False
Iran,Industry and Manufacturing,2018,0,0.0,True,patents,False
Iran,Life Sciences,2018,0,0.0,True,patents,False
Iran,Personal Devices and Computing,2018,1,1.0,True,patents,False
Iran,Physical Sciences and Engineering,2018,0,0.0,True,patents,False
Iran,Security,2018,1,1.0,True,patents,False
Iran,Telecommunications,2018,1,1.0,True,patents,False
Iran,Transportation,2018,0,0.0,True,patents,False
Ireland,Agriculture,2016,0,0.0,True,patents,False
Ireland,Agriculture,2018,0,0.0,True,patents,False
Ireland,Agriculture,2021,1,,False,patents,False
Ireland,Agriculture,2022,0,0.0,False,patents,False
Ireland,Agriculture,2023,0,0.0,False,patents,False
Ireland,All,2016,2,2.0,True,patents,False
Ireland,All,2018,2,1.0,True,patents,False
Ireland,All,2021,1,,False,patents,False
Ireland,All,2022,1,1.0,False,patents,False
Ireland,All,2023,2,1.0,False,patents,False
Ireland,Banking and Finance,2016,0,0.0,True,patents,False
Ireland,Banking and Finance,2018,0,0.0,True,patents,False
Ireland,Banking and Finance,2021,0,,False,patents,False
Ireland,Banking and Finance,2022,0,0.0,False,patents,False
Ireland,Banking and Finance,2023,1,0.0,False,patents,False
Ireland,Business,2016,0,0.0,True,patents,False
Ireland,Business,2018,0,0.0,True,patents,False
Ireland,Business,2021,1,,False,patents,False
Ireland,Business,2022,0,0.0,False,patents,False
Ireland,Business,2023,1,0.0,False,patents,False
Ireland,Energy Management,2016,0,0.0,True,patents,False
Ireland,Energy Management,2018,0,0.0,True,patents,False
Ireland,Energy Management,2021,0,,False,patents,False
Ireland,Energy Management,2022,0,0.0,False,patents,False
Ireland,Energy Management,2023,0,0.0,False,patents,False
Ireland,Industry and Manufacturing,2016,0,0.0,True,patents,False
Ireland,Industry and Manufacturing,2018,0,0.0,True,patents,False
Ireland,Industry and Manufacturing,2021,0,,False,patents,False
Ireland,Industry and Manufacturing,2022,0,0.0,False,patents,False
Ireland,Industry and Manufacturing,2023,1,0.0,False,patents,False
Ireland,Life Sciences,2016,1,1.0,True,patents,False
Ireland,Life Sciences,2018,0,0.0,True,patents,False
Ireland,Life Sciences,2021,0,,False,patents,False
Ireland,Life Sciences,2022,0,0.0,False,patents,False
Ireland,Life Sciences,2023,0,0.0,False,patents,False
Ireland,Personal Devices and Computing,2016,1,1.0,True,patents,False
Ireland,Personal Devices and Computing,2018,0,0.0,True,patents,False
Ireland,Personal Devices and Computing,2021,1,,False,patents,False
Ireland,Personal Devices and Computing,2022,0,0.0,False,patents,False
Ireland,Personal Devices and Computing,2023,0,0.0,False,patents,False
Ireland,Physical Sciences and Engineering,2016,0,0.0,True,patents,False
Ireland,Physical Sciences and Engineering,2018,0,0.0,True,patents,False
Ireland,Physical Sciences and Engineering,2021,0,,False,patents,False
Ireland,Physical Sciences and Engineering,2022,0,0.0,False,patents,False
Ireland,Physical Sciences and Engineering,2023,0,0.0,False,patents,False
Ireland,Security,2016,0,0.0,True,patents,False
Ireland,Security,2018,0,0.0,True,patents,False
Ireland,Security,2021,0,,False,patents,False
Ireland,Security,2022,0,0.0,False,patents,False
Ireland,Security,2023,0,0.0,False,patents,False
Ireland,Telecommunications,2016,0,0.0,True,patents,False
Ireland,Telecommunications,2018,0,0.0,True,patents,False
Ireland,Telecommunications,2021,0,,False,patents,False
Ireland,Telecommunications,2022,0,0.0,False,patents,False
Ireland,Telecommunications,2023,0,0.0,False,patents,False
Ireland,Transportation,2016,0,0.0,True,patents,False
Ireland,Transportation,2018,0,0.0,True,patents,False
Ireland,Transportation,2021,0,,False,patents,False
Ireland,Transportation,2022,0,0.0,False,patents,False
Ireland,Transportation,2023,1,0.0,False,patents,False
Israel,Agriculture,2015,0,0.0,True,patents,False
Israel,Agriculture,2016,0,0.0,True,patents,False
Israel,Agriculture,2017,0,0.0,True,patents,False
Israel,Agriculture,2018,2,1.0,True,patents,False
Israel,Agriculture,2019,0,0.0,False,patents,False
Israel,Agriculture,2020,1,1.0,False,patents,False
Israel,Agriculture,2021,0,0.0,False,patents,False
Israel,Agriculture,2022,1,0.0,False,patents,False
Israel,Agriculture,2023,0,0.0,False,patents,False
Israel,All,2015,16,10.0,True,patents,False
Israel,All,2016,5,3.0,True,patents,False
Israel,All,2017,21,14.0,True,patents,False
Israel,All,2018,20,10.0,True,patents,False
Israel,All,2019,21,10.0,False,patents,False
Israel,All,2020,23,14.0,False,patents,False
Israel,All,2021,26,6.0,False,patents,False
Israel,All,2022,27,5.0,False,patents,False
Israel,All,2023,6,2.0,False,patents,False
Israel,Banking and Finance,2015,0,0.0,True,patents,False
Israel,Banking and Finance,2016,0,0.0,True,patents,False
Israel,Banking and Finance,2017,1,1.0,True,patents,False
Israel,Banking and Finance,2018,0,0.0,True,patents,False
Israel,Banking and Finance,2019,1,0.0,False,patents,False
Israel,Banking and Finance,2020,1,0.0,False,patents,False
Israel,Banking and Finance,2021,0,0.0,False,patents,False
Israel,Banking and Finance,2022,0,0.0,False,patents,False
Israel,Banking and Finance,2023,0,0.0,False,patents,False
Israel,Business,2015,3,2.0,True,patents,False
Israel,Business,2016,0,0.0,True,patents,False
Israel,Business,2017,4,3.0,True,patents,False
Israel,Business,2018,2,1.0,True,patents,False
Israel,Business,2019,3,1.0,False,patents,False
Israel,Business,2020,2,0.0,False,patents,False
Israel,Business,2021,3,1.0,False,patents,False
Israel,Business,2022,0,0.0,False,patents,False
Israel,Business,2023,0,0.0,False,patents,False
Israel,Energy Management,2015,0,0.0,True,patents,False
Israel,Energy Management,2016,0,0.0,True,patents,False
Israel,Energy Management,2017,0,0.0,True,patents,False
Israel,Energy Management,2018,1,0.0,True,patents,False
Israel,Energy Management,2019,0,0.0,False,patents,False
Israel,Energy Management,2020,0,0.0,False,patents,False
Israel,Energy Management,2021,0,0.0,False,patents,False
Israel,Energy Management,2022,0,0.0,False,patents,False
Israel,Energy Management,2023,0,0.0,False,patents,False
Israel,Industry and Manufacturing,2015,0,0.0,True,patents,False
Israel,Industry and Manufacturing,2016,1,0.0,True,patents,False
Israel,Industry and Manufacturing,2017,3,3.0,True,patents,False
Israel,Industry and Manufacturing,2018,2,1.0,True,patents,False
Israel,Industry and Manufacturing,2019,0,0.0,False,patents,False
Israel,Industry and Manufacturing,2020,1,1.0,False,patents,False
Israel,Industry and Manufacturing,2021,1,0.0,False,patents,False
Israel,Industry and Manufacturing,2022,1,0.0,False,patents,False
Israel,Industry and Manufacturing,2023,0,0.0,False,patents,False
Israel,Life Sciences,2015,3,2.0,True,patents,False
Israel,Life Sciences,2016,1,0.0,True,patents,False
Israel,Life Sciences,2017,2,1.0,True,patents,False
Israel,Life Sciences,2018,5,0.0,True,patents,False
Israel,Life Sciences,2019,2,0.0,False,patents,False
Israel,Life Sciences,2020,6,3.0,False,patents,False
Israel,Life Sciences,2021,9,0.0,False,patents,False
Israel,Life Sciences,2022,3,0.0,False,patents,False
Israel,Life Sciences,2023,1,0.0,False,patents,False
Israel,Personal Devices and Computing,2015,10,7.0,True,patents,False
Israel,Personal Devices and Computing,2016,3,2.0,True,patents,False
Israel,Personal Devices and Computing,2017,12,9.0,True,patents,False
Israel,Personal Devices and Computing,2018,9,6.0,True,patents,False
Israel,Personal Devices and Computing,2019,9,6.0,False,patents,False
Israel,Personal Devices and Computing,2020,12,10.0,False,patents,False
Israel,Personal Devices and Computing,2021,8,2.0,False,patents,False
Israel,Personal Devices and Computing,2022,13,4.0,False,patents,False
Israel,Personal Devices and Computing,2023,3,1.0,False,patents,False
Israel,Physical Sciences and Engineering,2015,0,0.0,True,patents,False
Israel,Physical Sciences and Engineering,2016,1,0.0,True,patents,False
Israel,Physical Sciences and Engineering,2017,0,0.0,True,patents,False
Israel,Physical Sciences and Engineering,2018,1,0.0,True,patents,False
Israel,Physical Sciences and Engineering,2019,0,0.0,False,patents,False
Israel,Physical Sciences and Engineering,2020,0,0.0,False,patents,False
Israel,Physical Sciences and Engineering,2021,1,0.0,False,patents,False
Israel,Physical Sciences and Engineering,2022,1,0.0,False,patents,False
Israel,Physical Sciences and Engineering,2023,1,1.0,False,patents,False
Israel,Security,2015,2,2.0,True,patents,False
Israel,Security,2016,1,1.0,True,patents,False
Israel,Security,2017,4,3.0,True,patents,False
Israel,Security,2018,1,0.0,True,patents,False
Israel,Security,2019,3,3.0,False,patents,False
Israel,Security,2020,9,9.0,False,patents,False
Israel,Security,2021,3,2.0,False,patents,False
Israel,Security,2022,5,0.0,False,patents,False
Israel,Security,2023,1,0.0,False,patents,False
Israel,Telecommunications,2015,5,4.0,True,patents,False
Israel,Telecommunications,2016,3,3.0,True,patents,False
Israel,Telecommunications,2017,7,5.0,True,patents,False
Israel,Telecommunications,2018,6,4.0,True,patents,False
Israel,Telecommunications,2019,6,4.0,False,patents,False
Israel,Telecommunications,2020,10,8.0,False,patents,False
Israel,Telecommunications,2021,8,3.0,False,patents,False
Israel,Telecommunications,2022,9,2.0,False,patents,False
Israel,Telecommunications,2023,1,0.0,False,patents,False
Israel,Transportation,2015,2,1.0,True,patents,False
Israel,Transportation,2016,1,1.0,True,patents,False
Israel,Transportation,2017,5,5.0,True,patents,False
Israel,Transportation,2018,1,0.0,True,patents,False
Israel,Transportation,2019,3,3.0,False,patents,False
Israel,Transportation,2020,1,0.0,False,patents,False
Israel,Transportation,2021,4,1.0,False,patents,False
Israel,Transportation,2022,5,1.0,False,patents,False
Israel,Transportation,2023,2,1.0,False,patents,False
Italy,Agriculture,2015,0,0.0,True,patents,False
Italy,Agriculture,2016,2,1.0,True,patents,False
Italy,Agriculture,2017,2,1.0,True,patents,False
Italy,Agriculture,2018,1,0.0,True,patents,False
Italy,Agriculture,2019,3,3.0,False,patents,False
Italy,Agriculture,2020,3,1.0,False,patents,False
Italy,Agriculture,2021,5,2.0,False,patents,False
Italy,Agriculture,2022,3,0.0,False,patents,False
Italy,Agriculture,2023,0,0.0,False,patents,False
Italy,All,2015,11,4.0,True,patents,False
Italy,All,2016,21,11.0,True,patents,False
Italy,All,2017,29,19.0,True,patents,False
Italy,All,2018,42,19.0,True,patents,False
Italy,All,2019,61,39.0,False,patents,False
Italy,All,2020,65,24.0,False,patents,False
Italy,All,2021,95,21.0,False,patents,False
Italy,All,2022,63,6.0,False,patents,False
Italy,All,2023,4,2.0,False,patents,False
Italy,Banking and Finance,2015,0,0.0,True,patents,False
Italy,Banking and Finance,2016,1,1.0,True,patents,False
Italy,Banking and Finance,2017,0,0.0,True,patents,False
Italy,Banking and Finance,2018,5,1.0,True,patents,False
Italy,Banking and Finance,2019,3,3.0,False,patents,False
Italy,Banking and Finance,2020,1,0.0,False,patents,False
Italy,Banking and Finance,2021,5,1.0,False,patents,False
Italy,Banking and Finance,2022,0,0.0,False,patents,False
Italy,Banking and Finance,2023,0,0.0,False,patents,False
Italy,Business,2015,1,0.0,True,patents,False
Italy,Business,2016,2,1.0,True,patents,False
Italy,Business,2017,3,2.0,True,patents,False
Italy,Business,2018,4,2.0,True,patents,False
Italy,Business,2019,2,1.0,False,patents,False
Italy,Business,2020,6,2.0,False,patents,False
Italy,Business,2021,10,4.0,False,patents,False
Italy,Business,2022,4,0.0,False,patents,False
Italy,Business,2023,0,0.0,False,patents,False
Italy,Energy Management,2015,0,0.0,True,patents,False
Italy,Energy Management,2016,0,0.0,True,patents,False
Italy,Energy Management,2017,2,1.0,True,patents,False
Italy,Energy Management,2018,2,1.0,True,patents,False
Italy,Energy Management,2019,5,5.0,False,patents,False
Italy,Energy Management,2020,2,0.0,False,patents,False
Italy,Energy Management,2021,5,2.0,False,patents,False
Italy,Energy Management,2022,2,0.0,False,patents,False
Italy,Energy Management,2023,0,0.0,False,patents,False
Italy,Industry and Manufacturing,2015,0,0.0,True,patents,False
Italy,Industry and Manufacturing,2016,3,2.0,True,patents,False
Italy,Industry and Manufacturing,2017,3,1.0,True,patents,False
Italy,Industry and Manufacturing,2018,6,3.0,True,patents,False
Italy,Industry and Manufacturing,2019,5,4.0,False,patents,False
Italy,Industry and Manufacturing,2020,5,3.0,False,patents,False
Italy,Industry and Manufacturing,2021,8,3.0,False,patents,False
Italy,Industry and Manufacturing,2022,5,0.0,False,patents,False
Italy,Industry and Manufacturing,2023,1,1.0,False,patents,False
Italy,Life Sciences,2015,4,1.0,True,patents,False
Italy,Life Sciences,2016,7,5.0,True,patents,False
Italy,Life Sciences,2017,10,8.0,True,patents,False
Italy,Life Sciences,2018,7,3.0,True,patents,False
Italy,Life Sciences,2019,17,10.0,False,patents,False
Italy,Life Sciences,2020,21,7.0,False,patents,False
Italy,Life Sciences,2021,16,5.0,False,patents,False
Italy,Life Sciences,2022,15,2.0,False,patents,False
Italy,Life Sciences,2023,1,0.0,False,patents,False
Italy,Personal Devices and Computing,2015,6,2.0,True,patents,False
Italy,Personal Devices and Computing,2016,2,1.0,True,patents,False
Italy,Personal Devices and Computing,2017,8,5.0,True,patents,False
Italy,Personal Devices and Computing,2018,11,8.0,True,patents,False
Italy,Personal Devices and Computing,2019,14,9.0,False,patents,False
Italy,Personal Devices and Computing,2020,16,9.0,False,patents,False
Italy,Personal Devices and Computing,2021,23,5.0,False,patents,False
Italy,Personal Devices and Computing,2022,14,2.0,False,patents,False
Italy,Personal Devices and Computing,2023,1,1.0,False,patents,False
Italy,Physical Sciences and Engineering,2015,0,0.0,True,patents,False
Italy,Physical Sciences and Engineering,2016,1,1.0,True,patents,False
Italy,Physical Sciences and Engineering,2017,0,0.0,True,patents,False
Italy,Physical Sciences and Engineering,2018,4,2.0,True,patents,False
Italy,Physical Sciences and Engineering,2019,3,3.0,False,patents,False
Italy,Physical Sciences and Engineering,2020,0,0.0,False,patents,False
Italy,Physical Sciences and Engineering,2021,10,5.0,False,patents,False
Italy,Physical Sciences and Engineering,2022,3,0.0,False,patents,False
Italy,Physical Sciences and Engineering,2023,0,0.0,False,patents,False
Italy,Security,2015,0,0.0,True,patents,False
Italy,Security,2016,1,1.0,True,patents,False
Italy,Security,2017,1,0.0,True,patents,False
Italy,Security,2018,4,0.0,True,patents,False
Italy,Security,2019,5,3.0,False,patents,False
Italy,Security,2020,3,1.0,False,patents,False
Italy,Security,2021,10,1.0,False,patents,False
Italy,Security,2022,4,0.0,False,patents,False
Italy,Security,2023,0,0.0,False,patents,False
Italy,Telecommunications,2015,1,1.0,True,patents,False
Italy,Telecommunications,2016,2,1.0,True,patents,False
Italy,Telecommunications,2017,7,4.0,True,patents,False
Italy,Telecommunications,2018,6,5.0,True,patents,False
Italy,Telecommunications,2019,12,7.0,False,patents,False
Italy,Telecommunications,2020,10,5.0,False,patents,False
Italy,Telecommunications,2021,12,4.0,False,patents,False
Italy,Telecommunications,2022,8,0.0,False,patents,False
Italy,Telecommunications,2023,0,0.0,False,patents,False
Italy,Transportation,2015,1,1.0,True,patents,False
Italy,Transportation,2016,4,2.0,True,patents,False
Italy,Transportation,2017,7,6.0,True,patents,False
Italy,Transportation,2018,5,4.0,True,patents,False
Italy,Transportation,2019,10,8.0,False,patents,False
Italy,Transportation,2020,5,4.0,False,patents,False
Italy,Transportation,2021,7,2.0,False,patents,False
Italy,Transportation,2022,5,1.0,False,patents,False
Italy,Transportation,2023,0,0.0,False,patents,False
Japan,Agriculture,2015,11,10.0,True,patents,False
Japan,Agriculture,2016,17,16.0,True,patents,False
Japan,Agriculture,2017,28,27.0,True,patents,False
Japan,Agriculture,2018,40,34.0,True,patents,False
Japan,Agriculture,2019,48,37.0,False,patents,False
Japan,Agriculture,2020,37,28.0,False,patents,False
Japan,Agriculture,2021,49,28.0,False,patents,False
Japan,Agriculture,2022,32,14.0,False,patents,False
Japan,Agriculture,2023,1,1.0,False,patents,False
Japan,Agriculture,2024,0,0.0,False,patents,False
Japan,All,2015,741,662.0,True,patents,False
Japan,All,2016,1357,1188.0,True,patents,False
Japan,All,2017,2383,2081.0,True,patents,False
Japan,All,2018,3571,3051.0,True,patents,False
Japan,All,2019,4240,3560.0,False,patents,False
Japan,All,2020,4278,3271.0,False,patents,False
Japan,All,2021,4258,2567.0,False,patents,False
Japan,All,2022,3665,1062.0,False,patents,False
Japan,All,2023,194,137.0,False,patents,False
Japan,All,2024,6,6.0,False,patents,False
Japan,Banking and Finance,2015,18,17.0,True,patents,False
Japan,Banking and Finance,2016,33,32.0,True,patents,False
Japan,Banking and Finance,2017,72,64.0,True,patents,False
Japan,Banking and Finance,2018,84,74.0,True,patents,False
Japan,Banking and Finance,2019,101,88.0,False,patents,False
Japan,Banking and Finance,2020,89,67.0,False,patents,False
Japan,Banking and Finance,2021,58,44.0,False,patents,False
Japan,Banking and Finance,2022,61,20.0,False,patents,False
Japan,Banking and Finance,2023,0,0.0,False,patents,False
Japan,Banking and Finance,2024,0,0.0,False,patents,False
Japan,Business,2015,63,57.0,True,patents,False
Japan,Business,2016,107,96.0,True,patents,False
Japan,Business,2017,197,176.0,True,patents,False
Japan,Business,2018,266,227.0,True,patents,False
Japan,Business,2019,342,295.0,False,patents,False
Japan,Business,2020,283,198.0,False,patents,False
Japan,Business,2021,244,163.0,False,patents,False
Japan,Business,2022,186,78.0,False,patents,False
Japan,Business,2023,18,12.0,False,patents,False
Japan,Business,2024,0,0.0,False,patents,False
Japan,Energy Management,2015,54,50.0,True,patents,False
Japan,Energy Management,2016,47,40.0,True,patents,False
Japan,Energy Management,2017,79,71.0,True,patents,False
Japan,Energy Management,2018,112,109.0,True,patents,False
Japan,Energy Management,2019,123,108.0,False,patents,False
Japan,Energy Management,2020,117,98.0,False,patents,False
Japan,Energy Management,2021,153,109.0,False,patents,False
Japan,Energy Management,2022,91,44.0,False,patents,False
Japan,Energy Management,2023,6,5.0,False,patents,False
Japan,Energy Management,2024,0,0.0,False,patents,False
Japan,Industry and Manufacturing,2015,49,46.0,True,patents,False
Japan,Industry and Manufacturing,2016,107,98.0,True,patents,False
Japan,Industry and Manufacturing,2017,209,189.0,True,patents,False
Japan,Industry and Manufacturing,2018,284,252.0,True,patents,False
Japan,Industry and Manufacturing,2019,353,312.0,False,patents,False
Japan,Industry and Manufacturing,2020,291,234.0,False,patents,False
Japan,Industry and Manufacturing,2021,279,184.0,False,patents,False
Japan,Industry and Manufacturing,2022,216,80.0,False,patents,False
Japan,Industry and Manufacturing,2023,10,8.0,False,patents,False
Japan,Industry and Manufacturing,2024,0,0.0,False,patents,False
Japan,Life Sciences,2015,129,122.0,True,patents,False
Japan,Life Sciences,2016,222,199.0,True,patents,False
Japan,Life Sciences,2017,375,335.0,True,patents,False
Japan,Life Sciences,2018,568,486.0,True,patents,False
Japan,Life Sciences,2019,752,630.0,False,patents,False
Japan,Life Sciences,2020,751,513.0,False,patents,False
Japan,Life Sciences,2021,822,356.0,False,patents,False
Japan,Life Sciences,2022,610,103.0,False,patents,False
Japan,Life Sciences,2023,11,5.0,False,patents,False
Japan,Life Sciences,2024,0,0.0,False,patents,False
Japan,Personal Devices and Computing,2015,246,226.0,True,patents,False
Japan,Personal Devices and Computing,2016,496,448.0,True,patents,False
Japan,Personal Devices and Computing,2017,867,802.0,True,patents,False
Japan,Personal Devices and Computing,2018,1280,1184.0,True,patents,False
Japan,Personal Devices and Computing,2019,1329,1198.0,False,patents,False
Japan,Personal Devices and Computing,2020,1217,1001.0,False,patents,False
Japan,Personal Devices and Computing,2021,904,595.0,False,patents,False
Japan,Personal Devices and Computing,2022,646,216.0,False,patents,False
Japan,Personal Devices and Computing,2023,45,28.0,False,patents,False
Japan,Personal Devices and Computing,2024,4,4.0,False,patents,False
Japan,Physical Sciences and Engineering,2015,27,26.0,True,patents,False
Japan,Physical Sciences and Engineering,2016,36,34.0,True,patents,False
Japan,Physical Sciences and Engineering,2017,53,47.0,True,patents,False
Japan,Physical Sciences and Engineering,2018,130,121.0,True,patents,False
Japan,Physical Sciences and Engineering,2019,154,138.0,False,patents,False
Japan,Physical Sciences and Engineering,2020,170,132.0,False,patents,False
Japan,Physical Sciences and Engineering,2021,144,91.0,False,patents,False
Japan,Physical Sciences and Engineering,2022,108,48.0,False,patents,False
Japan,Physical Sciences and Engineering,2023,6,3.0,False,patents,False
Japan,Physical Sciences and Engineering,2024,0,0.0,False,patents,False
Japan,Security,2015,18,17.0,True,patents,False
Japan,Security,2016,61,58.0,True,patents,False
Japan,Security,2017,76,72.0,True,patents,False
Japan,Security,2018,104,95.0,True,patents,False
Japan,Security,2019,105,97.0,False,patents,False
Japan,Security,2020,125,107.0,False,patents,False
Japan,Security,2021,105,75.0,False,patents,False
Japan,Security,2022,101,35.0,False,patents,False
Japan,Security,2023,7,4.0,False,patents,False
Japan,Security,2024,0,0.0,False,patents,False
Japan,Telecommunications,2015,81,71.0,True,patents,False
Japan,Telecommunications,2016,157,143.0,True,patents,False
Japan,Telecommunications,2017,315,291.0,True,patents,False
Japan,Telecommunications,2018,435,404.0,True,patents,False
Japan,Telecommunications,2019,487,439.0,False,patents,False
Japan,Telecommunications,2020,502,403.0,False,patents,False
Japan,Telecommunications,2021,476,290.0,False,patents,False
Japan,Telecommunications,2022,402,117.0,False,patents,False
Japan,Telecommunications,2023,14,7.0,False,patents,False
Japan,Telecommunications,2024,0,0.0,False,patents,False
Japan,Transportation,2015,142,136.0,True,patents,False
Japan,Transportation,2016,274,252.0,True,patents,False
Japan,Transportation,2017,398,362.0,True,patents,False
Japan,Transportation,2018,430,389.0,True,patents,False
Japan,Transportation,2019,349,311.0,False,patents,False
Japan,Transportation,2020,277,229.0,False,patents,False
Japan,Transportation,2021,170,119.0,False,patents,False
Japan,Transportation,2022,118,59.0,False,patents,False
Japan,Transportation,2023,3,3.0,False,patents,False
Japan,Transportation,2024,0,0.0,False,patents,False
Jordan,Agriculture,2017,1,,False,patents,False
Jordan,Agriculture,2019,0,,False,patents,False
Jordan,Agriculture,2021,0,0.0,False,patents,False
Jordan,All,2017,1,,False,patents,False
Jordan,All,2019,1,,False,patents,False
Jordan,All,2021,2,2.0,False,patents,False
Jordan,Banking and Finance,2017,0,,False,patents,False
Jordan,Banking and Finance,2019,0,,False,patents,False
Jordan,Banking and Finance,2021,0,0.0,False,patents,False
Jordan,Business,2017,1,,False,patents,False
Jordan,Business,2019,0,,False,patents,False
Jordan,Business,2021,0,0.0,False,patents,False
Jordan,Energy Management,2017,0,,False,patents,False
Jordan,Energy Management,2019,0,,False,patents,False
Jordan,Energy Management,2021,0,0.0,False,patents,False
Jordan,Industry and Manufacturing,2017,1,,False,patents,False
Jordan,Industry and Manufacturing,2019,0,,False,patents,False
Jordan,Industry and Manufacturing,2021,1,1.0,False,patents,False
Jordan,Life Sciences,2017,0,,False,patents,False
Jordan,Life Sciences,2019,1,,False,patents,False
Jordan,Life Sciences,2021,0,0.0,False,patents,False
Jordan,Personal Devices and Computing,2017,0,,False,patents,False
Jordan,Personal Devices and Computing,2019,0,,False,patents,False
Jordan,Personal Devices and Computing,2021,0,0.0,False,patents,False
Jordan,Physical Sciences and Engineering,2017,0,,False,patents,False
Jordan,Physical Sciences and Engineering,2019,0,,False,patents,False
Jordan,Physical Sciences and Engineering,2021,0,0.0,False,patents,False
Jordan,Security,2017,0,,False,patents,False
Jordan,Security,2019,0,,False,patents,False
Jordan,Security,2021,1,1.0,False,patents,False
Jordan,Telecommunications,2017,1,,False,patents,False
Jordan,Telecommunications,2019,0,,False,patents,False
Jordan,Telecommunications,2021,0,0.0,False,patents,False
Jordan,Transportation,2017,0,,False,patents,False
Jordan,Transportation,2019,0,,False,patents,False
Jordan,Transportation,2021,0,0.0,False,patents,False
Kenya,Agriculture,2016,0,0.0,True,patents,False
Kenya,All,2016,1,1.0,True,patents,False
Kenya,Banking and Finance,2016,0,0.0,True,patents,False
Kenya,Business,2016,0,0.0,True,patents,False
Kenya,Energy Management,2016,0,0.0,True,patents,False
Kenya,Industry and Manufacturing,2016,0,0.0,True,patents,False
Kenya,Life Sciences,2016,0,0.0,True,patents,False
Kenya,Personal Devices and Computing,2016,0,0.0,True,patents,False
Kenya,Physical Sciences and Engineering,2016,0,0.0,True,patents,False
Kenya,Security,2016,0,0.0,True,patents,False
Kenya,Telecommunications,2016,0,0.0,True,patents,False
Kenya,Transportation,2016,1,1.0,True,patents,False
Latvia,Agriculture,2017,0,,False,patents,False
Latvia,Agriculture,2020,0,0.0,False,patents,False
Latvia,All,2017,1,,False,patents,False
Latvia,All,2020,1,1.0,False,patents,False
Latvia,Banking and Finance,2017,0,,False,patents,False
Latvia,Banking and Finance,2020,0,0.0,False,patents,False
Latvia,Business,2017,0,,False,patents,False
Latvia,Business,2020,0,0.0,False,patents,False
Latvia,Energy Management,2017,0,,False,patents,False
Latvia,Energy Management,2020,0,0.0,False,patents,False
Latvia,Industry and Manufacturing,2017,0,,False,patents,False
Latvia,Industry and Manufacturing,2020,0,0.0,False,patents,False
Latvia,Life Sciences,2017,0,,False,patents,False
Latvia,Life Sciences,2020,0,0.0,False,patents,False
Latvia,Personal Devices and Computing,2017,0,,False,patents,False
Latvia,Personal Devices and Computing,2020,0,0.0,False,patents,False
Latvia,Physical Sciences and Engineering,2017,0,,False,patents,False
Latvia,Physical Sciences and Engineering,2020,0,0.0,False,patents,False
Latvia,Security,2017,0,,False,patents,False
Latvia,Security,2020,0,0.0,False,patents,False
Latvia,Telecommunications,2017,0,,False,patents,False
Latvia,Telecommunications,2020,1,1.0,False,patents,False
Latvia,Transportation,2017,0,,False,patents,False
Latvia,Transportation,2020,0,0.0,False,patents,False
Lithuania,Agriculture,2015,0,0.0,True,patents,False
Lithuania,Agriculture,2016,0,0.0,True,patents,False
Lithuania,Agriculture,2017,0,0.0,True,patents,False
Lithuania,Agriculture,2018,1,1.0,True,patents,False
Lithuania,Agriculture,2019,0,0.0,False,patents,False
Lithuania,Agriculture,2020,0,0.0,False,patents,False
Lithuania,Agriculture,2022,0,0.0,False,patents,False
Lithuania,All,2015,4,4.0,True,patents,False
Lithuania,All,2016,3,3.0,True,patents,False
Lithuania,All,2017,4,4.0,True,patents,False
Lithuania,All,2018,10,9.0,True,patents,False
Lithuania,All,2019,2,2.0,False,patents,False
Lithuania,All,2020,5,4.0,False,patents,False
Lithuania,All,2022,1,1.0,False,patents,False
Lithuania,Banking and Finance,2015,1,1.0,True,patents,False
Lithuania,Banking and Finance,2016,0,0.0,True,patents,False
Lithuania,Banking and Finance,2017,1,1.0,True,patents,False
Lithuania,Banking and Finance,2018,0,0.0,True,patents,False
Lithuania,Banking and Finance,2019,0,0.0,False,patents,False
Lithuania,Banking and Finance,2020,0,0.0,False,patents,False
Lithuania,Banking and Finance,2022,0,0.0,False,patents,False
Lithuania,Business,2015,1,1.0,True,patents,False
Lithuania,Business,2016,0,0.0,True,patents,False
Lithuania,Business,2017,1,1.0,True,patents,False
Lithuania,Business,2018,0,0.0,True,patents,False
Lithuania,Business,2019,0,0.0,False,patents,False
Lithuania,Business,2020,0,0.0,False,patents,False
Lithuania,Business,2022,0,0.0,False,patents,False
Lithuania,Energy Management,2015,0,0.0,True,patents,False
Lithuania,Energy Management,2016,0,0.0,True,patents,False
Lithuania,Energy Management,2017,0,0.0,True,patents,False
Lithuania,Energy Management,2018,1,1.0,True,patents,False
Lithuania,Energy Management,2019,0,0.0,False,patents,False
Lithuania,Energy Management,2020,1,1.0,False,patents,False
Lithuania,Energy Management,2022,0,0.0,False,patents,False
Lithuania,Industry and Manufacturing,2015,1,1.0,True,patents,False
Lithuania,Industry and Manufacturing,2016,1,1.0,True,patents,False
Lithuania,Industry and Manufacturing,2017,1,1.0,True,patents,False
Lithuania,Industry and Manufacturing,2018,0,0.0,True,patents,False
Lithuania,Industry and Manufacturing,2019,0,0.0,False,patents,False
Lithuania,Industry and Manufacturing,2020,0,0.0,False,patents,False
Lithuania,Industry and Manufacturing,2022,0,0.0,False,patents,False
Lithuania,Life Sciences,2015,3,3.0,True,patents,False
Lithuania,Life Sciences,2016,0,0.0,True,patents,False
Lithuania,Life Sciences,2017,0,0.0,True,patents,False
Lithuania,Life Sciences,2018,5,4.0,True,patents,False
Lithuania,Life Sciences,2019,1,1.0,False,patents,False
Lithuania,Life Sciences,2020,1,1.0,False,patents,False
Lithuania,Life Sciences,2022,0,0.0,False,patents,False
Lithuania,Personal Devices and Computing,2015,2,2.0,True,patents,False
Lithuania,Personal Devices and Computing,2016,1,1.0,True,patents,False
Lithuania,Personal Devices and Computing,2017,1,1.0,True,patents,False
Lithuania,Personal Devices and Computing,2018,3,3.0,True,patents,False
Lithuania,Personal Devices and Computing,2019,0,0.0,False,patents,False
Lithuania,Personal Devices and Computing,2020,1,1.0,False,patents,False
Lithuania,Personal Devices and Computing,2022,0,0.0,False,patents,False
Lithuania,Physical Sciences and Engineering,2015,0,0.0,True,patents,False
Lithuania,Physical Sciences and Engineering,2016,0,0.0,True,patents,False
Lithuania,Physical Sciences and Engineering,2017,0,0.0,True,patents,False
Lithuania,Physical Sciences and Engineering,2018,2,1.0,True,patents,False
Lithuania,Physical Sciences and Engineering,2019,0,0.0,False,patents,False
Lithuania,Physical Sciences and Engineering,2020,2,1.0,False,patents,False
Lithuania,Physical Sciences and Engineering,2022,0,0.0,False,patents,False
Lithuania,Security,2015,0,0.0,True,patents,False
Lithuania,Security,2016,1,1.0,True,patents,False
Lithuania,Security,2017,0,0.0,True,patents,False
Lithuania,Security,2018,0,0.0,True,patents,False
Lithuania,Security,2019,0,0.0,False,patents,False
Lithuania,Security,2020,1,1.0,False,patents,False
Lithuania,Security,2022,0,0.0,False,patents,False
Lithuania,Telecommunications,2015,0,0.0,True,patents,False
Lithuania,Telecommunications,2016,2,2.0,True,patents,False
Lithuania,Telecommunications,2017,0,0.0,True,patents,False
Lithuania,Telecommunications,2018,1,1.0,True,patents,False
Lithuania,Telecommunications,2019,1,1.0,False,patents,False
Lithuania,Telecommunications,2020,1,1.0,False,patents,False
Lithuania,Telecommunications,2022,1,1.0,False,patents,False
Lithuania,Transportation,2015,0,0.0,True,patents,False
Lithuania,Transportation,2016,0,0.0,True,patents,False
Lithuania,Transportation,2017,0,0.0,True,patents,False
Lithuania,Transportation,2018,0,0.0,True,patents,False
Lithuania,Transportation,2019,1,1.0,False,patents,False
Lithuania,Transportation,2020,0,0.0,False,patents,False
Lithuania,Transportation,2022,0,0.0,False,patents,False
Luxembourg,Agriculture,2016,0,0.0,True,patents,False
Luxembourg,Agriculture,2017,0,0.0,True,patents,False
Luxembourg,Agriculture,2018,0,0.0,True,patents,False
Luxembourg,Agriculture,2019,0,0.0,False,patents,False
Luxembourg,Agriculture,2020,1,1.0,False,patents,False
Luxembourg,Agriculture,2021,1,1.0,False,patents,False
Luxembourg,Agriculture,2022,2,2.0,False,patents,False
Luxembourg,Agriculture,2023,2,2.0,False,patents,False
Luxembourg,Agriculture,2024,0,0.0,False,patents,False
Luxembourg,All,2016,2,1.0,True,patents,False
Luxembourg,All,2017,3,3.0,True,patents,False
Luxembourg,All,2018,9,9.0,True,patents,False
Luxembourg,All,2019,10,10.0,False,patents,False
Luxembourg,All,2020,13,12.0,False,patents,False
Luxembourg,All,2021,38,37.0,False,patents,False
Luxembourg,All,2022,73,72.0,False,patents,False
Luxembourg,All,2023,75,75.0,False,patents,False
Luxembourg,All,2024,7,7.0,False,patents,False
Luxembourg,Banking and Finance,2016,0,0.0,True,patents,False
Luxembourg,Banking and Finance,2017,0,0.0,True,patents,False
Luxembourg,Banking and Finance,2018,0,0.0,True,patents,False
Luxembourg,Banking and Finance,2019,0,0.0,False,patents,False
Luxembourg,Banking and Finance,2020,0,0.0,False,patents,False
Luxembourg,Banking and Finance,2021,0,0.0,False,patents,False
Luxembourg,Banking and Finance,2022,1,1.0,False,patents,False
Luxembourg,Banking and Finance,2023,1,1.0,False,patents,False
Luxembourg,Banking and Finance,2024,1,1.0,False,patents,False
Luxembourg,Business,2016,0,0.0,True,patents,False
Luxembourg,Business,2017,0,0.0,True,patents,False
Luxembourg,Business,2018,0,0.0,True,patents,False
Luxembourg,Business,2019,1,1.0,False,patents,False
Luxembourg,Business,2020,2,2.0,False,patents,False
Luxembourg,Business,2021,6,6.0,False,patents,False
Luxembourg,Business,2022,11,11.0,False,patents,False
Luxembourg,Business,2023,16,16.0,False,patents,False
Luxembourg,Business,2024,2,2.0,False,patents,False
Luxembourg,Energy Management,2016,0,0.0,True,patents,False
Luxembourg,Energy Management,2017,0,0.0,True,patents,False
Luxembourg,Energy Management,2018,0,0.0,True,patents,False
Luxembourg,Energy Management,2019,0,0.0,False,patents,False
Luxembourg,Energy Management,2020,0,0.0,False,patents,False
Luxembourg,Energy Management,2021,3,2.0,False,patents,False
Luxembourg,Energy Management,2022,2,2.0,False,patents,False
Luxembourg,Energy Management,2023,9,9.0,False,patents,False
Luxembourg,Energy Management,2024,0,0.0,False,patents,False
Luxembourg,Industry and Manufacturing,2016,0,0.0,True,patents,False
Luxembourg,Industry and Manufacturing,2017,0,0.0,True,patents,False
Luxembourg,Industry and Manufacturing,2018,0,0.0,True,patents,False
Luxembourg,Industry and Manufacturing,2019,0,0.0,False,patents,False
Luxembourg,Industry and Manufacturing,2020,3,3.0,False,patents,False
Luxembourg,Industry and Manufacturing,2021,3,3.0,False,patents,False
Luxembourg,Industry and Manufacturing,2022,5,4.0,False,patents,False
Luxembourg,Industry and Manufacturing,2023,5,5.0,False,patents,False
Luxembourg,Industry and Manufacturing,2024,0,0.0,False,patents,False
Luxembourg,Life Sciences,2016,0,0.0,True,patents,False
Luxembourg,Life Sciences,2017,0,0.0,True,patents,False
Luxembourg,Life Sciences,2018,3,3.0,True,patents,False
Luxembourg,Life Sciences,2019,0,0.0,False,patents,False
Luxembourg,Life Sciences,2020,0,0.0,False,patents,False
Luxembourg,Life Sciences,2021,3,3.0,False,patents,False
Luxembourg,Life Sciences,2022,7,7.0,False,patents,False
Luxembourg,Life Sciences,2023,11,11.0,False,patents,False
Luxembourg,Life Sciences,2024,1,1.0,False,patents,False
Luxembourg,Personal Devices and Computing,2016,2,1.0,True,patents,False
Luxembourg,Personal Devices and Computing,2017,2,2.0,True,patents,False
Luxembourg,Personal Devices and Computing,2018,4,4.0,True,patents,False
Luxembourg,Personal Devices and Computing,2019,5,5.0,False,patents,False
Luxembourg,Personal Devices and Computing,2020,7,7.0,False,patents,False
Luxembourg,Personal Devices and Computing,2021,9,9.0,False,patents,False
Luxembourg,Personal Devices and Computing,2022,24,23.0,False,patents,False
Luxembourg,Personal Devices and Computing,2023,23,23.0,False,patents,False
Luxembourg,Personal Devices and Computing,2024,4,4.0,False,patents,False
Luxembourg,Physical Sciences and Engineering,2016,0,0.0,True,patents,False
Luxembourg,Physical Sciences and Engineering,2017,0,0.0,True,patents,False
Luxembourg,Physical Sciences and Engineering,2018,1,1.0,True,patents,False
Luxembourg,Physical Sciences and Engineering,2019,0,0.0,False,patents,False
Luxembourg,Physical Sciences and Engineering,2020,2,2.0,False,patents,False
Luxembourg,Physical Sciences and Engineering,2021,2,2.0,False,patents,False
Luxembourg,Physical Sciences and Engineering,2022,5,5.0,False,patents,False
Luxembourg,Physical Sciences and Engineering,2023,3,3.0,False,patents,False
Luxembourg,Physical Sciences and Engineering,2024,0,0.0,False,patents,False
Luxembourg,Security,2016,0,0.0,True,patents,False
Luxembourg,Security,2017,0,0.0,True,patents,False
Luxembourg,Security,2018,0,0.0,True,patents,False
Luxembourg,Security,2019,2,2.0,False,patents,False
Luxembourg,Security,2020,1,1.0,False,patents,False
Luxembourg,Security,2021,2,2.0,False,patents,False
Luxembourg,Security,2022,6,6.0,False,patents,False
Luxembourg,Security,2023,7,7.0,False,patents,False
Luxembourg,Security,2024,0,0.0,False,patents,False
Luxembourg,Telecommunications,2016,0,0.0,True,patents,False
Luxembourg,Telecommunications,2017,0,0.0,True,patents,False
Luxembourg,Telecommunications,2018,1,1.0,True,patents,False
Luxembourg,Telecommunications,2019,4,4.0,False,patents,False
Luxembourg,Telecommunications,2020,1,1.0,False,patents,False
Luxembourg,Telecommunications,2021,4,4.0,False,patents,False
Luxembourg,Telecommunications,2022,9,8.0,False,patents,False
Luxembourg,Telecommunications,2023,7,7.0,False,patents,False
Luxembourg,Telecommunications,2024,1,1.0,False,patents,False
Luxembourg,Transportation,2016,0,0.0,True,patents,False
Luxembourg,Transportation,2017,0,0.0,True,patents,False
Luxembourg,Transportation,2018,1,1.0,True,patents,False
Luxembourg,Transportation,2019,1,1.0,False,patents,False
Luxembourg,Transportation,2020,1,1.0,False,patents,False
Luxembourg,Transportation,2021,1,0.0,False,patents,False
Luxembourg,Transportation,2022,0,0.0,False,patents,False
Luxembourg,Transportation,2023,4,4.0,False,patents,False
Luxembourg,Transportation,2024,0,0.0,False,patents,False
Malaysia,Agriculture,2015,0,0.0,True,patents,False
Malaysia,Agriculture,2016,0,0.0,True,patents,False
Malaysia,Agriculture,2017,1,1.0,True,patents,False
Malaysia,Agriculture,2018,0,0.0,True,patents,False
Malaysia,Agriculture,2019,0,0.0,False,patents,False
Malaysia,Agriculture,2020,1,1.0,False,patents,False
Malaysia,Agriculture,2021,1,1.0,False,patents,False
Malaysia,Agriculture,2022,0,0.0,False,patents,False
Malaysia,All,2015,20,16.0,True,patents,False
Malaysia,All,2016,11,11.0,True,patents,False
Malaysia,All,2017,28,27.0,True,patents,False
Malaysia,All,2018,24,22.0,True,patents,False
Malaysia,All,2019,18,18.0,False,patents,False
Malaysia,All,2020,16,16.0,False,patents,False
Malaysia,All,2021,5,5.0,False,patents,False
Malaysia,All,2022,2,2.0,False,patents,False
Malaysia,Banking and Finance,2015,4,2.0,True,patents,False
Malaysia,Banking and Finance,2016,0,0.0,True,patents,False
Malaysia,Banking and Finance,2017,1,1.0,True,patents,False
Malaysia,Banking and Finance,2018,3,3.0,True,patents,False
Malaysia,Banking and Finance,2019,1,1.0,False,patents,False
Malaysia,Banking and Finance,2020,2,2.0,False,patents,False
Malaysia,Banking and Finance,2021,0,0.0,False,patents,False
Malaysia,Banking and Finance,2022,0,0.0,False,patents,False
Malaysia,Business,2015,5,2.0,True,patents,False
Malaysia,Business,2016,1,1.0,True,patents,False
Malaysia,Business,2017,6,6.0,True,patents,False
Malaysia,Business,2018,4,3.0,True,patents,False
Malaysia,Business,2019,3,3.0,False,patents,False
Malaysia,Business,2020,4,4.0,False,patents,False
Malaysia,Business,2021,0,0.0,False,patents,False
Malaysia,Business,2022,0,0.0,False,patents,False
Malaysia,Energy Management,2015,0,0.0,True,patents,False
Malaysia,Energy Management,2016,0,0.0,True,patents,False
Malaysia,Energy Management,2017,1,1.0,True,patents,False
Malaysia,Energy Management,2018,1,1.0,True,patents,False
Malaysia,Energy Management,2019,1,1.0,False,patents,False
Malaysia,Energy Management,2020,0,0.0,False,patents,False
Malaysia,Energy Management,2021,0,0.0,False,patents,False
Malaysia,Energy Management,2022,1,1.0,False,patents,False
Malaysia,Industry and Manufacturing,2015,2,1.0,True,patents,False
Malaysia,Industry and Manufacturing,2016,0,0.0,True,patents,False
Malaysia,Industry and Manufacturing,2017,1,1.0,True,patents,False
Malaysia,Industry and Manufacturing,2018,2,2.0,True,patents,False
Malaysia,Industry and Manufacturing,2019,1,1.0,False,patents,False
Malaysia,Industry and Manufacturing,2020,0,0.0,False,patents,False
Malaysia,Industry and Manufacturing,2021,1,1.0,False,patents,False
Malaysia,Industry and Manufacturing,2022,0,0.0,False,patents,False
Malaysia,Life Sciences,2015,3,3.0,True,patents,False
Malaysia,Life Sciences,2016,1,1.0,True,patents,False
Malaysia,Life Sciences,2017,6,6.0,True,patents,False
Malaysia,Life Sciences,2018,2,2.0,True,patents,False
Malaysia,Life Sciences,2019,5,5.0,False,patents,False
Malaysia,Life Sciences,2020,2,2.0,False,patents,False
Malaysia,Life Sciences,2021,1,1.0,False,patents,False
Malaysia,Life Sciences,2022,0,0.0,False,patents,False
Malaysia,Personal Devices and Computing,2015,3,1.0,True,patents,False
Malaysia,Personal Devices and Computing,2016,4,4.0,True,patents,False
Malaysia,Personal Devices and Computing,2017,9,9.0,True,patents,False
Malaysia,Personal Devices and Computing,2018,8,8.0,True,patents,False
Malaysia,Personal Devices and Computing,2019,7,7.0,False,patents,False
Malaysia,Personal Devices and Computing,2020,4,4.0,False,patents,False
Malaysia,Personal Devices and Computing,2021,1,1.0,False,patents,False
Malaysia,Personal Devices and Computing,2022,1,1.0,False,patents,False
Malaysia,Physical Sciences and Engineering,2015,0,0.0,True,patents,False
Malaysia,Physical Sciences and Engineering,2016,0,0.0,True,patents,False
Malaysia,Physical Sciences and Engineering,2017,3,3.0,True,patents,False
Malaysia,Physical Sciences and Engineering,2018,1,1.0,True,patents,False
Malaysia,Physical Sciences and Engineering,2019,1,1.0,False,patents,False
Malaysia,Physical Sciences and Engineering,2020,1,1.0,False,patents,False
Malaysia,Physical Sciences and Engineering,2021,1,1.0,False,patents,False
Malaysia,Physical Sciences and Engineering,2022,1,1.0,False,patents,False
Malaysia,Security,2015,0,0.0,True,patents,False
Malaysia,Security,2016,2,2.0,True,patents,False
Malaysia,Security,2017,0,0.0,True,patents,False
Malaysia,Security,2018,3,3.0,True,patents,False
Malaysia,Security,2019,1,1.0,False,patents,False
Malaysia,Security,2020,3,3.0,False,patents,False
Malaysia,Security,2021,0,0.0,False,patents,False
Malaysia,Security,2022,0,0.0,False,patents,False
Malaysia,Telecommunications,2015,3,3.0,True,patents,False
Malaysia,Telecommunications,2016,4,4.0,True,patents,False
Malaysia,Telecommunications,2017,6,6.0,True,patents,False
Malaysia,Telecommunications,2018,0,0.0,True,patents,False
Malaysia,Telecommunications,2019,5,5.0,False,patents,False
Malaysia,Telecommunications,2020,3,3.0,False,patents,False
Malaysia,Telecommunications,2021,0,0.0,False,patents,False
Malaysia,Telecommunications,2022,0,0.0,False,patents,False
Malaysia,Transportation,2015,6,6.0,True,patents,False
Malaysia,Transportation,2016,2,2.0,True,patents,False
Malaysia,Transportation,2017,3,3.0,True,patents,False
Malaysia,Transportation,2018,2,2.0,True,patents,False
Malaysia,Transportation,2019,0,0.0,False,patents,False
Malaysia,Transportation,2020,0,0.0,False,patents,False
Malaysia,Transportation,2021,0,0.0,False,patents,False
Malaysia,Transportation,2022,0,0.0,False,patents,False
Mexico,Agriculture,2015,2,0.0,True,patents,False
Mexico,Agriculture,2016,2,2.0,True,patents,False
Mexico,Agriculture,2017,4,4.0,True,patents,False
Mexico,Agriculture,2018,7,7.0,True,patents,False
Mexico,Agriculture,2019,8,6.0,False,patents,False
Mexico,Agriculture,2020,13,11.0,False,patents,False
Mexico,Agriculture,2021,9,3.0,False,patents,False
Mexico,Agriculture,2022,0,0.0,False,patents,False
Mexico,Agriculture,2023,0,,False,patents,False
Mexico,All,2015,35,27.0,True,patents,False
Mexico,All,2016,44,31.0,True,patents,False
Mexico,All,2017,64,52.0,True,patents,False
Mexico,All,2018,89,71.0,True,patents,False
Mexico,All,2019,104,78.0,False,patents,False
Mexico,All,2020,134,74.0,False,patents,False
Mexico,All,2021,134,43.0,False,patents,False
Mexico,All,2022,25,2.0,False,patents,False
Mexico,All,2023,3,,False,patents,False
Mexico,Banking and Finance,2015,1,1.0,True,patents,False
Mexico,Banking and Finance,2016,3,2.0,True,patents,False
Mexico,Banking and Finance,2017,1,1.0,True,patents,False
Mexico,Banking and Finance,2018,3,2.0,True,patents,False
Mexico,Banking and Finance,2019,9,8.0,False,patents,False
Mexico,Banking and Finance,2020,7,3.0,False,patents,False
Mexico,Banking and Finance,2021,4,3.0,False,patents,False
Mexico,Banking and Finance,2022,0,0.0,False,patents,False
Mexico,Banking and Finance,2023,0,,False,patents,False
Mexico,Business,2015,4,3.0,True,patents,False
Mexico,Business,2016,17,11.0,True,patents,False
Mexico,Business,2017,8,6.0,True,patents,False
Mexico,Business,2018,12,9.0,True,patents,False
Mexico,Business,2019,18,17.0,False,patents,False
Mexico,Business,2020,21,10.0,False,patents,False
Mexico,Business,2021,15,6.0,False,patents,False
Mexico,Business,2022,0,0.0,False,patents,False
Mexico,Business,2023,0,,False,patents,False
Mexico,Energy Management,2015,0,0.0,True,patents,False
Mexico,Energy Management,2016,4,2.0,True,patents,False
Mexico,Energy Management,2017,2,2.0,True,patents,False
Mexico,Energy Management,2018,4,3.0,True,patents,False
Mexico,Energy Management,2019,4,4.0,False,patents,False
Mexico,Energy Management,2020,5,3.0,False,patents,False
Mexico,Energy Management,2021,2,1.0,False,patents,False
Mexico,Energy Management,2022,1,1.0,False,patents,False
Mexico,Energy Management,2023,0,,False,patents,False
Mexico,Industry and Manufacturing,2015,5,2.0,True,patents,False
Mexico,Industry and Manufacturing,2016,6,5.0,True,patents,False
Mexico,Industry and Manufacturing,2017,9,9.0,True,patents,False
Mexico,Industry and Manufacturing,2018,10,10.0,True,patents,False
Mexico,Industry and Manufacturing,2019,15,12.0,False,patents,False
Mexico,Industry and Manufacturing,2020,15,13.0,False,patents,False
Mexico,Industry and Manufacturing,2021,20,11.0,False,patents,False
Mexico,Industry and Manufacturing,2022,3,0.0,False,patents,False
Mexico,Industry and Manufacturing,2023,0,,False,patents,False
Mexico,Life Sciences,2015,6,5.0,True,patents,False
Mexico,Life Sciences,2016,9,8.0,True,patents,False
Mexico,Life Sciences,2017,19,16.0,True,patents,False
Mexico,Life Sciences,2018,29,22.0,True,patents,False
Mexico,Life Sciences,2019,31,20.0,False,patents,False
Mexico,Life Sciences,2020,42,19.0,False,patents,False
Mexico,Life Sciences,2021,44,12.0,False,patents,False
Mexico,Life Sciences,2022,5,0.0,False,patents,False
Mexico,Life Sciences,2023,0,,False,patents,False
Mexico,Personal Devices and Computing,2015,4,4.0,True,patents,False
Mexico,Personal Devices and Computing,2016,16,14.0,True,patents,False
Mexico,Personal Devices and Computing,2017,24,21.0,True,patents,False
Mexico,Personal Devices and Computing,2018,34,30.0,True,patents,False
Mexico,Personal Devices and Computing,2019,35,29.0,False,patents,False
Mexico,Personal Devices and Computing,2020,34,24.0,False,patents,False
Mexico,Personal Devices and Computing,2021,16,7.0,False,patents,False
Mexico,Personal Devices and Computing,2022,7,1.0,False,patents,False
Mexico,Personal Devices and Computing,2023,0,,False,patents,False
Mexico,Physical Sciences and Engineering,2015,2,2.0,True,patents,False
Mexico,Physical Sciences and Engineering,2016,1,1.0,True,patents,False
Mexico,Physical Sciences and Engineering,2017,3,3.0,True,patents,False
Mexico,Physical Sciences and Engineering,2018,11,10.0,True,patents,False
Mexico,Physical Sciences and Engineering,2019,14,11.0,False,patents,False
Mexico,Physical Sciences and Engineering,2020,12,7.0,False,patents,False
Mexico,Physical Sciences and Engineering,2021,21,8.0,False,patents,False
Mexico,Physical Sciences and Engineering,2022,1,0.0,False,patents,False
Mexico,Physical Sciences and Engineering,2023,0,,False,patents,False
Mexico,Security,2015,0,0.0,True,patents,False
Mexico,Security,2016,6,4.0,True,patents,False
Mexico,Security,2017,4,4.0,True,patents,False
Mexico,Security,2018,4,3.0,True,patents,False
Mexico,Security,2019,5,5.0,False,patents,False
Mexico,Security,2020,4,2.0,False,patents,False
Mexico,Security,2021,5,2.0,False,patents,False
Mexico,Security,2022,1,0.0,False,patents,False
Mexico,Security,2023,0,,False,patents,False
Mexico,Telecommunications,2015,3,3.0,True,patents,False
Mexico,Telecommunications,2016,11,8.0,True,patents,False
Mexico,Telecommunications,2017,11,11.0,True,patents,False
Mexico,Telecommunications,2018,13,9.0,True,patents,False
Mexico,Telecommunications,2019,22,21.0,False,patents,False
Mexico,Telecommunications,2020,25,17.0,False,patents,False
Mexico,Telecommunications,2021,32,10.0,False,patents,False
Mexico,Telecommunications,2022,4,0.0,False,patents,False
Mexico,Telecommunications,2023,0,,False,patents,False
Mexico,Transportation,2015,12,12.0,True,patents,False
Mexico,Transportation,2016,14,11.0,True,patents,False
Mexico,Transportation,2017,14,14.0,True,patents,False
Mexico,Transportation,2018,9,8.0,True,patents,False
Mexico,Transportation,2019,6,6.0,False,patents,False
Mexico,Transportation,2020,10,7.0,False,patents,False
Mexico,Transportation,2021,3,1.0,False,patents,False
Mexico,Transportation,2022,0,0.0,False,patents,False
Mexico,Transportation,2023,0,,False,patents,False
Moldova,Agriculture,2021,0,,False,patents,False
Moldova,All,2021,1,,False,patents,False
Moldova,Banking and Finance,2021,0,,False,patents,False
Moldova,Business,2021,0,,False,patents,False
Moldova,Energy Management,2021,0,,False,patents,False
Moldova,Industry and Manufacturing,2021,0,,False,patents,False
Moldova,Life Sciences,2021,0,,False,patents,False
Moldova,Personal Devices and Computing,2021,1,,False,patents,False
Moldova,Physical Sciences and Engineering,2021,0,,False,patents,False
Moldova,Security,2021,0,,False,patents,False
Moldova,Telecommunications,2021,0,,False,patents,False
Moldova,Transportation,2021,0,,False,patents,False
Morocco,Agriculture,2015,0,0.0,True,patents,False
Morocco,Agriculture,2016,0,0.0,True,patents,False
Morocco,Agriculture,2017,0,0.0,True,patents,False
Morocco,Agriculture,2018,1,0.0,True,patents,False
Morocco,Agriculture,2019,0,0.0,False,patents,False
Morocco,Agriculture,2020,1,1.0,False,patents,False
Morocco,Agriculture,2021,0,0.0,False,patents,False
Morocco,Agriculture,2022,2,1.0,False,patents,False
Morocco,All,2015,2,2.0,True,patents,False
Morocco,All,2016,3,1.0,True,patents,False
Morocco,All,2017,5,2.0,True,patents,False
Morocco,All,2018,7,4.0,True,patents,False
Morocco,All,2019,7,5.0,False,patents,False
Morocco,All,2020,2,2.0,False,patents,False
Morocco,All,2021,2,1.0,False,patents,False
Morocco,All,2022,4,3.0,False,patents,False
Morocco,Banking and Finance,2015,1,1.0,True,patents,False
Morocco,Banking and Finance,2016,0,0.0,True,patents,False
Morocco,Banking and Finance,2017,0,0.0,True,patents,False
Morocco,Banking and Finance,2018,1,0.0,True,patents,False
Morocco,Banking and Finance,2019,1,1.0,False,patents,False
Morocco,Banking and Finance,2020,0,0.0,False,patents,False
Morocco,Banking and Finance,2021,0,0.0,False,patents,False
Morocco,Banking and Finance,2022,0,0.0,False,patents,False
Morocco,Business,2015,1,1.0,True,patents,False
Morocco,Business,2016,0,0.0,True,patents,False
Morocco,Business,2017,1,1.0,True,patents,False
Morocco,Business,2018,0,0.0,True,patents,False
Morocco,Business,2019,2,2.0,False,patents,False
Morocco,Business,2020,1,1.0,False,patents,False
Morocco,Business,2021,0,0.0,False,patents,False
Morocco,Business,2022,2,2.0,False,patents,False
Morocco,Energy Management,2015,0,0.0,True,patents,False
Morocco,Energy Management,2016,0,0.0,True,patents,False
Morocco,Energy Management,2017,0,0.0,True,patents,False
Morocco,Energy Management,2018,0,0.0,True,patents,False
Morocco,Energy Management,2019,1,0.0,False,patents,False
Morocco,Energy Management,2020,0,0.0,False,patents,False
Morocco,Energy Management,2021,1,1.0,False,patents,False
Morocco,Energy Management,2022,0,0.0,False,patents,False
Morocco,Industry and Manufacturing,2015,0,0.0,True,patents,False
Morocco,Industry and Manufacturing,2016,0,0.0,True,patents,False
Morocco,Industry and Manufacturing,2017,0,0.0,True,patents,False
Morocco,Industry and Manufacturing,2018,1,1.0,True,patents,False
Morocco,Industry and Manufacturing,2019,0,0.0,False,patents,False
Morocco,Industry and Manufacturing,2020,0,0.0,False,patents,False
Morocco,Industry and Manufacturing,2021,1,1.0,False,patents,False
Morocco,Industry and Manufacturing,2022,0,0.0,False,patents,False
Morocco,Life Sciences,2015,1,1.0,True,patents,False
Morocco,Life Sciences,2016,1,0.0,True,patents,False
Morocco,Life Sciences,2017,0,0.0,True,patents,False
Morocco,Life Sciences,2018,2,1.0,True,patents,False
Morocco,Life Sciences,2019,1,1.0,False,patents,False
Morocco,Life Sciences,2020,0,0.0,False,patents,False
Morocco,Life Sciences,2021,1,0.0,False,patents,False
Morocco,Life Sciences,2022,0,0.0,False,patents,False
Morocco,Personal Devices and Computing,2015,1,1.0,True,patents,False
Morocco,Personal Devices and Computing,2016,2,1.0,True,patents,False
Morocco,Personal Devices and Computing,2017,3,1.0,True,patents,False
Morocco,Personal Devices and Computing,2018,1,1.0,True,patents,False
Morocco,Personal Devices and Computing,2019,4,3.0,False,patents,False
Morocco,Personal Devices and Computing,2020,1,1.0,False,patents,False
Morocco,Personal Devices and Computing,2021,0,0.0,False,patents,False
Morocco,Personal Devices and Computing,2022,2,1.0,False,patents,False
Morocco,Physical Sciences and Engineering,2015,0,0.0,True,patents,False
Morocco,Physical Sciences and Engineering,2016,0,0.0,True,patents,False
Morocco,Physical Sciences and Engineering,2017,0,0.0,True,patents,False
Morocco,Physical Sciences and Engineering,2018,2,1.0,True,patents,False
Morocco,Physical Sciences and Engineering,2019,1,1.0,False,patents,False
Morocco,Physical Sciences and Engineering,2020,0,0.0,False,patents,False
Morocco,Physical Sciences and Engineering,2021,0,0.0,False,patents,False
Morocco,Physical Sciences and Engineering,2022,0,0.0,False,patents,False
Morocco,Security,2015,0,0.0,True,patents,False
Morocco,Security,2016,1,1.0,True,patents,False
Morocco,Security,2017,0,0.0,True,patents,False
Morocco,Security,2018,0,0.0,True,patents,False
Morocco,Security,2019,2,2.0,False,patents,False
Morocco,Security,2020,0,0.0,False,patents,False
Morocco,Security,2021,0,0.0,False,patents,False
Morocco,Security,2022,0,0.0,False,patents,False
Morocco,Telecommunications,2015,1,1.0,True,patents,False
Morocco,Telecommunications,2016,0,0.0,True,patents,False
Morocco,Telecommunications,2017,0,0.0,True,patents,False
Morocco,Telecommunications,2018,2,2.0,True,patents,False
Morocco,Telecommunications,2019,3,3.0,False,patents,False
Morocco,Telecommunications,2020,1,1.0,False,patents,False
Morocco,Telecommunications,2021,0,0.0,False,patents,False
Morocco,Telecommunications,2022,0,0.0,False,patents,False
Morocco,Transportation,2015,0,0.0,True,patents,False
Morocco,Transportation,2016,0,0.0,True,patents,False
Morocco,Transportation,2017,1,1.0,True,patents,False
Morocco,Transportation,2018,0,0.0,True,patents,False
Morocco,Transportation,2019,0,0.0,False,patents,False
Morocco,Transportation,2020,0,0.0,False,patents,False
Morocco,Transportation,2021,0,0.0,False,patents,False
Morocco,Transportation,2022,0,0.0,False,patents,False
Netherlands,Agriculture,2015,1,1.0,True,patents,False
Netherlands,Agriculture,2016,0,0.0,True,patents,False
Netherlands,Agriculture,2017,0,0.0,True,patents,False
Netherlands,Agriculture,2018,0,0.0,True,patents,False
Netherlands,Agriculture,2019,1,1.0,False,patents,False
Netherlands,Agriculture,2020,0,0.0,False,patents,False
Netherlands,Agriculture,2021,4,4.0,False,patents,False
Netherlands,Agriculture,2022,2,2.0,False,patents,False
Netherlands,Agriculture,2023,0,0.0,False,patents,False
Netherlands,Agriculture,2024,0,0.0,False,patents,False
Netherlands,All,2015,5,5.0,True,patents,False
Netherlands,All,2016,6,6.0,True,patents,False
Netherlands,All,2017,5,5.0,True,patents,False
Netherlands,All,2018,13,10.0,True,patents,False
Netherlands,All,2019,24,24.0,False,patents,False
Netherlands,All,2020,19,19.0,False,patents,False
Netherlands,All,2021,45,44.0,False,patents,False
Netherlands,All,2022,63,63.0,False,patents,False
Netherlands,All,2023,3,3.0,False,patents,False
Netherlands,All,2024,5,5.0,False,patents,False
Netherlands,Banking and Finance,2015,0,0.0,True,patents,False
Netherlands,Banking and Finance,2016,0,0.0,True,patents,False
Netherlands,Banking and Finance,2017,0,0.0,True,patents,False
Netherlands,Banking and Finance,2018,0,0.0,True,patents,False
Netherlands,Banking and Finance,2019,0,0.0,False,patents,False
Netherlands,Banking and Finance,2020,1,1.0,False,patents,False
Netherlands,Banking and Finance,2021,1,1.0,False,patents,False
Netherlands,Banking and Finance,2022,1,1.0,False,patents,False
Netherlands,Banking and Finance,2023,0,0.0,False,patents,False
Netherlands,Banking and Finance,2024,0,0.0,False,patents,False
Netherlands,Business,2015,0,0.0,True,patents,False
Netherlands,Business,2016,0,0.0,True,patents,False
Netherlands,Business,2017,0,0.0,True,patents,False
Netherlands,Business,2018,0,0.0,True,patents,False
Netherlands,Business,2019,2,2.0,False,patents,False
Netherlands,Business,2020,2,2.0,False,patents,False
Netherlands,Business,2021,4,4.0,False,patents,False
Netherlands,Business,2022,6,6.0,False,patents,False
Netherlands,Business,2023,0,0.0,False,patents,False
Netherlands,Business,2024,2,2.0,False,patents,False
Netherlands,Energy Management,2015,0,0.0,True,patents,False
Netherlands,Energy Management,2016,0,0.0,True,patents,False
Netherlands,Energy Management,2017,0,0.0,True,patents,False
Netherlands,Energy Management,2018,0,0.0,True,patents,False
Netherlands,Energy Management,2019,0,0.0,False,patents,False
Netherlands,Energy Management,2020,0,0.0,False,patents,False
Netherlands,Energy Management,2021,2,2.0,False,patents,False
Netherlands,Energy Management,2022,4,4.0,False,patents,False
Netherlands,Energy Management,2023,0,0.0,False,patents,False
Netherlands,Energy Management,2024,0,0.0,False,patents,False
Netherlands,Industry and Manufacturing,2015,0,0.0,True,patents,False
Netherlands,Industry and Manufacturing,2016,0,0.0,True,patents,False
Netherlands,Industry and Manufacturing,2017,0,0.0,True,patents,False
Netherlands,Industry and Manufacturing,2018,0,0.0,True,patents,False
Netherlands,Industry and Manufacturing,2019,1,1.0,False,patents,False
Netherlands,Industry and Manufacturing,2020,2,2.0,False,patents,False
Netherlands,Industry and Manufacturing,2021,5,5.0,False,patents,False
Netherlands,Industry and Manufacturing,2022,3,3.0,False,patents,False
Netherlands,Industry and Manufacturing,2023,0,0.0,False,patents,False
Netherlands,Industry and Manufacturing,2024,0,0.0,False,patents,False
Netherlands,Life Sciences,2015,2,2.0,True,patents,False
Netherlands,Life Sciences,2016,0,0.0,True,patents,False
Netherlands,Life Sciences,2017,3,3.0,True,patents,False
Netherlands,Life Sciences,2018,4,3.0,True,patents,False
Netherlands,Life Sciences,2019,8,8.0,False,patents,False
Netherlands,Life Sciences,2020,4,4.0,False,patents,False
Netherlands,Life Sciences,2021,8,8.0,False,patents,False
Netherlands,Life Sciences,2022,11,11.0,False,patents,False
Netherlands,Life Sciences,2023,1,1.0,False,patents,False
Netherlands,Life Sciences,2024,0,0.0,False,patents,False
Netherlands,Personal Devices and Computing,2015,3,3.0,True,patents,False
Netherlands,Personal Devices and Computing,2016,2,2.0,True,patents,False
Netherlands,Personal Devices and Computing,2017,1,1.0,True,patents,False
Netherlands,Personal Devices and Computing,2018,3,3.0,True,patents,False
Netherlands,Personal Devices and Computing,2019,8,8.0,False,patents,False
Netherlands,Personal Devices and Computing,2020,7,7.0,False,patents,False
Netherlands,Personal Devices and Computing,2021,6,5.0,False,patents,False
Netherlands,Personal Devices and Computing,2022,14,14.0,False,patents,False
Netherlands,Personal Devices and Computing,2023,1,1.0,False,patents,False
Netherlands,Personal Devices and Computing,2024,1,1.0,False,patents,False
Netherlands,Physical Sciences and Engineering,2015,0,0.0,True,patents,False
Netherlands,Physical Sciences and Engineering,2016,0,0.0,True,patents,False
Netherlands,Physical Sciences and Engineering,2017,0,0.0,True,patents,False
Netherlands,Physical Sciences and Engineering,2018,0,0.0,True,patents,False
Netherlands,Physical Sciences and Engineering,2019,0,0.0,False,patents,False
Netherlands,Physical Sciences and Engineering,2020,0,0.0,False,patents,False
Netherlands,Physical Sciences and Engineering,2021,2,2.0,False,patents,False
Netherlands,Physical Sciences and Engineering,2022,5,5.0,False,patents,False
Netherlands,Physical Sciences and Engineering,2023,0,0.0,False,patents,False
Netherlands,Physical Sciences and Engineering,2024,0,0.0,False,patents,False
Netherlands,Security,2015,1,1.0,True,patents,False
Netherlands,Security,2016,0,0.0,True,patents,False
Netherlands,Security,2017,0,0.0,True,patents,False
Netherlands,Security,2018,1,1.0,True,patents,False
Netherlands,Security,2019,1,1.0,False,patents,False
Netherlands,Security,2020,1,1.0,False,patents,False
Netherlands,Security,2021,1,1.0,False,patents,False
Netherlands,Security,2022,0,0.0,False,patents,False
Netherlands,Security,2023,0,0.0,False,patents,False
Netherlands,Security,2024,0,0.0,False,patents,False
Netherlands,Telecommunications,2015,1,1.0,True,patents,False
Netherlands,Telecommunications,2016,2,2.0,True,patents,False
Netherlands,Telecommunications,2017,0,0.0,True,patents,False
Netherlands,Telecommunications,2018,1,1.0,True,patents,False
Netherlands,Telecommunications,2019,3,3.0,False,patents,False
Netherlands,Telecommunications,2020,1,1.0,False,patents,False
Netherlands,Telecommunications,2021,3,3.0,False,patents,False
Netherlands,Telecommunications,2022,6,6.0,False,patents,False
Netherlands,Telecommunications,2023,1,1.0,False,patents,False
Netherlands,Telecommunications,2024,1,1.0,False,patents,False
Netherlands,Transportation,2015,0,0.0,True,patents,False
Netherlands,Transportation,2016,1,1.0,True,patents,False
Netherlands,Transportation,2017,1,1.0,True,patents,False
Netherlands,Transportation,2018,0,0.0,True,patents,False
Netherlands,Transportation,2019,1,1.0,False,patents,False
Netherlands,Transportation,2020,1,1.0,False,patents,False
Netherlands,Transportation,2021,2,2.0,False,patents,False
Netherlands,Transportation,2022,2,2.0,False,patents,False
Netherlands,Transportation,2023,0,0.0,False,patents,False
Netherlands,Transportation,2024,0,0.0,False,patents,False
New Zealand,Agriculture,2015,0,0.0,True,patents,False
New Zealand,Agriculture,2016,1,1.0,True,patents,False
New Zealand,Agriculture,2017,3,3.0,True,patents,False
New Zealand,Agriculture,2018,1,1.0,True,patents,False
New Zealand,Agriculture,2019,0,0.0,False,patents,False
New Zealand,Agriculture,2020,0,0.0,False,patents,False
New Zealand,Agriculture,2021,0,0.0,False,patents,False
New Zealand,Agriculture,2022,0,0.0,False,patents,False
New Zealand,All,2015,18,11.0,True,patents,False
New Zealand,All,2016,5,4.0,True,patents,False
New Zealand,All,2017,20,18.0,True,patents,False
New Zealand,All,2018,14,13.0,True,patents,False
New Zealand,All,2019,12,11.0,False,patents,False
New Zealand,All,2020,6,6.0,False,patents,False
New Zealand,All,2021,4,3.0,False,patents,False
New Zealand,All,2022,1,1.0,False,patents,False
New Zealand,Banking and Finance,2015,5,3.0,True,patents,False
New Zealand,Banking and Finance,2016,0,0.0,True,patents,False
New Zealand,Banking and Finance,2017,2,2.0,True,patents,False
New Zealand,Banking and Finance,2018,0,0.0,True,patents,False
New Zealand,Banking and Finance,2019,0,0.0,False,patents,False
New Zealand,Banking and Finance,2020,0,0.0,False,patents,False
New Zealand,Banking and Finance,2021,0,0.0,False,patents,False
New Zealand,Banking and Finance,2022,0,0.0,False,patents,False
New Zealand,Business,2015,3,2.0,True,patents,False
New Zealand,Business,2016,0,0.0,True,patents,False
New Zealand,Business,2017,3,2.0,True,patents,False
New Zealand,Business,2018,1,1.0,True,patents,False
New Zealand,Business,2019,0,0.0,False,patents,False
New Zealand,Business,2020,0,0.0,False,patents,False
New Zealand,Business,2021,1,0.0,False,patents,False
New Zealand,Business,2022,1,1.0,False,patents,False
New Zealand,Energy Management,2015,1,1.0,True,patents,False
New Zealand,Energy Management,2016,1,0.0,True,patents,False
New Zealand,Energy Management,2017,1,1.0,True,patents,False
New Zealand,Energy Management,2018,0,0.0,True,patents,False
New Zealand,Energy Management,2019,0,0.0,False,patents,False
New Zealand,Energy Management,2020,0,0.0,False,patents,False
New Zealand,Energy Management,2021,2,1.0,False,patents,False
New Zealand,Energy Management,2022,0,0.0,False,patents,False
New Zealand,Industry and Manufacturing,2015,2,1.0,True,patents,False
New Zealand,Industry and Manufacturing,2016,0,0.0,True,patents,False
New Zealand,Industry and Manufacturing,2017,2,2.0,True,patents,False
New Zealand,Industry and Manufacturing,2018,0,0.0,True,patents,False
New Zealand,Industry and Manufacturing,2019,1,1.0,False,patents,False
New Zealand,Industry and Manufacturing,2020,0,0.0,False,patents,False
New Zealand,Industry and Manufacturing,2021,1,0.0,False,patents,False
New Zealand,Industry and Manufacturing,2022,0,0.0,False,patents,False
New Zealand,Life Sciences,2015,3,3.0,True,patents,False
New Zealand,Life Sciences,2016,3,3.0,True,patents,False
New Zealand,Life Sciences,2017,10,9.0,True,patents,False
New Zealand,Life Sciences,2018,10,9.0,True,patents,False
New Zealand,Life Sciences,2019,8,7.0,False,patents,False
New Zealand,Life Sciences,2020,3,3.0,False,patents,False
New Zealand,Life Sciences,2021,0,0.0,False,patents,False
New Zealand,Life Sciences,2022,0,0.0,False,patents,False
New Zealand,Personal Devices and Computing,2015,8,5.0,True,patents,False
New Zealand,Personal Devices and Computing,2016,0,0.0,True,patents,False
New Zealand,Personal Devices and Computing,2017,8,8.0,True,patents,False
New Zealand,Personal Devices and Computing,2018,6,6.0,True,patents,False
New Zealand,Personal Devices and Computing,2019,3,3.0,False,patents,False
New Zealand,Personal Devices and Computing,2020,3,3.0,False,patents,False
New Zealand,Personal Devices and Computing,2021,0,0.0,False,patents,False
New Zealand,Personal Devices and Computing,2022,0,0.0,False,patents,False
New Zealand,Physical Sciences and Engineering,2015,1,1.0,True,patents,False
New Zealand,Physical Sciences and Engineering,2016,0,0.0,True,patents,False
New Zealand,Physical Sciences and Engineering,2017,1,1.0,True,patents,False
New Zealand,Physical Sciences and Engineering,2018,1,0.0,True,patents,False
New Zealand,Physical Sciences and Engineering,2019,1,1.0,False,patents,False
New Zealand,Physical Sciences and Engineering,2020,0,0.0,False,patents,False
New Zealand,Physical Sciences and Engineering,2021,2,1.0,False,patents,False
New Zealand,Physical Sciences and Engineering,2022,0,0.0,False,patents,False
New Zealand,Security,2015,2,2.0,True,patents,False
New Zealand,Security,2016,0,0.0,True,patents,False
New Zealand,Security,2017,1,1.0,True,patents,False
New Zealand,Security,2018,2,1.0,True,patents,False
New Zealand,Security,2019,2,2.0,False,patents,False
New Zealand,Security,2020,0,0.0,False,patents,False
New Zealand,Security,2021,0,0.0,False,patents,False
New Zealand,Security,2022,0,0.0,False,patents,False
New Zealand,Telecommunications,2015,3,3.0,True,patents,False
New Zealand,Telecommunications,2016,0,0.0,True,patents,False
New Zealand,Telecommunications,2017,4,4.0,True,patents,False
New Zealand,Telecommunications,2018,1,1.0,True,patents,False
New Zealand,Telecommunications,2019,3,3.0,False,patents,False
New Zealand,Telecommunications,2020,1,1.0,False,patents,False
New Zealand,Telecommunications,2021,1,1.0,False,patents,False
New Zealand,Telecommunications,2022,0,0.0,False,patents,False
New Zealand,Transportation,2015,1,1.0,True,patents,False
New Zealand,Transportation,2016,1,1.0,True,patents,False
New Zealand,Transportation,2017,0,0.0,True,patents,False
New Zealand,Transportation,2018,0,0.0,True,patents,False
New Zealand,Transportation,2019,0,0.0,False,patents,False
New Zealand,Transportation,2020,1,1.0,False,patents,False
New Zealand,Transportation,2021,1,1.0,False,patents,False
New Zealand,Transportation,2022,0,0.0,False,patents,False
Norway,Agriculture,2016,1,0.0,True,patents,False
Norway,Agriculture,2017,1,1.0,True,patents,False
Norway,Agriculture,2018,1,1.0,True,patents,False
Norway,Agriculture,2019,0,0.0,False,patents,False
Norway,Agriculture,2020,1,1.0,False,patents,False
Norway,Agriculture,2021,1,1.0,False,patents,False
Norway,Agriculture,2022,1,0.0,False,patents,False
Norway,Agriculture,2023,0,0.0,False,patents,False
Norway,All,2016,3,2.0,True,patents,False
Norway,All,2017,2,2.0,True,patents,False
Norway,All,2018,6,5.0,True,patents,False
Norway,All,2019,5,5.0,False,patents,False
Norway,All,2020,8,6.0,False,patents,False
Norway,All,2021,6,4.0,False,patents,False
Norway,All,2022,6,3.0,False,patents,False
Norway,All,2023,3,1.0,False,patents,False
Norway,Banking and Finance,2016,0,0.0,True,patents,False
Norway,Banking and Finance,2017,1,1.0,True,patents,False
Norway,Banking and Finance,2018,1,1.0,True,patents,False
Norway,Banking and Finance,2019,1,1.0,False,patents,False
Norway,Banking and Finance,2020,0,0.0,False,patents,False
Norway,Banking and Finance,2021,0,0.0,False,patents,False
Norway,Banking and Finance,2022,0,0.0,False,patents,False
Norway,Banking and Finance,2023,0,0.0,False,patents,False
Norway,Business,2016,0,0.0,True,patents,False
Norway,Business,2017,0,0.0,True,patents,False
Norway,Business,2018,1,1.0,True,patents,False
Norway,Business,2019,2,2.0,False,patents,False
Norway,Business,2020,0,0.0,False,patents,False
Norway,Business,2021,0,0.0,False,patents,False
Norway,Business,2022,1,0.0,False,patents,False
Norway,Business,2023,0,0.0,False,patents,False
Norway,Energy Management,2016,0,0.0,True,patents,False
Norway,Energy Management,2017,0,0.0,True,patents,False
Norway,Energy Management,2018,0,0.0,True,patents,False
Norway,Energy Management,2019,1,1.0,False,patents,False
Norway,Energy Management,2020,0,0.0,False,patents,False
Norway,Energy Management,2021,1,0.0,False,patents,False
Norway,Energy Management,2022,2,2.0,False,patents,False
Norway,Energy Management,2023,1,0.0,False,patents,False
Norway,Industry and Manufacturing,2016,0,0.0,True,patents,False
Norway,Industry and Manufacturing,2017,0,0.0,True,patents,False
Norway,Industry and Manufacturing,2018,1,1.0,True,patents,False
Norway,Industry and Manufacturing,2019,2,2.0,False,patents,False
Norway,Industry and Manufacturing,2020,1,1.0,False,patents,False
Norway,Industry and Manufacturing,2021,1,1.0,False,patents,False
Norway,Industry and Manufacturing,2022,2,1.0,False,patents,False
Norway,Industry and Manufacturing,2023,0,0.0,False,patents,False
Norway,Life Sciences,2016,1,0.0,True,patents,False
Norway,Life Sciences,2017,0,0.0,True,patents,False
Norway,Life Sciences,2018,0,0.0,True,patents,False
Norway,Life Sciences,2019,1,1.0,False,patents,False
Norway,Life Sciences,2020,2,1.0,False,patents,False
Norway,Life Sciences,2021,1,1.0,False,patents,False
Norway,Life Sciences,2022,0,0.0,False,patents,False
Norway,Life Sciences,2023,0,0.0,False,patents,False
Norway,Personal Devices and Computing,2016,1,1.0,True,patents,False
Norway,Personal Devices and Computing,2017,0,0.0,True,patents,False
Norway,Personal Devices and Computing,2018,2,1.0,True,patents,False
Norway,Personal Devices and Computing,2019,3,3.0,False,patents,False
Norway,Personal Devices and Computing,2020,3,2.0,False,patents,False
Norway,Personal Devices and Computing,2021,3,2.0,False,patents,False
Norway,Personal Devices and Computing,2022,0,0.0,False,patents,False
Norway,Personal Devices and Computing,2023,1,1.0,False,patents,False
Norway,Physical Sciences and Engineering,2016,0,0.0,True,patents,False
Norway,Physical Sciences and Engineering,2017,0,0.0,True,patents,False
Norway,Physical Sciences and Engineering,2018,0,0.0,True,patents,False
Norway,Physical Sciences and Engineering,2019,0,0.0,False,patents,False
Norway,Physical Sciences and Engineering,2020,2,1.0,False,patents,False
Norway,Physical Sciences and Engineering,2021,1,1.0,False,patents,False
Norway,Physical Sciences and Engineering,2022,1,1.0,False,patents,False
Norway,Physical Sciences and Engineering,2023,2,1.0,False,patents,False
Norway,Security,2016,0,0.0,True,patents,False
Norway,Security,2017,0,0.0,True,patents,False
Norway,Security,2018,0,0.0,True,patents,False
Norway,Security,2019,0,0.0,False,patents,False
Norway,Security,2020,2,2.0,False,patents,False
Norway,Security,2021,0,0.0,False,patents,False
Norway,Security,2022,0,0.0,False,patents,False
Norway,Security,2023,0,0.0,False,patents,False
Norway,Telecommunications,2016,0,0.0,True,patents,False
Norway,Telecommunications,2017,0,0.0,True,patents,False
Norway,Telecommunications,2018,3,3.0,True,patents,False
Norway,Telecommunications,2019,1,1.0,False,patents,False
Norway,Telecommunications,2020,1,1.0,False,patents,False
Norway,Telecommunications,2021,2,2.0,False,patents,False
Norway,Telecommunications,2022,1,1.0,False,patents,False
Norway,Telecommunications,2023,0,0.0,False,patents,False
Norway,Transportation,2016,0,0.0,True,patents,False
Norway,Transportation,2017,2,2.0,True,patents,False
Norway,Transportation,2018,2,2.0,True,patents,False
Norway,Transportation,2019,1,1.0,False,patents,False
Norway,Transportation,2020,1,1.0,False,patents,False
Norway,Transportation,2021,0,0.0,False,patents,False
Norway,Transportation,2022,3,2.0,False,patents,False
Norway,Transportation,2023,1,0.0,False,patents,False
Oman,Agriculture,2016,0,,False,patents,False
Oman,All,2016,1,,False,patents,False
Oman,Banking and Finance,2016,0,,False,patents,False
Oman,Business,2016,0,,False,patents,False
Oman,Energy Management,2016,0,,False,patents,False
Oman,Industry and Manufacturing,2016,0,,False,patents,False
Oman,Life Sciences,2016,1,,False,patents,False
Oman,Personal Devices and Computing,2016,0,,False,patents,False
Oman,Physical Sciences and Engineering,2016,0,,False,patents,False
Oman,Security,2016,0,,False,patents,False
Oman,Telecommunications,2016,0,,False,patents,False
Oman,Transportation,2016,1,,False,patents,False
Panama,Agriculture,2016,0,,False,patents,False
Panama,All,2016,2,,False,patents,False
Panama,Banking and Finance,2016,0,,False,patents,False
Panama,Business,2016,0,,False,patents,False
Panama,Energy Management,2016,0,,False,patents,False
Panama,Industry and Manufacturing,2016,0,,False,patents,False
Panama,Life Sciences,2016,1,,False,patents,False
Panama,Personal Devices and Computing,2016,0,,False,patents,False
Panama,Physical Sciences and Engineering,2016,0,,False,patents,False
Panama,Security,2016,0,,False,patents,False
Panama,Telecommunications,2016,0,,False,patents,False
Panama,Transportation,2016,0,,False,patents,False
Peru,Agriculture,2015,0,0.0,True,patents,False
Peru,Agriculture,2016,0,0.0,True,patents,False
Peru,Agriculture,2017,0,0.0,True,patents,False
Peru,Agriculture,2018,0,0.0,True,patents,False
Peru,Agriculture,2019,0,0.0,False,patents,False
Peru,Agriculture,2020,2,2.0,False,patents,False
Peru,Agriculture,2021,0,0.0,False,patents,False
Peru,Agriculture,2022,0,0.0,False,patents,False
Peru,Agriculture,2023,0,0.0,False,patents,False
Peru,All,2015,2,2.0,True,patents,False
Peru,All,2016,3,2.0,True,patents,False
Peru,All,2017,1,1.0,True,patents,False
Peru,All,2018,4,4.0,True,patents,False
Peru,All,2019,2,2.0,False,patents,False
Peru,All,2020,13,8.0,False,patents,False
Peru,All,2021,4,1.0,False,patents,False
Peru,All,2022,8,3.0,False,patents,False
Peru,All,2023,1,1.0,False,patents,False
Peru,Banking and Finance,2015,0,0.0,True,patents,False
Peru,Banking and Finance,2016,0,0.0,True,patents,False
Peru,Banking and Finance,2017,0,0.0,True,patents,False
Peru,Banking and Finance,2018,0,0.0,True,patents,False
Peru,Banking and Finance,2019,0,0.0,False,patents,False
Peru,Banking and Finance,2020,2,1.0,False,patents,False
Peru,Banking and Finance,2021,1,1.0,False,patents,False
Peru,Banking and Finance,2022,3,2.0,False,patents,False
Peru,Banking and Finance,2023,0,0.0,False,patents,False
Peru,Business,2015,0,0.0,True,patents,False
Peru,Business,2016,0,0.0,True,patents,False
Peru,Business,2017,0,0.0,True,patents,False
Peru,Business,2018,0,0.0,True,patents,False
Peru,Business,2019,0,0.0,False,patents,False
Peru,Business,2020,3,2.0,False,patents,False
Peru,Business,2021,1,0.0,False,patents,False
Peru,Business,2022,2,1.0,False,patents,False
Peru,Business,2023,0,0.0,False,patents,False
Peru,Energy Management,2015,0,0.0,True,patents,False
Peru,Energy Management,2016,0,0.0,True,patents,False
Peru,Energy Management,2017,0,0.0,True,patents,False
Peru,Energy Management,2018,0,0.0,True,patents,False
Peru,Energy Management,2019,0,0.0,False,patents,False
Peru,Energy Management,2020,1,1.0,False,patents,False
Peru,Energy Management,2021,1,0.0,False,patents,False
Peru,Energy Management,2022,0,0.0,False,patents,False
Peru,Energy Management,2023,0,0.0,False,patents,False
Peru,Industry and Manufacturing,2015,0,0.0,True,patents,False
Peru,Industry and Manufacturing,2016,0,0.0,True,patents,False
Peru,Industry and Manufacturing,2017,0,0.0,True,patents,False
Peru,Industry and Manufacturing,2018,0,0.0,True,patents,False
Peru,Industry and Manufacturing,2019,0,0.0,False,patents,False
Peru,Industry and Manufacturing,2020,3,2.0,False,patents,False
Peru,Industry and Manufacturing,2021,2,0.0,False,patents,False
Peru,Industry and Manufacturing,2022,0,0.0,False,patents,False
Peru,Industry and Manufacturing,2023,0,0.0,False,patents,False
Peru,Life Sciences,2015,1,1.0,True,patents,False
Peru,Life Sciences,2016,0,0.0,True,patents,False
Peru,Life Sciences,2017,0,0.0,True,patents,False
Peru,Life Sciences,2018,2,2.0,True,patents,False
Peru,Life Sciences,2019,0,0.0,False,patents,False
Peru,Life Sciences,2020,2,1.0,False,patents,False
Peru,Life Sciences,2021,0,0.0,False,patents,False
Peru,Life Sciences,2022,0,0.0,False,patents,False
Peru,Life Sciences,2023,1,1.0,False,patents,False
Peru,Personal Devices and Computing,2015,0,0.0,True,patents,False
Peru,Personal Devices and Computing,2016,0,0.0,True,patents,False
Peru,Personal Devices and Computing,2017,1,1.0,True,patents,False
Peru,Personal Devices and Computing,2018,2,2.0,True,patents,False
Peru,Personal Devices and Computing,2019,1,1.0,False,patents,False
Peru,Personal Devices and Computing,2020,3,3.0,False,patents,False
Peru,Personal Devices and Computing,2021,0,0.0,False,patents,False
Peru,Personal Devices and Computing,2022,1,1.0,False,patents,False
Peru,Personal Devices and Computing,2023,0,0.0,False,patents,False
Peru,Physical Sciences and Engineering,2015,1,1.0,True,patents,False
Peru,Physical Sciences and Engineering,2016,1,1.0,True,patents,False
Peru,Physical Sciences and Engineering,2017,1,1.0,True,patents,False
Peru,Physical Sciences and Engineering,2018,1,1.0,True,patents,False
Peru,Physical Sciences and Engineering,2019,1,1.0,False,patents,False
Peru,Physical Sciences and Engineering,2020,4,2.0,False,patents,False
Peru,Physical Sciences and Engineering,2021,3,1.0,False,patents,False
Peru,Physical Sciences and Engineering,2022,2,0.0,False,patents,False
Peru,Physical Sciences and Engineering,2023,0,0.0,False,patents,False
Peru,Security,2015,0,0.0,True,patents,False
Peru,Security,2016,0,0.0,True,patents,False
Peru,Security,2017,0,0.0,True,patents,False
Peru,Security,2018,0,0.0,True,patents,False
Peru,Security,2019,1,1.0,False,patents,False
Peru,Security,2020,1,1.0,False,patents,False
Peru,Security,2021,1,0.0,False,patents,False
Peru,Security,2022,0,0.0,False,patents,False
Peru,Security,2023,0,0.0,False,patents,False
Peru,Telecommunications,2015,0,0.0,True,patents,False
Peru,Telecommunications,2016,1,1.0,True,patents,False
Peru,Telecommunications,2017,0,0.0,True,patents,False
Peru,Telecommunications,2018,0,0.0,True,patents,False
Peru,Telecommunications,2019,1,1.0,False,patents,False
Peru,Telecommunications,2020,4,3.0,False,patents,False
Peru,Telecommunications,2021,1,1.0,False,patents,False
Peru,Telecommunications,2022,1,0.0,False,patents,False
Peru,Telecommunications,2023,0,0.0,False,patents,False
Peru,Transportation,2015,0,0.0,True,patents,False
Peru,Transportation,2016,0,0.0,True,patents,False
Peru,Transportation,2017,0,0.0,True,patents,False
Peru,Transportation,2018,0,0.0,True,patents,False
Peru,Transportation,2019,0,0.0,False,patents,False
Peru,Transportation,2020,1,0.0,False,patents,False
Peru,Transportation,2021,0,0.0,False,patents,False
Peru,Transportation,2022,0,0.0,False,patents,False
Peru,Transportation,2023,0,0.0,False,patents,False
Philippines,Agriculture,2015,0,0.0,True,patents,False
Philippines,Agriculture,2016,2,2.0,True,patents,False
Philippines,Agriculture,2017,0,0.0,True,patents,False
Philippines,Agriculture,2018,0,0.0,True,patents,False
Philippines,Agriculture,2019,1,1.0,False,patents,False
Philippines,Agriculture,2020,2,1.0,False,patents,False
Philippines,Agriculture,2021,0,0.0,False,patents,False
Philippines,Agriculture,2022,0,,False,patents,False
Philippines,All,2015,8,5.0,True,patents,False
Philippines,All,2016,4,2.0,True,patents,False
Philippines,All,2017,1,1.0,True,patents,False
Philippines,All,2018,5,4.0,True,patents,False
Philippines,All,2019,21,12.0,False,patents,False
Philippines,All,2020,23,16.0,False,patents,False
Philippines,All,2021,39,22.0,False,patents,False
Philippines,All,2022,1,,False,patents,False
Philippines,Banking and Finance,2015,4,2.0,True,patents,False
Philippines,Banking and Finance,2016,0,0.0,True,patents,False
Philippines,Banking and Finance,2017,0,0.0,True,patents,False
Philippines,Banking and Finance,2018,0,0.0,True,patents,False
Philippines,Banking and Finance,2019,2,2.0,False,patents,False
Philippines,Banking and Finance,2020,2,2.0,False,patents,False
Philippines,Banking and Finance,2021,7,2.0,False,patents,False
Philippines,Banking and Finance,2022,0,,False,patents,False
Philippines,Business,2015,3,2.0,True,patents,False
Philippines,Business,2016,0,0.0,True,patents,False
Philippines,Business,2017,1,1.0,True,patents,False
Philippines,Business,2018,1,1.0,True,patents,False
Philippines,Business,2019,4,4.0,False,patents,False
Philippines,Business,2020,5,3.0,False,patents,False
Philippines,Business,2021,0,0.0,False,patents,False
Philippines,Business,2022,0,,False,patents,False
Philippines,Energy Management,2015,0,0.0,True,patents,False
Philippines,Energy Management,2016,0,0.0,True,patents,False
Philippines,Energy Management,2017,0,0.0,True,patents,False
Philippines,Energy Management,2018,0,0.0,True,patents,False
Philippines,Energy Management,2019,1,1.0,False,patents,False
Philippines,Energy Management,2020,0,0.0,False,patents,False
Philippines,Energy Management,2021,0,0.0,False,patents,False
Philippines,Energy Management,2022,0,,False,patents,False
Philippines,Industry and Manufacturing,2015,2,1.0,True,patents,False
Philippines,Industry and Manufacturing,2016,0,0.0,True,patents,False
Philippines,Industry and Manufacturing,2017,0,0.0,True,patents,False
Philippines,Industry and Manufacturing,2018,0,0.0,True,patents,False
Philippines,Industry and Manufacturing,2019,3,2.0,False,patents,False
Philippines,Industry and Manufacturing,2020,0,0.0,False,patents,False
Philippines,Industry and Manufacturing,2021,0,0.0,False,patents,False
Philippines,Industry and Manufacturing,2022,0,,False,patents,False
Philippines,Life Sciences,2015,0,0.0,True,patents,False
Philippines,Life Sciences,2016,0,0.0,True,patents,False
Philippines,Life Sciences,2017,0,0.0,True,patents,False
Philippines,Life Sciences,2018,1,1.0,True,patents,False
Philippines,Life Sciences,2019,2,2.0,False,patents,False
Philippines,Life Sciences,2020,2,1.0,False,patents,False
Philippines,Life Sciences,2021,0,0.0,False,patents,False
Philippines,Life Sciences,2022,0,,False,patents,False
Philippines,Personal Devices and Computing,2015,2,1.0,True,patents,False
Philippines,Personal Devices and Computing,2016,1,1.0,True,patents,False
Philippines,Personal Devices and Computing,2017,1,1.0,True,patents,False
Philippines,Personal Devices and Computing,2018,1,1.0,True,patents,False
Philippines,Personal Devices and Computing,2019,7,5.0,False,patents,False
Philippines,Personal Devices and Computing,2020,7,5.0,False,patents,False
Philippines,Personal Devices and Computing,2021,20,14.0,False,patents,False
Philippines,Personal Devices and Computing,2022,1,,False,patents,False
Philippines,Physical Sciences and Engineering,2015,0,0.0,True,patents,False
Philippines,Physical Sciences and Engineering,2016,0,0.0,True,patents,False
Philippines,Physical Sciences and Engineering,2017,0,0.0,True,patents,False
Philippines,Physical Sciences and Engineering,2018,1,1.0,True,patents,False
Philippines,Physical Sciences and Engineering,2019,2,1.0,False,patents,False
Philippines,Physical Sciences and Engineering,2020,2,1.0,False,patents,False
Philippines,Physical Sciences and Engineering,2021,0,0.0,False,patents,False
Philippines,Physical Sciences and Engineering,2022,0,,False,patents,False
Philippines,Security,2015,0,0.0,True,patents,False
Philippines,Security,2016,0,0.0,True,patents,False
Philippines,Security,2017,0,0.0,True,patents,False
Philippines,Security,2018,1,1.0,True,patents,False
Philippines,Security,2019,1,1.0,False,patents,False
Philippines,Security,2020,0,0.0,False,patents,False
Philippines,Security,2021,1,0.0,False,patents,False
Philippines,Security,2022,0,,False,patents,False
Philippines,Telecommunications,2015,3,3.0,True,patents,False
Philippines,Telecommunications,2016,0,0.0,True,patents,False
Philippines,Telecommunications,2017,0,0.0,True,patents,False
Philippines,Telecommunications,2018,1,1.0,True,patents,False
Philippines,Telecommunications,2019,1,1.0,False,patents,False
Philippines,Telecommunications,2020,5,2.0,False,patents,False
Philippines,Telecommunications,2021,6,2.0,False,patents,False
Philippines,Telecommunications,2022,0,,False,patents,False
Philippines,Transportation,2015,0,0.0,True,patents,False
Philippines,Transportation,2016,0,0.0,True,patents,False
Philippines,Transportation,2017,0,0.0,True,patents,False
Philippines,Transportation,2018,0,0.0,True,patents,False
Philippines,Transportation,2019,1,1.0,False,patents,False
Philippines,Transportation,2020,2,2.0,False,patents,False
Philippines,Transportation,2021,0,0.0,False,patents,False
Philippines,Transportation,2022,0,,False,patents,False
Poland,Agriculture,2015,1,1.0,True,patents,False
Poland,Agriculture,2016,0,0.0,True,patents,False
Poland,Agriculture,2017,1,1.0,True,patents,False
Poland,Agriculture,2018,2,2.0,True,patents,False
Poland,Agriculture,2019,1,0.0,False,patents,False
Poland,Agriculture,2020,1,1.0,False,patents,False
Poland,Agriculture,2021,1,1.0,False,patents,False
Poland,Agriculture,2022,0,0.0,False,patents,False
Poland,Agriculture,2023,0,0.0,False,patents,False
Poland,All,2015,20,13.0,True,patents,False
Poland,All,2016,19,15.0,True,patents,False
Poland,All,2017,20,19.0,True,patents,False
Poland,All,2018,27,23.0,True,patents,False
Poland,All,2019,26,25.0,False,patents,False
Poland,All,2020,19,16.0,False,patents,False
Poland,All,2021,18,14.0,False,patents,False
Poland,All,2022,11,7.0,False,patents,False
Poland,All,2023,4,2.0,False,patents,False
Poland,Banking and Finance,2015,2,1.0,True,patents,False
Poland,Banking and Finance,2016,0,0.0,True,patents,False
Poland,Banking and Finance,2017,1,1.0,True,patents,False
Poland,Banking and Finance,2018,0,0.0,True,patents,False
Poland,Banking and Finance,2019,0,0.0,False,patents,False
Poland,Banking and Finance,2020,2,2.0,False,patents,False
Poland,Banking and Finance,2021,1,1.0,False,patents,False
Poland,Banking and Finance,2022,0,0.0,False,patents,False
Poland,Banking and Finance,2023,0,0.0,False,patents,False
Poland,Business,2015,2,1.0,True,patents,False
Poland,Business,2016,1,0.0,True,patents,False
Poland,Business,2017,1,1.0,True,patents,False
Poland,Business,2018,3,2.0,True,patents,False
Poland,Business,2019,3,3.0,False,patents,False
Poland,Business,2020,2,2.0,False,patents,False
Poland,Business,2021,2,2.0,False,patents,False
Poland,Business,2022,1,0.0,False,patents,False
Poland,Business,2023,0,0.0,False,patents,False
Poland,Energy Management,2015,1,1.0,True,patents,False
Poland,Energy Management,2016,1,0.0,True,patents,False
Poland,Energy Management,2017,0,0.0,True,patents,False
Poland,Energy Management,2018,1,1.0,True,patents,False
Poland,Energy Management,2019,1,1.0,False,patents,False
Poland,Energy Management,2020,3,3.0,False,patents,False
Poland,Energy Management,2021,2,1.0,False,patents,False
Poland,Energy Management,2022,0,0.0,False,patents,False
Poland,Energy Management,2023,0,0.0,False,patents,False
Poland,Industry and Manufacturing,2015,3,3.0,True,patents,False
Poland,Industry and Manufacturing,2016,1,1.0,True,patents,False
Poland,Industry and Manufacturing,2017,1,1.0,True,patents,False
Poland,Industry and Manufacturing,2018,3,2.0,True,patents,False
Poland,Industry and Manufacturing,2019,3,3.0,False,patents,False
Poland,Industry and Manufacturing,2020,4,4.0,False,patents,False
Poland,Industry and Manufacturing,2021,5,5.0,False,patents,False
Poland,Industry and Manufacturing,2022,1,1.0,False,patents,False
Poland,Industry and Manufacturing,2023,0,0.0,False,patents,False
Poland,Life Sciences,2015,5,4.0,True,patents,False
Poland,Life Sciences,2016,7,6.0,True,patents,False
Poland,Life Sciences,2017,4,4.0,True,patents,False
Poland,Life Sciences,2018,6,5.0,True,patents,False
Poland,Life Sciences,2019,6,6.0,False,patents,False
Poland,Life Sciences,2020,7,5.0,False,patents,False
Poland,Life Sciences,2021,3,1.0,False,patents,False
Poland,Life Sciences,2022,1,0.0,False,patents,False
Poland,Life Sciences,2023,2,2.0,False,patents,False
Poland,Personal Devices and Computing,2015,6,4.0,True,patents,False
Poland,Personal Devices and Computing,2016,5,4.0,True,patents,False
Poland,Personal Devices and Computing,2017,11,11.0,True,patents,False
Poland,Personal Devices and Computing,2018,9,7.0,True,patents,False
Poland,Personal Devices and Computing,2019,10,10.0,False,patents,False
Poland,Personal Devices and Computing,2020,6,6.0,False,patents,False
Poland,Personal Devices and Computing,2021,5,3.0,False,patents,False
Poland,Personal Devices and Computing,2022,3,2.0,False,patents,False
Poland,Personal Devices and Computing,2023,0,0.0,False,patents,False
Poland,Physical Sciences and Engineering,2015,0,0.0,True,patents,False
Poland,Physical Sciences and Engineering,2016,1,1.0,True,patents,False
Poland,Physical Sciences and Engineering,2017,3,3.0,True,patents,False
Poland,Physical Sciences and Engineering,2018,1,0.0,True,patents,False
Poland,Physical Sciences and Engineering,2019,1,1.0,False,patents,False
Poland,Physical Sciences and Engineering,2020,1,1.0,False,patents,False
Poland,Physical Sciences and Engineering,2021,2,2.0,False,patents,False
Poland,Physical Sciences and Engineering,2022,0,0.0,False,patents,False
Poland,Physical Sciences and Engineering,2023,0,0.0,False,patents,False
Poland,Security,2015,1,0.0,True,patents,False
Poland,Security,2016,1,0.0,True,patents,False
Poland,Security,2017,0,0.0,True,patents,False
Poland,Security,2018,1,1.0,True,patents,False
Poland,Security,2019,1,1.0,False,patents,False
Poland,Security,2020,1,1.0,False,patents,False
Poland,Security,2021,2,2.0,False,patents,False
Poland,Security,2022,2,1.0,False,patents,False
Poland,Security,2023,0,0.0,False,patents,False
Poland,Telecommunications,2015,2,1.0,True,patents,False
Poland,Telecommunications,2016,3,2.0,True,patents,False
Poland,Telecommunications,2017,3,3.0,True,patents,False
Poland,Telecommunications,2018,6,6.0,True,patents,False
Poland,Telecommunications,2019,13,13.0,False,patents,False
Poland,Telecommunications,2020,1,1.0,False,patents,False
Poland,Telecommunications,2021,1,1.0,False,patents,False
Poland,Telecommunications,2022,1,0.0,False,patents,False
Poland,Telecommunications,2023,0,0.0,False,patents,False
Poland,Transportation,2015,2,2.0,True,patents,False
Poland,Transportation,2016,4,4.0,True,patents,False
Poland,Transportation,2017,2,2.0,True,patents,False
Poland,Transportation,2018,2,2.0,True,patents,False
Poland,Transportation,2019,1,1.0,False,patents,False
Poland,Transportation,2020,2,2.0,False,patents,False
Poland,Transportation,2021,1,1.0,False,patents,False
Poland,Transportation,2022,0,0.0,False,patents,False
Poland,Transportation,2023,0,0.0,False,patents,False
Portugal,Agriculture,2015,0,0.0,True,patents,False
Portugal,Agriculture,2016,1,0.0,True,patents,False
Portugal,Agriculture,2017,0,0.0,True,patents,False
Portugal,Agriculture,2018,1,1.0,True,patents,False
Portugal,Agriculture,2019,1,1.0,False,patents,False
Portugal,Agriculture,2020,0,0.0,False,patents,False
Portugal,Agriculture,2021,0,0.0,False,patents,False
Portugal,Agriculture,2022,1,0.0,False,patents,False
Portugal,All,2015,5,5.0,True,patents,False
Portugal,All,2016,10,6.0,True,patents,False
Portugal,All,2017,8,7.0,True,patents,False
Portugal,All,2018,13,11.0,True,patents,False
Portugal,All,2019,6,5.0,False,patents,False
Portugal,All,2020,10,8.0,False,patents,False
Portugal,All,2021,4,3.0,False,patents,False
Portugal,All,2022,5,2.0,False,patents,False
Portugal,Banking and Finance,2015,0,0.0,True,patents,False
Portugal,Banking and Finance,2016,0,0.0,True,patents,False
Portugal,Banking and Finance,2017,0,0.0,True,patents,False
Portugal,Banking and Finance,2018,0,0.0,True,patents,False
Portugal,Banking and Finance,2019,0,0.0,False,patents,False
Portugal,Banking and Finance,2020,0,0.0,False,patents,False
Portugal,Banking and Finance,2021,0,0.0,False,patents,False
Portugal,Banking and Finance,2022,0,0.0,False,patents,False
Portugal,Business,2015,0,0.0,True,patents,False
Portugal,Business,2016,2,0.0,True,patents,False
Portugal,Business,2017,0,0.0,True,patents,False
Portugal,Business,2018,0,0.0,True,patents,False
Portugal,Business,2019,0,0.0,False,patents,False
Portugal,Business,2020,0,0.0,False,patents,False
Portugal,Business,2021,0,0.0,False,patents,False
Portugal,Business,2022,0,0.0,False,patents,False
Portugal,Energy Management,2015,0,0.0,True,patents,False
Portugal,Energy Management,2016,0,0.0,True,patents,False
Portugal,Energy Management,2017,0,0.0,True,patents,False
Portugal,Energy Management,2018,1,1.0,True,patents,False
Portugal,Energy Management,2019,0,0.0,False,patents,False
Portugal,Energy Management,2020,0,0.0,False,patents,False
Portugal,Energy Management,2021,0,0.0,False,patents,False
Portugal,Energy Management,2022,0,0.0,False,patents,False
Portugal,Industry and Manufacturing,2015,0,0.0,True,patents,False
Portugal,Industry and Manufacturing,2016,1,1.0,True,patents,False
Portugal,Industry and Manufacturing,2017,1,1.0,True,patents,False
Portugal,Industry and Manufacturing,2018,2,2.0,True,patents,False
Portugal,Industry and Manufacturing,2019,1,1.0,False,patents,False
Portugal,Industry and Manufacturing,2020,0,0.0,False,patents,False
Portugal,Industry and Manufacturing,2021,1,1.0,False,patents,False
Portugal,Industry and Manufacturing,2022,0,0.0,False,patents,False
Portugal,Life Sciences,2015,4,4.0,True,patents,False
Portugal,Life Sciences,2016,2,1.0,True,patents,False
Portugal,Life Sciences,2017,4,3.0,True,patents,False
Portugal,Life Sciences,2018,3,2.0,True,patents,False
Portugal,Life Sciences,2019,2,1.0,False,patents,False
Portugal,Life Sciences,2020,3,3.0,False,patents,False
Portugal,Life Sciences,2021,1,0.0,False,patents,False
Portugal,Life Sciences,2022,2,2.0,False,patents,False
Portugal,Personal Devices and Computing,2015,1,1.0,True,patents,False
Portugal,Personal Devices and Computing,2016,3,2.0,True,patents,False
Portugal,Personal Devices and Computing,2017,3,3.0,True,patents,False
Portugal,Personal Devices and Computing,2018,3,3.0,True,patents,False
Portugal,Personal Devices and Computing,2019,4,4.0,False,patents,False
Portugal,Personal Devices and Computing,2020,4,3.0,False,patents,False
Portugal,Personal Devices and Computing,2021,2,2.0,False,patents,False
Portugal,Personal Devices and Computing,2022,1,0.0,False,patents,False
Portugal,Physical Sciences and Engineering,2015,0,0.0,True,patents,False
Portugal,Physical Sciences and Engineering,2016,1,1.0,True,patents,False
Portugal,Physical Sciences and Engineering,2017,0,0.0,True,patents,False
Portugal,Physical Sciences and Engineering,2018,2,1.0,True,patents,False
Portugal,Physical Sciences and Engineering,2019,1,1.0,False,patents,False
Portugal,Physical Sciences and Engineering,2020,0,0.0,False,patents,False
Portugal,Physical Sciences and Engineering,2021,0,0.0,False,patents,False
Portugal,Physical Sciences and Engineering,2022,0,0.0,False,patents,False
Portugal,Security,2015,0,0.0,True,patents,False
Portugal,Security,2016,1,1.0,True,patents,False
Portugal,Security,2017,0,0.0,True,patents,False
Portugal,Security,2018,1,0.0,True,patents,False
Portugal,Security,2019,0,0.0,False,patents,False
Portugal,Security,2020,0,0.0,False,patents,False
Portugal,Security,2021,1,1.0,False,patents,False
Portugal,Security,2022,0,0.0,False,patents,False
Portugal,Telecommunications,2015,2,2.0,True,patents,False
Portugal,Telecommunications,2016,4,4.0,True,patents,False
Portugal,Telecommunications,2017,3,3.0,True,patents,False
Portugal,Telecommunications,2018,1,1.0,True,patents,False
Portugal,Telecommunications,2019,1,1.0,False,patents,False
Portugal,Telecommunications,2020,2,1.0,False,patents,False
Portugal,Telecommunications,2021,3,3.0,False,patents,False
Portugal,Telecommunications,2022,1,0.0,False,patents,False
Portugal,Transportation,2015,1,1.0,True,patents,False
Portugal,Transportation,2016,1,1.0,True,patents,False
Portugal,Transportation,2017,1,1.0,True,patents,False
Portugal,Transportation,2018,2,2.0,True,patents,False
Portugal,Transportation,2019,0,0.0,False,patents,False
Portugal,Transportation,2020,0,0.0,False,patents,False
Portugal,Transportation,2021,0,0.0,False,patents,False
Portugal,Transportation,2022,0,0.0,False,patents,False
Romania,Agriculture,2015,0,0.0,True,patents,False
Romania,Agriculture,2016,0,0.0,True,patents,False
Romania,Agriculture,2017,0,0.0,True,patents,False
Romania,Agriculture,2018,0,0.0,True,patents,False
Romania,Agriculture,2019,0,0.0,False,patents,False
Romania,Agriculture,2020,0,,False,patents,False
Romania,Agriculture,2021,0,0.0,False,patents,False
Romania,Agriculture,2022,0,0.0,False,patents,False
Romania,Agriculture,2023,0,0.0,False,patents,False
Romania,All,2015,6,3.0,True,patents,False
Romania,All,2016,2,1.0,True,patents,False
Romania,All,2017,5,1.0,True,patents,False
Romania,All,2018,5,1.0,True,patents,False
Romania,All,2019,6,1.0,False,patents,False
Romania,All,2020,9,,False,patents,False
Romania,All,2021,12,2.0,False,patents,False
Romania,All,2022,11,1.0,False,patents,False
Romania,All,2023,7,1.0,False,patents,False
Romania,Banking and Finance,2015,0,0.0,True,patents,False
Romania,Banking and Finance,2016,0,0.0,True,patents,False
Romania,Banking and Finance,2017,0,0.0,True,patents,False
Romania,Banking and Finance,2018,0,0.0,True,patents,False
Romania,Banking and Finance,2019,0,0.0,False,patents,False
Romania,Banking and Finance,2020,0,,False,patents,False
Romania,Banking and Finance,2021,0,0.0,False,patents,False
Romania,Banking and Finance,2022,0,0.0,False,patents,False
Romania,Banking and Finance,2023,0,0.0,False,patents,False
Romania,Business,2015,0,0.0,True,patents,False
Romania,Business,2016,0,0.0,True,patents,False
Romania,Business,2017,1,1.0,True,patents,False
Romania,Business,2018,0,0.0,True,patents,False
Romania,Business,2019,0,0.0,False,patents,False
Romania,Business,2020,0,,False,patents,False
Romania,Business,2021,0,0.0,False,patents,False
Romania,Business,2022,1,0.0,False,patents,False
Romania,Business,2023,0,0.0,False,patents,False
Romania,Energy Management,2015,1,1.0,True,patents,False
Romania,Energy Management,2016,0,0.0,True,patents,False
Romania,Energy Management,2017,0,0.0,True,patents,False
Romania,Energy Management,2018,0,0.0,True,patents,False
Romania,Energy Management,2019,0,0.0,False,patents,False
Romania,Energy Management,2020,0,,False,patents,False
Romania,Energy Management,2021,1,0.0,False,patents,False
Romania,Energy Management,2022,1,0.0,False,patents,False
Romania,Energy Management,2023,0,0.0,False,patents,False
Romania,Industry and Manufacturing,2015,0,0.0,True,patents,False
Romania,Industry and Manufacturing,2016,0,0.0,True,patents,False
Romania,Industry and Manufacturing,2017,0,0.0,True,patents,False
Romania,Industry and Manufacturing,2018,0,0.0,True,patents,False
Romania,Industry and Manufacturing,2019,0,0.0,False,patents,False
Romania,Industry and Manufacturing,2020,0,,False,patents,False
Romania,Industry and Manufacturing,2021,0,0.0,False,patents,False
Romania,Industry and Manufacturing,2022,0,0.0,False,patents,False
Romania,Industry and Manufacturing,2023,0,0.0,False,patents,False
Romania,Life Sciences,2015,1,1.0,True,patents,False
Romania,Life Sciences,2016,1,1.0,True,patents,False
Romania,Life Sciences,2017,0,0.0,True,patents,False
Romania,Life Sciences,2018,1,1.0,True,patents,False
Romania,Life Sciences,2019,0,0.0,False,patents,False
Romania,Life Sciences,2020,0,,False,patents,False
Romania,Life Sciences,2021,0,0.0,False,patents,False
Romania,Life Sciences,2022,0,0.0,False,patents,False
Romania,Life Sciences,2023,0,0.0,False,patents,False
Romania,Personal Devices and Computing,2015,0,0.0,True,patents,False
Romania,Personal Devices and Computing,2016,0,0.0,True,patents,False
Romania,Personal Devices and Computing,2017,0,0.0,True,patents,False
Romania,Personal Devices and Computing,2018,0,0.0,True,patents,False
Romania,Personal Devices and Computing,2019,0,0.0,False,patents,False
Romania,Personal Devices and Computing,2020,0,,False,patents,False
Romania,Personal Devices and Computing,2021,0,0.0,False,patents,False
Romania,Personal Devices and Computing,2022,1,0.0,False,patents,False
Romania,Personal Devices and Computing,2023,0,0.0,False,patents,False
Romania,Physical Sciences and Engineering,2015,1,1.0,True,patents,False
Romania,Physical Sciences and Engineering,2016,0,0.0,True,patents,False
Romania,Physical Sciences and Engineering,2017,1,0.0,True,patents,False
Romania,Physical Sciences and Engineering,2018,0,0.0,True,patents,False
Romania,Physical Sciences and Engineering,2019,0,0.0,False,patents,False
Romania,Physical Sciences and Engineering,2020,0,,False,patents,False
Romania,Physical Sciences and Engineering,2021,0,0.0,False,patents,False
Romania,Physical Sciences and Engineering,2022,1,1.0,False,patents,False
Romania,Physical Sciences and Engineering,2023,0,0.0,False,patents,False
Romania,Security,2015,0,0.0,True,patents,False
Romania,Security,2016,0,0.0,True,patents,False
Romania,Security,2017,0,0.0,True,patents,False
Romania,Security,2018,0,0.0,True,patents,False
Romania,Security,2019,0,0.0,False,patents,False
Romania,Security,2020,0,,False,patents,False
Romania,Security,2021,0,0.0,False,patents,False
Romania,Security,2022,0,0.0,False,patents,False
Romania,Security,2023,0,0.0,False,patents,False
Romania,Telecommunications,2015,1,1.0,True,patents,False
Romania,Telecommunications,2016,0,0.0,True,patents,False
Romania,Telecommunications,2017,1,1.0,True,patents,False
Romania,Telecommunications,2018,0,0.0,True,patents,False
Romania,Telecommunications,2019,1,1.0,False,patents,False
Romania,Telecommunications,2020,0,,False,patents,False
Romania,Telecommunications,2021,0,0.0,False,patents,False
Romania,Telecommunications,2022,0,0.0,False,patents,False
Romania,Telecommunications,2023,0,0.0,False,patents,False
Romania,Transportation,2015,0,0.0,True,patents,False
Romania,Transportation,2016,0,0.0,True,patents,False
Romania,Transportation,2017,0,0.0,True,patents,False
Romania,Transportation,2018,0,0.0,True,patents,False
Romania,Transportation,2019,0,0.0,False,patents,False
Romania,Transportation,2020,0,,False,patents,False
Romania,Transportation,2021,0,0.0,False,patents,False
Romania,Transportation,2022,0,0.0,False,patents,False
Romania,Transportation,2023,0,0.0,False,patents,False
Russia,Agriculture,2015,0,0.0,True,patents,False
Russia,Agriculture,2016,0,0.0,True,patents,False
Russia,Agriculture,2017,5,5.0,True,patents,False
Russia,Agriculture,2018,0,0.0,True,patents,False
Russia,Agriculture,2019,2,2.0,False,patents,False
Russia,Agriculture,2020,4,4.0,False,patents,False
Russia,Agriculture,2021,0,0.0,False,patents,False
Russia,All,2015,98,95.0,True,patents,False
Russia,All,2016,137,125.0,True,patents,False
Russia,All,2017,182,174.0,True,patents,False
Russia,All,2018,210,196.0,True,patents,False
Russia,All,2019,169,165.0,False,patents,False
Russia,All,2020,189,177.0,False,patents,False
Russia,All,2021,56,55.0,False,patents,False
Russia,Banking and Finance,2015,1,1.0,True,patents,False
Russia,Banking and Finance,2016,3,2.0,True,patents,False
Russia,Banking and Finance,2017,8,7.0,True,patents,False
Russia,Banking and Finance,2018,6,5.0,True,patents,False
Russia,Banking and Finance,2019,6,6.0,False,patents,False
Russia,Banking and Finance,2020,6,5.0,False,patents,False
Russia,Banking and Finance,2021,0,0.0,False,patents,False
Russia,Business,2015,10,9.0,True,patents,False
Russia,Business,2016,15,10.0,True,patents,False
Russia,Business,2017,20,19.0,True,patents,False
Russia,Business,2018,12,11.0,True,patents,False
Russia,Business,2019,16,15.0,False,patents,False
Russia,Business,2020,11,10.0,False,patents,False
Russia,Business,2021,1,1.0,False,patents,False
Russia,Energy Management,2015,2,2.0,True,patents,False
Russia,Energy Management,2016,3,2.0,True,patents,False
Russia,Energy Management,2017,0,0.0,True,patents,False
Russia,Energy Management,2018,1,1.0,True,patents,False
Russia,Energy Management,2019,0,0.0,False,patents,False
Russia,Energy Management,2020,0,0.0,False,patents,False
Russia,Energy Management,2021,0,0.0,False,patents,False
Russia,Industry and Manufacturing,2015,2,2.0,True,patents,False
Russia,Industry and Manufacturing,2016,4,3.0,True,patents,False
Russia,Industry and Manufacturing,2017,5,5.0,True,patents,False
Russia,Industry and Manufacturing,2018,7,7.0,True,patents,False
Russia,Industry and Manufacturing,2019,6,6.0,False,patents,False
Russia,Industry and Manufacturing,2020,7,7.0,False,patents,False
Russia,Industry and Manufacturing,2021,1,1.0,False,patents,False
Russia,Life Sciences,2015,14,14.0,True,patents,False
Russia,Life Sciences,2016,32,30.0,True,patents,False
Russia,Life Sciences,2017,33,33.0,True,patents,False
Russia,Life Sciences,2018,21,21.0,True,patents,False
Russia,Life Sciences,2019,11,8.0,False,patents,False
Russia,Life Sciences,2020,24,22.0,False,patents,False
Russia,Life Sciences,2021,15,15.0,False,patents,False
Russia,Personal Devices and Computing,2015,44,43.0,True,patents,False
Russia,Personal Devices and Computing,2016,64,62.0,True,patents,False
Russia,Personal Devices and Computing,2017,85,84.0,True,patents,False
Russia,Personal Devices and Computing,2018,100,95.0,True,patents,False
Russia,Personal Devices and Computing,2019,79,78.0,False,patents,False
Russia,Personal Devices and Computing,2020,81,76.0,False,patents,False
Russia,Personal Devices and Computing,2021,14,13.0,False,patents,False
Russia,Physical Sciences and Engineering,2015,3,3.0,True,patents,False
Russia,Physical Sciences and Engineering,2016,6,4.0,True,patents,False
Russia,Physical Sciences and Engineering,2017,8,7.0,True,patents,False
Russia,Physical Sciences and Engineering,2018,7,5.0,True,patents,False
Russia,Physical Sciences and Engineering,2019,8,8.0,False,patents,False
Russia,Physical Sciences and Engineering,2020,18,18.0,False,patents,False
Russia,Physical Sciences and Engineering,2021,3,3.0,False,patents,False
Russia,Security,2015,4,3.0,True,patents,False
Russia,Security,2016,14,13.0,True,patents,False
Russia,Security,2017,17,16.0,True,patents,False
Russia,Security,2018,19,18.0,True,patents,False
Russia,Security,2019,18,17.0,False,patents,False
Russia,Security,2020,17,17.0,False,patents,False
Russia,Security,2021,3,3.0,False,patents,False
Russia,Telecommunications,2015,14,13.0,True,patents,False
Russia,Telecommunications,2016,30,28.0,True,patents,False
Russia,Telecommunications,2017,31,30.0,True,patents,False
Russia,Telecommunications,2018,31,30.0,True,patents,False
Russia,Telecommunications,2019,24,23.0,False,patents,False
Russia,Telecommunications,2020,23,23.0,False,patents,False
Russia,Telecommunications,2021,5,5.0,False,patents,False
Russia,Transportation,2015,17,17.0,True,patents,False
Russia,Transportation,2016,15,15.0,True,patents,False
Russia,Transportation,2017,18,18.0,True,patents,False
Russia,Transportation,2018,11,11.0,True,patents,False
Russia,Transportation,2019,16,16.0,False,patents,False
Russia,Transportation,2020,13,12.0,False,patents,False
Russia,Transportation,2021,5,5.0,False,patents,False
San Marino,Agriculture,2015,0,0.0,True,patents,False
San Marino,Agriculture,2018,1,1.0,True,patents,False
San Marino,All,2015,1,1.0,True,patents,False
San Marino,All,2018,2,1.0,True,patents,False
San Marino,Banking and Finance,2015,0,0.0,True,patents,False
San Marino,Banking and Finance,2018,0,0.0,True,patents,False
San Marino,Business,2015,0,0.0,True,patents,False
San Marino,Business,2018,0,0.0,True,patents,False
San Marino,Energy Management,2015,0,0.0,True,patents,False
San Marino,Energy Management,2018,0,0.0,True,patents,False
San Marino,Industry and Manufacturing,2015,0,0.0,True,patents,False
San Marino,Industry and Manufacturing,2018,0,0.0,True,patents,False
San Marino,Life Sciences,2015,1,1.0,True,patents,False
San Marino,Life Sciences,2018,1,0.0,True,patents,False
San Marino,Personal Devices and Computing,2015,0,0.0,True,patents,False
San Marino,Personal Devices and Computing,2018,0,0.0,True,patents,False
San Marino,Physical Sciences and Engineering,2015,0,0.0,True,patents,False
San Marino,Physical Sciences and Engineering,2018,1,0.0,True,patents,False
San Marino,Security,2015,0,0.0,True,patents,False
San Marino,Security,2018,0,0.0,True,patents,False
San Marino,Telecommunications,2015,0,0.0,True,patents,False
San Marino,Telecommunications,2018,1,1.0,True,patents,False
San Marino,Transportation,2015,0,0.0,True,patents,False
San Marino,Transportation,2018,0,0.0,True,patents,False
Saudi Arabia,Agriculture,2018,1,,False,patents,False
Saudi Arabia,Agriculture,2021,0,0.0,False,patents,False
Saudi Arabia,Agriculture,2022,0,0.0,False,patents,False
Saudi Arabia,All,2018,2,,False,patents,False
Saudi Arabia,All,2021,1,1.0,False,patents,False
Saudi Arabia,All,2022,1,1.0,False,patents,False
Saudi Arabia,Banking and Finance,2018,1,,False,patents,False
Saudi Arabia,Banking and Finance,2021,0,0.0,False,patents,False
Saudi Arabia,Banking and Finance,2022,0,0.0,False,patents,False
Saudi Arabia,Business,2018,1,,False,patents,False
Saudi Arabia,Business,2021,0,0.0,False,patents,False
Saudi Arabia,Business,2022,0,0.0,False,patents,False
Saudi Arabia,Energy Management,2018,1,,False,patents,False
Saudi Arabia,Energy Management,2021,0,0.0,False,patents,False
Saudi Arabia,Energy Management,2022,0,0.0,False,patents,False
Saudi Arabia,Industry and Manufacturing,2018,1,,False,patents,False
Saudi Arabia,Industry and Manufacturing,2021,0,0.0,False,patents,False
Saudi Arabia,Industry and Manufacturing,2022,1,1.0,False,patents,False
Saudi Arabia,Life Sciences,2018,0,,False,patents,False
Saudi Arabia,Life Sciences,2021,0,0.0,False,patents,False
Saudi Arabia,Life Sciences,2022,1,1.0,False,patents,False
Saudi Arabia,Personal Devices and Computing,2018,0,,False,patents,False
Saudi Arabia,Personal Devices and Computing,2021,0,0.0,False,patents,False
Saudi Arabia,Personal Devices and Computing,2022,0,0.0,False,patents,False
Saudi Arabia,Physical Sciences and Engineering,2018,0,,False,patents,False
Saudi Arabia,Physical Sciences and Engineering,2021,0,0.0,False,patents,False
Saudi Arabia,Physical Sciences and Engineering,2022,1,1.0,False,patents,False
Saudi Arabia,Security,2018,0,,False,patents,False
Saudi Arabia,Security,2021,0,0.0,False,patents,False
Saudi Arabia,Security,2022,0,0.0,False,patents,False
Saudi Arabia,Telecommunications,2018,0,,False,patents,False
Saudi Arabia,Telecommunications,2021,0,0.0,False,patents,False
Saudi Arabia,Telecommunications,2022,0,0.0,False,patents,False
Saudi Arabia,Transportation,2018,0,,False,patents,False
Saudi Arabia,Transportation,2021,0,0.0,False,patents,False
Saudi Arabia,Transportation,2022,0,0.0,False,patents,False
Serbia,Agriculture,2015,0,0.0,True,patents,False
Serbia,Agriculture,2016,0,,False,patents,False
Serbia,Agriculture,2017,0,0.0,True,patents,False
Serbia,Agriculture,2018,1,1.0,True,patents,False
Serbia,Agriculture,2019,0,,False,patents,False
Serbia,Agriculture,2020,1,0.0,False,patents,False
Serbia,Agriculture,2021,0,,False,patents,False
Serbia,Agriculture,2022,0,,False,patents,False
Serbia,Agriculture,2023,0,,False,patents,False
Serbia,Agriculture,2024,0,,False,patents,False
Serbia,All,2015,1,1.0,True,patents,False
Serbia,All,2016,2,,False,patents,False
Serbia,All,2017,2,1.0,True,patents,False
Serbia,All,2018,5,2.0,True,patents,False
Serbia,All,2019,4,,False,patents,False
Serbia,All,2020,6,1.0,False,patents,False
Serbia,All,2021,6,,False,patents,False
Serbia,All,2022,3,,False,patents,False
Serbia,All,2023,2,,False,patents,False
Serbia,All,2024,4,,False,patents,False
Serbia,Banking and Finance,2015,1,1.0,True,patents,False
Serbia,Banking and Finance,2016,0,,False,patents,False
Serbia,Banking and Finance,2017,0,0.0,True,patents,False
Serbia,Banking and Finance,2018,0,0.0,True,patents,False
Serbia,Banking and Finance,2019,0,,False,patents,False
Serbia,Banking and Finance,2020,0,0.0,False,patents,False
Serbia,Banking and Finance,2021,0,,False,patents,False
Serbia,Banking and Finance,2022,0,,False,patents,False
Serbia,Banking and Finance,2023,0,,False,patents,False
Serbia,Banking and Finance,2024,0,,False,patents,False
Serbia,Business,2015,1,1.0,True,patents,False
Serbia,Business,2016,0,,False,patents,False
Serbia,Business,2017,0,0.0,True,patents,False
Serbia,Business,2018,0,0.0,True,patents,False
Serbia,Business,2019,0,,False,patents,False
Serbia,Business,2020,0,0.0,False,patents,False
Serbia,Business,2021,0,,False,patents,False
Serbia,Business,2022,1,,False,patents,False
Serbia,Business,2023,0,,False,patents,False
Serbia,Business,2024,0,,False,patents,False
Serbia,Energy Management,2015,0,0.0,True,patents,False
Serbia,Energy Management,2016,0,,False,patents,False
Serbia,Energy Management,2017,0,0.0,True,patents,False
Serbia,Energy Management,2018,0,0.0,True,patents,False
Serbia,Energy Management,2019,0,,False,patents,False
Serbia,Energy Management,2020,1,1.0,False,patents,False
Serbia,Energy Management,2021,0,,False,patents,False
Serbia,Energy Management,2022,0,,False,patents,False
Serbia,Energy Management,2023,0,,False,patents,False
Serbia,Energy Management,2024,0,,False,patents,False
Serbia,Industry and Manufacturing,2015,1,1.0,True,patents,False
Serbia,Industry and Manufacturing,2016,0,,False,patents,False
Serbia,Industry and Manufacturing,2017,1,1.0,True,patents,False
Serbia,Industry and Manufacturing,2018,1,1.0,True,patents,False
Serbia,Industry and Manufacturing,2019,0,,False,patents,False
Serbia,Industry and Manufacturing,2020,1,1.0,False,patents,False
Serbia,Industry and Manufacturing,2021,0,,False,patents,False
Serbia,Industry and Manufacturing,2022,0,,False,patents,False
Serbia,Industry and Manufacturing,2023,0,,False,patents,False
Serbia,Industry and Manufacturing,2024,0,,False,patents,False
Serbia,Life Sciences,2015,0,0.0,True,patents,False
Serbia,Life Sciences,2016,0,,False,patents,False
Serbia,Life Sciences,2017,0,0.0,True,patents,False
Serbia,Life Sciences,2018,1,0.0,True,patents,False
Serbia,Life Sciences,2019,0,,False,patents,False
Serbia,Life Sciences,2020,1,1.0,False,patents,False
Serbia,Life Sciences,2021,0,,False,patents,False
Serbia,Life Sciences,2022,0,,False,patents,False
Serbia,Life Sciences,2023,0,,False,patents,False
Serbia,Life Sciences,2024,0,,False,patents,False
Serbia,Personal Devices and Computing,2015,1,1.0,True,patents,False
Serbia,Personal Devices and Computing,2016,0,,False,patents,False
Serbia,Personal Devices and Computing,2017,0,0.0,True,patents,False
Serbia,Personal Devices and Computing,2018,0,0.0,True,patents,False
Serbia,Personal Devices and Computing,2019,0,,False,patents,False
Serbia,Personal Devices and Computing,2020,0,0.0,False,patents,False
Serbia,Personal Devices and Computing,2021,1,,False,patents,False
Serbia,Personal Devices and Computing,2022,0,,False,patents,False
Serbia,Personal Devices and Computing,2023,0,,False,patents,False
Serbia,Personal Devices and Computing,2024,0,,False,patents,False
Serbia,Physical Sciences and Engineering,2015,0,0.0,True,patents,False
Serbia,Physical Sciences and Engineering,2016,0,,False,patents,False
Serbia,Physical Sciences and Engineering,2017,0,0.0,True,patents,False
Serbia,Physical Sciences and Engineering,2018,1,0.0,True,patents,False
Serbia,Physical Sciences and Engineering,2019,0,,False,patents,False
Serbia,Physical Sciences and Engineering,2020,0,0.0,False,patents,False
Serbia,Physical Sciences and Engineering,2021,0,,False,patents,False
Serbia,Physical Sciences and Engineering,2022,0,,False,patents,False
Serbia,Physical Sciences and Engineering,2023,0,,False,patents,False
Serbia,Physical Sciences and Engineering,2024,0,,False,patents,False
Serbia,Security,2015,0,0.0,True,patents,False
Serbia,Security,2016,0,,False,patents,False
Serbia,Security,2017,0,0.0,True,patents,False
Serbia,Security,2018,0,0.0,True,patents,False
Serbia,Security,2019,0,,False,patents,False
Serbia,Security,2020,0,0.0,False,patents,False
Serbia,Security,2021,0,,False,patents,False
Serbia,Security,2022,0,,False,patents,False
Serbia,Security,2023,0,,False,patents,False
Serbia,Security,2024,0,,False,patents,False
Serbia,Telecommunications,2015,0,0.0,True,patents,False
Serbia,Telecommunications,2016,0,,False,patents,False
Serbia,Telecommunications,2017,0,0.0,True,patents,False
Serbia,Telecommunications,2018,1,1.0,True,patents,False
Serbia,Telecommunications,2019,0,,False,patents,False
Serbia,Telecommunications,2020,0,0.0,False,patents,False
Serbia,Telecommunications,2021,0,,False,patents,False
Serbia,Telecommunications,2022,0,,False,patents,False
Serbia,Telecommunications,2023,0,,False,patents,False
Serbia,Telecommunications,2024,0,,False,patents,False
Serbia,Transportation,2015,0,0.0,True,patents,False
Serbia,Transportation,2016,0,,False,patents,False
Serbia,Transportation,2017,1,1.0,True,patents,False
Serbia,Transportation,2018,1,1.0,True,patents,False
Serbia,Transportation,2019,0,,False,patents,False
Serbia,Transportation,2020,0,0.0,False,patents,False
Serbia,Transportation,2021,0,,False,patents,False
Serbia,Transportation,2022,0,,False,patents,False
Serbia,Transportation,2023,0,,False,patents,False
Serbia,Transportation,2024,0,,False,patents,False
Singapore,Agriculture,2015,1,1.0,True,patents,False
Singapore,Agriculture,2016,0,0.0,True,patents,False
Singapore,Agriculture,2017,3,3.0,True,patents,False
Singapore,Agriculture,2018,1,0.0,True,patents,False
Singapore,Agriculture,2019,2,2.0,False,patents,False
Singapore,Agriculture,2020,0,0.0,False,patents,False
Singapore,Agriculture,2021,0,0.0,False,patents,False
Singapore,All,2015,34,25.0,True,patents,False
Singapore,All,2016,51,42.0,True,patents,False
Singapore,All,2017,111,80.0,True,patents,False
Singapore,All,2018,202,145.0,True,patents,False
Singapore,All,2019,152,111.0,False,patents,False
Singapore,All,2020,52,30.0,False,patents,False
Singapore,All,2021,5,3.0,False,patents,False
Singapore,Banking and Finance,2015,5,3.0,True,patents,False
Singapore,Banking and Finance,2016,5,5.0,True,patents,False
Singapore,Banking and Finance,2017,12,10.0,True,patents,False
Singapore,Banking and Finance,2018,19,16.0,True,patents,False
Singapore,Banking and Finance,2019,23,19.0,False,patents,False
Singapore,Banking and Finance,2020,3,3.0,False,patents,False
Singapore,Banking and Finance,2021,0,0.0,False,patents,False
Singapore,Business,2015,10,5.0,True,patents,False
Singapore,Business,2016,14,12.0,True,patents,False
Singapore,Business,2017,23,16.0,True,patents,False
Singapore,Business,2018,26,16.0,True,patents,False
Singapore,Business,2019,23,17.0,False,patents,False
Singapore,Business,2020,10,8.0,False,patents,False
Singapore,Business,2021,1,1.0,False,patents,False
Singapore,Energy Management,2015,1,1.0,True,patents,False
Singapore,Energy Management,2016,1,1.0,True,patents,False
Singapore,Energy Management,2017,0,0.0,True,patents,False
Singapore,Energy Management,2018,4,4.0,True,patents,False
Singapore,Energy Management,2019,1,1.0,False,patents,False
Singapore,Energy Management,2020,0,0.0,False,patents,False
Singapore,Energy Management,2021,0,0.0,False,patents,False
Singapore,Industry and Manufacturing,2015,3,2.0,True,patents,False
Singapore,Industry and Manufacturing,2016,2,2.0,True,patents,False
Singapore,Industry and Manufacturing,2017,5,4.0,True,patents,False
Singapore,Industry and Manufacturing,2018,10,9.0,True,patents,False
Singapore,Industry and Manufacturing,2019,3,3.0,False,patents,False
Singapore,Industry and Manufacturing,2020,0,0.0,False,patents,False
Singapore,Industry and Manufacturing,2021,0,0.0,False,patents,False
Singapore,Life Sciences,2015,13,11.0,True,patents,False
Singapore,Life Sciences,2016,10,7.0,True,patents,False
Singapore,Life Sciences,2017,33,24.0,True,patents,False
Singapore,Life Sciences,2018,62,41.0,True,patents,False
Singapore,Life Sciences,2019,48,36.0,False,patents,False
Singapore,Life Sciences,2020,0,0.0,False,patents,False
Singapore,Life Sciences,2021,0,0.0,False,patents,False
Singapore,Personal Devices and Computing,2015,15,12.0,True,patents,False
Singapore,Personal Devices and Computing,2016,33,29.0,True,patents,False
Singapore,Personal Devices and Computing,2017,51,39.0,True,patents,False
Singapore,Personal Devices and Computing,2018,87,69.0,True,patents,False
Singapore,Personal Devices and Computing,2019,78,58.0,False,patents,False
Singapore,Personal Devices and Computing,2020,29,17.0,False,patents,False
Singapore,Personal Devices and Computing,2021,2,2.0,False,patents,False
Singapore,Physical Sciences and Engineering,2015,3,3.0,True,patents,False
Singapore,Physical Sciences and Engineering,2016,4,4.0,True,patents,False
Singapore,Physical Sciences and Engineering,2017,5,4.0,True,patents,False
Singapore,Physical Sciences and Engineering,2018,19,12.0,True,patents,False
Singapore,Physical Sciences and Engineering,2019,3,2.0,False,patents,False
Singapore,Physical Sciences and Engineering,2020,0,0.0,False,patents,False
Singapore,Physical Sciences and Engineering,2021,0,0.0,False,patents,False
Singapore,Security,2015,2,2.0,True,patents,False
Singapore,Security,2016,7,7.0,True,patents,False
Singapore,Security,2017,10,9.0,True,patents,False
Singapore,Security,2018,23,19.0,True,patents,False
Singapore,Security,2019,11,8.0,False,patents,False
Singapore,Security,2020,7,4.0,False,patents,False
Singapore,Security,2021,1,1.0,False,patents,False
Singapore,Telecommunications,2015,6,6.0,True,patents,False
Singapore,Telecommunications,2016,13,12.0,True,patents,False
Singapore,Telecommunications,2017,26,24.0,True,patents,False
Singapore,Telecommunications,2018,41,36.0,True,patents,False
Singapore,Telecommunications,2019,25,22.0,False,patents,False
Singapore,Telecommunications,2020,5,5.0,False,patents,False
Singapore,Telecommunications,2021,1,1.0,False,patents,False
Singapore,Transportation,2015,1,1.0,True,patents,False
Singapore,Transportation,2016,3,3.0,True,patents,False
Singapore,Transportation,2017,7,7.0,True,patents,False
Singapore,Transportation,2018,17,13.0,True,patents,False
Singapore,Transportation,2019,9,8.0,False,patents,False
Singapore,Transportation,2020,4,4.0,False,patents,False
Singapore,Transportation,2021,1,1.0,False,patents,False
Slovakia,Agriculture,2015,0,0.0,True,patents,False
Slovakia,Agriculture,2020,0,,False,patents,False
Slovakia,Agriculture,2021,0,0.0,False,patents,False
Slovakia,Agriculture,2023,0,0.0,False,patents,False
Slovakia,Agriculture,2024,0,,False,patents,False
Slovakia,All,2015,4,2.0,True,patents,False
Slovakia,All,2020,4,,False,patents,False
Slovakia,All,2021,9,1.0,False,patents,False
Slovakia,All,2023,4,2.0,False,patents,False
Slovakia,All,2024,1,,False,patents,False
Slovakia,Banking and Finance,2015,0,0.0,True,patents,False
Slovakia,Banking and Finance,2020,0,,False,patents,False
Slovakia,Banking and Finance,2021,0,0.0,False,patents,False
Slovakia,Banking and Finance,2023,0,0.0,False,patents,False
Slovakia,Banking and Finance,2024,0,,False,patents,False
Slovakia,Business,2015,0,0.0,True,patents,False
Slovakia,Business,2020,0,,False,patents,False
Slovakia,Business,2021,0,0.0,False,patents,False
Slovakia,Business,2023,0,0.0,False,patents,False
Slovakia,Business,2024,0,,False,patents,False
Slovakia,Energy Management,2015,0,0.0,True,patents,False
Slovakia,Energy Management,2020,0,,False,patents,False
Slovakia,Energy Management,2021,0,0.0,False,patents,False
Slovakia,Energy Management,2023,0,0.0,False,patents,False
Slovakia,Energy Management,2024,1,,False,patents,False
Slovakia,Industry and Manufacturing,2015,0,0.0,True,patents,False
Slovakia,Industry and Manufacturing,2020,0,,False,patents,False
Slovakia,Industry and Manufacturing,2021,2,0.0,False,patents,False
Slovakia,Industry and Manufacturing,2023,0,0.0,False,patents,False
Slovakia,Industry and Manufacturing,2024,0,,False,patents,False
Slovakia,Life Sciences,2015,0,0.0,True,patents,False
Slovakia,Life Sciences,2020,0,,False,patents,False
Slovakia,Life Sciences,2021,0,0.0,False,patents,False
Slovakia,Life Sciences,2023,0,0.0,False,patents,False
Slovakia,Life Sciences,2024,0,,False,patents,False
Slovakia,Personal Devices and Computing,2015,0,0.0,True,patents,False
Slovakia,Personal Devices and Computing,2020,0,,False,patents,False
Slovakia,Personal Devices and Computing,2021,0,0.0,False,patents,False
Slovakia,Personal Devices and Computing,2023,0,0.0,False,patents,False
Slovakia,Personal Devices and Computing,2024,0,,False,patents,False
Slovakia,Physical Sciences and Engineering,2015,0,0.0,True,patents,False
Slovakia,Physical Sciences and Engineering,2020,0,,False,patents,False
Slovakia,Physical Sciences and Engineering,2021,0,0.0,False,patents,False
Slovakia,Physical Sciences and Engineering,2023,0,0.0,False,patents,False
Slovakia,Physical Sciences and Engineering,2024,0,,False,patents,False
Slovakia,Security,2015,0,0.0,True,patents,False
Slovakia,Security,2020,0,,False,patents,False
Slovakia,Security,2021,0,0.0,False,patents,False
Slovakia,Security,2023,0,0.0,False,patents,False
Slovakia,Security,2024,1,,False,patents,False
Slovakia,Telecommunications,2015,0,0.0,True,patents,False
Slovakia,Telecommunications,2020,0,,False,patents,False
Slovakia,Telecommunications,2021,0,0.0,False,patents,False
Slovakia,Telecommunications,2023,0,0.0,False,patents,False
Slovakia,Telecommunications,2024,0,,False,patents,False
Slovakia,Transportation,2015,0,0.0,True,patents,False
Slovakia,Transportation,2020,0,,False,patents,False
Slovakia,Transportation,2021,0,0.0,False,patents,False
Slovakia,Transportation,2023,0,0.0,False,patents,False
Slovakia,Transportation,2024,1,,False,patents,False
Slovenia,Agriculture,2015,0,0.0,True,patents,False
Slovenia,Agriculture,2016,0,0.0,True,patents,False
Slovenia,Agriculture,2018,1,1.0,True,patents,False
Slovenia,Agriculture,2022,0,0.0,False,patents,False
Slovenia,All,2015,2,2.0,True,patents,False
Slovenia,All,2016,3,3.0,True,patents,False
Slovenia,All,2018,8,7.0,True,patents,False
Slovenia,All,2022,1,1.0,False,patents,False
Slovenia,Banking and Finance,2015,1,1.0,True,patents,False
Slovenia,Banking and Finance,2016,0,0.0,True,patents,False
Slovenia,Banking and Finance,2018,0,0.0,True,patents,False
Slovenia,Banking and Finance,2022,0,0.0,False,patents,False
Slovenia,Business,2015,1,1.0,True,patents,False
Slovenia,Business,2016,0,0.0,True,patents,False
Slovenia,Business,2018,0,0.0,True,patents,False
Slovenia,Business,2022,0,0.0,False,patents,False
Slovenia,Energy Management,2015,0,0.0,True,patents,False
Slovenia,Energy Management,2016,0,0.0,True,patents,False
Slovenia,Energy Management,2018,1,1.0,True,patents,False
Slovenia,Energy Management,2022,0,0.0,False,patents,False
Slovenia,Industry and Manufacturing,2015,1,1.0,True,patents,False
Slovenia,Industry and Manufacturing,2016,0,0.0,True,patents,False
Slovenia,Industry and Manufacturing,2018,0,0.0,True,patents,False
Slovenia,Industry and Manufacturing,2022,0,0.0,False,patents,False
Slovenia,Life Sciences,2015,1,1.0,True,patents,False
Slovenia,Life Sciences,2016,0,0.0,True,patents,False
Slovenia,Life Sciences,2018,3,2.0,True,patents,False
Slovenia,Life Sciences,2022,0,0.0,False,patents,False
Slovenia,Personal Devices and Computing,2015,2,2.0,True,patents,False
Slovenia,Personal Devices and Computing,2016,0,0.0,True,patents,False
Slovenia,Personal Devices and Computing,2018,3,3.0,True,patents,False
Slovenia,Personal Devices and Computing,2022,0,0.0,False,patents,False
Slovenia,Physical Sciences and Engineering,2015,0,0.0,True,patents,False
Slovenia,Physical Sciences and Engineering,2016,0,0.0,True,patents,False
Slovenia,Physical Sciences and Engineering,2018,2,1.0,True,patents,False
Slovenia,Physical Sciences and Engineering,2022,0,0.0,False,patents,False
Slovenia,Security,2015,0,0.0,True,patents,False
Slovenia,Security,2016,0,0.0,True,patents,False
Slovenia,Security,2018,0,0.0,True,patents,False
Slovenia,Security,2022,0,0.0,False,patents,False
Slovenia,Telecommunications,2015,0,0.0,True,patents,False
Slovenia,Telecommunications,2016,2,2.0,True,patents,False
Slovenia,Telecommunications,2018,1,1.0,True,patents,False
Slovenia,Telecommunications,2022,0,0.0,False,patents,False
Slovenia,Transportation,2015,0,0.0,True,patents,False
Slovenia,Transportation,2016,0,0.0,True,patents,False
Slovenia,Transportation,2018,0,0.0,True,patents,False
Slovenia,Transportation,2022,0,0.0,False,patents,False
South Africa,Agriculture,2016,1,1.0,True,patents,False
South Africa,Agriculture,2017,0,0.0,True,patents,False
South Africa,Agriculture,2018,0,0.0,True,patents,False
South Africa,Agriculture,2019,0,,False,patents,False
South Africa,Agriculture,2020,0,0.0,False,patents,False
South Africa,Agriculture,2021,0,0.0,False,patents,False
South Africa,Agriculture,2022,0,0.0,False,patents,False
South Africa,Agriculture,2023,0,0.0,False,patents,False
South Africa,Agriculture,2024,0,0.0,False,patents,False
South Africa,All,2016,3,2.0,True,patents,False
South Africa,All,2017,3,3.0,True,patents,False
South Africa,All,2018,6,5.0,True,patents,False
South Africa,All,2019,1,,False,patents,False
South Africa,All,2020,6,3.0,False,patents,False
South Africa,All,2021,22,22.0,False,patents,False
South Africa,All,2022,71,71.0,False,patents,False
South Africa,All,2023,94,94.0,False,patents,False
South Africa,All,2024,1,1.0,False,patents,False
South Africa,Banking and Finance,2016,0,0.0,True,patents,False
South Africa,Banking and Finance,2017,1,1.0,True,patents,False
South Africa,Banking and Finance,2018,0,0.0,True,patents,False
South Africa,Banking and Finance,2019,0,,False,patents,False
South Africa,Banking and Finance,2020,0,0.0,False,patents,False
South Africa,Banking and Finance,2021,0,0.0,False,patents,False
South Africa,Banking and Finance,2022,0,0.0,False,patents,False
South Africa,Banking and Finance,2023,0,0.0,False,patents,False
South Africa,Banking and Finance,2024,0,0.0,False,patents,False
South Africa,Business,2016,2,2.0,True,patents,False
South Africa,Business,2017,0,0.0,True,patents,False
South Africa,Business,2018,1,1.0,True,patents,False
South Africa,Business,2019,0,,False,patents,False
South Africa,Business,2020,3,1.0,False,patents,False
South Africa,Business,2021,0,0.0,False,patents,False
South Africa,Business,2022,0,0.0,False,patents,False
South Africa,Business,2023,0,0.0,False,patents,False
South Africa,Business,2024,0,0.0,False,patents,False
South Africa,Energy Management,2016,0,0.0,True,patents,False
South Africa,Energy Management,2017,0,0.0,True,patents,False
South Africa,Energy Management,2018,1,1.0,True,patents,False
South Africa,Energy Management,2019,1,,False,patents,False
South Africa,Energy Management,2020,0,0.0,False,patents,False
South Africa,Energy Management,2021,0,0.0,False,patents,False
South Africa,Energy Management,2022,0,0.0,False,patents,False
South Africa,Energy Management,2023,0,0.0,False,patents,False
South Africa,Energy Management,2024,0,0.0,False,patents,False
South Africa,Industry and Manufacturing,2016,0,0.0,True,patents,False
South Africa,Industry and Manufacturing,2017,0,0.0,True,patents,False
South Africa,Industry and Manufacturing,2018,0,0.0,True,patents,False
South Africa,Industry and Manufacturing,2019,1,,False,patents,False
South Africa,Industry and Manufacturing,2020,0,0.0,False,patents,False
South Africa,Industry and Manufacturing,2021,0,0.0,False,patents,False
South Africa,Industry and Manufacturing,2022,0,0.0,False,patents,False
South Africa,Industry and Manufacturing,2023,0,0.0,False,patents,False
South Africa,Industry and Manufacturing,2024,0,0.0,False,patents,False
South Africa,Life Sciences,2016,0,0.0,True,patents,False
South Africa,Life Sciences,2017,1,1.0,True,patents,False
South Africa,Life Sciences,2018,0,0.0,True,patents,False
South Africa,Life Sciences,2019,0,,False,patents,False
South Africa,Life Sciences,2020,0,0.0,False,patents,False
South Africa,Life Sciences,2021,0,0.0,False,patents,False
South Africa,Life Sciences,2022,0,0.0,False,patents,False
South Africa,Life Sciences,2023,0,0.0,False,patents,False
South Africa,Life Sciences,2024,0,0.0,False,patents,False
South Africa,Personal Devices and Computing,2016,1,1.0,True,patents,False
South Africa,Personal Devices and Computing,2017,2,2.0,True,patents,False
South Africa,Personal Devices and Computing,2018,2,1.0,True,patents,False
South Africa,Personal Devices and Computing,2019,0,,False,patents,False
South Africa,Personal Devices and Computing,2020,2,1.0,False,patents,False
South Africa,Personal Devices and Computing,2021,0,0.0,False,patents,False
South Africa,Personal Devices and Computing,2022,0,0.0,False,patents,False
South Africa,Personal Devices and Computing,2023,0,0.0,False,patents,False
South Africa,Personal Devices and Computing,2024,0,0.0,False,patents,False
South Africa,Physical Sciences and Engineering,2016,0,0.0,True,patents,False
South Africa,Physical Sciences and Engineering,2017,1,1.0,True,patents,False
South Africa,Physical Sciences and Engineering,2018,0,0.0,True,patents,False
South Africa,Physical Sciences and Engineering,2019,1,,False,patents,False
South Africa,Physical Sciences and Engineering,2020,0,0.0,False,patents,False
South Africa,Physical Sciences and Engineering,2021,0,0.0,False,patents,False
South Africa,Physical Sciences and Engineering,2022,0,0.0,False,patents,False
South Africa,Physical Sciences and Engineering,2023,0,0.0,False,patents,False
South Africa,Physical Sciences and Engineering,2024,0,0.0,False,patents,False
South Africa,Security,2016,1,1.0,True,patents,False
South Africa,Security,2017,0,0.0,True,patents,False
South Africa,Security,2018,0,0.0,True,patents,False
South Africa,Security,2019,0,,False,patents,False
South Africa,Security,2020,0,0.0,False,patents,False
South Africa,Security,2021,0,0.0,False,patents,False
South Africa,Security,2022,0,0.0,False,patents,False
South Africa,Security,2023,0,0.0,False,patents,False
South Africa,Security,2024,0,0.0,False,patents,False
South Africa,Telecommunications,2016,1,0.0,True,patents,False
South Africa,Telecommunications,2017,0,0.0,True,patents,False
South Africa,Telecommunications,2018,1,0.0,True,patents,False
South Africa,Telecommunications,2019,0,,False,patents,False
South Africa,Telecommunications,2020,0,0.0,False,patents,False
South Africa,Telecommunications,2021,0,0.0,False,patents,False
South Africa,Telecommunications,2022,0,0.0,False,patents,False
South Africa,Telecommunications,2023,0,0.0,False,patents,False
South Africa,Telecommunications,2024,0,0.0,False,patents,False
South Africa,Transportation,2016,0,0.0,True,patents,False
South Africa,Transportation,2017,0,0.0,True,patents,False
South Africa,Transportation,2018,0,0.0,True,patents,False
South Africa,Transportation,2019,0,,False,patents,False
South Africa,Transportation,2020,0,0.0,False,patents,False
South Africa,Transportation,2021,0,0.0,False,patents,False
South Africa,Transportation,2022,0,0.0,False,patents,False
South Africa,Transportation,2023,0,0.0,False,patents,False
South Africa,Transportation,2024,0,0.0,False,patents,False
South Korea,Agriculture,2015,5,1.0,True,patents,False
South Korea,Agriculture,2016,21,13.0,True,patents,False
South Korea,Agriculture,2017,38,28.0,True,patents,False
South Korea,Agriculture,2018,83,49.0,True,patents,False
South Korea,Agriculture,2019,114,75.0,False,patents,False
South Korea,Agriculture,2020,169,116.0,False,patents,False
South Korea,Agriculture,2021,198,114.0,False,patents,False
South Korea,Agriculture,2022,231,95.0,False,patents,False
South Korea,Agriculture,2023,16,12.0,False,patents,False
South Korea,Agriculture,2024,2,1.0,False,patents,False
South Korea,All,2015,459,380.0,True,patents,False
South Korea,All,2016,1163,910.0,True,patents,False
South Korea,All,2017,2380,1874.0,True,patents,False
South Korea,All,2018,4186,3310.0,True,patents,False
South Korea,All,2019,6612,5026.0,False,patents,False
South Korea,All,2020,8274,5868.0,False,patents,False
South Korea,All,2021,9678,5964.0,False,patents,False
South Korea,All,2022,10724,4496.0,False,patents,False
South Korea,All,2023,1317,1177.0,False,patents,False
South Korea,All,2024,56,47.0,False,patents,False
South Korea,Banking and Finance,2015,10,8.0,True,patents,False
South Korea,Banking and Finance,2016,36,25.0,True,patents,False
South Korea,Banking and Finance,2017,66,54.0,True,patents,False
South Korea,Banking and Finance,2018,118,88.0,True,patents,False
South Korea,Banking and Finance,2019,246,163.0,False,patents,False
South Korea,Banking and Finance,2020,299,195.0,False,patents,False
South Korea,Banking and Finance,2021,280,178.0,False,patents,False
South Korea,Banking and Finance,2022,340,154.0,False,patents,False
South Korea,Banking and Finance,2023,28,23.0,False,patents,False
South Korea,Banking and Finance,2024,2,1.0,False,patents,False
South Korea,Business,2015,24,20.0,True,patents,False
South Korea,Business,2016,166,107.0,True,patents,False
South Korea,Business,2017,314,205.0,True,patents,False
South Korea,Business,2018,619,421.0,True,patents,False
South Korea,Business,2019,1170,809.0,False,patents,False
South Korea,Business,2020,1663,1065.0,False,patents,False
South Korea,Business,2021,1664,858.0,False,patents,False
South Korea,Business,2022,2145,700.0,False,patents,False
South Korea,Business,2023,103,88.0,False,patents,False
South Korea,Business,2024,6,2.0,False,patents,False
South Korea,Energy Management,2015,30,26.0,True,patents,False
South Korea,Energy Management,2016,71,56.0,True,patents,False
South Korea,Energy Management,2017,123,100.0,True,patents,False
South Korea,Energy Management,2018,215,173.0,True,patents,False
South Korea,Energy Management,2019,391,303.0,False,patents,False
South Korea,Energy Management,2020,428,307.0,False,patents,False
South Korea,Energy Management,2021,481,309.0,False,patents,False
South Korea,Energy Management,2022,562,215.0,False,patents,False
South Korea,Energy Management,2023,38,30.0,False,patents,False
South Korea,Energy Management,2024,2,0.0,False,patents,False
South Korea,Industry and Manufacturing,2015,22,18.0,True,patents,False
South Korea,Industry and Manufacturing,2016,64,51.0,True,patents,False
South Korea,Industry and Manufacturing,2017,153,127.0,True,patents,False
South Korea,Industry and Manufacturing,2018,252,215.0,True,patents,False
South Korea,Industry and Manufacturing,2019,550,427.0,False,patents,False
South Korea,Industry and Manufacturing,2020,502,355.0,False,patents,False
South Korea,Industry and Manufacturing,2021,578,311.0,False,patents,False
South Korea,Industry and Manufacturing,2022,672,295.0,False,patents,False
South Korea,Industry and Manufacturing,2023,56,45.0,False,patents,False
South Korea,Industry and Manufacturing,2024,2,0.0,False,patents,False
South Korea,Life Sciences,2015,67,55.0,True,patents,False
South Korea,Life Sciences,2016,166,134.0,True,patents,False
South Korea,Life Sciences,2017,363,295.0,True,patents,False
South Korea,Life Sciences,2018,680,509.0,True,patents,False
South Korea,Life Sciences,2019,917,713.0,False,patents,False
South Korea,Life Sciences,2020,1350,977.0,False,patents,False
South Korea,Life Sciences,2021,1580,974.0,False,patents,False
South Korea,Life Sciences,2022,1754,664.0,False,patents,False
South Korea,Life Sciences,2023,92,66.0,False,patents,False
South Korea,Life Sciences,2024,5,1.0,False,patents,False
South Korea,Personal Devices and Computing,2015,130,112.0,True,patents,False
South Korea,Personal Devices and Computing,2016,463,375.0,True,patents,False
South Korea,Personal Devices and Computing,2017,849,695.0,True,patents,False
South Korea,Personal Devices and Computing,2018,1325,1108.0,True,patents,False
South Korea,Personal Devices and Computing,2019,2207,1735.0,False,patents,False
South Korea,Personal Devices and Computing,2020,2475,1801.0,False,patents,False
South Korea,Personal Devices and Computing,2021,2599,1535.0,False,patents,False
South Korea,Personal Devices and Computing,2022,2820,980.0,False,patents,False
South Korea,Personal Devices and Computing,2023,170,135.0,False,patents,False
South Korea,Personal Devices and Computing,2024,8,3.0,False,patents,False
South Korea,Physical Sciences and Engineering,2015,10,9.0,True,patents,False
South Korea,Physical Sciences and Engineering,2016,45,35.0,True,patents,False
South Korea,Physical Sciences and Engineering,2017,80,68.0,True,patents,False
South Korea,Physical Sciences and Engineering,2018,174,145.0,True,patents,False
South Korea,Physical Sciences and Engineering,2019,276,223.0,False,patents,False
South Korea,Physical Sciences and Engineering,2020,415,303.0,False,patents,False
South Korea,Physical Sciences and Engineering,2021,421,261.0,False,patents,False
South Korea,Physical Sciences and Engineering,2022,458,209.0,False,patents,False
South Korea,Physical Sciences and Engineering,2023,25,21.0,False,patents,False
South Korea,Physical Sciences and Engineering,2024,1,0.0,False,patents,False
South Korea,Security,2015,16,12.0,True,patents,False
South Korea,Security,2016,54,48.0,True,patents,False
South Korea,Security,2017,137,110.0,True,patents,False
South Korea,Security,2018,227,183.0,True,patents,False
South Korea,Security,2019,468,339.0,False,patents,False
South Korea,Security,2020,619,438.0,False,patents,False
South Korea,Security,2021,578,364.0,False,patents,False
South Korea,Security,2022,671,278.0,False,patents,False
South Korea,Security,2023,23,20.0,False,patents,False
South Korea,Security,2024,1,0.0,False,patents,False
South Korea,Telecommunications,2015,70,58.0,True,patents,False
South Korea,Telecommunications,2016,208,166.0,True,patents,False
South Korea,Telecommunications,2017,473,378.0,True,patents,False
South Korea,Telecommunications,2018,775,630.0,True,patents,False
South Korea,Telecommunications,2019,1418,1047.0,False,patents,False
South Korea,Telecommunications,2020,1576,1076.0,False,patents,False
South Korea,Telecommunications,2021,1580,884.0,False,patents,False
South Korea,Telecommunications,2022,1805,615.0,False,patents,False
South Korea,Telecommunications,2023,87,59.0,False,patents,False
South Korea,Telecommunications,2024,4,2.0,False,patents,False
South Korea,Transportation,2015,77,75.0,True,patents,False
South Korea,Transportation,2016,125,113.0,True,patents,False
South Korea,Transportation,2017,217,190.0,True,patents,False
South Korea,Transportation,2018,314,255.0,True,patents,False
South Korea,Transportation,2019,643,466.0,False,patents,False
South Korea,Transportation,2020,522,370.0,False,patents,False
South Korea,Transportation,2021,466,289.0,False,patents,False
South Korea,Transportation,2022,561,216.0,False,patents,False
South Korea,Transportation,2023,21,15.0,False,patents,False
South Korea,Transportation,2024,1,0.0,False,patents,False
Spain,Agriculture,2015,1,1.0,True,patents,False
Spain,Agriculture,2016,1,1.0,True,patents,False
Spain,Agriculture,2017,5,5.0,True,patents,False
Spain,Agriculture,2018,7,7.0,True,patents,False
Spain,Agriculture,2019,4,4.0,False,patents,False
Spain,Agriculture,2020,7,6.0,False,patents,False
Spain,Agriculture,2021,2,1.0,False,patents,False
Spain,Agriculture,2022,1,0.0,False,patents,False
Spain,Agriculture,2023,0,0.0,False,patents,False
Spain,Agriculture,2024,0,0.0,False,patents,False
Spain,All,2015,44,42.0,True,patents,False
Spain,All,2016,64,61.0,True,patents,False
Spain,All,2017,96,90.0,True,patents,False
Spain,All,2018,111,104.0,True,patents,False
Spain,All,2019,94,89.0,False,patents,False
Spain,All,2020,88,75.0,False,patents,False
Spain,All,2021,67,56.0,False,patents,False
Spain,All,2022,52,38.0,False,patents,False
Spain,All,2023,12,7.0,False,patents,False
Spain,All,2024,3,2.0,False,patents,False
Spain,Banking and Finance,2015,6,4.0,True,patents,False
Spain,Banking and Finance,2016,0,0.0,True,patents,False
Spain,Banking and Finance,2017,2,2.0,True,patents,False
Spain,Banking and Finance,2018,3,3.0,True,patents,False
Spain,Banking and Finance,2019,3,3.0,False,patents,False
Spain,Banking and Finance,2020,2,2.0,False,patents,False
Spain,Banking and Finance,2021,3,1.0,False,patents,False
Spain,Banking and Finance,2022,0,0.0,False,patents,False
Spain,Banking and Finance,2023,0,0.0,False,patents,False
Spain,Banking and Finance,2024,0,0.0,False,patents,False
Spain,Business,2015,4,3.0,True,patents,False
Spain,Business,2016,5,4.0,True,patents,False
Spain,Business,2017,10,8.0,True,patents,False
Spain,Business,2018,5,5.0,True,patents,False
Spain,Business,2019,6,5.0,False,patents,False
Spain,Business,2020,8,5.0,False,patents,False
Spain,Business,2021,5,4.0,False,patents,False
Spain,Business,2022,2,1.0,False,patents,False
Spain,Business,2023,2,1.0,False,patents,False
Spain,Business,2024,0,0.0,False,patents,False
Spain,Energy Management,2015,3,3.0,True,patents,False
Spain,Energy Management,2016,5,4.0,True,patents,False
Spain,Energy Management,2017,5,3.0,True,patents,False
Spain,Energy Management,2018,5,4.0,True,patents,False
Spain,Energy Management,2019,8,7.0,False,patents,False
Spain,Energy Management,2020,6,6.0,False,patents,False
Spain,Energy Management,2021,5,4.0,False,patents,False
Spain,Energy Management,2022,2,1.0,False,patents,False
Spain,Energy Management,2023,3,1.0,False,patents,False
Spain,Energy Management,2024,0,0.0,False,patents,False
Spain,Industry and Manufacturing,2015,6,5.0,True,patents,False
Spain,Industry and Manufacturing,2016,5,5.0,True,patents,False
Spain,Industry and Manufacturing,2017,5,4.0,True,patents,False
Spain,Industry and Manufacturing,2018,16,15.0,True,patents,False
Spain,Industry and Manufacturing,2019,10,9.0,False,patents,False
Spain,Industry and Manufacturing,2020,10,9.0,False,patents,False
Spain,Industry and Manufacturing,2021,12,10.0,False,patents,False
Spain,Industry and Manufacturing,2022,5,4.0,False,patents,False
Spain,Industry and Manufacturing,2023,2,1.0,False,patents,False
Spain,Industry and Manufacturing,2024,0,0.0,False,patents,False
Spain,Life Sciences,2015,17,17.0,True,patents,False
Spain,Life Sciences,2016,24,24.0,True,patents,False
Spain,Life Sciences,2017,34,33.0,True,patents,False
Spain,Life Sciences,2018,33,30.0,True,patents,False
Spain,Life Sciences,2019,23,22.0,False,patents,False
Spain,Life Sciences,2020,20,17.0,False,patents,False
Spain,Life Sciences,2021,16,13.0,False,patents,False
Spain,Life Sciences,2022,14,11.0,False,patents,False
Spain,Life Sciences,2023,0,0.0,False,patents,False
Spain,Life Sciences,2024,1,1.0,False,patents,False
Spain,Personal Devices and Computing,2015,16,15.0,True,patents,False
Spain,Personal Devices and Computing,2016,24,23.0,True,patents,False
Spain,Personal Devices and Computing,2017,38,36.0,True,patents,False
Spain,Personal Devices and Computing,2018,41,39.0,True,patents,False
Spain,Personal Devices and Computing,2019,32,31.0,False,patents,False
Spain,Personal Devices and Computing,2020,22,18.0,False,patents,False
Spain,Personal Devices and Computing,2021,9,7.0,False,patents,False
Spain,Personal Devices and Computing,2022,17,14.0,False,patents,False
Spain,Personal Devices and Computing,2023,1,1.0,False,patents,False
Spain,Personal Devices and Computing,2024,1,0.0,False,patents,False
Spain,Physical Sciences and Engineering,2015,1,1.0,True,patents,False
Spain,Physical Sciences and Engineering,2016,5,5.0,True,patents,False
Spain,Physical Sciences and Engineering,2017,6,6.0,True,patents,False
Spain,Physical Sciences and Engineering,2018,6,5.0,True,patents,False
Spain,Physical Sciences and Engineering,2019,7,6.0,False,patents,False
Spain,Physical Sciences and Engineering,2020,3,3.0,False,patents,False
Spain,Physical Sciences and Engineering,2021,7,6.0,False,patents,False
Spain,Physical Sciences and Engineering,2022,5,2.0,False,patents,False
Spain,Physical Sciences and Engineering,2023,2,0.0,False,patents,False
Spain,Physical Sciences and Engineering,2024,0,0.0,False,patents,False
Spain,Security,2015,0,0.0,True,patents,False
Spain,Security,2016,2,1.0,True,patents,False
Spain,Security,2017,1,1.0,True,patents,False
Spain,Security,2018,5,4.0,True,patents,False
Spain,Security,2019,7,7.0,False,patents,False
Spain,Security,2020,3,2.0,False,patents,False
Spain,Security,2021,4,3.0,False,patents,False
Spain,Security,2022,2,2.0,False,patents,False
Spain,Security,2023,0,0.0,False,patents,False
Spain,Security,2024,1,0.0,False,patents,False
Spain,Telecommunications,2015,7,7.0,True,patents,False
Spain,Telecommunications,2016,12,11.0,True,patents,False
Spain,Telecommunications,2017,13,13.0,True,patents,False
Spain,Telecommunications,2018,25,25.0,True,patents,False
Spain,Telecommunications,2019,27,27.0,False,patents,False
Spain,Telecommunications,2020,14,11.0,False,patents,False
Spain,Telecommunications,2021,8,8.0,False,patents,False
Spain,Telecommunications,2022,5,4.0,False,patents,False
Spain,Telecommunications,2023,2,1.0,False,patents,False
Spain,Telecommunications,2024,0,0.0,False,patents,False
Spain,Transportation,2015,6,6.0,True,patents,False
Spain,Transportation,2016,7,7.0,True,patents,False
Spain,Transportation,2017,10,10.0,True,patents,False
Spain,Transportation,2018,21,21.0,True,patents,False
Spain,Transportation,2019,8,8.0,False,patents,False
Spain,Transportation,2020,6,4.0,False,patents,False
Spain,Transportation,2021,3,3.0,False,patents,False
Spain,Transportation,2022,2,0.0,False,patents,False
Spain,Transportation,2023,0,0.0,False,patents,False
Spain,Transportation,2024,0,0.0,False,patents,False
Sri Lanka,Agriculture,2016,0,0.0,True,patents,False
Sri Lanka,All,2016,1,1.0,True,patents,False
Sri Lanka,Banking and Finance,2016,0,0.0,True,patents,False
Sri Lanka,Business,2016,0,0.0,True,patents,False
Sri Lanka,Energy Management,2016,0,0.0,True,patents,False
Sri Lanka,Industry and Manufacturing,2016,0,0.0,True,patents,False
Sri Lanka,Life Sciences,2016,1,1.0,True,patents,False
Sri Lanka,Personal Devices and Computing,2016,0,0.0,True,patents,False
Sri Lanka,Physical Sciences and Engineering,2016,0,0.0,True,patents,False
Sri Lanka,Security,2016,0,0.0,True,patents,False
Sri Lanka,Telecommunications,2016,0,0.0,True,patents,False
Sri Lanka,Transportation,2016,0,0.0,True,patents,False
Sweden,Agriculture,2015,1,1.0,True,patents,False
Sweden,Agriculture,2016,0,0.0,True,patents,False
Sweden,Agriculture,2017,2,2.0,True,patents,False
Sweden,Agriculture,2018,4,3.0,True,patents,False
Sweden,Agriculture,2019,2,1.0,False,patents,False
Sweden,Agriculture,2020,2,2.0,False,patents,False
Sweden,Agriculture,2021,2,1.0,False,patents,False
Sweden,Agriculture,2022,0,0.0,False,patents,False
Sweden,Agriculture,2023,0,,False,patents,False
Sweden,Agriculture,2024,0,,False,patents,False
Sweden,All,2015,6,3.0,True,patents,False
Sweden,All,2016,12,11.0,True,patents,False
Sweden,All,2017,11,9.0,True,patents,False
Sweden,All,2018,31,17.0,True,patents,False
Sweden,All,2019,16,9.0,False,patents,False
Sweden,All,2020,26,19.0,False,patents,False
Sweden,All,2021,20,14.0,False,patents,False
Sweden,All,2022,30,18.0,False,patents,False
Sweden,All,2023,1,,False,patents,False
Sweden,All,2024,1,,False,patents,False
Sweden,Banking and Finance,2015,0,0.0,True,patents,False
Sweden,Banking and Finance,2016,3,3.0,True,patents,False
Sweden,Banking and Finance,2017,1,1.0,True,patents,False
Sweden,Banking and Finance,2018,2,1.0,True,patents,False
Sweden,Banking and Finance,2019,0,0.0,False,patents,False
Sweden,Banking and Finance,2020,1,0.0,False,patents,False
Sweden,Banking and Finance,2021,1,1.0,False,patents,False
Sweden,Banking and Finance,2022,4,4.0,False,patents,False
Sweden,Banking and Finance,2023,0,,False,patents,False
Sweden,Banking and Finance,2024,0,,False,patents,False
Sweden,Business,2015,1,1.0,True,patents,False
Sweden,Business,2016,3,2.0,True,patents,False
Sweden,Business,2017,1,0.0,True,patents,False
Sweden,Business,2018,0,0.0,True,patents,False
Sweden,Business,2019,0,0.0,False,patents,False
Sweden,Business,2020,2,2.0,False,patents,False
Sweden,Business,2021,2,1.0,False,patents,False
Sweden,Business,2022,2,0.0,False,patents,False
Sweden,Business,2023,0,,False,patents,False
Sweden,Business,2024,0,,False,patents,False
Sweden,Energy Management,2015,0,0.0,True,patents,False
Sweden,Energy Management,2016,0,0.0,True,patents,False
Sweden,Energy Management,2017,0,0.0,True,patents,False
Sweden,Energy Management,2018,1,1.0,True,patents,False
Sweden,Energy Management,2019,3,2.0,False,patents,False
Sweden,Energy Management,2020,3,3.0,False,patents,False
Sweden,Energy Management,2021,0,0.0,False,patents,False
Sweden,Energy Management,2022,4,4.0,False,patents,False
Sweden,Energy Management,2023,0,,False,patents,False
Sweden,Energy Management,2024,0,,False,patents,False
Sweden,Industry and Manufacturing,2015,0,0.0,True,patents,False
Sweden,Industry and Manufacturing,2016,1,1.0,True,patents,False
Sweden,Industry and Manufacturing,2017,1,1.0,True,patents,False
Sweden,Industry and Manufacturing,2018,3,3.0,True,patents,False
Sweden,Industry and Manufacturing,2019,3,2.0,False,patents,False
Sweden,Industry and Manufacturing,2020,5,4.0,False,patents,False
Sweden,Industry and Manufacturing,2021,4,3.0,False,patents,False
Sweden,Industry and Manufacturing,2022,3,2.0,False,patents,False
Sweden,Industry and Manufacturing,2023,0,,False,patents,False
Sweden,Industry and Manufacturing,2024,0,,False,patents,False
Sweden,Life Sciences,2015,1,0.0,True,patents,False
Sweden,Life Sciences,2016,1,1.0,True,patents,False
Sweden,Life Sciences,2017,0,0.0,True,patents,False
Sweden,Life Sciences,2018,5,3.0,True,patents,False
Sweden,Life Sciences,2019,7,5.0,False,patents,False
Sweden,Life Sciences,2020,6,4.0,False,patents,False
Sweden,Life Sciences,2021,3,3.0,False,patents,False
Sweden,Life Sciences,2022,5,3.0,False,patents,False
Sweden,Life Sciences,2023,0,,False,patents,False
Sweden,Life Sciences,2024,0,,False,patents,False
Sweden,Personal Devices and Computing,2015,4,2.0,True,patents,False
Sweden,Personal Devices and Computing,2016,4,4.0,True,patents,False
Sweden,Personal Devices and Computing,2017,3,2.0,True,patents,False
Sweden,Personal Devices and Computing,2018,8,5.0,True,patents,False
Sweden,Personal Devices and Computing,2019,4,2.0,False,patents,False
Sweden,Personal Devices and Computing,2020,12,8.0,False,patents,False
Sweden,Personal Devices and Computing,2021,11,7.0,False,patents,False
Sweden,Personal Devices and Computing,2022,6,4.0,False,patents,False
Sweden,Personal Devices and Computing,2023,1,,False,patents,False
Sweden,Personal Devices and Computing,2024,0,,False,patents,False
Sweden,Physical Sciences and Engineering,2015,1,1.0,True,patents,False
Sweden,Physical Sciences and Engineering,2016,1,1.0,True,patents,False
Sweden,Physical Sciences and Engineering,2017,2,2.0,True,patents,False
Sweden,Physical Sciences and Engineering,2018,0,0.0,True,patents,False
Sweden,Physical Sciences and Engineering,2019,4,2.0,False,patents,False
Sweden,Physical Sciences and Engineering,2020,2,1.0,False,patents,False
Sweden,Physical Sciences and Engineering,2021,1,1.0,False,patents,False
Sweden,Physical Sciences and Engineering,2022,4,3.0,False,patents,False
Sweden,Physical Sciences and Engineering,2023,0,,False,patents,False
Sweden,Physical Sciences and Engineering,2024,0,,False,patents,False
Sweden,Security,2015,0,0.0,True,patents,False
Sweden,Security,2016,0,0.0,True,patents,False
Sweden,Security,2017,0,0.0,True,patents,False
Sweden,Security,2018,1,1.0,True,patents,False
Sweden,Security,2019,1,1.0,False,patents,False
Sweden,Security,2020,4,2.0,False,patents,False
Sweden,Security,2021,2,2.0,False,patents,False
Sweden,Security,2022,5,4.0,False,patents,False
Sweden,Security,2023,0,,False,patents,False
Sweden,Security,2024,0,,False,patents,False
Sweden,Telecommunications,2015,2,1.0,True,patents,False
Sweden,Telecommunications,2016,3,3.0,True,patents,False
Sweden,Telecommunications,2017,5,4.0,True,patents,False
Sweden,Telecommunications,2018,8,5.0,True,patents,False
Sweden,Telecommunications,2019,4,3.0,False,patents,False
Sweden,Telecommunications,2020,8,8.0,False,patents,False
Sweden,Telecommunications,2021,4,3.0,False,patents,False
Sweden,Telecommunications,2022,6,2.0,False,patents,False
Sweden,Telecommunications,2023,0,,False,patents,False
Sweden,Telecommunications,2024,0,,False,patents,False
Sweden,Transportation,2015,1,1.0,True,patents,False
Sweden,Transportation,2016,3,3.0,True,patents,False
Sweden,Transportation,2017,5,5.0,True,patents,False
Sweden,Transportation,2018,12,5.0,True,patents,False
Sweden,Transportation,2019,2,1.0,False,patents,False
Sweden,Transportation,2020,2,1.0,False,patents,False
Sweden,Transportation,2021,3,3.0,False,patents,False
Sweden,Transportation,2022,3,2.0,False,patents,False
Sweden,Transportation,2023,0,,False,patents,False
Sweden,Transportation,2024,0,,False,patents,False
Switzerland,Agriculture,2015,0,,False,patents,False
Switzerland,Agriculture,2016,0,0.0,True,patents,False
Switzerland,Agriculture,2017,0,0.0,True,patents,False
Switzerland,Agriculture,2018,0,0.0,True,patents,False
Switzerland,Agriculture,2019,0,,False,patents,False
Switzerland,Agriculture,2020,0,0.0,False,patents,False
Switzerland,Agriculture,2021,0,0.0,False,patents,False
Switzerland,Agriculture,2022,2,,False,patents,False
Switzerland,All,2015,3,,False,patents,False
Switzerland,All,2016,4,4.0,True,patents,False
Switzerland,All,2017,2,1.0,True,patents,False
Switzerland,All,2018,4,2.0,True,patents,False
Switzerland,All,2019,2,,False,patents,False
Switzerland,All,2020,5,1.0,False,patents,False
Switzerland,All,2021,11,1.0,False,patents,False
Switzerland,All,2022,6,,False,patents,False
Switzerland,Banking and Finance,2015,1,,False,patents,False
Switzerland,Banking and Finance,2016,2,2.0,True,patents,False
Switzerland,Banking and Finance,2017,0,0.0,True,patents,False
Switzerland,Banking and Finance,2018,0,0.0,True,patents,False
Switzerland,Banking and Finance,2019,0,,False,patents,False
Switzerland,Banking and Finance,2020,1,0.0,False,patents,False
Switzerland,Banking and Finance,2021,1,0.0,False,patents,False
Switzerland,Banking and Finance,2022,1,,False,patents,False
Switzerland,Business,2015,0,,False,patents,False
Switzerland,Business,2016,1,1.0,True,patents,False
Switzerland,Business,2017,0,0.0,True,patents,False
Switzerland,Business,2018,0,0.0,True,patents,False
Switzerland,Business,2019,0,,False,patents,False
Switzerland,Business,2020,0,0.0,False,patents,False
Switzerland,Business,2021,3,0.0,False,patents,False
Switzerland,Business,2022,2,,False,patents,False
Switzerland,Energy Management,2015,0,,False,patents,False
Switzerland,Energy Management,2016,1,1.0,True,patents,False
Switzerland,Energy Management,2017,0,0.0,True,patents,False
Switzerland,Energy Management,2018,0,0.0,True,patents,False
Switzerland,Energy Management,2019,0,,False,patents,False
Switzerland,Energy Management,2020,0,0.0,False,patents,False
Switzerland,Energy Management,2021,0,0.0,False,patents,False
Switzerland,Energy Management,2022,0,,False,patents,False
Switzerland,Industry and Manufacturing,2015,0,,False,patents,False
Switzerland,Industry and Manufacturing,2016,0,0.0,True,patents,False
Switzerland,Industry and Manufacturing,2017,0,0.0,True,patents,False
Switzerland,Industry and Manufacturing,2018,1,1.0,True,patents,False
Switzerland,Industry and Manufacturing,2019,0,,False,patents,False
Switzerland,Industry and Manufacturing,2020,1,1.0,False,patents,False
Switzerland,Industry and Manufacturing,2021,2,1.0,False,patents,False
Switzerland,Industry and Manufacturing,2022,1,,False,patents,False
Switzerland,Life Sciences,2015,1,,False,patents,False
Switzerland,Life Sciences,2016,2,2.0,True,patents,False
Switzerland,Life Sciences,2017,1,1.0,True,patents,False
Switzerland,Life Sciences,2018,1,1.0,True,patents,False
Switzerland,Life Sciences,2019,0,,False,patents,False
Switzerland,Life Sciences,2020,0,0.0,False,patents,False
Switzerland,Life Sciences,2021,1,0.0,False,patents,False
Switzerland,Life Sciences,2022,0,,False,patents,False
Switzerland,Personal Devices and Computing,2015,2,,False,patents,False
Switzerland,Personal Devices and Computing,2016,1,1.0,True,patents,False
Switzerland,Personal Devices and Computing,2017,0,0.0,True,patents,False
Switzerland,Personal Devices and Computing,2018,2,1.0,True,patents,False
Switzerland,Personal Devices and Computing,2019,1,,False,patents,False
Switzerland,Personal Devices and Computing,2020,4,1.0,False,patents,False
Switzerland,Personal Devices and Computing,2021,5,0.0,False,patents,False
Switzerland,Personal Devices and Computing,2022,1,,False,patents,False
Switzerland,Physical Sciences and Engineering,2015,0,,False,patents,False
Switzerland,Physical Sciences and Engineering,2016,1,1.0,True,patents,False
Switzerland,Physical Sciences and Engineering,2017,0,0.0,True,patents,False
Switzerland,Physical Sciences and Engineering,2018,0,0.0,True,patents,False
Switzerland,Physical Sciences and Engineering,2019,0,,False,patents,False
Switzerland,Physical Sciences and Engineering,2020,1,1.0,False,patents,False
Switzerland,Physical Sciences and Engineering,2021,1,0.0,False,patents,False
Switzerland,Physical Sciences and Engineering,2022,0,,False,patents,False
Switzerland,Security,2015,0,,False,patents,False
Switzerland,Security,2016,1,1.0,True,patents,False
Switzerland,Security,2017,0,0.0,True,patents,False
Switzerland,Security,2018,0,0.0,True,patents,False
Switzerland,Security,2019,0,,False,patents,False
Switzerland,Security,2020,0,0.0,False,patents,False
Switzerland,Security,2021,0,0.0,False,patents,False
Switzerland,Security,2022,0,,False,patents,False
Switzerland,Telecommunications,2015,0,,False,patents,False
Switzerland,Telecommunications,2016,0,0.0,True,patents,False
Switzerland,Telecommunications,2017,0,0.0,True,patents,False
Switzerland,Telecommunications,2018,2,2.0,True,patents,False
Switzerland,Telecommunications,2019,0,,False,patents,False
Switzerland,Telecommunications,2020,0,0.0,False,patents,False
Switzerland,Telecommunications,2021,1,0.0,False,patents,False
Switzerland,Telecommunications,2022,0,,False,patents,False
Switzerland,Transportation,2015,0,,False,patents,False
Switzerland,Transportation,2016,1,1.0,True,patents,False
Switzerland,Transportation,2017,0,0.0,True,patents,False
Switzerland,Transportation,2018,1,0.0,True,patents,False
Switzerland,Transportation,2019,0,,False,patents,False
Switzerland,Transportation,2020,0,0.0,False,patents,False
Switzerland,Transportation,2021,1,0.0,False,patents,False
Switzerland,Transportation,2022,1,,False,patents,False
Taiwan,Agriculture,2015,0,0.0,True,patents,False
Taiwan,Agriculture,2016,1,1.0,True,patents,False
Taiwan,Agriculture,2017,1,1.0,True,patents,False
Taiwan,Agriculture,2018,2,1.0,True,patents,False
Taiwan,Agriculture,2019,7,7.0,False,patents,False
Taiwan,Agriculture,2020,1,1.0,False,patents,False
Taiwan,Agriculture,2021,4,3.0,False,patents,False
Taiwan,Agriculture,2022,5,5.0,False,patents,False
Taiwan,Agriculture,2023,0,0.0,False,patents,False
Taiwan,Agriculture,2024,0,0.0,False,patents,False
Taiwan,All,2015,47,42.0,True,patents,False
Taiwan,All,2016,98,89.0,True,patents,False
Taiwan,All,2017,186,154.0,True,patents,False
Taiwan,All,2018,357,311.0,True,patents,False
Taiwan,All,2019,497,418.0,False,patents,False
Taiwan,All,2020,627,534.0,False,patents,False
Taiwan,All,2021,669,535.0,False,patents,False
Taiwan,All,2022,561,449.0,False,patents,False
Taiwan,All,2023,126,121.0,False,patents,False
Taiwan,All,2024,2,2.0,False,patents,False
Taiwan,Banking and Finance,2015,0,0.0,True,patents,False
Taiwan,Banking and Finance,2016,1,1.0,True,patents,False
Taiwan,Banking and Finance,2017,4,4.0,True,patents,False
Taiwan,Banking and Finance,2018,6,6.0,True,patents,False
Taiwan,Banking and Finance,2019,4,3.0,False,patents,False
Taiwan,Banking and Finance,2020,8,6.0,False,patents,False
Taiwan,Banking and Finance,2021,4,2.0,False,patents,False
Taiwan,Banking and Finance,2022,2,2.0,False,patents,False
Taiwan,Banking and Finance,2023,0,0.0,False,patents,False
Taiwan,Banking and Finance,2024,1,1.0,False,patents,False
Taiwan,Business,2015,3,3.0,True,patents,False
Taiwan,Business,2016,11,11.0,True,patents,False
Taiwan,Business,2017,16,12.0,True,patents,False
Taiwan,Business,2018,15,13.0,True,patents,False
Taiwan,Business,2019,14,11.0,False,patents,False
Taiwan,Business,2020,24,21.0,False,patents,False
Taiwan,Business,2021,21,15.0,False,patents,False
Taiwan,Business,2022,15,14.0,False,patents,False
Taiwan,Business,2023,4,4.0,False,patents,False
Taiwan,Business,2024,0,0.0,False,patents,False
Taiwan,Energy Management,2015,2,2.0,True,patents,False
Taiwan,Energy Management,2016,5,3.0,True,patents,False
Taiwan,Energy Management,2017,4,4.0,True,patents,False
Taiwan,Energy Management,2018,9,7.0,True,patents,False
Taiwan,Energy Management,2019,6,4.0,False,patents,False
Taiwan,Energy Management,2020,17,16.0,False,patents,False
Taiwan,Energy Management,2021,7,5.0,False,patents,False
Taiwan,Energy Management,2022,7,5.0,False,patents,False
Taiwan,Energy Management,2023,2,2.0,False,patents,False
Taiwan,Energy Management,2024,0,0.0,False,patents,False
Taiwan,Industry and Manufacturing,2015,3,3.0,True,patents,False
Taiwan,Industry and Manufacturing,2016,8,8.0,True,patents,False
Taiwan,Industry and Manufacturing,2017,14,11.0,True,patents,False
Taiwan,Industry and Manufacturing,2018,20,19.0,True,patents,False
Taiwan,Industry and Manufacturing,2019,23,20.0,False,patents,False
Taiwan,Industry and Manufacturing,2020,28,26.0,False,patents,False
Taiwan,Industry and Manufacturing,2021,21,19.0,False,patents,False
Taiwan,Industry and Manufacturing,2022,12,9.0,False,patents,False
Taiwan,Industry and Manufacturing,2023,4,4.0,False,patents,False
Taiwan,Industry and Manufacturing,2024,0,0.0,False,patents,False
Taiwan,Life Sciences,2015,10,10.0,True,patents,False
Taiwan,Life Sciences,2016,14,11.0,True,patents,False
Taiwan,Life Sciences,2017,27,23.0,True,patents,False
Taiwan,Life Sciences,2018,51,44.0,True,patents,False
Taiwan,Life Sciences,2019,59,48.0,False,patents,False
Taiwan,Life Sciences,2020,84,66.0,False,patents,False
Taiwan,Life Sciences,2021,81,54.0,False,patents,False
Taiwan,Life Sciences,2022,67,52.0,False,patents,False
Taiwan,Life Sciences,2023,10,9.0,False,patents,False
Taiwan,Life Sciences,2024,0,0.0,False,patents,False
Taiwan,Personal Devices and Computing,2015,13,12.0,True,patents,False
Taiwan,Personal Devices and Computing,2016,33,30.0,True,patents,False
Taiwan,Personal Devices and Computing,2017,68,63.0,True,patents,False
Taiwan,Personal Devices and Computing,2018,120,109.0,True,patents,False
Taiwan,Personal Devices and Computing,2019,124,112.0,False,patents,False
Taiwan,Personal Devices and Computing,2020,166,142.0,False,patents,False
Taiwan,Personal Devices and Computing,2021,110,95.0,False,patents,False
Taiwan,Personal Devices and Computing,2022,74,57.0,False,patents,False
Taiwan,Personal Devices and Computing,2023,16,14.0,False,patents,False
Taiwan,Personal Devices and Computing,2024,0,0.0,False,patents,False
Taiwan,Physical Sciences and Engineering,2015,2,2.0,True,patents,False
Taiwan,Physical Sciences and Engineering,2016,2,2.0,True,patents,False
Taiwan,Physical Sciences and Engineering,2017,2,2.0,True,patents,False
Taiwan,Physical Sciences and Engineering,2018,11,8.0,True,patents,False
Taiwan,Physical Sciences and Engineering,2019,11,10.0,False,patents,False
Taiwan,Physical Sciences and Engineering,2020,9,4.0,False,patents,False
Taiwan,Physical Sciences and Engineering,2021,8,4.0,False,patents,False
Taiwan,Physical Sciences and Engineering,2022,11,5.0,False,patents,False
Taiwan,Physical Sciences and Engineering,2023,3,3.0,False,patents,False
Taiwan,Physical Sciences and Engineering,2024,0,0.0,False,patents,False
Taiwan,Security,2015,1,0.0,True,patents,False
Taiwan,Security,2016,2,2.0,True,patents,False
Taiwan,Security,2017,2,1.0,True,patents,False
Taiwan,Security,2018,12,11.0,True,patents,False
Taiwan,Security,2019,7,5.0,False,patents,False
Taiwan,Security,2020,12,11.0,False,patents,False
Taiwan,Security,2021,11,8.0,False,patents,False
Taiwan,Security,2022,7,5.0,False,patents,False
Taiwan,Security,2023,1,0.0,False,patents,False
Taiwan,Security,2024,0,0.0,False,patents,False
Taiwan,Telecommunications,2015,10,9.0,True,patents,False
Taiwan,Telecommunications,2016,14,13.0,True,patents,False
Taiwan,Telecommunications,2017,15,14.0,True,patents,False
Taiwan,Telecommunications,2018,35,30.0,True,patents,False
Taiwan,Telecommunications,2019,49,46.0,False,patents,False
Taiwan,Telecommunications,2020,63,56.0,False,patents,False
Taiwan,Telecommunications,2021,49,42.0,False,patents,False
Taiwan,Telecommunications,2022,40,27.0,False,patents,False
Taiwan,Telecommunications,2023,4,3.0,False,patents,False
Taiwan,Telecommunications,2024,0,0.0,False,patents,False
Taiwan,Transportation,2015,0,0.0,True,patents,False
Taiwan,Transportation,2016,6,5.0,True,patents,False
Taiwan,Transportation,2017,3,2.0,True,patents,False
Taiwan,Transportation,2018,15,14.0,True,patents,False
Taiwan,Transportation,2019,7,7.0,False,patents,False
Taiwan,Transportation,2020,5,5.0,False,patents,False
Taiwan,Transportation,2021,5,4.0,False,patents,False
Taiwan,Transportation,2022,10,9.0,False,patents,False
Taiwan,Transportation,2023,3,3.0,False,patents,False
Taiwan,Transportation,2024,0,0.0,False,patents,False
Thailand,Agriculture,2017,0,,False,patents,False
Thailand,All,2017,1,,False,patents,False
Thailand,Banking and Finance,2017,0,,False,patents,False
Thailand,Business,2017,1,,False,patents,False
Thailand,Energy Management,2017,0,,False,patents,False
Thailand,Industry and Manufacturing,2017,0,,False,patents,False
Thailand,Life Sciences,2017,0,,False,patents,False
Thailand,Personal Devices and Computing,2017,0,,False,patents,False
Thailand,Physical Sciences and Engineering,2017,0,,False,patents,False
Thailand,Security,2017,0,,False,patents,False
Thailand,Telecommunications,2017,0,,False,patents,False
Thailand,Transportation,2017,0,,False,patents,False
Tunisia,Agriculture,2020,0,,False,patents,False
Tunisia,Agriculture,2021,1,,False,patents,False
Tunisia,Agriculture,2022,0,,False,patents,False
Tunisia,All,2020,1,,False,patents,False
Tunisia,All,2021,2,,False,patents,False
Tunisia,All,2022,1,,False,patents,False
Tunisia,Banking and Finance,2020,0,,False,patents,False
Tunisia,Banking and Finance,2021,0,,False,patents,False
Tunisia,Banking and Finance,2022,0,,False,patents,False
Tunisia,Business,2020,0,,False,patents,False
Tunisia,Business,2021,0,,False,patents,False
Tunisia,Business,2022,0,,False,patents,False
Tunisia,Energy Management,2020,0,,False,patents,False
Tunisia,Energy Management,2021,0,,False,patents,False
Tunisia,Energy Management,2022,0,,False,patents,False
Tunisia,Industry and Manufacturing,2020,0,,False,patents,False
Tunisia,Industry and Manufacturing,2021,0,,False,patents,False
Tunisia,Industry and Manufacturing,2022,0,,False,patents,False
Tunisia,Life Sciences,2020,0,,False,patents,False
Tunisia,Life Sciences,2021,0,,False,patents,False
Tunisia,Life Sciences,2022,0,,False,patents,False
Tunisia,Personal Devices and Computing,2020,0,,False,patents,False
Tunisia,Personal Devices and Computing,2021,0,,False,patents,False
Tunisia,Personal Devices and Computing,2022,0,,False,patents,False
Tunisia,Physical Sciences and Engineering,2020,0,,False,patents,False
Tunisia,Physical Sciences and Engineering,2021,0,,False,patents,False
Tunisia,Physical Sciences and Engineering,2022,0,,False,patents,False
Tunisia,Security,2020,0,,False,patents,False
Tunisia,Security,2021,1,,False,patents,False
Tunisia,Security,2022,1,,False,patents,False
Tunisia,Telecommunications,2020,0,,False,patents,False
Tunisia,Telecommunications,2021,0,,False,patents,False
Tunisia,Telecommunications,2022,1,,False,patents,False
Tunisia,Transportation,2020,0,,False,patents,False
Tunisia,Transportation,2021,0,,False,patents,False
Tunisia,Transportation,2022,0,,False,patents,False
Turkey,Agriculture,2015,0,0.0,True,patents,False
Turkey,Agriculture,2016,0,0.0,True,patents,False
Turkey,Agriculture,2017,0,0.0,True,patents,False
Turkey,Agriculture,2018,1,0.0,True,patents,False
Turkey,Agriculture,2019,2,0.0,False,patents,False
Turkey,Agriculture,2020,1,,False,patents,False
Turkey,Agriculture,2021,3,0.0,False,patents,False
Turkey,Agriculture,2022,3,,False,patents,False
Turkey,All,2015,4,3.0,True,patents,False
Turkey,All,2016,8,1.0,True,patents,False
Turkey,All,2017,11,3.0,True,patents,False
Turkey,All,2018,18,5.0,True,patents,False
Turkey,All,2019,25,4.0,False,patents,False
Turkey,All,2020,46,,False,patents,False
Turkey,All,2021,39,3.0,False,patents,False
Turkey,All,2022,22,,False,patents,False
Turkey,Banking and Finance,2015,0,0.0,True,patents,False
Turkey,Banking and Finance,2016,1,1.0,True,patents,False
Turkey,Banking and Finance,2017,1,0.0,True,patents,False
Turkey,Banking and Finance,2018,2,1.0,True,patents,False
Turkey,Banking and Finance,2019,0,0.0,False,patents,False
Turkey,Banking and Finance,2020,8,,False,patents,False
Turkey,Banking and Finance,2021,4,0.0,False,patents,False
Turkey,Banking and Finance,2022,4,,False,patents,False
Turkey,Business,2015,0,0.0,True,patents,False
Turkey,Business,2016,1,1.0,True,patents,False
Turkey,Business,2017,1,0.0,True,patents,False
Turkey,Business,2018,4,2.0,True,patents,False
Turkey,Business,2019,3,0.0,False,patents,False
Turkey,Business,2020,8,,False,patents,False
Turkey,Business,2021,4,0.0,False,patents,False
Turkey,Business,2022,5,,False,patents,False
Turkey,Energy Management,2015,0,0.0,True,patents,False
Turkey,Energy Management,2016,0,0.0,True,patents,False
Turkey,Energy Management,2017,0,0.0,True,patents,False
Turkey,Energy Management,2018,0,0.0,True,patents,False
Turkey,Energy Management,2019,0,0.0,False,patents,False
Turkey,Energy Management,2020,1,,False,patents,False
Turkey,Energy Management,2021,1,0.0,False,patents,False
Turkey,Energy Management,2022,1,,False,patents,False
Turkey,Industry and Manufacturing,2015,0,0.0,True,patents,False
Turkey,Industry and Manufacturing,2016,0,0.0,True,patents,False
Turkey,Industry and Manufacturing,2017,1,1.0,True,patents,False
Turkey,Industry and Manufacturing,2018,0,0.0,True,patents,False
Turkey,Industry and Manufacturing,2019,4,1.0,False,patents,False
Turkey,Industry and Manufacturing,2020,4,,False,patents,False
Turkey,Industry and Manufacturing,2021,2,0.0,False,patents,False
Turkey,Industry and Manufacturing,2022,1,,False,patents,False
Turkey,Life Sciences,2015,1,0.0,True,patents,False
Turkey,Life Sciences,2016,0,0.0,True,patents,False
Turkey,Life Sciences,2017,2,1.0,True,patents,False
Turkey,Life Sciences,2018,2,0.0,True,patents,False
Turkey,Life Sciences,2019,4,0.0,False,patents,False
Turkey,Life Sciences,2020,12,,False,patents,False
Turkey,Life Sciences,2021,8,0.0,False,patents,False
Turkey,Life Sciences,2022,6,,False,patents,False
Turkey,Personal Devices and Computing,2015,2,2.0,True,patents,False
Turkey,Personal Devices and Computing,2016,0,0.0,True,patents,False
Turkey,Personal Devices and Computing,2017,2,1.0,True,patents,False
Turkey,Personal Devices and Computing,2018,6,4.0,True,patents,False
Turkey,Personal Devices and Computing,2019,6,1.0,False,patents,False
Turkey,Personal Devices and Computing,2020,11,,False,patents,False
Turkey,Personal Devices and Computing,2021,11,1.0,False,patents,False
Turkey,Personal Devices and Computing,2022,4,,False,patents,False
Turkey,Physical Sciences and Engineering,2015,0,0.0,True,patents,False
Turkey,Physical Sciences and Engineering,2016,0,0.0,True,patents,False
Turkey,Physical Sciences and Engineering,2017,0,0.0,True,patents,False
Turkey,Physical Sciences and Engineering,2018,0,0.0,True,patents,False
Turkey,Physical Sciences and Engineering,2019,1,0.0,False,patents,False
Turkey,Physical Sciences and Engineering,2020,2,,False,patents,False
Turkey,Physical Sciences and Engineering,2021,1,0.0,False,patents,False
Turkey,Physical Sciences and Engineering,2022,0,,False,patents,False
Turkey,Security,2015,0,0.0,True,patents,False
Turkey,Security,2016,0,0.0,True,patents,False
Turkey,Security,2017,1,0.0,True,patents,False
Turkey,Security,2018,0,0.0,True,patents,False
Turkey,Security,2019,0,0.0,False,patents,False
Turkey,Security,2020,6,,False,patents,False
Turkey,Security,2021,4,0.0,False,patents,False
Turkey,Security,2022,1,,False,patents,False
Turkey,Telecommunications,2015,2,2.0,True,patents,False
Turkey,Telecommunications,2016,0,0.0,True,patents,False
Turkey,Telecommunications,2017,5,0.0,True,patents,False
Turkey,Telecommunications,2018,2,2.0,True,patents,False
Turkey,Telecommunications,2019,5,2.0,False,patents,False
Turkey,Telecommunications,2020,7,,False,patents,False
Turkey,Telecommunications,2021,9,1.0,False,patents,False
Turkey,Telecommunications,2022,4,,False,patents,False
Turkey,Transportation,2015,1,1.0,True,patents,False
Turkey,Transportation,2016,2,1.0,True,patents,False
Turkey,Transportation,2017,0,0.0,True,patents,False
Turkey,Transportation,2018,1,0.0,True,patents,False
Turkey,Transportation,2019,2,0.0,False,patents,False
Turkey,Transportation,2020,1,,False,patents,False
Turkey,Transportation,2021,4,0.0,False,patents,False
Turkey,Transportation,2022,2,,False,patents,False
Ukraine,Agriculture,2015,1,1.0,True,patents,False
Ukraine,Agriculture,2016,0,0.0,True,patents,False
Ukraine,Agriculture,2017,0,0.0,True,patents,False
Ukraine,Agriculture,2018,1,1.0,True,patents,False
Ukraine,Agriculture,2019,0,0.0,False,patents,False
Ukraine,Agriculture,2021,0,0.0,False,patents,False
Ukraine,Agriculture,2022,0,0.0,False,patents,False
Ukraine,Agriculture,2023,0,0.0,False,patents,False
Ukraine,All,2015,12,12.0,True,patents,False
Ukraine,All,2016,4,4.0,True,patents,False
Ukraine,All,2017,2,1.0,True,patents,False
Ukraine,All,2018,4,4.0,True,patents,False
Ukraine,All,2019,2,2.0,False,patents,False
Ukraine,All,2021,6,6.0,False,patents,False
Ukraine,All,2022,1,1.0,False,patents,False
Ukraine,All,2023,7,7.0,False,patents,False
Ukraine,Banking and Finance,2015,0,0.0,True,patents,False
Ukraine,Banking and Finance,2016,0,0.0,True,patents,False
Ukraine,Banking and Finance,2017,0,0.0,True,patents,False
Ukraine,Banking and Finance,2018,0,0.0,True,patents,False
Ukraine,Banking and Finance,2019,0,0.0,False,patents,False
Ukraine,Banking and Finance,2021,0,0.0,False,patents,False
Ukraine,Banking and Finance,2022,0,0.0,False,patents,False
Ukraine,Banking and Finance,2023,0,0.0,False,patents,False
Ukraine,Business,2015,0,0.0,True,patents,False
Ukraine,Business,2016,0,0.0,True,patents,False
Ukraine,Business,2017,0,0.0,True,patents,False
Ukraine,Business,2018,0,0.0,True,patents,False
Ukraine,Business,2019,0,0.0,False,patents,False
Ukraine,Business,2021,0,0.0,False,patents,False
Ukraine,Business,2022,0,0.0,False,patents,False
Ukraine,Business,2023,0,0.0,False,patents,False
Ukraine,Energy Management,2015,0,0.0,True,patents,False
Ukraine,Energy Management,2016,0,0.0,True,patents,False
Ukraine,Energy Management,2017,0,0.0,True,patents,False
Ukraine,Energy Management,2018,0,0.0,True,patents,False
Ukraine,Energy Management,2019,0,0.0,False,patents,False
Ukraine,Energy Management,2021,0,0.0,False,patents,False
Ukraine,Energy Management,2022,0,0.0,False,patents,False
Ukraine,Energy Management,2023,0,0.0,False,patents,False
Ukraine,Industry and Manufacturing,2015,0,0.0,True,patents,False
Ukraine,Industry and Manufacturing,2016,0,0.0,True,patents,False
Ukraine,Industry and Manufacturing,2017,0,0.0,True,patents,False
Ukraine,Industry and Manufacturing,2018,1,1.0,True,patents,False
Ukraine,Industry and Manufacturing,2019,0,0.0,False,patents,False
Ukraine,Industry and Manufacturing,2021,0,0.0,False,patents,False
Ukraine,Industry and Manufacturing,2022,0,0.0,False,patents,False
Ukraine,Industry and Manufacturing,2023,0,0.0,False,patents,False
Ukraine,Life Sciences,2015,1,1.0,True,patents,False
Ukraine,Life Sciences,2016,0,0.0,True,patents,False
Ukraine,Life Sciences,2017,0,0.0,True,patents,False
Ukraine,Life Sciences,2018,0,0.0,True,patents,False
Ukraine,Life Sciences,2019,0,0.0,False,patents,False
Ukraine,Life Sciences,2021,1,1.0,False,patents,False
Ukraine,Life Sciences,2022,0,0.0,False,patents,False
Ukraine,Life Sciences,2023,0,0.0,False,patents,False
Ukraine,Personal Devices and Computing,2015,2,2.0,True,patents,False
Ukraine,Personal Devices and Computing,2016,0,0.0,True,patents,False
Ukraine,Personal Devices and Computing,2017,0,0.0,True,patents,False
Ukraine,Personal Devices and Computing,2018,1,1.0,True,patents,False
Ukraine,Personal Devices and Computing,2019,0,0.0,False,patents,False
Ukraine,Personal Devices and Computing,2021,0,0.0,False,patents,False
Ukraine,Personal Devices and Computing,2022,0,0.0,False,patents,False
Ukraine,Personal Devices and Computing,2023,0,0.0,False,patents,False
Ukraine,Physical Sciences and Engineering,2015,0,0.0,True,patents,False
Ukraine,Physical Sciences and Engineering,2016,0,0.0,True,patents,False
Ukraine,Physical Sciences and Engineering,2017,0,0.0,True,patents,False
Ukraine,Physical Sciences and Engineering,2018,1,1.0,True,patents,False
Ukraine,Physical Sciences and Engineering,2019,0,0.0,False,patents,False
Ukraine,Physical Sciences and Engineering,2021,0,0.0,False,patents,False
Ukraine,Physical Sciences and Engineering,2022,0,0.0,False,patents,False
Ukraine,Physical Sciences and Engineering,2023,0,0.0,False,patents,False
Ukraine,Security,2015,0,0.0,True,patents,False
Ukraine,Security,2016,0,0.0,True,patents,False
Ukraine,Security,2017,0,0.0,True,patents,False
Ukraine,Security,2018,0,0.0,True,patents,False
Ukraine,Security,2019,0,0.0,False,patents,False
Ukraine,Security,2021,0,0.0,False,patents,False
Ukraine,Security,2022,0,0.0,False,patents,False
Ukraine,Security,2023,0,0.0,False,patents,False
Ukraine,Telecommunications,2015,0,0.0,True,patents,False
Ukraine,Telecommunications,2016,0,0.0,True,patents,False
Ukraine,Telecommunications,2017,0,0.0,True,patents,False
Ukraine,Telecommunications,2018,0,0.0,True,patents,False
Ukraine,Telecommunications,2019,0,0.0,False,patents,False
Ukraine,Telecommunications,2021,0,0.0,False,patents,False
Ukraine,Telecommunications,2022,0,0.0,False,patents,False
Ukraine,Telecommunications,2023,0,0.0,False,patents,False
Ukraine,Transportation,2015,0,0.0,True,patents,False
Ukraine,Transportation,2016,0,0.0,True,patents,False
Ukraine,Transportation,2017,0,0.0,True,patents,False
Ukraine,Transportation,2018,0,0.0,True,patents,False
Ukraine,Transportation,2019,0,0.0,False,patents,False
Ukraine,Transportation,2021,0,0.0,False,patents,False
Ukraine,Transportation,2022,0,0.0,False,patents,False
Ukraine,Transportation,2023,0,0.0,False,patents,False
United Kingdom,Agriculture,2015,0,0.0,True,patents,False
United Kingdom,Agriculture,2016,2,2.0,True,patents,False
United Kingdom,Agriculture,2017,5,4.0,True,patents,False
United Kingdom,Agriculture,2018,6,5.0,True,patents,False
United Kingdom,Agriculture,2019,7,7.0,False,patents,False
United Kingdom,Agriculture,2020,16,12.0,False,patents,False
United Kingdom,Agriculture,2021,3,1.0,False,patents,False
United Kingdom,Agriculture,2022,7,1.0,False,patents,False
United Kingdom,Agriculture,2023,9,0.0,False,patents,False
United Kingdom,Agriculture,2024,1,0.0,False,patents,False
United Kingdom,All,2015,93,62.0,True,patents,False
United Kingdom,All,2016,189,130.0,True,patents,False
United Kingdom,All,2017,276,198.0,True,patents,False
United Kingdom,All,2018,407,260.0,True,patents,False
United Kingdom,All,2019,423,295.0,False,patents,False
United Kingdom,All,2020,440,246.0,False,patents,False
United Kingdom,All,2021,477,192.0,False,patents,False
United Kingdom,All,2022,486,145.0,False,patents,False
United Kingdom,All,2023,488,46.0,False,patents,False
United Kingdom,All,2024,184,3.0,False,patents,False
United Kingdom,Banking and Finance,2015,3,2.0,True,patents,False
United Kingdom,Banking and Finance,2016,11,7.0,True,patents,False
United Kingdom,Banking and Finance,2017,7,6.0,True,patents,False
United Kingdom,Banking and Finance,2018,19,14.0,True,patents,False
United Kingdom,Banking and Finance,2019,17,12.0,False,patents,False
United Kingdom,Banking and Finance,2020,25,11.0,False,patents,False
United Kingdom,Banking and Finance,2021,11,1.0,False,patents,False
United Kingdom,Banking and Finance,2022,14,2.0,False,patents,False
United Kingdom,Banking and Finance,2023,13,0.0,False,patents,False
United Kingdom,Banking and Finance,2024,6,1.0,False,patents,False
United Kingdom,Business,2015,15,9.0,True,patents,False
United Kingdom,Business,2016,39,24.0,True,patents,False
United Kingdom,Business,2017,23,16.0,True,patents,False
United Kingdom,Business,2018,53,34.0,True,patents,False
United Kingdom,Business,2019,35,20.0,False,patents,False
United Kingdom,Business,2020,37,12.0,False,patents,False
United Kingdom,Business,2021,33,9.0,False,patents,False
United Kingdom,Business,2022,37,11.0,False,patents,False
United Kingdom,Business,2023,28,0.0,False,patents,False
United Kingdom,Business,2024,10,1.0,False,patents,False
United Kingdom,Energy Management,2015,5,4.0,True,patents,False
United Kingdom,Energy Management,2016,3,1.0,True,patents,False
United Kingdom,Energy Management,2017,9,6.0,True,patents,False
United Kingdom,Energy Management,2018,10,8.0,True,patents,False
United Kingdom,Energy Management,2019,13,12.0,False,patents,False
United Kingdom,Energy Management,2020,13,8.0,False,patents,False
United Kingdom,Energy Management,2021,13,5.0,False,patents,False
United Kingdom,Energy Management,2022,13,5.0,False,patents,False
United Kingdom,Energy Management,2023,14,1.0,False,patents,False
United Kingdom,Energy Management,2024,6,1.0,False,patents,False
United Kingdom,Industry and Manufacturing,2015,1,1.0,True,patents,False
United Kingdom,Industry and Manufacturing,2016,17,11.0,True,patents,False
United Kingdom,Industry and Manufacturing,2017,13,12.0,True,patents,False
United Kingdom,Industry and Manufacturing,2018,26,20.0,True,patents,False
United Kingdom,Industry and Manufacturing,2019,12,10.0,False,patents,False
United Kingdom,Industry and Manufacturing,2020,31,20.0,False,patents,False
United Kingdom,Industry and Manufacturing,2021,10,6.0,False,patents,False
United Kingdom,Industry and Manufacturing,2022,24,7.0,False,patents,False
United Kingdom,Industry and Manufacturing,2023,16,3.0,False,patents,False
United Kingdom,Industry and Manufacturing,2024,5,1.0,False,patents,False
United Kingdom,Life Sciences,2015,12,8.0,True,patents,False
United Kingdom,Life Sciences,2016,22,17.0,True,patents,False
United Kingdom,Life Sciences,2017,45,34.0,True,patents,False
United Kingdom,Life Sciences,2018,99,59.0,True,patents,False
United Kingdom,Life Sciences,2019,63,39.0,False,patents,False
United Kingdom,Life Sciences,2020,86,36.0,False,patents,False
United Kingdom,Life Sciences,2021,76,22.0,False,patents,False
United Kingdom,Life Sciences,2022,67,11.0,False,patents,False
United Kingdom,Life Sciences,2023,60,6.0,False,patents,False
United Kingdom,Life Sciences,2024,31,0.0,False,patents,False
United Kingdom,Personal Devices and Computing,2015,41,29.0,True,patents,False
United Kingdom,Personal Devices and Computing,2016,97,75.0,True,patents,False
United Kingdom,Personal Devices and Computing,2017,135,102.0,True,patents,False
United Kingdom,Personal Devices and Computing,2018,163,119.0,True,patents,False
United Kingdom,Personal Devices and Computing,2019,201,149.0,False,patents,False
United Kingdom,Personal Devices and Computing,2020,145,92.0,False,patents,False
United Kingdom,Personal Devices and Computing,2021,121,64.0,False,patents,False
United Kingdom,Personal Devices and Computing,2022,120,40.0,False,patents,False
United Kingdom,Personal Devices and Computing,2023,111,11.0,False,patents,False
United Kingdom,Personal Devices and Computing,2024,35,2.0,False,patents,False
United Kingdom,Physical Sciences and Engineering,2015,11,10.0,True,patents,False
United Kingdom,Physical Sciences and Engineering,2016,9,6.0,True,patents,False
United Kingdom,Physical Sciences and Engineering,2017,20,18.0,True,patents,False
United Kingdom,Physical Sciences and Engineering,2018,36,29.0,True,patents,False
United Kingdom,Physical Sciences and Engineering,2019,40,35.0,False,patents,False
United Kingdom,Physical Sciences and Engineering,2020,19,13.0,False,patents,False
United Kingdom,Physical Sciences and Engineering,2021,27,8.0,False,patents,False
United Kingdom,Physical Sciences and Engineering,2022,24,9.0,False,patents,False
United Kingdom,Physical Sciences and Engineering,2023,30,6.0,False,patents,False
United Kingdom,Physical Sciences and Engineering,2024,4,0.0,False,patents,False
United Kingdom,Security,2015,9,5.0,True,patents,False
United Kingdom,Security,2016,26,17.0,True,patents,False
United Kingdom,Security,2017,19,17.0,True,patents,False
United Kingdom,Security,2018,26,20.0,True,patents,False
United Kingdom,Security,2019,29,21.0,False,patents,False
United Kingdom,Security,2020,24,13.0,False,patents,False
United Kingdom,Security,2021,26,8.0,False,patents,False
United Kingdom,Security,2022,30,8.0,False,patents,False
United Kingdom,Security,2023,16,0.0,False,patents,False
United Kingdom,Security,2024,9,1.0,False,patents,False
United Kingdom,Telecommunications,2015,26,18.0,True,patents,False
United Kingdom,Telecommunications,2016,50,37.0,True,patents,False
United Kingdom,Telecommunications,2017,49,37.0,True,patents,False
United Kingdom,Telecommunications,2018,65,51.0,True,patents,False
United Kingdom,Telecommunications,2019,82,62.0,False,patents,False
United Kingdom,Telecommunications,2020,73,51.0,False,patents,False
United Kingdom,Telecommunications,2021,88,34.0,False,patents,False
United Kingdom,Telecommunications,2022,115,35.0,False,patents,False
United Kingdom,Telecommunications,2023,136,9.0,False,patents,False
United Kingdom,Telecommunications,2024,50,1.0,False,patents,False
United Kingdom,Transportation,2015,9,7.0,True,patents,False
United Kingdom,Transportation,2016,27,17.0,True,patents,False
United Kingdom,Transportation,2017,39,33.0,True,patents,False
United Kingdom,Transportation,2018,45,35.0,True,patents,False
United Kingdom,Transportation,2019,39,32.0,False,patents,False
United Kingdom,Transportation,2020,39,22.0,False,patents,False
United Kingdom,Transportation,2021,46,12.0,False,patents,False
United Kingdom,Transportation,2022,52,19.0,False,patents,False
United Kingdom,Transportation,2023,31,2.0,False,patents,False
United Kingdom,Transportation,2024,10,0.0,False,patents,False
United States,Agriculture,2015,45,36.0,True,patents,False
United States,Agriculture,2016,71,56.0,True,patents,False
United States,Agriculture,2017,126,102.0,True,patents,False
United States,Agriculture,2018,164,130.0,True,patents,False
United States,Agriculture,2019,144,124.0,False,patents,False
United States,Agriculture,2020,187,144.0,False,patents,False
United States,Agriculture,2021,126,58.0,False,patents,False
United States,Agriculture,2022,89,21.0,False,patents,False
United States,Agriculture,2023,7,6.0,False,patents,False
United States,Agriculture,2024,0,0.0,False,patents,False
United States,All,2015,3966,3168.0,True,patents,False
United States,All,2016,6222,5052.0,True,patents,False
United States,All,2017,9990,8166.0,True,patents,False
United States,All,2018,13607,11594.0,True,patents,False
United States,All,2019,14938,13441.0,False,patents,False
United States,All,2020,14603,11995.0,False,patents,False
United States,All,2021,12001,7696.0,False,patents,False
United States,All,2022,6988,3060.0,False,patents,False
United States,All,2023,600,446.0,False,patents,False
United States,All,2024,9,8.0,False,patents,False
United States,Banking and Finance,2015,173,127.0,True,patents,False
United States,Banking and Finance,2016,300,223.0,True,patents,False
United States,Banking and Finance,2017,535,412.0,True,patents,False
United States,Banking and Finance,2018,667,521.0,True,patents,False
United States,Banking and Finance,2019,769,687.0,False,patents,False
United States,Banking and Finance,2020,775,637.0,False,patents,False
United States,Banking and Finance,2021,473,316.0,False,patents,False
United States,Banking and Finance,2022,256,131.0,False,patents,False
United States,Banking and Finance,2023,27,18.0,False,patents,False
United States,Banking and Finance,2024,0,0.0,False,patents,False
United States,Business,2015,664,464.0,True,patents,False
United States,Business,2016,1156,813.0,True,patents,False
United States,Business,2017,1658,1141.0,True,patents,False
United States,Business,2018,1832,1394.0,True,patents,False
United States,Business,2019,1895,1639.0,False,patents,False
United States,Business,2020,1941,1571.0,False,patents,False
United States,Business,2021,1268,826.0,False,patents,False
United States,Business,2022,733,319.0,False,patents,False
United States,Business,2023,65,53.0,False,patents,False
United States,Business,2024,1,1.0,False,patents,False
United States,Energy Management,2015,86,69.0,True,patents,False
United States,Energy Management,2016,115,96.0,True,patents,False
United States,Energy Management,2017,198,158.0,True,patents,False
United States,Energy Management,2018,262,222.0,True,patents,False
United States,Energy Management,2019,261,229.0,False,patents,False
United States,Energy Management,2020,234,194.0,False,patents,False
United States,Energy Management,2021,253,158.0,False,patents,False
United States,Energy Management,2022,162,66.0,False,patents,False
United States,Energy Management,2023,8,4.0,False,patents,False
United States,Energy Management,2024,1,1.0,False,patents,False
United States,Industry and Manufacturing,2015,113,97.0,True,patents,False
United States,Industry and Manufacturing,2016,213,181.0,True,patents,False
United States,Industry and Manufacturing,2017,362,307.0,True,patents,False
United States,Industry and Manufacturing,2018,518,427.0,True,patents,False
United States,Industry and Manufacturing,2019,563,479.0,False,patents,False
United States,Industry and Manufacturing,2020,558,433.0,False,patents,False
United States,Industry and Manufacturing,2021,387,228.0,False,patents,False
United States,Industry and Manufacturing,2022,228,83.0,False,patents,False
United States,Industry and Manufacturing,2023,16,10.0,False,patents,False
United States,Industry and Manufacturing,2024,0,0.0,False,patents,False
United States,Life Sciences,2015,658,503.0,True,patents,False
United States,Life Sciences,2016,907,712.0,True,patents,False
United States,Life Sciences,2017,1376,1049.0,True,patents,False
United States,Life Sciences,2018,1926,1471.0,True,patents,False
United States,Life Sciences,2019,2069,1647.0,False,patents,False
United States,Life Sciences,2020,2124,1341.0,False,patents,False
United States,Life Sciences,2021,1888,768.0,False,patents,False
United States,Life Sciences,2022,1127,268.0,False,patents,False
United States,Life Sciences,2023,61,37.0,False,patents,False
United States,Life Sciences,2024,1,1.0,False,patents,False
United States,Personal Devices and Computing,2015,1995,1617.0,True,patents,False
United States,Personal Devices and Computing,2016,3286,2722.0,True,patents,False
United States,Personal Devices and Computing,2017,5489,4593.0,True,patents,False
United States,Personal Devices and Computing,2018,7686,6725.0,True,patents,False
United States,Personal Devices and Computing,2019,8435,7792.0,False,patents,False
United States,Personal Devices and Computing,2020,7706,6754.0,False,patents,False
United States,Personal Devices and Computing,2021,5384,3977.0,False,patents,False
United States,Personal Devices and Computing,2022,2522,1319.0,False,patents,False
United States,Personal Devices and Computing,2023,274,219.0,False,patents,False
United States,Personal Devices and Computing,2024,3,3.0,False,patents,False
United States,Physical Sciences and Engineering,2015,102,91.0,True,patents,False
United States,Physical Sciences and Engineering,2016,162,125.0,True,patents,False
United States,Physical Sciences and Engineering,2017,253,209.0,True,patents,False
United States,Physical Sciences and Engineering,2018,352,295.0,True,patents,False
United States,Physical Sciences and Engineering,2019,420,365.0,False,patents,False
United States,Physical Sciences and Engineering,2020,400,313.0,False,patents,False
United States,Physical Sciences and Engineering,2021,389,198.0,False,patents,False
United States,Physical Sciences and Engineering,2022,267,110.0,False,patents,False
United States,Physical Sciences and Engineering,2023,25,14.0,False,patents,False
United States,Physical Sciences and Engineering,2024,0,0.0,False,patents,False
United States,Security,2015,223,193.0,True,patents,False
United States,Security,2016,458,387.0,True,patents,False
United States,Security,2017,673,586.0,True,patents,False
United States,Security,2018,1013,888.0,True,patents,False
United States,Security,2019,1099,1018.0,False,patents,False
United States,Security,2020,1057,933.0,False,patents,False
United States,Security,2021,776,586.0,False,patents,False
United States,Security,2022,429,228.0,False,patents,False
United States,Security,2023,51,35.0,False,patents,False
United States,Security,2024,2,2.0,False,patents,False
United States,Telecommunications,2015,893,743.0,True,patents,False
United States,Telecommunications,2016,1457,1218.0,True,patents,False
United States,Telecommunications,2017,2466,2104.0,True,patents,False
United States,Telecommunications,2018,3220,2827.0,True,patents,False
United States,Telecommunications,2019,3487,3221.0,False,patents,False
United States,Telecommunications,2020,3608,3137.0,False,patents,False
United States,Telecommunications,2021,2931,2044.0,False,patents,False
United States,Telecommunications,2022,1687,871.0,False,patents,False
United States,Telecommunications,2023,144,111.0,False,patents,False
United States,Telecommunications,2024,4,4.0,False,patents,False
United States,Transportation,2015,365,329.0,True,patents,False
United States,Transportation,2016,826,713.0,True,patents,False
United States,Transportation,2017,1259,1089.0,True,patents,False
United States,Transportation,2018,1710,1504.0,True,patents,False
United States,Transportation,2019,1502,1365.0,False,patents,False
United States,Transportation,2020,1129,966.0,False,patents,False
United States,Transportation,2021,739,528.0,False,patents,False
United States,Transportation,2022,420,244.0,False,patents,False
United States,Transportation,2023,28,23.0,False,patents,False
United States,Transportation,2024,0,0.0,False,patents,False
Uruguay,Agriculture,2017,1,1.0,True,patents,False
Uruguay,Agriculture,2020,1,1.0,False,patents,False
Uruguay,Agriculture,2022,1,,False,patents,False
Uruguay,All,2017,1,1.0,True,patents,False
Uruguay,All,2020,1,1.0,False,patents,False
Uruguay,All,2022,1,,False,patents,False
Uruguay,Banking and Finance,2017,0,0.0,True,patents,False
Uruguay,Banking and Finance,2020,0,0.0,False,patents,False
Uruguay,Banking and Finance,2022,0,,False,patents,False
Uruguay,Business,2017,0,0.0,True,patents,False
Uruguay,Business,2020,0,0.0,False,patents,False
Uruguay,Business,2022,0,,False,patents,False
Uruguay,Energy Management,2017,0,0.0,True,patents,False
Uruguay,Energy Management,2020,0,0.0,False,patents,False
Uruguay,Energy Management,2022,0,,False,patents,False
Uruguay,Industry and Manufacturing,2017,1,1.0,True,patents,False
Uruguay,Industry and Manufacturing,2020,1,1.0,False,patents,False
Uruguay,Industry and Manufacturing,2022,0,,False,patents,False
Uruguay,Life Sciences,2017,0,0.0,True,patents,False
Uruguay,Life Sciences,2020,0,0.0,False,patents,False
Uruguay,Life Sciences,2022,0,,False,patents,False
Uruguay,Personal Devices and Computing,2017,0,0.0,True,patents,False
Uruguay,Personal Devices and Computing,2020,1,1.0,False,patents,False
Uruguay,Personal Devices and Computing,2022,0,,False,patents,False
Uruguay,Physical Sciences and Engineering,2017,0,0.0,True,patents,False
Uruguay,Physical Sciences and Engineering,2020,0,0.0,False,patents,False
Uruguay,Physical Sciences and Engineering,2022,0,,False,patents,False
Uruguay,Security,2017,0,0.0,True,patents,False
Uruguay,Security,2020,0,0.0,False,patents,False
Uruguay,Security,2022,0,,False,patents,False
Uruguay,Telecommunications,2017,0,0.0,True,patents,False
Uruguay,Telecommunications,2020,0,0.0,False,patents,False
Uruguay,Telecommunications,2022,0,,False,patents,False
Uruguay,Transportation,2017,0,0.0,True,patents,False
Uruguay,Transportation,2020,0,0.0,False,patents,False
Uruguay,Transportation,2022,0,,False,patents,False
World Intellectual Property Organization (WIPO),Agriculture,2015,0,,False,patents,False
World Intellectual Property Organization (WIPO),Agriculture,2016,0,0.0,True,patents,False
World Intellectual Property Organization (WIPO),Agriculture,2017,0,0.0,True,patents,False
World Intellectual Property Organization (WIPO),Agriculture,2018,5,1.0,True,patents,False
World Intellectual Property Organization (WIPO),Agriculture,2019,7,2.0,False,patents,False
World Intellectual Property Organization (WIPO),Agriculture,2020,17,1.0,False,patents,False
World Intellectual Property Organization (WIPO),Agriculture,2021,21,1.0,False,patents,False
World Intellectual Property Organization (WIPO),Agriculture,2022,34,1.0,False,patents,False
World Intellectual Property Organization (WIPO),Agriculture,2023,4,0.0,False,patents,False
World Intellectual Property Organization (WIPO),Agriculture,2024,0,,False,patents,False
World Intellectual Property Organization (WIPO),All,2015,3,,False,patents,False
World Intellectual Property Organization (WIPO),All,2016,5,3.0,True,patents,False
World Intellectual Property Organization (WIPO),All,2017,24,12.0,True,patents,False
World Intellectual Property Organization (WIPO),All,2018,222,39.0,True,patents,False
World Intellectual Property Organization (WIPO),All,2019,732,125.0,False,patents,False
World Intellectual Property Organization (WIPO),All,2020,980,99.0,False,patents,False
World Intellectual Property Organization (WIPO),All,2021,1396,78.0,False,patents,False
World Intellectual Property Organization (WIPO),All,2022,1848,31.0,False,patents,False
World Intellectual Property Organization (WIPO),All,2023,149,4.0,False,patents,False
World Intellectual Property Organization (WIPO),All,2024,2,,False,patents,False
World Intellectual Property Organization (WIPO),Banking and Finance,2015,0,,False,patents,False
World Intellectual Property Organization (WIPO),Banking and Finance,2016,0,0.0,True,patents,False
World Intellectual Property Organization (WIPO),Banking and Finance,2017,1,1.0,True,patents,False
World Intellectual Property Organization (WIPO),Banking and Finance,2018,4,0.0,True,patents,False
World Intellectual Property Organization (WIPO),Banking and Finance,2019,24,2.0,False,patents,False
World Intellectual Property Organization (WIPO),Banking and Finance,2020,23,3.0,False,patents,False
World Intellectual Property Organization (WIPO),Banking and Finance,2021,42,6.0,False,patents,False
World Intellectual Property Organization (WIPO),Banking and Finance,2022,45,1.0,False,patents,False
World Intellectual Property Organization (WIPO),Banking and Finance,2023,0,0.0,False,patents,False
World Intellectual Property Organization (WIPO),Banking and Finance,2024,0,,False,patents,False
World Intellectual Property Organization (WIPO),Business,2015,0,,False,patents,False
World Intellectual Property Organization (WIPO),Business,2016,1,1.0,True,patents,False
World Intellectual Property Organization (WIPO),Business,2017,5,3.0,True,patents,False
World Intellectual Property Organization (WIPO),Business,2018,27,2.0,True,patents,False
World Intellectual Property Organization (WIPO),Business,2019,80,10.0,False,patents,False
World Intellectual Property Organization (WIPO),Business,2020,111,7.0,False,patents,False
World Intellectual Property Organization (WIPO),Business,2021,163,6.0,False,patents,False
World Intellectual Property Organization (WIPO),Business,2022,175,3.0,False,patents,False
World Intellectual Property Organization (WIPO),Business,2023,18,0.0,False,patents,False
World Intellectual Property Organization (WIPO),Business,2024,0,,False,patents,False
World Intellectual Property Organization (WIPO),Energy Management,2015,0,,False,patents,False
World Intellectual Property Organization (WIPO),Energy Management,2016,0,0.0,True,patents,False
World Intellectual Property Organization (WIPO),Energy Management,2017,0,0.0,True,patents,False
World Intellectual Property Organization (WIPO),Energy Management,2018,4,1.0,True,patents,False
World Intellectual Property Organization (WIPO),Energy Management,2019,20,5.0,False,patents,False
World Intellectual Property Organization (WIPO),Energy Management,2020,14,3.0,False,patents,False
World Intellectual Property Organization (WIPO),Energy Management,2021,31,1.0,False,patents,False
World Intellectual Property Organization (WIPO),Energy Management,2022,32,2.0,False,patents,False
World Intellectual Property Organization (WIPO),Energy Management,2023,4,0.0,False,patents,False
World Intellectual Property Organization (WIPO),Energy Management,2024,0,,False,patents,False
World Intellectual Property Organization (WIPO),Industry and Manufacturing,2015,0,,False,patents,False
World Intellectual Property Organization (WIPO),Industry and Manufacturing,2016,1,1.0,True,patents,False
World Intellectual Property Organization (WIPO),Industry and Manufacturing,2017,0,0.0,True,patents,False
World Intellectual Property Organization (WIPO),Industry and Manufacturing,2018,8,2.0,True,patents,False
World Intellectual Property Organization (WIPO),Industry and Manufacturing,2019,37,9.0,False,patents,False
World Intellectual Property Organization (WIPO),Industry and Manufacturing,2020,38,1.0,False,patents,False
World Intellectual Property Organization (WIPO),Industry and Manufacturing,2021,49,4.0,False,patents,False
World Intellectual Property Organization (WIPO),Industry and Manufacturing,2022,49,0.0,False,patents,False
World Intellectual Property Organization (WIPO),Industry and Manufacturing,2023,5,0.0,False,patents,False
World Intellectual Property Organization (WIPO),Industry and Manufacturing,2024,0,,False,patents,False
World Intellectual Property Organization (WIPO),Life Sciences,2015,2,,False,patents,False
World Intellectual Property Organization (WIPO),Life Sciences,2016,0,0.0,True,patents,False
World Intellectual Property Organization (WIPO),Life Sciences,2017,9,3.0,True,patents,False
World Intellectual Property Organization (WIPO),Life Sciences,2018,52,6.0,True,patents,False
World Intellectual Property Organization (WIPO),Life Sciences,2019,128,18.0,False,patents,False
World Intellectual Property Organization (WIPO),Life Sciences,2020,181,20.0,False,patents,False
World Intellectual Property Organization (WIPO),Life Sciences,2021,310,14.0,False,patents,False
World Intellectual Property Organization (WIPO),Life Sciences,2022,465,5.0,False,patents,False
World Intellectual Property Organization (WIPO),Life Sciences,2023,24,0.0,False,patents,False
World Intellectual Property Organization (WIPO),Life Sciences,2024,1,,False,patents,False
World Intellectual Property Organization (WIPO),Personal Devices and Computing,2015,2,,False,patents,False
World Intellectual Property Organization (WIPO),Personal Devices and Computing,2016,3,2.0,True,patents,False
World Intellectual Property Organization (WIPO),Personal Devices and Computing,2017,13,7.0,True,patents,False
World Intellectual Property Organization (WIPO),Personal Devices and Computing,2018,71,20.0,True,patents,False
World Intellectual Property Organization (WIPO),Personal Devices and Computing,2019,247,58.0,False,patents,False
World Intellectual Property Organization (WIPO),Personal Devices and Computing,2020,271,47.0,False,patents,False
World Intellectual Property Organization (WIPO),Personal Devices and Computing,2021,343,33.0,False,patents,False
World Intellectual Property Organization (WIPO),Personal Devices and Computing,2022,395,10.0,False,patents,False
World Intellectual Property Organization (WIPO),Personal Devices and Computing,2023,26,1.0,False,patents,False
World Intellectual Property Organization (WIPO),Personal Devices and Computing,2024,0,,False,patents,False
World Intellectual Property Organization (WIPO),Physical Sciences and Engineering,2015,0,,False,patents,False
World Intellectual Property Organization (WIPO),Physical Sciences and Engineering,2016,0,0.0,True,patents,False
World Intellectual Property Organization (WIPO),Physical Sciences and Engineering,2017,1,0.0,True,patents,False
World Intellectual Property Organization (WIPO),Physical Sciences and Engineering,2018,5,1.0,True,patents,False
World Intellectual Property Organization (WIPO),Physical Sciences and Engineering,2019,26,3.0,False,patents,False
World Intellectual Property Organization (WIPO),Physical Sciences and Engineering,2020,19,3.0,False,patents,False
World Intellectual Property Organization (WIPO),Physical Sciences and Engineering,2021,45,3.0,False,patents,False
World Intellectual Property Organization (WIPO),Physical Sciences and Engineering,2022,53,3.0,False,patents,False
World Intellectual Property Organization (WIPO),Physical Sciences and Engineering,2023,5,0.0,False,patents,False
World Intellectual Property Organization (WIPO),Physical Sciences and Engineering,2024,0,,False,patents,False
World Intellectual Property Organization (WIPO),Security,2015,0,,False,patents,False
World Intellectual Property Organization (WIPO),Security,2016,0,0.0,True,patents,False
World Intellectual Property Organization (WIPO),Security,2017,1,0.0,True,patents,False
World Intellectual Property Organization (WIPO),Security,2018,4,1.0,True,patents,False
World Intellectual Property Organization (WIPO),Security,2019,33,6.0,False,patents,False
World Intellectual Property Organization (WIPO),Security,2020,50,7.0,False,patents,False
World Intellectual Property Organization (WIPO),Security,2021,54,5.0,False,patents,False
World Intellectual Property Organization (WIPO),Security,2022,85,2.0,False,patents,False
World Intellectual Property Organization (WIPO),Security,2023,7,1.0,False,patents,False
World Intellectual Property Organization (WIPO),Security,2024,0,,False,patents,False
World Intellectual Property Organization (WIPO),Telecommunications,2015,1,,False,patents,False
World Intellectual Property Organization (WIPO),Telecommunications,2016,2,2.0,True,patents,False
World Intellectual Property Organization (WIPO),Telecommunications,2017,8,3.0,True,patents,False
World Intellectual Property Organization (WIPO),Telecommunications,2018,30,11.0,True,patents,False
World Intellectual Property Organization (WIPO),Telecommunications,2019,128,30.0,False,patents,False
World Intellectual Property Organization (WIPO),Telecommunications,2020,172,30.0,False,patents,False
World Intellectual Property Organization (WIPO),Telecommunications,2021,214,13.0,False,patents,False
World Intellectual Property Organization (WIPO),Telecommunications,2022,415,3.0,False,patents,False
World Intellectual Property Organization (WIPO),Telecommunications,2023,51,1.0,False,patents,False
World Intellectual Property Organization (WIPO),Telecommunications,2024,1,,False,patents,False
World Intellectual Property Organization (WIPO),Transportation,2015,0,,False,patents,False
World Intellectual Property Organization (WIPO),Transportation,2016,2,2.0,True,patents,False
World Intellectual Property Organization (WIPO),Transportation,2017,2,1.0,True,patents,False
World Intellectual Property Organization (WIPO),Transportation,2018,11,4.0,True,patents,False
World Intellectual Property Organization (WIPO),Transportation,2019,35,6.0,False,patents,False
World Intellectual Property Organization (WIPO),Transportation,2020,26,5.0,False,patents,False
World Intellectual Property Organization (WIPO),Transportation,2021,36,4.0,False,patents,False
World Intellectual Property Organization (WIPO),Transportation,2022,45,0.0,False,patents,False
World Intellectual Property Organization (WIPO),Transportation,2023,3,1.0,False,patents,False
World Intellectual Property Organization (WIPO),Transportation,2024,0,,False,patents,False
