country,field,year,disclosed_investment,estimated_investment,complete,pillar,is_group
Albania,All,2016,2.0,2,True,investment,False
Albania,All,2019,7.0,7,True,investment,False
Albania,All,2020,,5,True,investment,False
Albania,All,2024,5.0,5,True,investment,False
Albania,Media and Entertainment,2016,2.0,2,True,investment,False
Albania,Media and Entertainment,2019,7.0,7,True,investment,False
Albania,Media and Entertainment,2020,,5,True,investment,False
Albania,Media and Entertainment,2024,5.0,5,True,investment,False
Albania,"Mobile, platforms & Internet services",2016,2.0,2,True,investment,False
Albania,"Mobile, platforms & Internet services",2019,7.0,7,True,investment,False
Albania,"Mobile, platforms & Internet services",2020,,5,True,investment,False
Albania,"Mobile, platforms & Internet services",2024,5.0,5,True,investment,False
Albania,"Sales, retail, commerce, marketing",2016,2.0,2,True,investment,False
Albania,"Sales, retail, commerce, marketing",2019,7.0,7,True,investment,False
Albania,"Sales, retail, commerce, marketing",2020,,5,True,investment,False
Albania,"Sales, retail, commerce, marketing",2024,5.0,5,True,investment,False
Algeria,Agriculture,2022,0.0,0,True,investment,False
Algeria,All,2021,0.0,0,True,investment,False
Algeria,All,2022,0.0,0,True,investment,False
Algeria,Data and analytics,2022,0.0,0,True,investment,False
Algeria,General purpose,2022,0.0,0,True,investment,False
Algeria,Information Technology,2021,0.0,0,True,investment,False
Algeria,Other,2021,0.0,0,True,investment,False
Algeria,Software,2022,0.0,0,True,investment,False
Argentina,Agriculture,2017,1.0,1,True,investment,False
Argentina,Agriculture,2019,1.0,1,True,investment,False
Argentina,Agriculture,2023,0.0,0,True,investment,False
Argentina,Agriculture,2024,0.0,0,True,investment,False
Argentina,Agriculture,2025,0.0,0,False,investment,False
Argentina,All,2015,0.0,0,True,investment,False
Argentina,All,2016,0.0,1,True,investment,False
Argentina,All,2017,5.0,5,True,investment,False
Argentina,All,2018,1.0,1,True,investment,False
Argentina,All,2019,2.0,2,True,investment,False
Argentina,All,2020,3.0,3,True,investment,False
Argentina,All,2021,15.0,18,True,investment,False
Argentina,All,2022,8.0,16,True,investment,False
Argentina,All,2023,1.0,698,True,investment,False
Argentina,All,2024,6.0,561,True,investment,False
Argentina,All,2025,3.0,7,False,investment,False
Argentina,Biotechnology,2016,,0,True,investment,False
Argentina,Biotechnology,2017,4.0,4,True,investment,False
Argentina,Biotechnology,2020,2.0,2,True,investment,False
Argentina,Biotechnology,2021,1.0,2,True,investment,False
Argentina,Biotechnology,2022,1.0,1,True,investment,False
Argentina,Community and Lifestyle,2022,0.0,0,True,investment,False
Argentina,Community and Lifestyle,2024,,2,True,investment,False
Argentina,Computer Vision,2018,0.0,0,True,investment,False
Argentina,Data and analytics,2015,0.0,0,True,investment,False
Argentina,Data and analytics,2016,0.0,1,True,investment,False
Argentina,Data and analytics,2017,4.0,4,True,investment,False
Argentina,Data and analytics,2018,0.0,1,True,investment,False
Argentina,Data and analytics,2019,1.0,2,True,investment,False
Argentina,Data and analytics,2020,2.0,3,True,investment,False
Argentina,Data and analytics,2021,3.0,5,True,investment,False
Argentina,Data and analytics,2022,3.0,11,True,investment,False
Argentina,Data and analytics,2023,0.0,352,True,investment,False
Argentina,Data and analytics,2024,2.0,556,True,investment,False
Argentina,Data and analytics,2025,0.0,2,False,investment,False
Argentina,Education,2018,0.0,0,True,investment,False
Argentina,Education,2019,0.0,0,True,investment,False
Argentina,Education,2020,0.0,0,True,investment,False
Argentina,Education,2021,0.0,0,True,investment,False
Argentina,Education,2023,,5,True,investment,False
Argentina,Education,2024,,550,True,investment,False
Argentina,Finance,2016,,0,True,investment,False
Argentina,Finance,2017,4.0,4,True,investment,False
Argentina,Finance,2020,2.0,2,True,investment,False
Argentina,Finance,2021,2.0,2,True,investment,False
Argentina,Finance,2022,0.0,0,True,investment,False
Argentina,Finance,2023,,1,True,investment,False
Argentina,Finance,2024,1.0,1,True,investment,False
Argentina,General purpose,2016,,1,True,investment,False
Argentina,General purpose,2017,4.0,4,True,investment,False
Argentina,General purpose,2018,0.0,1,True,investment,False
Argentina,General purpose,2019,1.0,2,True,investment,False
Argentina,General purpose,2020,2.0,3,True,investment,False
Argentina,General purpose,2021,2.0,5,True,investment,False
Argentina,General purpose,2022,3.0,11,True,investment,False
Argentina,General purpose,2023,0.0,352,True,investment,False
Argentina,General purpose,2024,2.0,554,True,investment,False
Argentina,General purpose,2025,0.0,2,False,investment,False
Argentina,Hardware,2016,,0,True,investment,False
Argentina,Hardware,2018,0.0,0,True,investment,False
Argentina,Hardware,2019,1.0,1,True,investment,False
Argentina,Hardware,2020,0.0,0,True,investment,False
Argentina,Hardware,2021,0.0,0,True,investment,False
Argentina,Hardware,2023,0.0,0,True,investment,False
Argentina,Healthcare and Life Sciences,2019,1.0,1,True,investment,False
Argentina,Healthcare and Life Sciences,2020,0.0,0,True,investment,False
Argentina,Healthcare and Life Sciences,2021,0.0,0,True,investment,False
Argentina,Healthcare and Life Sciences,2022,5.0,5,True,investment,False
Argentina,Healthcare and Life Sciences,2023,1.0,1,True,investment,False
Argentina,Healthcare and Life Sciences,2024,1.0,3,True,investment,False
Argentina,Healthcare and Life Sciences,2025,0.0,1,False,investment,False
Argentina,Information Technology,2015,0.0,0,True,investment,False
Argentina,Information Technology,2016,,0,True,investment,False
Argentina,Information Technology,2017,4.0,4,True,investment,False
Argentina,Information Technology,2018,,1,True,investment,False
Argentina,Information Technology,2019,0.0,0,True,investment,False
Argentina,Information Technology,2020,2.0,2,True,investment,False
Argentina,Information Technology,2021,2.0,2,True,investment,False
Argentina,Information Technology,2022,1.0,9,True,investment,False
Argentina,Information Technology,2023,0.0,347,True,investment,False
Argentina,Information Technology,2024,1.0,1,True,investment,False
Argentina,Information Technology,2025,0.0,1,False,investment,False
Argentina,Manufacturing,2020,0.0,0,True,investment,False
Argentina,Media and Entertainment,2016,0.0,0,True,investment,False
Argentina,Media and Entertainment,2019,,0,True,investment,False
Argentina,Media and Entertainment,2023,0.0,0,True,investment,False
Argentina,"Military, public safety and government",2024,,0,True,investment,False
Argentina,"Mobile, platforms & Internet services",2015,0.0,0,True,investment,False
Argentina,"Mobile, platforms & Internet services",2016,,0,True,investment,False
Argentina,"Mobile, platforms & Internet services",2018,0.0,0,True,investment,False
Argentina,"Mobile, platforms & Internet services",2019,0.0,1,True,investment,False
Argentina,"Mobile, platforms & Internet services",2020,,0,True,investment,False
Argentina,"Mobile, platforms & Internet services",2021,1.0,1,True,investment,False
Argentina,"Mobile, platforms & Internet services",2022,0.0,0,True,investment,False
Argentina,"Mobile, platforms & Internet services",2023,0.0,352,True,investment,False
Argentina,"Mobile, platforms & Internet services",2024,1.0,3,True,investment,False
Argentina,NLP,2018,,1,True,investment,False
Argentina,NLP,2023,,344,True,investment,False
Argentina,Navigation and mapping,2016,,0,True,investment,False
Argentina,Navigation and mapping,2018,0.0,0,True,investment,False
Argentina,Other,2020,0.0,0,True,investment,False
Argentina,Other,2021,0.0,0,True,investment,False
Argentina,Other,2022,2.0,2,True,investment,False
Argentina,Other,2023,0.0,344,True,investment,False
Argentina,Other,2024,1.0,1,True,investment,False
Argentina,Other,2025,,1,False,investment,False
Argentina,Privacy and Security,2016,,0,True,investment,False
Argentina,Privacy and Security,2017,4.0,4,True,investment,False
Argentina,Privacy and Security,2020,2.0,2,True,investment,False
Argentina,Privacy and Security,2021,1.0,2,True,investment,False
Argentina,Professional services,2018,0.0,0,True,investment,False
Argentina,Professional services,2019,0.0,0,True,investment,False
Argentina,Professional services,2022,1.0,9,True,investment,False
Argentina,Professional services,2023,,346,True,investment,False
Argentina,Professional services,2024,1.0,1,True,investment,False
Argentina,Professional services,2025,,0,False,investment,False
Argentina,Robotics,2019,1.0,1,True,investment,False
Argentina,Robotics,2023,,0,True,investment,False
Argentina,"Sales, retail, commerce, marketing",2015,0.0,0,True,investment,False
Argentina,"Sales, retail, commerce, marketing",2016,0.0,0,True,investment,False
Argentina,"Sales, retail, commerce, marketing",2021,0.0,0,True,investment,False
Argentina,"Sales, retail, commerce, marketing",2024,0.0,0,True,investment,False
Argentina,Software,2015,0.0,0,True,investment,False
Argentina,Software,2016,,0,True,investment,False
Argentina,Software,2018,0.0,1,True,investment,False
Argentina,Software,2019,1.0,2,True,investment,False
Argentina,Software,2020,0.0,1,True,investment,False
Argentina,Software,2021,1.0,4,True,investment,False
Argentina,Software,2022,5.0,13,True,investment,False
Argentina,Software,2023,0.0,352,True,investment,False
Argentina,Software,2024,2.0,556,True,investment,False
Argentina,Software,2025,0.0,2,False,investment,False
Argentina,Sports,2020,0.0,0,True,investment,False
Argentina,Sports,2022,1.0,1,True,investment,False
Argentina,Telecommunications,2023,,344,True,investment,False
Argentina,Transportation,2020,0.0,0,True,investment,False
Armenia,Agriculture,2023,,0,True,investment,False
Armenia,Agriculture,2024,,0,True,investment,False
Armenia,All,2020,2.0,3,True,investment,False
Armenia,All,2021,7.0,7,True,investment,False
Armenia,All,2023,0.0,3,True,investment,False
Armenia,All,2024,14.0,14,True,investment,False
Armenia,All,2025,,0,False,investment,False
Armenia,Biotechnology,2023,,2,True,investment,False
Armenia,Consumer goods,2021,,0,True,investment,False
Armenia,Data and analytics,2020,0.0,2,True,investment,False
Armenia,Data and analytics,2021,1.0,1,True,investment,False
Armenia,Data and analytics,2023,,3,True,investment,False
Armenia,Data and analytics,2024,2.0,2,True,investment,False
Armenia,Finance,2024,0.0,0,True,investment,False
Armenia,General purpose,2020,0.0,2,True,investment,False
Armenia,General purpose,2021,1.0,1,True,investment,False
Armenia,General purpose,2023,,3,True,investment,False
Armenia,General purpose,2024,2.0,2,True,investment,False
Armenia,Hardware,2021,,0,True,investment,False
Armenia,Information Technology,2020,0.0,2,True,investment,False
Armenia,Information Technology,2021,1.0,1,True,investment,False
Armenia,Information Technology,2024,2.0,2,True,investment,False
Armenia,Media and Entertainment,2020,0.0,2,True,investment,False
Armenia,Media and Entertainment,2021,1.0,1,True,investment,False
Armenia,Media and Entertainment,2024,2.0,2,True,investment,False
Armenia,Other,2024,0.0,0,True,investment,False
Armenia,Professional services,2024,0.0,0,True,investment,False
Armenia,"Sales, retail, commerce, marketing",2023,,0,True,investment,False
Armenia,"Sales, retail, commerce, marketing",2024,,0,True,investment,False
Armenia,Software,2020,0.0,2,True,investment,False
Armenia,Software,2021,1.0,1,True,investment,False
Armenia,Software,2023,0.0,3,True,investment,False
Armenia,Software,2024,2.0,2,True,investment,False
Armenia,Software,2025,,0,False,investment,False
Australia,Agriculture,2015,0.0,0,True,investment,False
Australia,Agriculture,2017,2.0,2,True,investment,False
Australia,Agriculture,2018,2.0,2,True,investment,False
Australia,Agriculture,2019,1.0,5,True,investment,False
Australia,Agriculture,2020,3.0,5,True,investment,False
Australia,Agriculture,2021,5.0,34,True,investment,False
Australia,Agriculture,2022,12.0,12,True,investment,False
Australia,Agriculture,2023,15.0,39,True,investment,False
Australia,Agriculture,2024,5.0,5,True,investment,False
Australia,Agriculture,2025,8.0,8,False,investment,False
Australia,All,2015,29.0,116,True,investment,False
Australia,All,2016,56.0,101,True,investment,False
Australia,All,2017,36.0,44,True,investment,False
Australia,All,2018,82.0,212,True,investment,False
Australia,All,2019,301.0,455,True,investment,False
Australia,All,2020,238.0,514,True,investment,False
Australia,All,2021,1573.0,3230,True,investment,False
Australia,All,2022,804.0,1094,True,investment,False
Australia,All,2023,392.0,886,True,investment,False
Australia,All,2024,2184.0,2634,True,investment,False
Australia,All,2025,1101.0,1355,False,investment,False
Australia,Biotechnology,2015,0.0,0,True,investment,False
Australia,Biotechnology,2017,0.0,0,True,investment,False
Australia,Biotechnology,2018,1.0,1,True,investment,False
Australia,Biotechnology,2019,3.0,3,True,investment,False
Australia,Biotechnology,2020,10.0,10,True,investment,False
Australia,Biotechnology,2021,18.0,18,True,investment,False
Australia,Biotechnology,2022,3.0,8,True,investment,False
Australia,Biotechnology,2023,5.0,26,True,investment,False
Australia,Biotechnology,2024,1.0,1,True,investment,False
Australia,Biotechnology,2025,10.0,10,False,investment,False
Australia,Community and Lifestyle,2017,1.0,1,True,investment,False
Australia,Community and Lifestyle,2018,0.0,0,True,investment,False
Australia,Community and Lifestyle,2020,2.0,2,True,investment,False
Australia,Community and Lifestyle,2021,3.0,5,True,investment,False
Australia,Community and Lifestyle,2022,11.0,11,True,investment,False
Australia,Community and Lifestyle,2023,13.0,34,True,investment,False
Australia,Community and Lifestyle,2024,2.0,2,True,investment,False
Australia,Community and Lifestyle,2025,8.0,8,False,investment,False
Australia,Computer Vision,2015,0.0,0,True,investment,False
Australia,Computer Vision,2016,0.0,0,True,investment,False
Australia,Computer Vision,2017,1.0,1,True,investment,False
Australia,Computer Vision,2018,2.0,2,True,investment,False
Australia,Computer Vision,2019,1.0,1,True,investment,False
Australia,Computer Vision,2020,1.0,1,True,investment,False
Australia,Computer Vision,2021,6.0,13,True,investment,False
Australia,Computer Vision,2022,9.0,13,True,investment,False
Australia,Computer Vision,2023,1.0,13,True,investment,False
Australia,Computer Vision,2024,,44,True,investment,False
Australia,Consumer goods,2015,0.0,0,True,investment,False
Australia,Consumer goods,2016,0.0,0,True,investment,False
Australia,Consumer goods,2017,1.0,2,True,investment,False
Australia,Consumer goods,2018,8.0,8,True,investment,False
Australia,Consumer goods,2019,3.0,3,True,investment,False
Australia,Consumer goods,2020,2.0,11,True,investment,False
Australia,Consumer goods,2021,57.0,57,True,investment,False
Australia,Consumer goods,2022,19.0,34,True,investment,False
Australia,Consumer goods,2023,7.0,55,True,investment,False
Australia,Consumer goods,2024,0.0,47,True,investment,False
Australia,Consumer goods,2025,12.0,27,False,investment,False
Australia,Cyber Security,2015,0.0,0,True,investment,False
Australia,Cyber Security,2016,0.0,0,True,investment,False
Australia,Cyber Security,2017,0.0,0,True,investment,False
Australia,Cyber Security,2020,,10,True,investment,False
Australia,Cyber Security,2021,50.0,50,True,investment,False
Australia,Cyber Security,2023,0.0,0,True,investment,False
Australia,Cyber Security,2024,1.0,4,True,investment,False
Australia,Cyber Security,2025,67.0,83,False,investment,False
Australia,Data and analytics,2015,7.0,51,True,investment,False
Australia,Data and analytics,2016,21.0,65,True,investment,False
Australia,Data and analytics,2017,19.0,25,True,investment,False
Australia,Data and analytics,2018,35.0,163,True,investment,False
Australia,Data and analytics,2019,68.0,197,True,investment,False
Australia,Data and analytics,2020,106.0,225,True,investment,False
Australia,Data and analytics,2021,622.0,2218,True,investment,False
Australia,Data and analytics,2022,352.0,542,True,investment,False
Australia,Data and analytics,2023,119.0,369,True,investment,False
Australia,Data and analytics,2024,1858.0,2297,True,investment,False
Australia,Data and analytics,2025,419.0,579,False,investment,False
Australia,Education,2015,0.0,0,True,investment,False
Australia,Education,2016,0.0,0,True,investment,False
Australia,Education,2017,2.0,2,True,investment,False
Australia,Education,2018,1.0,1,True,investment,False
Australia,Education,2019,1.0,2,True,investment,False
Australia,Education,2020,1.0,1,True,investment,False
Australia,Education,2021,7.0,17,True,investment,False
Australia,Education,2022,23.0,23,True,investment,False
Australia,Education,2023,1.0,2,True,investment,False
Australia,Education,2024,0.0,47,True,investment,False
Australia,Education,2025,1.0,1,False,investment,False
Australia,Energy and natural resources,2015,,44,True,investment,False
Australia,Energy and natural resources,2016,0.0,0,True,investment,False
Australia,Energy and natural resources,2017,2.0,3,True,investment,False
Australia,Energy and natural resources,2018,2.0,2,True,investment,False
Australia,Energy and natural resources,2019,3.0,3,True,investment,False
Australia,Energy and natural resources,2020,2.0,2,True,investment,False
Australia,Energy and natural resources,2021,6.0,65,True,investment,False
Australia,Energy and natural resources,2022,12.0,14,True,investment,False
Australia,Energy and natural resources,2023,54.0,75,True,investment,False
Australia,Energy and natural resources,2024,,44,True,investment,False
Australia,Energy and natural resources,2025,8.0,8,False,investment,False
Australia,Facial Recognition,2020,0.0,0,True,investment,False
Australia,Facial Recognition,2022,,6,True,investment,False
Australia,Facial Recognition,2023,,0,True,investment,False
Australia,Facial Recognition,2025,6.0,6,False,investment,False
Australia,Finance,2015,0.0,0,True,investment,False
Australia,Finance,2016,2.0,2,True,investment,False
Australia,Finance,2017,4.0,4,True,investment,False
Australia,Finance,2018,7.0,7,True,investment,False
Australia,Finance,2019,2.0,3,True,investment,False
Australia,Finance,2020,26.0,143,True,investment,False
Australia,Finance,2021,397.0,792,True,investment,False
Australia,Finance,2022,18.0,41,True,investment,False
Australia,Finance,2023,59.0,114,True,investment,False
Australia,Finance,2024,17.0,22,True,investment,False
Australia,Finance,2025,11.0,32,False,investment,False
Australia,Gaming,2015,0.0,0,True,investment,False
Australia,Gaming,2017,0.0,1,True,investment,False
Australia,Gaming,2018,1.0,1,True,investment,False
Australia,Gaming,2019,1.0,1,True,investment,False
Australia,Gaming,2020,0.0,0,True,investment,False
Australia,Gaming,2021,32.0,32,True,investment,False
Australia,Gaming,2022,1.0,1,True,investment,False
Australia,Gaming,2023,0.0,0,True,investment,False
Australia,General purpose,2015,6.0,50,True,investment,False
Australia,General purpose,2016,11.0,12,True,investment,False
Australia,General purpose,2017,16.0,21,True,investment,False
Australia,General purpose,2018,27.0,155,True,investment,False
Australia,General purpose,2019,67.0,218,True,investment,False
Australia,General purpose,2020,104.0,188,True,investment,False
Australia,General purpose,2021,617.0,1965,True,investment,False
Australia,General purpose,2022,356.0,546,True,investment,False
Australia,General purpose,2023,118.0,445,True,investment,False
Australia,General purpose,2024,1842.0,2190,True,investment,False
Australia,General purpose,2025,427.0,572,False,investment,False
Australia,Hardware,2015,0.0,0,True,investment,False
Australia,Hardware,2016,4.0,4,True,investment,False
Australia,Hardware,2017,2.0,5,True,investment,False
Australia,Hardware,2018,13.0,14,True,investment,False
Australia,Hardware,2019,18.0,41,True,investment,False
Australia,Hardware,2020,10.0,54,True,investment,False
Australia,Hardware,2021,74.0,84,True,investment,False
Australia,Hardware,2022,56.0,125,True,investment,False
Australia,Hardware,2023,68.0,189,True,investment,False
Australia,Hardware,2024,10.0,101,True,investment,False
Australia,Hardware,2025,204.0,219,False,investment,False
Australia,Healthcare and Life Sciences,2015,0.0,0,True,investment,False
Australia,Healthcare and Life Sciences,2016,2.0,3,True,investment,False
Australia,Healthcare and Life Sciences,2017,3.0,4,True,investment,False
Australia,Healthcare and Life Sciences,2018,5.0,7,True,investment,False
Australia,Healthcare and Life Sciences,2019,13.0,18,True,investment,False
Australia,Healthcare and Life Sciences,2020,16.0,17,True,investment,False
Australia,Healthcare and Life Sciences,2021,50.0,84,True,investment,False
Australia,Healthcare and Life Sciences,2022,13.0,55,True,investment,False
Australia,Healthcare and Life Sciences,2023,9.0,30,True,investment,False
Australia,Healthcare and Life Sciences,2024,6.0,60,True,investment,False
Australia,Healthcare and Life Sciences,2025,75.0,75,False,investment,False
Australia,Information Technology,2015,1.0,45,True,investment,False
Australia,Information Technology,2016,14.0,14,True,investment,False
Australia,Information Technology,2017,9.0,10,True,investment,False
Australia,Information Technology,2018,9.0,125,True,investment,False
Australia,Information Technology,2019,8.0,84,True,investment,False
Australia,Information Technology,2020,65.0,157,True,investment,False
Australia,Information Technology,2021,469.0,1922,True,investment,False
Australia,Information Technology,2022,292.0,444,True,investment,False
Australia,Information Technology,2023,78.0,188,True,investment,False
Australia,Information Technology,2024,57.0,289,True,investment,False
Australia,Information Technology,2025,311.0,404,False,investment,False
Australia,Lending and Investments,2016,0.0,0,True,investment,False
Australia,Lending and Investments,2017,3.0,3,True,investment,False
Australia,Lending and Investments,2019,0.0,0,True,investment,False
Australia,Lending and Investments,2020,,35,True,investment,False
Australia,Lending and Investments,2021,,386,True,investment,False
Australia,Lending and Investments,2024,0.0,0,True,investment,False
Australia,Manufacturing,2016,3.0,3,True,investment,False
Australia,Manufacturing,2017,2.0,2,True,investment,False
Australia,Manufacturing,2018,3.0,3,True,investment,False
Australia,Manufacturing,2019,3.0,4,True,investment,False
Australia,Manufacturing,2020,0.0,6,True,investment,False
Australia,Manufacturing,2021,1.0,402,True,investment,False
Australia,Manufacturing,2022,28.0,36,True,investment,False
Australia,Manufacturing,2023,21.0,38,True,investment,False
Australia,Manufacturing,2024,4.0,4,True,investment,False
Australia,Manufacturing,2025,3.0,3,False,investment,False
Australia,Media and Entertainment,2015,3.0,3,True,investment,False
Australia,Media and Entertainment,2016,5.0,5,True,investment,False
Australia,Media and Entertainment,2017,0.0,2,True,investment,False
Australia,Media and Entertainment,2018,11.0,21,True,investment,False
Australia,Media and Entertainment,2019,35.0,36,True,investment,False
Australia,Media and Entertainment,2020,10.0,11,True,investment,False
Australia,Media and Entertainment,2021,72.0,102,True,investment,False
Australia,Media and Entertainment,2022,9.0,30,True,investment,False
Australia,Media and Entertainment,2023,11.0,118,True,investment,False
Australia,Media and Entertainment,2024,1791.0,1890,True,investment,False
Australia,Media and Entertainment,2025,3.0,33,False,investment,False
Australia,"Military, public safety and government",2016,2.0,2,True,investment,False
Australia,"Military, public safety and government",2018,3.0,3,True,investment,False
Australia,"Military, public safety and government",2020,0.0,0,True,investment,False
Australia,"Military, public safety and government",2021,50.0,50,True,investment,False
Australia,"Military, public safety and government",2022,3.0,3,True,investment,False
Australia,"Military, public safety and government",2024,,0,True,investment,False
Australia,"Military, public safety and government",2025,,15,False,investment,False
Australia,"Mobile, platforms & Internet services",2015,1.0,1,True,investment,False
Australia,"Mobile, platforms & Internet services",2016,3.0,3,True,investment,False
Australia,"Mobile, platforms & Internet services",2017,4.0,5,True,investment,False
Australia,"Mobile, platforms & Internet services",2018,12.0,22,True,investment,False
Australia,"Mobile, platforms & Internet services",2019,7.0,12,True,investment,False
Australia,"Mobile, platforms & Internet services",2020,36.0,110,True,investment,False
Australia,"Mobile, platforms & Internet services",2021,12.0,435,True,investment,False
Australia,"Mobile, platforms & Internet services",2022,230.0,247,True,investment,False
Australia,"Mobile, platforms & Internet services",2023,54.0,148,True,investment,False
Australia,"Mobile, platforms & Internet services",2024,7.0,101,True,investment,False
Australia,"Mobile, platforms & Internet services",2025,198.0,199,False,investment,False
Australia,NLP,2015,1.0,1,True,investment,False
Australia,NLP,2016,1.0,1,True,investment,False
Australia,NLP,2017,0.0,0,True,investment,False
Australia,NLP,2018,7.0,7,True,investment,False
Australia,NLP,2019,0.0,1,True,investment,False
Australia,NLP,2020,,2,True,investment,False
Australia,NLP,2021,1.0,1,True,investment,False
Australia,NLP,2022,3.0,8,True,investment,False
Australia,NLP,2023,0.0,0,True,investment,False
Australia,Navigation and mapping,2017,1.0,2,True,investment,False
Australia,Navigation and mapping,2018,3.0,4,True,investment,False
Australia,Navigation and mapping,2019,6.0,7,True,investment,False
Australia,Navigation and mapping,2020,0.0,38,True,investment,False
Australia,Navigation and mapping,2021,10.0,10,True,investment,False
Australia,Navigation and mapping,2022,18.0,19,True,investment,False
Australia,Navigation and mapping,2023,9.0,10,True,investment,False
Australia,Navigation and mapping,2024,6.0,6,True,investment,False
Australia,Navigation and mapping,2025,3.0,3,False,investment,False
Australia,Other,2015,3.0,3,True,investment,False
Australia,Other,2016,15.0,15,True,investment,False
Australia,Other,2017,3.0,5,True,investment,False
Australia,Other,2018,0.0,0,True,investment,False
Australia,Other,2019,1.0,24,True,investment,False
Australia,Other,2020,2.0,44,True,investment,False
Australia,Other,2021,5.0,22,True,investment,False
Australia,Other,2022,24.0,55,True,investment,False
Australia,Other,2023,5.0,59,True,investment,False
Australia,Other,2024,5.0,9,True,investment,False
Australia,Other,2025,12.0,74,False,investment,False
Australia,Privacy and Security,2015,0.0,0,True,investment,False
Australia,Privacy and Security,2016,3.0,3,True,investment,False
Australia,Privacy and Security,2017,0.0,0,True,investment,False
Australia,Privacy and Security,2018,3.0,3,True,investment,False
Australia,Privacy and Security,2019,2.0,2,True,investment,False
Australia,Privacy and Security,2020,1.0,11,True,investment,False
Australia,Privacy and Security,2021,50.0,50,True,investment,False
Australia,Privacy and Security,2022,3.0,17,True,investment,False
Australia,Privacy and Security,2023,5.0,6,True,investment,False
Australia,Privacy and Security,2024,1.0,4,True,investment,False
Australia,Privacy and Security,2025,67.0,83,False,investment,False
Australia,Professional services,2015,0.0,0,True,investment,False
Australia,Professional services,2016,1.0,1,True,investment,False
Australia,Professional services,2017,3.0,3,True,investment,False
Australia,Professional services,2018,8.0,123,True,investment,False
Australia,Professional services,2019,2.0,46,True,investment,False
Australia,Professional services,2020,0.0,25,True,investment,False
Australia,Professional services,2021,535.0,786,True,investment,False
Australia,Professional services,2022,10.0,31,True,investment,False
Australia,Professional services,2023,2.0,116,True,investment,False
Australia,Professional services,2024,23.0,167,True,investment,False
Australia,Professional services,2025,37.0,99,False,investment,False
Australia,Real estate,2015,4.0,4,True,investment,False
Australia,Real estate,2016,16.0,16,True,investment,False
Australia,Real estate,2017,5.0,6,True,investment,False
Australia,Real estate,2018,4.0,119,True,investment,False
Australia,Real estate,2019,,23,True,investment,False
Australia,Real estate,2020,5.0,12,True,investment,False
Australia,Real estate,2021,21.0,26,True,investment,False
Australia,Real estate,2022,18.0,47,True,investment,False
Australia,Real estate,2023,1.0,1,True,investment,False
Australia,Real estate,2024,3.0,47,True,investment,False
Australia,Real estate,2025,1.0,1,False,investment,False
Australia,Robotics,2016,0.0,0,True,investment,False
Australia,Robotics,2017,2.0,2,True,investment,False
Australia,Robotics,2018,0.0,0,True,investment,False
Australia,Robotics,2019,4.0,27,True,investment,False
Australia,Robotics,2020,0.0,0,True,investment,False
Australia,Robotics,2021,1.0,1,True,investment,False
Australia,Robotics,2022,17.0,21,True,investment,False
Australia,Robotics,2023,7.0,18,True,investment,False
Australia,Robotics,2024,2.0,2,True,investment,False
Australia,Robotics,2025,2.0,2,False,investment,False
Australia,"Sales, retail, commerce, marketing",2015,5.0,5,True,investment,False
Australia,"Sales, retail, commerce, marketing",2016,26.0,26,True,investment,False
Australia,"Sales, retail, commerce, marketing",2017,2.0,3,True,investment,False
Australia,"Sales, retail, commerce, marketing",2018,3.0,3,True,investment,False
Australia,"Sales, retail, commerce, marketing",2019,3.0,3,True,investment,False
Australia,"Sales, retail, commerce, marketing",2020,15.0,103,True,investment,False
Australia,"Sales, retail, commerce, marketing",2021,29.0,40,True,investment,False
Australia,"Sales, retail, commerce, marketing",2022,25.0,73,True,investment,False
Australia,"Sales, retail, commerce, marketing",2023,6.0,52,True,investment,False
Australia,"Sales, retail, commerce, marketing",2024,9.0,54,True,investment,False
Australia,"Sales, retail, commerce, marketing",2025,33.0,96,False,investment,False
Australia,Software,2015,7.0,51,True,investment,False
Australia,Software,2016,23.0,67,True,investment,False
Australia,Software,2017,19.0,26,True,investment,False
Australia,Software,2018,36.0,49,True,investment,False
Australia,Software,2019,82.0,211,True,investment,False
Australia,Software,2020,120.0,336,True,investment,False
Australia,Software,2021,866.0,2464,True,investment,False
Australia,Software,2022,403.0,656,True,investment,False
Australia,Software,2023,134.0,418,True,investment,False
Australia,Software,2024,1858.0,2297,True,investment,False
Australia,Software,2025,421.0,582,False,investment,False
Australia,Speech Recognition,2018,7.0,7,True,investment,False
Australia,Speech Recognition,2020,,0,True,investment,False
Australia,Sports,2015,0.0,0,True,investment,False
Australia,Sports,2017,,1,True,investment,False
Australia,Sports,2018,0.0,0,True,investment,False
Australia,Sports,2019,,0,True,investment,False
Australia,Sports,2021,24.0,29,True,investment,False
Australia,Sports,2022,3.0,19,True,investment,False
Australia,Sports,2023,0.0,1,True,investment,False
Australia,Sports,2024,0.0,0,True,investment,False
Australia,Sports,2025,0.0,0,False,investment,False
Australia,Telecommunications,2019,0.0,1,True,investment,False
Australia,Telecommunications,2020,0.0,0,True,investment,False
Australia,Telecommunications,2021,1.0,1,True,investment,False
Australia,Telecommunications,2023,1.0,3,True,investment,False
Australia,Telecommunications,2024,3.0,3,True,investment,False
Australia,Telecommunications,2025,0.0,0,False,investment,False
Australia,Transportation,2015,0.0,0,True,investment,False
Australia,Transportation,2016,4.0,48,True,investment,False
Australia,Transportation,2017,0.0,0,True,investment,False
Australia,Transportation,2018,6.0,6,True,investment,False
Australia,Transportation,2019,11.0,13,True,investment,False
Australia,Transportation,2020,5.0,5,True,investment,False
Australia,Transportation,2021,12.0,398,True,investment,False
Australia,Transportation,2022,30.0,47,True,investment,False
Australia,Transportation,2023,,25,True,investment,False
Australia,Transportation,2024,2.0,5,True,investment,False
Australia,Transportation,2025,3.0,3,False,investment,False
Austria,All,2015,2.0,2,True,investment,False
Austria,All,2016,4.0,6,True,investment,False
Austria,All,2017,13.0,16,True,investment,False
Austria,All,2018,8.0,36,True,investment,False
Austria,All,2019,20.0,117,True,investment,False
Austria,All,2020,33.0,86,True,investment,False
Austria,All,2021,150.0,294,True,investment,False
Austria,All,2022,83.0,88,True,investment,False
Austria,All,2023,103.0,251,True,investment,False
Austria,All,2024,168.0,830,True,investment,False
Austria,All,2025,94.0,622,False,investment,False
Austria,Biotechnology,2015,1.0,1,True,investment,False
Austria,Biotechnology,2016,2.0,2,True,investment,False
Austria,Biotechnology,2017,0.0,0,True,investment,False
Austria,Biotechnology,2018,1.0,1,True,investment,False
Austria,Biotechnology,2019,2.0,7,True,investment,False
Austria,Biotechnology,2020,3.0,3,True,investment,False
Austria,Biotechnology,2021,76.0,76,True,investment,False
Austria,Biotechnology,2022,1.0,1,True,investment,False
Austria,Biotechnology,2023,2.0,2,True,investment,False
Austria,Biotechnology,2024,,7,True,investment,False
Austria,Biotechnology,2025,,286,False,investment,False
Austria,Community and Lifestyle,2016,0.0,1,True,investment,False
Austria,Community and Lifestyle,2019,,2,True,investment,False
Austria,Community and Lifestyle,2023,0.0,0,True,investment,False
Austria,Computer Vision,2015,0.0,0,True,investment,False
Austria,Computer Vision,2016,1.0,1,True,investment,False
Austria,Computer Vision,2017,1.0,1,True,investment,False
Austria,Computer Vision,2018,1.0,1,True,investment,False
Austria,Computer Vision,2019,0.0,0,True,investment,False
Austria,Computer Vision,2020,1.0,1,True,investment,False
Austria,Computer Vision,2021,5.0,5,True,investment,False
Austria,Computer Vision,2022,,2,True,investment,False
Austria,Computer Vision,2023,2.0,17,True,investment,False
Austria,Computer Vision,2024,0.0,0,True,investment,False
Austria,Computer Vision,2025,20.0,20,False,investment,False
Austria,Consumer goods,2015,0.0,0,True,investment,False
Austria,Consumer goods,2016,1.0,1,True,investment,False
Austria,Consumer goods,2017,1.0,1,True,investment,False
Austria,Consumer goods,2018,1.0,2,True,investment,False
Austria,Consumer goods,2019,0.0,0,True,investment,False
Austria,Consumer goods,2020,1.0,14,True,investment,False
Austria,Consumer goods,2021,2.0,2,True,investment,False
Austria,Consumer goods,2023,0.0,0,True,investment,False
Austria,Consumer goods,2024,6.0,6,True,investment,False
Austria,Consumer goods,2025,,27,False,investment,False
Austria,Cyber Security,2023,0.0,0,True,investment,False
Austria,Cyber Security,2024,0.0,0,True,investment,False
Austria,Data and analytics,2015,1.0,1,True,investment,False
Austria,Data and analytics,2016,3.0,4,True,investment,False
Austria,Data and analytics,2017,5.0,6,True,investment,False
Austria,Data and analytics,2018,5.0,30,True,investment,False
Austria,Data and analytics,2019,12.0,109,True,investment,False
Austria,Data and analytics,2020,17.0,23,True,investment,False
Austria,Data and analytics,2021,102.0,174,True,investment,False
Austria,Data and analytics,2022,18.0,22,True,investment,False
Austria,Data and analytics,2023,28.0,142,True,investment,False
Austria,Data and analytics,2024,24.0,634,True,investment,False
Austria,Data and analytics,2025,37.0,545,False,investment,False
Austria,Education,2016,,0,True,investment,False
Austria,Education,2017,1.0,1,True,investment,False
Austria,Education,2018,0.0,1,True,investment,False
Austria,Education,2019,1.0,1,True,investment,False
Austria,Education,2021,0.0,0,True,investment,False
Austria,Education,2022,1.0,1,True,investment,False
Austria,Education,2023,,4,True,investment,False
Austria,Education,2024,2.0,2,True,investment,False
Austria,Energy and natural resources,2016,0.0,0,True,investment,False
Austria,Energy and natural resources,2017,2.0,2,True,investment,False
Austria,Energy and natural resources,2018,,2,True,investment,False
Austria,Energy and natural resources,2019,0.0,0,True,investment,False
Austria,Energy and natural resources,2020,2.0,8,True,investment,False
Austria,Energy and natural resources,2021,2.0,65,True,investment,False
Austria,Energy and natural resources,2022,2.0,2,True,investment,False
Austria,Energy and natural resources,2023,4.0,89,True,investment,False
Austria,Energy and natural resources,2024,5.0,25,True,investment,False
Austria,Energy and natural resources,2025,3.0,3,False,investment,False
Austria,Finance,2015,1.0,1,True,investment,False
Austria,Finance,2016,0.0,0,True,investment,False
Austria,Finance,2017,0.0,0,True,investment,False
Austria,Finance,2018,2.0,3,True,investment,False
Austria,Finance,2019,0.0,7,True,investment,False
Austria,Finance,2020,3.0,3,True,investment,False
Austria,Finance,2021,19.0,19,True,investment,False
Austria,Finance,2022,3.0,3,True,investment,False
Austria,Finance,2023,13.0,13,True,investment,False
Austria,Finance,2024,4.0,128,True,investment,False
Austria,Finance,2025,4.0,25,False,investment,False
Austria,General purpose,2015,1.0,1,True,investment,False
Austria,General purpose,2016,2.0,3,True,investment,False
Austria,General purpose,2017,5.0,6,True,investment,False
Austria,General purpose,2018,4.0,30,True,investment,False
Austria,General purpose,2019,12.0,108,True,investment,False
Austria,General purpose,2020,16.0,29,True,investment,False
Austria,General purpose,2021,101.0,182,True,investment,False
Austria,General purpose,2022,19.0,23,True,investment,False
Austria,General purpose,2023,28.0,142,True,investment,False
Austria,General purpose,2024,23.0,534,True,investment,False
Austria,General purpose,2025,36.0,543,False,investment,False
Austria,Hardware,2015,0.0,0,True,investment,False
Austria,Hardware,2016,1.0,1,True,investment,False
Austria,Hardware,2017,3.0,3,True,investment,False
Austria,Hardware,2018,1.0,3,True,investment,False
Austria,Hardware,2019,0.0,20,True,investment,False
Austria,Hardware,2020,12.0,25,True,investment,False
Austria,Hardware,2021,7.0,77,True,investment,False
Austria,Hardware,2022,1.0,2,True,investment,False
Austria,Hardware,2023,3.0,3,True,investment,False
Austria,Hardware,2024,11.0,32,True,investment,False
Austria,Hardware,2025,22.0,52,False,investment,False
Austria,Healthcare and Life Sciences,2015,0.0,0,True,investment,False
Austria,Healthcare and Life Sciences,2016,1.0,1,True,investment,False
Austria,Healthcare and Life Sciences,2017,2.0,2,True,investment,False
Austria,Healthcare and Life Sciences,2018,2.0,3,True,investment,False
Austria,Healthcare and Life Sciences,2019,9.0,10,True,investment,False
Austria,Healthcare and Life Sciences,2020,3.0,8,True,investment,False
Austria,Healthcare and Life Sciences,2021,63.0,63,True,investment,False
Austria,Healthcare and Life Sciences,2022,3.0,3,True,investment,False
Austria,Healthcare and Life Sciences,2023,9.0,25,True,investment,False
Austria,Healthcare and Life Sciences,2024,2.0,9,True,investment,False
Austria,Healthcare and Life Sciences,2025,8.0,364,False,investment,False
Austria,Information Technology,2015,1.0,1,True,investment,False
Austria,Information Technology,2016,2.0,3,True,investment,False
Austria,Information Technology,2017,3.0,4,True,investment,False
Austria,Information Technology,2018,3.0,6,True,investment,False
Austria,Information Technology,2019,1.0,75,True,investment,False
Austria,Information Technology,2020,6.0,36,True,investment,False
Austria,Information Technology,2021,36.0,101,True,investment,False
Austria,Information Technology,2022,13.0,15,True,investment,False
Austria,Information Technology,2023,8.0,94,True,investment,False
Austria,Information Technology,2024,22.0,503,True,investment,False
Austria,Information Technology,2025,4.0,117,False,investment,False
Austria,Lending and Investments,2019,0.0,0,True,investment,False
Austria,Lending and Investments,2020,1.0,1,True,investment,False
Austria,Lending and Investments,2021,2.0,2,True,investment,False
Austria,Lending and Investments,2024,3.0,3,True,investment,False
Austria,Lending and Investments,2025,3.0,3,False,investment,False
Austria,Manufacturing,2018,0.0,0,True,investment,False
Austria,Manufacturing,2021,0.0,0,True,investment,False
Austria,Manufacturing,2022,3.0,3,True,investment,False
Austria,Manufacturing,2023,0.0,0,True,investment,False
Austria,Manufacturing,2024,4.0,5,True,investment,False
Austria,Manufacturing,2025,,286,False,investment,False
Austria,Media and Entertainment,2016,0.0,2,True,investment,False
Austria,Media and Entertainment,2017,,0,True,investment,False
Austria,Media and Entertainment,2018,0.0,20,True,investment,False
Austria,Media and Entertainment,2019,1.0,3,True,investment,False
Austria,Media and Entertainment,2020,,20,True,investment,False
Austria,Media and Entertainment,2021,16.0,16,True,investment,False
Austria,Media and Entertainment,2022,1.0,1,True,investment,False
Austria,Media and Entertainment,2024,0.0,0,True,investment,False
Austria,Media and Entertainment,2025,0.0,0,False,investment,False
Austria,"Military, public safety and government",2018,,0,True,investment,False
Austria,"Military, public safety and government",2019,,0,True,investment,False
Austria,"Military, public safety and government",2021,5.0,5,True,investment,False
Austria,"Military, public safety and government",2022,,2,True,investment,False
Austria,"Military, public safety and government",2023,2.0,2,True,investment,False
Austria,"Mobile, platforms & Internet services",2016,1.0,1,True,investment,False
Austria,"Mobile, platforms & Internet services",2017,3.0,5,True,investment,False
Austria,"Mobile, platforms & Internet services",2018,0.0,22,True,investment,False
Austria,"Mobile, platforms & Internet services",2019,1.0,3,True,investment,False
Austria,"Mobile, platforms & Internet services",2020,9.0,37,True,investment,False
Austria,"Mobile, platforms & Internet services",2021,6.0,6,True,investment,False
Austria,"Mobile, platforms & Internet services",2022,1.0,3,True,investment,False
Austria,"Mobile, platforms & Internet services",2023,2.0,8,True,investment,False
Austria,"Mobile, platforms & Internet services",2024,0.0,480,True,investment,False
Austria,"Mobile, platforms & Internet services",2025,0.0,84,False,investment,False
Austria,NLP,2015,1.0,1,True,investment,False
Austria,NLP,2016,0.0,0,True,investment,False
Austria,NLP,2019,,6,True,investment,False
Austria,NLP,2020,,0,True,investment,False
Austria,NLP,2021,15.0,15,True,investment,False
Austria,NLP,2022,2.0,2,True,investment,False
Austria,NLP,2023,0.0,0,True,investment,False
Austria,NLP,2024,1.0,1,True,investment,False
Austria,NLP,2025,1.0,1,False,investment,False
Austria,Navigation and mapping,2017,,1,True,investment,False
Austria,Navigation and mapping,2021,5.0,5,True,investment,False
Austria,Navigation and mapping,2022,,2,True,investment,False
Austria,Navigation and mapping,2023,2.0,2,True,investment,False
Austria,Other,2016,0.0,0,True,investment,False
Austria,Other,2017,3.0,3,True,investment,False
Austria,Other,2018,0.0,0,True,investment,False
Austria,Other,2019,0.0,0,True,investment,False
Austria,Other,2020,10.0,10,True,investment,False
Austria,Other,2021,0.0,0,True,investment,False
Austria,Other,2022,1.0,1,True,investment,False
Austria,Other,2023,0.0,20,True,investment,False
Austria,Other,2024,1.0,1,True,investment,False
Austria,Other,2025,3.0,26,False,investment,False
Austria,Privacy and Security,2018,,0,True,investment,False
Austria,Privacy and Security,2019,0.0,0,True,investment,False
Austria,Privacy and Security,2021,0.0,0,True,investment,False
Austria,Privacy and Security,2023,0.0,0,True,investment,False
Austria,Privacy and Security,2024,0.0,336,True,investment,False
Austria,Privacy and Security,2025,,7,False,investment,False
Austria,Professional services,2018,1.0,2,True,investment,False
Austria,Professional services,2019,,68,True,investment,False
Austria,Professional services,2020,,1,True,investment,False
Austria,Professional services,2021,0.0,0,True,investment,False
Austria,Professional services,2022,2.0,2,True,investment,False
Austria,Professional services,2023,2.0,5,True,investment,False
Austria,Professional services,2024,11.0,31,True,investment,False
Austria,Professional services,2025,2.0,109,False,investment,False
Austria,Real estate,2016,0.0,0,True,investment,False
Austria,Real estate,2017,3.0,3,True,investment,False
Austria,Real estate,2019,0.0,0,True,investment,False
Austria,Real estate,2020,9.0,9,True,investment,False
Austria,Real estate,2021,6.0,8,True,investment,False
Austria,Real estate,2022,1.0,3,True,investment,False
Austria,Real estate,2023,2.0,6,True,investment,False
Austria,Real estate,2024,2.0,23,True,investment,False
Austria,Real estate,2025,1.0,12,False,investment,False
Austria,Robotics,2017,1.0,1,True,investment,False
Austria,Robotics,2020,9.0,9,True,investment,False
Austria,Robotics,2023,0.0,0,True,investment,False
Austria,Robotics,2024,0.0,2,True,investment,False
Austria,"Sales, retail, commerce, marketing",2017,,2,True,investment,False
Austria,"Sales, retail, commerce, marketing",2018,,0,True,investment,False
Austria,"Sales, retail, commerce, marketing",2019,,20,True,investment,False
Austria,"Sales, retail, commerce, marketing",2021,17.0,17,True,investment,False
Austria,"Sales, retail, commerce, marketing",2022,0.0,0,True,investment,False
Austria,"Sales, retail, commerce, marketing",2023,0.0,1,True,investment,False
Austria,"Sales, retail, commerce, marketing",2024,0.0,1,True,investment,False
Austria,"Sales, retail, commerce, marketing",2025,3.0,25,False,investment,False
Austria,Simulation,2021,5.0,5,True,investment,False
Austria,Simulation,2022,,2,True,investment,False
Austria,Simulation,2023,2.0,2,True,investment,False
Austria,Simulation,2025,4.0,4,False,investment,False
Austria,Software,2015,1.0,1,True,investment,False
Austria,Software,2016,3.0,4,True,investment,False
Austria,Software,2017,7.0,9,True,investment,False
Austria,Software,2018,5.0,32,True,investment,False
Austria,Software,2019,12.0,109,True,investment,False
Austria,Software,2020,21.0,62,True,investment,False
Austria,Software,2021,102.0,246,True,investment,False
Austria,Software,2022,37.0,42,True,investment,False
Austria,Software,2023,31.0,146,True,investment,False
Austria,Software,2024,26.0,675,True,investment,False
Austria,Software,2025,37.0,564,False,investment,False
Austria,Sports,2017,0.0,0,True,investment,False
Austria,Sports,2023,1.0,1,True,investment,False
Austria,Transportation,2016,0.0,0,True,investment,False
Austria,Transportation,2017,1.0,1,True,investment,False
Austria,Transportation,2018,,0,True,investment,False
Austria,Transportation,2020,,2,True,investment,False
Austria,Transportation,2021,5.0,7,True,investment,False
Austria,Transportation,2022,2.0,4,True,investment,False
Austria,Transportation,2023,4.0,5,True,investment,False
Austria,Transportation,2024,13.0,34,True,investment,False
Austria,Transportation,2025,20.0,40,False,investment,False
Azerbaijan,All,2022,0.0,0,True,investment,False
Azerbaijan,All,2023,0.0,0,True,investment,False
Azerbaijan,All,2025,0.0,0,False,investment,False
Azerbaijan,Data and analytics,2022,0.0,0,True,investment,False
Azerbaijan,Data and analytics,2023,0.0,0,True,investment,False
Azerbaijan,Data and analytics,2025,0.0,0,False,investment,False
Azerbaijan,Education,2022,0.0,0,True,investment,False
Azerbaijan,General purpose,2022,0.0,0,True,investment,False
Azerbaijan,General purpose,2023,0.0,0,True,investment,False
Azerbaijan,General purpose,2025,0.0,0,False,investment,False
Azerbaijan,Information Technology,2022,0.0,0,True,investment,False
Azerbaijan,Information Technology,2023,0.0,0,True,investment,False
Azerbaijan,Information Technology,2025,0.0,0,False,investment,False
Azerbaijan,"Mobile, platforms & Internet services",2023,0.0,0,True,investment,False
Azerbaijan,"Mobile, platforms & Internet services",2025,0.0,0,False,investment,False
Azerbaijan,Professional services,2022,0.0,0,True,investment,False
Azerbaijan,Simulation,2022,0.0,0,True,investment,False
Azerbaijan,Software,2022,0.0,0,True,investment,False
Azerbaijan,Software,2023,0.0,0,True,investment,False
Azerbaijan,Software,2025,0.0,0,False,investment,False
Bahrain,All,2020,0.0,0,True,investment,False
Bahrain,All,2021,,190,True,investment,False
Bahrain,All,2022,,0,True,investment,False
Bahrain,All,2025,,4,False,investment,False
Bahrain,Biotechnology,2020,,0,True,investment,False
Bahrain,Biotechnology,2021,,0,True,investment,False
Bahrain,Biotechnology,2022,,0,True,investment,False
Bahrain,Cyber Security,2020,,0,True,investment,False
Bahrain,Cyber Security,2021,,0,True,investment,False
Bahrain,Cyber Security,2022,,0,True,investment,False
Bahrain,Data and analytics,2020,0.0,0,True,investment,False
Bahrain,Data and analytics,2021,,190,True,investment,False
Bahrain,Data and analytics,2022,,0,True,investment,False
Bahrain,Data and analytics,2025,,4,False,investment,False
Bahrain,Facial Recognition,2020,,0,True,investment,False
Bahrain,Facial Recognition,2021,,0,True,investment,False
Bahrain,Facial Recognition,2022,,0,True,investment,False
Bahrain,Finance,2025,,4,False,investment,False
Bahrain,General purpose,2020,0.0,0,True,investment,False
Bahrain,General purpose,2021,,190,True,investment,False
Bahrain,General purpose,2022,,0,True,investment,False
Bahrain,General purpose,2025,,4,False,investment,False
Bahrain,Hardware,2020,0.0,0,True,investment,False
Bahrain,Information Technology,2020,,0,True,investment,False
Bahrain,Information Technology,2021,,0,True,investment,False
Bahrain,Information Technology,2022,,0,True,investment,False
Bahrain,"Mobile, platforms & Internet services",2020,0.0,0,True,investment,False
Bahrain,Privacy and Security,2020,,0,True,investment,False
Bahrain,Privacy and Security,2021,,0,True,investment,False
Bahrain,Privacy and Security,2022,,0,True,investment,False
Bahrain,Professional services,2021,,190,True,investment,False
Bahrain,Professional services,2025,,4,False,investment,False
Bahrain,"Sales, retail, commerce, marketing",2020,0.0,0,True,investment,False
Bahrain,Software,2020,0.0,0,True,investment,False
Bahrain,Software,2021,,190,True,investment,False
Bahrain,Software,2022,,0,True,investment,False
Bahrain,Transportation,2020,0.0,0,True,investment,False
Bangladesh,Agriculture,2019,0.0,0,True,investment,False
Bangladesh,Agriculture,2022,0.0,0,True,investment,False
Bangladesh,Agriculture,2023,0.0,0,True,investment,False
Bangladesh,All,2018,0.0,0,True,investment,False
Bangladesh,All,2019,0.0,0,True,investment,False
Bangladesh,All,2020,0.0,4,True,investment,False
Bangladesh,All,2021,1.0,3,True,investment,False
Bangladesh,All,2022,6.0,10,True,investment,False
Bangladesh,All,2023,7.0,7,True,investment,False
Bangladesh,All,2024,0.0,4,True,investment,False
Bangladesh,All,2025,,0,False,investment,False
Bangladesh,Community and Lifestyle,2023,0.0,0,True,investment,False
Bangladesh,Community and Lifestyle,2024,0.0,0,True,investment,False
Bangladesh,Computer Vision,2019,0.0,0,True,investment,False
Bangladesh,Cyber Security,2023,,0,True,investment,False
Bangladesh,Data and analytics,2018,0.0,0,True,investment,False
Bangladesh,Data and analytics,2019,0.0,0,True,investment,False
Bangladesh,Data and analytics,2020,0.0,2,True,investment,False
Bangladesh,Data and analytics,2021,0.0,2,True,investment,False
Bangladesh,Data and analytics,2022,2.0,6,True,investment,False
Bangladesh,Data and analytics,2023,1.0,2,True,investment,False
Bangladesh,Data and analytics,2024,0.0,4,True,investment,False
Bangladesh,Data and analytics,2025,,0,False,investment,False
Bangladesh,Education,2020,0.0,0,True,investment,False
Bangladesh,Education,2021,0.0,0,True,investment,False
Bangladesh,Education,2022,2.0,2,True,investment,False
Bangladesh,Education,2023,1.0,1,True,investment,False
Bangladesh,Education,2024,,4,True,investment,False
Bangladesh,Education,2025,,0,False,investment,False
Bangladesh,General purpose,2018,0.0,0,True,investment,False
Bangladesh,General purpose,2019,0.0,0,True,investment,False
Bangladesh,General purpose,2020,0.0,2,True,investment,False
Bangladesh,General purpose,2021,0.0,2,True,investment,False
Bangladesh,General purpose,2022,2.0,6,True,investment,False
Bangladesh,General purpose,2023,1.0,2,True,investment,False
Bangladesh,General purpose,2024,0.0,4,True,investment,False
Bangladesh,General purpose,2025,,0,False,investment,False
Bangladesh,Hardware,2019,0.0,0,True,investment,False
Bangladesh,Hardware,2024,0.0,0,True,investment,False
Bangladesh,Healthcare and Life Sciences,2020,,0,True,investment,False
Bangladesh,Healthcare and Life Sciences,2023,0.0,0,True,investment,False
Bangladesh,Healthcare and Life Sciences,2024,0.0,0,True,investment,False
Bangladesh,Information Technology,2019,0.0,0,True,investment,False
Bangladesh,Information Technology,2023,,0,True,investment,False
Bangladesh,"Military, public safety and government",2019,0.0,0,True,investment,False
Bangladesh,"Mobile, platforms & Internet services",2020,0.0,2,True,investment,False
Bangladesh,"Mobile, platforms & Internet services",2021,0.0,0,True,investment,False
Bangladesh,"Mobile, platforms & Internet services",2022,1.0,1,True,investment,False
Bangladesh,"Mobile, platforms & Internet services",2023,0.0,0,True,investment,False
Bangladesh,"Mobile, platforms & Internet services",2024,0.0,4,True,investment,False
Bangladesh,"Mobile, platforms & Internet services",2025,,0,False,investment,False
Bangladesh,Other,2020,,0,True,investment,False
Bangladesh,Privacy and Security,2023,,0,True,investment,False
Bangladesh,Software,2018,0.0,0,True,investment,False
Bangladesh,Software,2019,0.0,0,True,investment,False
Bangladesh,Software,2020,0.0,2,True,investment,False
Bangladesh,Software,2021,0.0,2,True,investment,False
Bangladesh,Software,2022,2.0,6,True,investment,False
Bangladesh,Software,2023,1.0,2,True,investment,False
Bangladesh,Software,2024,0.0,4,True,investment,False
Bangladesh,Software,2025,,0,False,investment,False
Bangladesh,Transportation,2018,0.0,0,True,investment,False
Bangladesh,Transportation,2019,0.0,0,True,investment,False
Bangladesh,Transportation,2020,0.0,0,True,investment,False
Bangladesh,Transportation,2022,,4,True,investment,False
Bangladesh,Transportation,2024,0.0,0,True,investment,False
Barbados,All,2016,,18,True,investment,False
Barbados,Data and analytics,2016,,18,True,investment,False
Barbados,Software,2016,,18,True,investment,False
Belarus,All,2017,2.0,8,True,investment,False
Belarus,All,2020,,2,True,investment,False
Belarus,All,2022,0.0,0,True,investment,False
Belarus,Computer Vision,2017,1.0,3,True,investment,False
Belarus,Data and analytics,2017,1.0,7,True,investment,False
Belarus,Data and analytics,2020,,1,True,investment,False
Belarus,Data and analytics,2022,0.0,0,True,investment,False
Belarus,General purpose,2017,1.0,5,True,investment,False
Belarus,General purpose,2020,,1,True,investment,False
Belarus,General purpose,2022,0.0,0,True,investment,False
Belarus,Hardware,2017,1.0,5,True,investment,False
Belarus,Information Technology,2017,,2,True,investment,False
Belarus,"Mobile, platforms & Internet services",2017,,4,True,investment,False
Belarus,Navigation and mapping,2017,,4,True,investment,False
Belarus,Software,2017,1.0,5,True,investment,False
Belarus,Software,2020,,1,True,investment,False
Belarus,Software,2022,0.0,0,True,investment,False
Belgium,Agriculture,2022,,81,True,investment,False
Belgium,Agriculture,2024,14.0,14,True,investment,False
Belgium,Agriculture,2025,,1,False,investment,False
Belgium,All,2015,74.0,157,True,investment,False
Belgium,All,2016,4.0,68,True,investment,False
Belgium,All,2017,286.0,293,True,investment,False
Belgium,All,2018,22.0,77,True,investment,False
Belgium,All,2019,117.0,198,True,investment,False
Belgium,All,2020,245.0,375,True,investment,False
Belgium,All,2021,532.0,994,True,investment,False
Belgium,All,2022,344.0,640,True,investment,False
Belgium,All,2023,259.0,672,True,investment,False
Belgium,All,2024,330.0,895,True,investment,False
Belgium,All,2025,95.0,293,False,investment,False
Belgium,Biotechnology,2015,2.0,2,True,investment,False
Belgium,Biotechnology,2017,0.0,0,True,investment,False
Belgium,Biotechnology,2019,1.0,1,True,investment,False
Belgium,Biotechnology,2020,1.0,1,True,investment,False
Belgium,Biotechnology,2021,0.0,0,True,investment,False
Belgium,Biotechnology,2023,1.0,83,True,investment,False
Belgium,Biotechnology,2024,3.0,84,True,investment,False
Belgium,Biotechnology,2025,2.0,2,False,investment,False
Belgium,Community and Lifestyle,2017,24.0,24,True,investment,False
Belgium,Community and Lifestyle,2020,,1,True,investment,False
Belgium,Community and Lifestyle,2021,,1,True,investment,False
Belgium,Community and Lifestyle,2023,0.0,0,True,investment,False
Belgium,Community and Lifestyle,2025,0.0,0,False,investment,False
Belgium,Computer Vision,2017,0.0,0,True,investment,False
Belgium,Computer Vision,2018,2.0,2,True,investment,False
Belgium,Computer Vision,2019,0.0,1,True,investment,False
Belgium,Computer Vision,2020,1.0,1,True,investment,False
Belgium,Computer Vision,2021,0.0,0,True,investment,False
Belgium,Computer Vision,2022,101.0,101,True,investment,False
Belgium,Computer Vision,2023,,0,True,investment,False
Belgium,Computer Vision,2024,14.0,14,True,investment,False
Belgium,Consumer goods,2015,,82,True,investment,False
Belgium,Consumer goods,2018,6.0,7,True,investment,False
Belgium,Consumer goods,2019,0.0,81,True,investment,False
Belgium,Consumer goods,2021,1.0,1,True,investment,False
Belgium,Consumer goods,2022,,0,True,investment,False
Belgium,Cyber Security,2017,,3,True,investment,False
Belgium,Cyber Security,2018,,9,True,investment,False
Belgium,Cyber Security,2020,79.0,79,True,investment,False
Belgium,Cyber Security,2023,216.0,297,True,investment,False
Belgium,Data and analytics,2015,21.0,22,True,investment,False
Belgium,Data and analytics,2016,3.0,68,True,investment,False
Belgium,Data and analytics,2017,120.0,125,True,investment,False
Belgium,Data and analytics,2018,15.0,69,True,investment,False
Belgium,Data and analytics,2019,26.0,108,True,investment,False
Belgium,Data and analytics,2020,118.0,247,True,investment,False
Belgium,Data and analytics,2021,258.0,538,True,investment,False
Belgium,Data and analytics,2022,127.0,421,True,investment,False
Belgium,Data and analytics,2023,223.0,469,True,investment,False
Belgium,Data and analytics,2024,215.0,780,True,investment,False
Belgium,Data and analytics,2025,17.0,212,False,investment,False
Belgium,Education,2020,1.0,1,True,investment,False
Belgium,Education,2022,0.0,0,True,investment,False
Belgium,Education,2023,1.0,1,True,investment,False
Belgium,Education,2024,,81,True,investment,False
Belgium,Energy and natural resources,2015,10.0,10,True,investment,False
Belgium,Energy and natural resources,2016,1.0,64,True,investment,False
Belgium,Energy and natural resources,2017,94.0,95,True,investment,False
Belgium,Energy and natural resources,2018,,22,True,investment,False
Belgium,Energy and natural resources,2020,2.0,2,True,investment,False
Belgium,Energy and natural resources,2022,119.0,119,True,investment,False
Belgium,Energy and natural resources,2023,3.0,3,True,investment,False
Belgium,Energy and natural resources,2024,0.0,160,True,investment,False
Belgium,Energy and natural resources,2025,0.0,0,False,investment,False
Belgium,Facial Recognition,2018,2.0,2,True,investment,False
Belgium,Finance,2015,0.0,0,True,investment,False
Belgium,Finance,2016,1.0,1,True,investment,False
Belgium,Finance,2017,24.0,25,True,investment,False
Belgium,Finance,2018,4.0,4,True,investment,False
Belgium,Finance,2019,3.0,3,True,investment,False
Belgium,Finance,2020,6.0,6,True,investment,False
Belgium,Finance,2021,14.0,16,True,investment,False
Belgium,Finance,2022,103.0,184,True,investment,False
Belgium,Finance,2023,1.0,3,True,investment,False
Belgium,Finance,2024,5.0,5,True,investment,False
Belgium,Finance,2025,1.0,1,False,investment,False
Belgium,General purpose,2015,18.0,100,True,investment,False
Belgium,General purpose,2016,1.0,3,True,investment,False
Belgium,General purpose,2017,116.0,121,True,investment,False
Belgium,General purpose,2018,14.0,68,True,investment,False
Belgium,General purpose,2019,24.0,106,True,investment,False
Belgium,General purpose,2020,114.0,116,True,investment,False
Belgium,General purpose,2021,251.0,712,True,investment,False
Belgium,General purpose,2022,26.0,156,True,investment,False
Belgium,General purpose,2023,226.0,473,True,investment,False
Belgium,General purpose,2024,208.0,692,True,investment,False
Belgium,General purpose,2025,17.0,181,False,investment,False
Belgium,Hardware,2015,2.0,84,True,investment,False
Belgium,Hardware,2016,1.0,2,True,investment,False
Belgium,Hardware,2017,0.0,2,True,investment,False
Belgium,Hardware,2018,8.0,9,True,investment,False
Belgium,Hardware,2019,1.0,82,True,investment,False
Belgium,Hardware,2020,1.0,1,True,investment,False
Belgium,Hardware,2021,1.0,1,True,investment,False
Belgium,Hardware,2022,1.0,2,True,investment,False
Belgium,Hardware,2023,2.0,2,True,investment,False
Belgium,Hardware,2024,17.0,17,True,investment,False
Belgium,Hardware,2025,3.0,4,False,investment,False
Belgium,Healthcare and Life Sciences,2015,2.0,2,True,investment,False
Belgium,Healthcare and Life Sciences,2016,0.0,0,True,investment,False
Belgium,Healthcare and Life Sciences,2017,0.0,0,True,investment,False
Belgium,Healthcare and Life Sciences,2018,0.0,0,True,investment,False
Belgium,Healthcare and Life Sciences,2019,2.0,2,True,investment,False
Belgium,Healthcare and Life Sciences,2020,1.0,1,True,investment,False
Belgium,Healthcare and Life Sciences,2021,2.0,2,True,investment,False
Belgium,Healthcare and Life Sciences,2022,4.0,6,True,investment,False
Belgium,Healthcare and Life Sciences,2023,2.0,3,True,investment,False
Belgium,Healthcare and Life Sciences,2024,3.0,84,True,investment,False
Belgium,Healthcare and Life Sciences,2025,2.0,32,False,investment,False
Belgium,Information Technology,2015,17.0,99,True,investment,False
Belgium,Information Technology,2016,1.0,2,True,investment,False
Belgium,Information Technology,2017,67.0,73,True,investment,False
Belgium,Information Technology,2018,9.0,63,True,investment,False
Belgium,Information Technology,2019,22.0,23,True,investment,False
Belgium,Information Technology,2020,100.0,228,True,investment,False
Belgium,Information Technology,2021,70.0,169,True,investment,False
Belgium,Information Technology,2022,127.0,256,True,investment,False
Belgium,Information Technology,2023,221.0,547,True,investment,False
Belgium,Information Technology,2024,21.0,505,True,investment,False
Belgium,Information Technology,2025,8.0,90,False,investment,False
Belgium,Lending and Investments,2018,2.0,2,True,investment,False
Belgium,Lending and Investments,2019,2.0,2,True,investment,False
Belgium,Lending and Investments,2020,4.0,4,True,investment,False
Belgium,Lending and Investments,2022,2.0,2,True,investment,False
Belgium,Lending and Investments,2023,,2,True,investment,False
Belgium,Manufacturing,2021,185.0,185,True,investment,False
Belgium,Manufacturing,2022,12.0,12,True,investment,False
Belgium,Manufacturing,2023,,81,True,investment,False
Belgium,Manufacturing,2024,15.0,15,True,investment,False
Belgium,Media and Entertainment,2015,1.0,1,True,investment,False
Belgium,Media and Entertainment,2016,,1,True,investment,False
Belgium,Media and Entertainment,2017,0.0,0,True,investment,False
Belgium,Media and Entertainment,2018,0.0,0,True,investment,False
Belgium,Media and Entertainment,2019,2.0,84,True,investment,False
Belgium,Media and Entertainment,2020,6.0,6,True,investment,False
Belgium,Media and Entertainment,2021,0.0,180,True,investment,False
Belgium,Media and Entertainment,2022,1.0,1,True,investment,False
Belgium,Media and Entertainment,2023,,81,True,investment,False
Belgium,Media and Entertainment,2024,0.0,0,True,investment,False
Belgium,Media and Entertainment,2025,0.0,0,False,investment,False
Belgium,"Military, public safety and government",2016,0.0,0,True,investment,False
Belgium,"Military, public safety and government",2017,0.0,2,True,investment,False
Belgium,"Military, public safety and government",2019,1.0,1,True,investment,False
Belgium,"Military, public safety and government",2020,1.0,1,True,investment,False
Belgium,"Military, public safety and government",2022,0.0,0,True,investment,False
Belgium,"Military, public safety and government",2024,0.0,0,True,investment,False
Belgium,"Mobile, platforms & Internet services",2015,7.0,89,True,investment,False
Belgium,"Mobile, platforms & Internet services",2016,,64,True,investment,False
Belgium,"Mobile, platforms & Internet services",2017,89.0,94,True,investment,False
Belgium,"Mobile, platforms & Internet services",2018,0.0,9,True,investment,False
Belgium,"Mobile, platforms & Internet services",2019,3.0,3,True,investment,False
Belgium,"Mobile, platforms & Internet services",2020,89.0,89,True,investment,False
Belgium,"Mobile, platforms & Internet services",2021,27.0,27,True,investment,False
Belgium,"Mobile, platforms & Internet services",2022,14.0,14,True,investment,False
Belgium,"Mobile, platforms & Internet services",2023,1.0,1,True,investment,False
Belgium,"Mobile, platforms & Internet services",2024,23.0,185,True,investment,False
Belgium,"Mobile, platforms & Internet services",2025,6.0,6,False,investment,False
Belgium,NLP,2020,2.0,2,True,investment,False
Belgium,NLP,2021,0.0,0,True,investment,False
Belgium,NLP,2022,2.0,2,True,investment,False
Belgium,NLP,2024,4.0,87,True,investment,False
Belgium,Navigation and mapping,2018,0.0,0,True,investment,False
Belgium,Navigation and mapping,2021,,0,True,investment,False
Belgium,Navigation and mapping,2022,,81,True,investment,False
Belgium,Navigation and mapping,2023,0.0,0,True,investment,False
Belgium,Navigation and mapping,2024,0.0,0,True,investment,False
Belgium,Other,2015,8.0,8,True,investment,False
Belgium,Other,2016,0.0,63,True,investment,False
Belgium,Other,2017,24.0,26,True,investment,False
Belgium,Other,2019,21.0,21,True,investment,False
Belgium,Other,2020,20.0,20,True,investment,False
Belgium,Other,2021,28.0,208,True,investment,False
Belgium,Other,2022,1.0,5,True,investment,False
Belgium,Other,2025,2.0,2,False,investment,False
Belgium,Privacy and Security,2017,,3,True,investment,False
Belgium,Privacy and Security,2018,2.0,11,True,investment,False
Belgium,Privacy and Security,2020,79.0,79,True,investment,False
Belgium,Privacy and Security,2022,0.0,0,True,investment,False
Belgium,Privacy and Security,2023,218.0,299,True,investment,False
Belgium,Privacy and Security,2024,6.0,6,True,investment,False
Belgium,Privacy and Security,2025,3.0,4,False,investment,False
Belgium,Professional services,2015,1.0,1,True,investment,False
Belgium,Professional services,2017,25.0,28,True,investment,False
Belgium,Professional services,2018,2.0,11,True,investment,False
Belgium,Professional services,2020,82.0,83,True,investment,False
Belgium,Professional services,2021,15.0,197,True,investment,False
Belgium,Professional services,2022,1.0,1,True,investment,False
Belgium,Professional services,2023,2.0,4,True,investment,False
Belgium,Professional services,2024,166.0,247,True,investment,False
Belgium,Professional services,2025,0.0,0,False,investment,False
Belgium,Real estate,2017,2.0,2,True,investment,False
Belgium,Real estate,2018,3.0,3,True,investment,False
Belgium,Real estate,2019,2.0,2,True,investment,False
Belgium,Real estate,2020,4.0,4,True,investment,False
Belgium,Real estate,2022,2.0,2,True,investment,False
Belgium,Real estate,2023,217.0,217,True,investment,False
Belgium,Real estate,2025,1.0,1,False,investment,False
Belgium,Robotics,2021,0.0,0,True,investment,False
Belgium,Robotics,2023,,0,True,investment,False
Belgium,Robotics,2024,14.0,14,True,investment,False
Belgium,"Sales, retail, commerce, marketing",2015,9.0,9,True,investment,False
Belgium,"Sales, retail, commerce, marketing",2016,1.0,1,True,investment,False
Belgium,"Sales, retail, commerce, marketing",2017,16.0,19,True,investment,False
Belgium,"Sales, retail, commerce, marketing",2018,0.0,9,True,investment,False
Belgium,"Sales, retail, commerce, marketing",2019,0.0,0,True,investment,False
Belgium,"Sales, retail, commerce, marketing",2020,82.0,83,True,investment,False
Belgium,"Sales, retail, commerce, marketing",2021,22.0,23,True,investment,False
Belgium,"Sales, retail, commerce, marketing",2022,19.0,19,True,investment,False
Belgium,"Sales, retail, commerce, marketing",2023,0.0,0,True,investment,False
Belgium,"Sales, retail, commerce, marketing",2024,0.0,0,True,investment,False
Belgium,"Sales, retail, commerce, marketing",2025,2.0,2,False,investment,False
Belgium,Semiconductor,2018,6.0,6,True,investment,False
Belgium,Simulation,2022,,1,True,investment,False
Belgium,Software,2015,26.0,108,True,investment,False
Belgium,Software,2016,3.0,68,True,investment,False
Belgium,Software,2017,157.0,164,True,investment,False
Belgium,Software,2018,17.0,73,True,investment,False
Belgium,Software,2019,29.0,111,True,investment,False
Belgium,Software,2020,123.0,251,True,investment,False
Belgium,Software,2021,258.0,719,True,investment,False
Belgium,Software,2022,151.0,446,True,investment,False
Belgium,Software,2023,228.0,640,True,investment,False
Belgium,Software,2024,221.0,786,True,investment,False
Belgium,Software,2025,21.0,217,False,investment,False
Belgium,Speech Recognition,2017,0.0,0,True,investment,False
Belgium,Speech Recognition,2018,0.0,0,True,investment,False
Belgium,Speech Recognition,2019,0.0,1,True,investment,False
Belgium,Speech Recognition,2020,1.0,1,True,investment,False
Belgium,Sports,2021,0.0,0,True,investment,False
Belgium,Transportation,2019,0.0,0,True,investment,False
Belgium,Transportation,2020,0.0,0,True,investment,False
Belgium,Transportation,2021,0.0,1,True,investment,False
Belgium,Transportation,2022,3.0,4,True,investment,False
Belgium,Transportation,2023,2.0,2,True,investment,False
Belgium,Transportation,2024,5.0,5,True,investment,False
Belgium,Transportation,2025,0.0,0,False,investment,False
Belize,Agriculture,2022,20.0,20,True,investment,False
Belize,All,2019,0.0,10,True,investment,False
Belize,All,2022,20.0,20,True,investment,False
Belize,Data and analytics,2019,0.0,10,True,investment,False
Belize,Data and analytics,2022,20.0,20,True,investment,False
Belize,Finance,2022,20.0,20,True,investment,False
Belize,General purpose,2019,0.0,10,True,investment,False
Belize,General purpose,2022,20.0,20,True,investment,False
Belize,Healthcare and Life Sciences,2019,0.0,10,True,investment,False
Belize,"Mobile, platforms & Internet services",2019,0.0,10,True,investment,False
Belize,Other,2022,20.0,20,True,investment,False
Belize,Software,2019,0.0,10,True,investment,False
Belize,Software,2022,20.0,20,True,investment,False
Bosnia and Herzegovina,Agriculture,2023,,0,True,investment,False
Bosnia and Herzegovina,All,2016,0.0,0,True,investment,False
Bosnia and Herzegovina,All,2020,0.0,0,True,investment,False
Bosnia and Herzegovina,All,2021,0.0,0,True,investment,False
Bosnia and Herzegovina,All,2023,0.0,0,True,investment,False
Bosnia and Herzegovina,All,2024,,0,True,investment,False
Bosnia and Herzegovina,All,2025,0.0,0,False,investment,False
Bosnia and Herzegovina,Data and analytics,2016,0.0,0,True,investment,False
Bosnia and Herzegovina,Data and analytics,2020,0.0,0,True,investment,False
Bosnia and Herzegovina,Data and analytics,2023,,0,True,investment,False
Bosnia and Herzegovina,Finance,2023,0.0,0,True,investment,False
Bosnia and Herzegovina,Finance,2025,0.0,0,False,investment,False
Bosnia and Herzegovina,General purpose,2016,0.0,0,True,investment,False
Bosnia and Herzegovina,General purpose,2020,0.0,0,True,investment,False
Bosnia and Herzegovina,General purpose,2023,,0,True,investment,False
Bosnia and Herzegovina,Hardware,2023,,0,True,investment,False
Bosnia and Herzegovina,Hardware,2024,,0,True,investment,False
Bosnia and Herzegovina,Information Technology,2016,0.0,0,True,investment,False
Bosnia and Herzegovina,Information Technology,2020,0.0,0,True,investment,False
Bosnia and Herzegovina,Manufacturing,2024,,0,True,investment,False
Bosnia and Herzegovina,"Mobile, platforms & Internet services",2020,0.0,0,True,investment,False
Bosnia and Herzegovina,"Mobile, platforms & Internet services",2024,,0,True,investment,False
Bosnia and Herzegovina,Other,2016,0.0,0,True,investment,False
Bosnia and Herzegovina,Other,2023,0.0,0,True,investment,False
Bosnia and Herzegovina,Other,2024,,0,True,investment,False
Bosnia and Herzegovina,Other,2025,0.0,0,False,investment,False
Bosnia and Herzegovina,"Sales, retail, commerce, marketing",2016,0.0,0,True,investment,False
Bosnia and Herzegovina,Software,2016,0.0,0,True,investment,False
Bosnia and Herzegovina,Software,2020,0.0,0,True,investment,False
Bosnia and Herzegovina,Software,2021,0.0,0,True,investment,False
Bosnia and Herzegovina,Software,2023,0.0,0,True,investment,False
Bosnia and Herzegovina,Software,2024,,0,True,investment,False
Bosnia and Herzegovina,Software,2025,0.0,0,False,investment,False
Bosnia and Herzegovina,Transportation,2016,0.0,0,True,investment,False
Botswana,All,2015,1.0,1,True,investment,False
Botswana,All,2016,0.0,0,True,investment,False
Botswana,All,2021,1.0,1,True,investment,False
Botswana,All,2024,,1,True,investment,False
Botswana,Data and analytics,2015,1.0,1,True,investment,False
Botswana,Data and analytics,2016,0.0,0,True,investment,False
Botswana,Data and analytics,2021,0.0,0,True,investment,False
Botswana,Data and analytics,2024,,1,True,investment,False
Botswana,Finance,2015,1.0,1,True,investment,False
Botswana,Finance,2016,0.0,0,True,investment,False
Botswana,Finance,2021,0.0,0,True,investment,False
Botswana,Finance,2024,,1,True,investment,False
Botswana,General purpose,2015,1.0,1,True,investment,False
Botswana,General purpose,2016,0.0,0,True,investment,False
Botswana,General purpose,2021,0.0,0,True,investment,False
Botswana,General purpose,2024,,1,True,investment,False
Botswana,Software,2015,1.0,1,True,investment,False
Botswana,Software,2016,0.0,0,True,investment,False
Botswana,Software,2021,0.0,0,True,investment,False
Botswana,Software,2024,,1,True,investment,False
Brazil,Agriculture,2015,0.0,0,True,investment,False
Brazil,Agriculture,2016,2.0,2,True,investment,False
Brazil,Agriculture,2017,2.0,2,True,investment,False
Brazil,Agriculture,2018,3.0,3,True,investment,False
Brazil,Agriculture,2019,2.0,3,True,investment,False
Brazil,Agriculture,2020,1.0,3,True,investment,False
Brazil,Agriculture,2021,3.0,3,True,investment,False
Brazil,Agriculture,2022,10.0,11,True,investment,False
Brazil,Agriculture,2023,6.0,6,True,investment,False
Brazil,Agriculture,2024,15.0,20,True,investment,False
Brazil,Agriculture,2025,0.0,4,False,investment,False
Brazil,All,2015,62.0,161,True,investment,False
Brazil,All,2016,4.0,14,True,investment,False
Brazil,All,2017,15.0,136,True,investment,False
Brazil,All,2018,28.0,272,True,investment,False
Brazil,All,2019,272.0,419,True,investment,False
Brazil,All,2020,374.0,614,True,investment,False
Brazil,All,2021,523.0,801,True,investment,False
Brazil,All,2022,958.0,1737,True,investment,False
Brazil,All,2023,369.0,1012,True,investment,False
Brazil,All,2024,715.0,921,True,investment,False
Brazil,All,2025,749.0,1689,False,investment,False
Brazil,Biotechnology,2017,1.0,1,True,investment,False
Brazil,Biotechnology,2018,2.0,2,True,investment,False
Brazil,Biotechnology,2019,0.0,0,True,investment,False
Brazil,Biotechnology,2020,0.0,1,True,investment,False
Brazil,Biotechnology,2021,0.0,2,True,investment,False
Brazil,Biotechnology,2022,0.0,1,True,investment,False
Brazil,Biotechnology,2023,1.0,1,True,investment,False
Brazil,Biotechnology,2024,0.0,0,True,investment,False
Brazil,Biotechnology,2025,,2,False,investment,False
Brazil,Community and Lifestyle,2015,60.0,60,True,investment,False
Brazil,Community and Lifestyle,2017,0.0,1,True,investment,False
Brazil,Community and Lifestyle,2018,1.0,1,True,investment,False
Brazil,Community and Lifestyle,2019,0.0,1,True,investment,False
Brazil,Community and Lifestyle,2020,1.0,39,True,investment,False
Brazil,Community and Lifestyle,2021,1.0,1,True,investment,False
Brazil,Community and Lifestyle,2022,4.0,5,True,investment,False
Brazil,Community and Lifestyle,2023,31.0,31,True,investment,False
Brazil,Community and Lifestyle,2024,26.0,26,True,investment,False
Brazil,Community and Lifestyle,2025,1.0,1,False,investment,False
Brazil,Computer Vision,2016,,0,True,investment,False
Brazil,Computer Vision,2017,,0,True,investment,False
Brazil,Computer Vision,2018,0.0,3,True,investment,False
Brazil,Computer Vision,2019,0.0,4,True,investment,False
Brazil,Computer Vision,2020,5.0,80,True,investment,False
Brazil,Computer Vision,2021,2.0,5,True,investment,False
Brazil,Computer Vision,2022,0.0,4,True,investment,False
Brazil,Computer Vision,2023,1.0,2,True,investment,False
Brazil,Computer Vision,2024,0.0,0,True,investment,False
Brazil,Computer Vision,2025,,0,False,investment,False
Brazil,Consumer goods,2015,0.0,0,True,investment,False
Brazil,Consumer goods,2016,,0,True,investment,False
Brazil,Consumer goods,2017,1.0,3,True,investment,False
Brazil,Consumer goods,2018,0.0,1,True,investment,False
Brazil,Consumer goods,2019,,0,True,investment,False
Brazil,Consumer goods,2020,3.0,4,True,investment,False
Brazil,Consumer goods,2021,6.0,28,True,investment,False
Brazil,Consumer goods,2022,4.0,4,True,investment,False
Brazil,Consumer goods,2023,1.0,1,True,investment,False
Brazil,Consumer goods,2024,0.0,0,True,investment,False
Brazil,Consumer goods,2025,1.0,1,False,investment,False
Brazil,Cyber Security,2020,5.0,5,True,investment,False
Brazil,Cyber Security,2022,17.0,17,True,investment,False
Brazil,Cyber Security,2025,9.0,9,False,investment,False
Brazil,Data and analytics,2015,61.0,157,True,investment,False
Brazil,Data and analytics,2016,4.0,11,True,investment,False
Brazil,Data and analytics,2017,7.0,118,True,investment,False
Brazil,Data and analytics,2018,17.0,109,True,investment,False
Brazil,Data and analytics,2019,68.0,204,True,investment,False
Brazil,Data and analytics,2020,89.0,253,True,investment,False
Brazil,Data and analytics,2021,86.0,328,True,investment,False
Brazil,Data and analytics,2022,511.0,1052,True,investment,False
Brazil,Data and analytics,2023,99.0,732,True,investment,False
Brazil,Data and analytics,2024,97.0,185,True,investment,False
Brazil,Data and analytics,2025,123.0,1044,False,investment,False
Brazil,Education,2015,,1,True,investment,False
Brazil,Education,2017,,2,True,investment,False
Brazil,Education,2018,1.0,2,True,investment,False
Brazil,Education,2019,6.0,9,True,investment,False
Brazil,Education,2020,1.0,2,True,investment,False
Brazil,Education,2021,1.0,8,True,investment,False
Brazil,Education,2022,105.0,106,True,investment,False
Brazil,Education,2023,39.0,39,True,investment,False
Brazil,Education,2024,5.0,10,True,investment,False
Brazil,Education,2025,2.0,41,False,investment,False
Brazil,Energy and natural resources,2016,0.0,0,True,investment,False
Brazil,Energy and natural resources,2017,0.0,0,True,investment,False
Brazil,Energy and natural resources,2018,1.0,2,True,investment,False
Brazil,Energy and natural resources,2019,1.0,1,True,investment,False
Brazil,Energy and natural resources,2020,0.0,0,True,investment,False
Brazil,Energy and natural resources,2021,0.0,3,True,investment,False
Brazil,Energy and natural resources,2022,0.0,5,True,investment,False
Brazil,Energy and natural resources,2023,1.0,1,True,investment,False
Brazil,Energy and natural resources,2024,4.0,4,True,investment,False
Brazil,Energy and natural resources,2025,,2,False,investment,False
Brazil,Facial Recognition,2021,,22,True,investment,False
Brazil,Facial Recognition,2024,0.0,0,True,investment,False
Brazil,Finance,2015,0.0,1,True,investment,False
Brazil,Finance,2016,,2,True,investment,False
Brazil,Finance,2017,2.0,3,True,investment,False
Brazil,Finance,2018,1.0,28,True,investment,False
Brazil,Finance,2019,8.0,23,True,investment,False
Brazil,Finance,2020,8.0,14,True,investment,False
Brazil,Finance,2021,23.0,56,True,investment,False
Brazil,Finance,2022,286.0,315,True,investment,False
Brazil,Finance,2023,137.0,676,True,investment,False
Brazil,Finance,2024,18.0,103,True,investment,False
Brazil,Finance,2025,94.0,176,False,investment,False
Brazil,Gaming,2018,0.0,0,True,investment,False
Brazil,Gaming,2019,,1,True,investment,False
Brazil,Gaming,2020,0.0,0,True,investment,False
Brazil,Gaming,2021,0.0,0,True,investment,False
Brazil,Gaming,2022,,1,True,investment,False
Brazil,Gaming,2023,0.0,0,True,investment,False
Brazil,Gaming,2024,0.0,0,True,investment,False
Brazil,General purpose,2015,0.0,28,True,investment,False
Brazil,General purpose,2016,4.0,10,True,investment,False
Brazil,General purpose,2017,6.0,83,True,investment,False
Brazil,General purpose,2018,12.0,89,True,investment,False
Brazil,General purpose,2019,63.0,117,True,investment,False
Brazil,General purpose,2020,98.0,323,True,investment,False
Brazil,General purpose,2021,75.0,296,True,investment,False
Brazil,General purpose,2022,504.0,1040,True,investment,False
Brazil,General purpose,2023,96.0,702,True,investment,False
Brazil,General purpose,2024,71.0,155,True,investment,False
Brazil,General purpose,2025,122.0,966,False,investment,False
Brazil,Hardware,2015,1.0,95,True,investment,False
Brazil,Hardware,2016,0.0,0,True,investment,False
Brazil,Hardware,2017,2.0,4,True,investment,False
Brazil,Hardware,2018,5.0,15,True,investment,False
Brazil,Hardware,2019,1.0,6,True,investment,False
Brazil,Hardware,2020,8.0,71,True,investment,False
Brazil,Hardware,2021,5.0,33,True,investment,False
Brazil,Hardware,2022,10.0,13,True,investment,False
Brazil,Hardware,2023,2.0,13,True,investment,False
Brazil,Hardware,2024,255.0,281,True,investment,False
Brazil,Hardware,2025,106.0,717,False,investment,False
Brazil,Healthcare and Life Sciences,2015,,0,True,investment,False
Brazil,Healthcare and Life Sciences,2017,,1,True,investment,False
Brazil,Healthcare and Life Sciences,2018,0.0,3,True,investment,False
Brazil,Healthcare and Life Sciences,2019,2.0,10,True,investment,False
Brazil,Healthcare and Life Sciences,2020,2.0,40,True,investment,False
Brazil,Healthcare and Life Sciences,2021,7.0,11,True,investment,False
Brazil,Healthcare and Life Sciences,2022,6.0,37,True,investment,False
Brazil,Healthcare and Life Sciences,2023,1.0,3,True,investment,False
Brazil,Healthcare and Life Sciences,2024,2.0,11,True,investment,False
Brazil,Healthcare and Life Sciences,2025,12.0,26,False,investment,False
Brazil,Information Technology,2015,,29,True,investment,False
Brazil,Information Technology,2016,3.0,5,True,investment,False
Brazil,Information Technology,2017,4.0,71,True,investment,False
Brazil,Information Technology,2018,8.0,80,True,investment,False
Brazil,Information Technology,2019,187.0,216,True,investment,False
Brazil,Information Technology,2020,203.0,287,True,investment,False
Brazil,Information Technology,2021,94.0,215,True,investment,False
Brazil,Information Technology,2022,487.0,530,True,investment,False
Brazil,Information Technology,2023,65.0,105,True,investment,False
Brazil,Information Technology,2024,280.0,345,True,investment,False
Brazil,Information Technology,2025,155.0,204,False,investment,False
Brazil,Lending and Investments,2017,0.0,2,True,investment,False
Brazil,Lending and Investments,2018,0.0,1,True,investment,False
Brazil,Lending and Investments,2019,4.0,15,True,investment,False
Brazil,Lending and Investments,2020,2.0,3,True,investment,False
Brazil,Lending and Investments,2021,3.0,10,True,investment,False
Brazil,Lending and Investments,2022,0.0,3,True,investment,False
Brazil,Lending and Investments,2023,0.0,25,True,investment,False
Brazil,Lending and Investments,2024,5.0,77,True,investment,False
Brazil,Lending and Investments,2025,2.0,2,False,investment,False
Brazil,Manufacturing,2017,,1,True,investment,False
Brazil,Manufacturing,2018,,2,True,investment,False
Brazil,Manufacturing,2019,0.0,2,True,investment,False
Brazil,Manufacturing,2020,,25,True,investment,False
Brazil,Manufacturing,2021,0.0,0,True,investment,False
Brazil,Manufacturing,2022,1.0,8,True,investment,False
Brazil,Manufacturing,2023,1.0,13,True,investment,False
Brazil,Manufacturing,2024,5.0,5,True,investment,False
Brazil,Media and Entertainment,2016,0.0,0,True,investment,False
Brazil,Media and Entertainment,2017,2.0,3,True,investment,False
Brazil,Media and Entertainment,2018,0.0,0,True,investment,False
Brazil,Media and Entertainment,2019,6.0,7,True,investment,False
Brazil,Media and Entertainment,2020,0.0,1,True,investment,False
Brazil,Media and Entertainment,2021,17.0,22,True,investment,False
Brazil,Media and Entertainment,2022,0.0,0,True,investment,False
Brazil,Media and Entertainment,2023,1.0,1,True,investment,False
Brazil,Media and Entertainment,2024,4.0,6,True,investment,False
Brazil,Media and Entertainment,2025,2.0,10,False,investment,False
Brazil,"Military, public safety and government",2015,,1,True,investment,False
Brazil,"Military, public safety and government",2019,0.0,0,True,investment,False
Brazil,"Military, public safety and government",2020,0.0,0,True,investment,False
Brazil,"Military, public safety and government",2021,0.0,0,True,investment,False
Brazil,"Military, public safety and government",2023,0.0,0,True,investment,False
Brazil,"Military, public safety and government",2024,3.0,3,True,investment,False
Brazil,"Mobile, platforms & Internet services",2015,60.0,88,True,investment,False
Brazil,"Mobile, platforms & Internet services",2016,0.0,3,True,investment,False
Brazil,"Mobile, platforms & Internet services",2017,3.0,68,True,investment,False
Brazil,"Mobile, platforms & Internet services",2018,1.0,63,True,investment,False
Brazil,"Mobile, platforms & Internet services",2019,165.0,181,True,investment,False
Brazil,"Mobile, platforms & Internet services",2020,63.0,142,True,investment,False
Brazil,"Mobile, platforms & Internet services",2021,52.0,93,True,investment,False
Brazil,"Mobile, platforms & Internet services",2022,76.0,108,True,investment,False
Brazil,"Mobile, platforms & Internet services",2023,11.0,512,True,investment,False
Brazil,"Mobile, platforms & Internet services",2024,48.0,75,True,investment,False
Brazil,"Mobile, platforms & Internet services",2025,9.0,659,False,investment,False
Brazil,NLP,2016,,0,True,investment,False
Brazil,NLP,2017,0.0,26,True,investment,False
Brazil,NLP,2018,1.0,2,True,investment,False
Brazil,NLP,2019,32.0,34,True,investment,False
Brazil,NLP,2020,51.0,51,True,investment,False
Brazil,NLP,2021,2.0,2,True,investment,False
Brazil,NLP,2022,70.0,286,True,investment,False
Brazil,NLP,2023,12.0,12,True,investment,False
Brazil,NLP,2024,20.0,47,True,investment,False
Brazil,NLP,2025,,39,False,investment,False
Brazil,Navigation and mapping,2015,60.0,60,True,investment,False
Brazil,Navigation and mapping,2021,0.0,0,True,investment,False
Brazil,Navigation and mapping,2022,,0,True,investment,False
Brazil,Navigation and mapping,2023,0.0,0,True,investment,False
Brazil,Navigation and mapping,2024,26.0,26,True,investment,False
Brazil,Other,2015,,2,True,investment,False
Brazil,Other,2017,0.0,28,True,investment,False
Brazil,Other,2018,1.0,1,True,investment,False
Brazil,Other,2019,145.0,229,True,investment,False
Brazil,Other,2020,129.0,168,True,investment,False
Brazil,Other,2021,10.0,39,True,investment,False
Brazil,Other,2022,105.0,124,True,investment,False
Brazil,Other,2023,9.0,20,True,investment,False
Brazil,Other,2024,26.0,130,True,investment,False
Brazil,Other,2025,14.0,93,False,investment,False
Brazil,Privacy and Security,2016,0.0,0,True,investment,False
Brazil,Privacy and Security,2017,1.0,1,True,investment,False
Brazil,Privacy and Security,2018,3.0,3,True,investment,False
Brazil,Privacy and Security,2019,2.0,2,True,investment,False
Brazil,Privacy and Security,2020,68.0,68,True,investment,False
Brazil,Privacy and Security,2021,35.0,35,True,investment,False
Brazil,Privacy and Security,2022,53.0,55,True,investment,False
Brazil,Privacy and Security,2023,1.0,2,True,investment,False
Brazil,Privacy and Security,2024,0.0,1,True,investment,False
Brazil,Privacy and Security,2025,10.0,10,False,investment,False
Brazil,Professional services,2015,,1,True,investment,False
Brazil,Professional services,2016,2.0,4,True,investment,False
Brazil,Professional services,2017,0.0,18,True,investment,False
Brazil,Professional services,2018,6.0,9,True,investment,False
Brazil,Professional services,2019,180.0,190,True,investment,False
Brazil,Professional services,2020,128.0,137,True,investment,False
Brazil,Professional services,2021,67.0,160,True,investment,False
Brazil,Professional services,2022,145.0,375,True,investment,False
Brazil,Professional services,2023,42.0,69,True,investment,False
Brazil,Professional services,2024,23.0,83,True,investment,False
Brazil,Professional services,2025,43.0,126,False,investment,False
Brazil,Real estate,2017,0.0,2,True,investment,False
Brazil,Real estate,2018,0.0,0,True,investment,False
Brazil,Real estate,2019,0.0,0,True,investment,False
Brazil,Real estate,2020,5.0,6,True,investment,False
Brazil,Real estate,2021,4.0,4,True,investment,False
Brazil,Real estate,2022,3.0,14,True,investment,False
Brazil,Real estate,2023,1.0,1,True,investment,False
Brazil,Real estate,2024,2.0,2,True,investment,False
Brazil,Real estate,2025,12.0,584,False,investment,False
Brazil,Robotics,2020,5.0,6,True,investment,False
Brazil,Robotics,2021,0.0,2,True,investment,False
Brazil,Robotics,2022,0.0,0,True,investment,False
Brazil,Robotics,2023,0.0,11,True,investment,False
Brazil,"Sales, retail, commerce, marketing",2015,0.0,96,True,investment,False
Brazil,"Sales, retail, commerce, marketing",2016,0.0,2,True,investment,False
Brazil,"Sales, retail, commerce, marketing",2017,3.0,91,True,investment,False
Brazil,"Sales, retail, commerce, marketing",2018,5.0,95,True,investment,False
Brazil,"Sales, retail, commerce, marketing",2019,13.0,19,True,investment,False
Brazil,"Sales, retail, commerce, marketing",2020,68.0,72,True,investment,False
Brazil,"Sales, retail, commerce, marketing",2021,27.0,77,True,investment,False
Brazil,"Sales, retail, commerce, marketing",2022,303.0,524,True,investment,False
Brazil,"Sales, retail, commerce, marketing",2023,7.0,11,True,investment,False
Brazil,"Sales, retail, commerce, marketing",2024,23.0,56,True,investment,False
Brazil,"Sales, retail, commerce, marketing",2025,31.0,167,False,investment,False
Brazil,Software,2015,1.0,98,True,investment,False
Brazil,Software,2016,4.0,11,True,investment,False
Brazil,Software,2017,7.0,122,True,investment,False
Brazil,Software,2018,18.0,161,True,investment,False
Brazil,Software,2019,212.0,352,True,investment,False
Brazil,Software,2020,161.0,396,True,investment,False
Brazil,Software,2021,148.0,375,True,investment,False
Brazil,Software,2022,698.0,1461,True,investment,False
Brazil,Software,2023,230.0,864,True,investment,False
Brazil,Software,2024,323.0,445,True,investment,False
Brazil,Software,2025,291.0,1211,False,investment,False
Brazil,Sports,2016,0.0,0,True,investment,False
Brazil,Sports,2017,0.0,0,True,investment,False
Brazil,Sports,2018,0.0,0,True,investment,False
Brazil,Sports,2019,,1,True,investment,False
Brazil,Sports,2020,1.0,1,True,investment,False
Brazil,Sports,2021,2.0,2,True,investment,False
Brazil,Sports,2022,,1,True,investment,False
Brazil,Sports,2023,0.0,0,True,investment,False
Brazil,Sports,2024,,0,True,investment,False
Brazil,Telecommunications,2016,,1,True,investment,False
Brazil,Telecommunications,2017,,5,True,investment,False
Brazil,Telecommunications,2019,,0,True,investment,False
Brazil,Telecommunications,2020,50.0,52,True,investment,False
Brazil,Telecommunications,2021,6.0,8,True,investment,False
Brazil,Telecommunications,2022,70.0,70,True,investment,False
Brazil,Telecommunications,2024,20.0,46,True,investment,False
Brazil,Transportation,2016,,0,True,investment,False
Brazil,Transportation,2017,,0,True,investment,False
Brazil,Transportation,2018,,26,True,investment,False
Brazil,Transportation,2019,2.0,2,True,investment,False
Brazil,Transportation,2020,1.0,2,True,investment,False
Brazil,Transportation,2021,10.0,10,True,investment,False
Brazil,Transportation,2022,3.0,218,True,investment,False
Brazil,Transportation,2023,17.0,23,True,investment,False
Brazil,Transportation,2024,1.0,1,True,investment,False
Brazil,Transportation,2025,1.0,2,False,investment,False
Bulgaria,All,2015,0.0,30,True,investment,False
Bulgaria,All,2016,0.0,0,True,investment,False
Bulgaria,All,2017,1.0,1,True,investment,False
Bulgaria,All,2018,0.0,13,True,investment,False
Bulgaria,All,2019,2.0,3,True,investment,False
Bulgaria,All,2021,4.0,4,True,investment,False
Bulgaria,All,2022,4.0,4,True,investment,False
Bulgaria,All,2023,8.0,11,True,investment,False
Bulgaria,All,2024,10.0,11,True,investment,False
Bulgaria,All,2025,,39,False,investment,False
Bulgaria,Community and Lifestyle,2016,0.0,0,True,investment,False
Bulgaria,Community and Lifestyle,2017,0.0,0,True,investment,False
Bulgaria,Community and Lifestyle,2018,0.0,0,True,investment,False
Bulgaria,Community and Lifestyle,2021,,0,True,investment,False
Bulgaria,Community and Lifestyle,2024,,2,True,investment,False
Bulgaria,Community and Lifestyle,2025,,8,False,investment,False
Bulgaria,Computer Vision,2015,,1,True,investment,False
Bulgaria,Computer Vision,2019,0.0,0,True,investment,False
Bulgaria,Computer Vision,2021,0.0,0,True,investment,False
Bulgaria,Computer Vision,2023,,0,True,investment,False
Bulgaria,Cyber Security,2022,0.0,0,True,investment,False
Bulgaria,Cyber Security,2023,0.0,0,True,investment,False
Bulgaria,Data and analytics,2015,,30,True,investment,False
Bulgaria,Data and analytics,2016,0.0,0,True,investment,False
Bulgaria,Data and analytics,2017,1.0,1,True,investment,False
Bulgaria,Data and analytics,2018,0.0,13,True,investment,False
Bulgaria,Data and analytics,2019,2.0,3,True,investment,False
Bulgaria,Data and analytics,2021,1.0,1,True,investment,False
Bulgaria,Data and analytics,2022,2.0,2,True,investment,False
Bulgaria,Data and analytics,2023,5.0,5,True,investment,False
Bulgaria,Data and analytics,2024,3.0,4,True,investment,False
Bulgaria,Data and analytics,2025,,39,False,investment,False
Bulgaria,Education,2015,0.0,0,True,investment,False
Bulgaria,Education,2018,0.0,0,True,investment,False
Bulgaria,Education,2021,0.0,0,True,investment,False
Bulgaria,Education,2022,0.0,0,True,investment,False
Bulgaria,Finance,2021,0.0,0,True,investment,False
Bulgaria,Finance,2022,0.0,0,True,investment,False
Bulgaria,Finance,2023,1.0,1,True,investment,False
Bulgaria,Finance,2024,1.0,1,True,investment,False
Bulgaria,General purpose,2015,,30,True,investment,False
Bulgaria,General purpose,2016,0.0,0,True,investment,False
Bulgaria,General purpose,2017,1.0,1,True,investment,False
Bulgaria,General purpose,2018,,13,True,investment,False
Bulgaria,General purpose,2019,2.0,2,True,investment,False
Bulgaria,General purpose,2021,1.0,1,True,investment,False
Bulgaria,General purpose,2022,1.0,1,True,investment,False
Bulgaria,General purpose,2023,4.0,4,True,investment,False
Bulgaria,General purpose,2024,5.0,7,True,investment,False
Bulgaria,General purpose,2025,,39,False,investment,False
Bulgaria,Hardware,2019,0.0,0,True,investment,False
Bulgaria,Hardware,2021,0.0,0,True,investment,False
Bulgaria,Hardware,2023,0.0,0,True,investment,False
Bulgaria,Healthcare and Life Sciences,2021,0.0,0,True,investment,False
Bulgaria,Healthcare and Life Sciences,2022,1.0,1,True,investment,False
Bulgaria,Healthcare and Life Sciences,2023,0.0,1,True,investment,False
Bulgaria,Healthcare and Life Sciences,2024,1.0,1,True,investment,False
Bulgaria,Information Technology,2015,0.0,30,True,investment,False
Bulgaria,Information Technology,2017,0.0,0,True,investment,False
Bulgaria,Information Technology,2018,0.0,13,True,investment,False
Bulgaria,Information Technology,2019,0.0,1,True,investment,False
Bulgaria,Information Technology,2021,1.0,1,True,investment,False
Bulgaria,Information Technology,2022,0.0,0,True,investment,False
Bulgaria,Information Technology,2023,0.0,3,True,investment,False
Bulgaria,Information Technology,2024,3.0,3,True,investment,False
Bulgaria,Information Technology,2025,,32,False,investment,False
Bulgaria,Lending and Investments,2021,,0,True,investment,False
Bulgaria,Lending and Investments,2022,0.0,0,True,investment,False
Bulgaria,Lending and Investments,2023,0.0,0,True,investment,False
Bulgaria,Manufacturing,2023,0.0,0,True,investment,False
Bulgaria,Media and Entertainment,2015,,1,True,investment,False
Bulgaria,Media and Entertainment,2023,0.0,0,True,investment,False
Bulgaria,Media and Entertainment,2024,1.0,1,True,investment,False
Bulgaria,"Mobile, platforms & Internet services",2015,0.0,1,True,investment,False
Bulgaria,"Mobile, platforms & Internet services",2018,0.0,0,True,investment,False
Bulgaria,"Mobile, platforms & Internet services",2019,0.0,1,True,investment,False
Bulgaria,"Mobile, platforms & Internet services",2021,0.0,0,True,investment,False
Bulgaria,"Mobile, platforms & Internet services",2022,0.0,0,True,investment,False
Bulgaria,"Mobile, platforms & Internet services",2023,0.0,3,True,investment,False
Bulgaria,"Mobile, platforms & Internet services",2024,3.0,3,True,investment,False
Bulgaria,Other,2015,0.0,30,True,investment,False
Bulgaria,Other,2017,1.0,1,True,investment,False
Bulgaria,Other,2018,0.0,0,True,investment,False
Bulgaria,Other,2019,2.0,2,True,investment,False
Bulgaria,Other,2021,0.0,0,True,investment,False
Bulgaria,Other,2022,0.0,0,True,investment,False
Bulgaria,Other,2023,4.0,4,True,investment,False
Bulgaria,Privacy and Security,2021,0.0,0,True,investment,False
Bulgaria,Privacy and Security,2022,0.0,0,True,investment,False
Bulgaria,Privacy and Security,2023,0.0,0,True,investment,False
Bulgaria,Professional services,2015,,30,True,investment,False
Bulgaria,Professional services,2021,0.0,0,True,investment,False
Bulgaria,Professional services,2022,0.0,0,True,investment,False
Bulgaria,Professional services,2023,0.0,0,True,investment,False
Bulgaria,Professional services,2024,2.0,2,True,investment,False
Bulgaria,Professional services,2025,,32,False,investment,False
Bulgaria,Real estate,2023,0.0,0,True,investment,False
Bulgaria,"Sales, retail, commerce, marketing",2015,,30,True,investment,False
Bulgaria,"Sales, retail, commerce, marketing",2016,0.0,0,True,investment,False
Bulgaria,"Sales, retail, commerce, marketing",2018,0.0,0,True,investment,False
Bulgaria,"Sales, retail, commerce, marketing",2019,0.0,1,True,investment,False
Bulgaria,"Sales, retail, commerce, marketing",2021,1.0,1,True,investment,False
Bulgaria,"Sales, retail, commerce, marketing",2022,0.0,0,True,investment,False
Bulgaria,"Sales, retail, commerce, marketing",2023,0.0,0,True,investment,False
Bulgaria,"Sales, retail, commerce, marketing",2024,3.0,3,True,investment,False
Bulgaria,Software,2015,0.0,30,True,investment,False
Bulgaria,Software,2016,0.0,0,True,investment,False
Bulgaria,Software,2017,1.0,1,True,investment,False
Bulgaria,Software,2018,0.0,13,True,investment,False
Bulgaria,Software,2019,2.0,3,True,investment,False
Bulgaria,Software,2021,1.0,1,True,investment,False
Bulgaria,Software,2022,2.0,2,True,investment,False
Bulgaria,Software,2023,5.0,8,True,investment,False
Bulgaria,Software,2024,8.0,9,True,investment,False
Bulgaria,Software,2025,,39,False,investment,False
Bulgaria,Sports,2019,0.0,0,True,investment,False
Bulgaria,Sports,2021,0.0,0,True,investment,False
Bulgaria,Sports,2023,,0,True,investment,False
Bulgaria,Transportation,2017,1.0,1,True,investment,False
Bulgaria,Transportation,2019,2.0,2,True,investment,False
Bulgaria,Transportation,2021,,0,True,investment,False
Bulgaria,Transportation,2023,3.0,3,True,investment,False
Burkina Faso,All,2023,0.0,0,True,investment,False
Burkina Faso,Education,2023,0.0,0,True,investment,False
Burkina Faso,Finance,2023,0.0,0,True,investment,False
Burkina Faso,Lending and Investments,2023,0.0,0,True,investment,False
Burkina Faso,"Sales, retail, commerce, marketing",2023,0.0,0,True,investment,False
Burkina Faso,Transportation,2023,0.0,0,True,investment,False
Cambodia,All,2018,0.0,0,True,investment,False
Cambodia,Data and analytics,2018,0.0,0,True,investment,False
Cambodia,Finance,2018,0.0,0,True,investment,False
Cambodia,Lending and Investments,2018,0.0,0,True,investment,False
Cambodia,NLP,2018,0.0,0,True,investment,False
Cambodia,"Sales, retail, commerce, marketing",2018,0.0,0,True,investment,False
Cambodia,Software,2018,0.0,0,True,investment,False
Canada,Agriculture,2015,2.0,2,True,investment,False
Canada,Agriculture,2016,4.0,5,True,investment,False
Canada,Agriculture,2017,2.0,4,True,investment,False
Canada,Agriculture,2018,7.0,12,True,investment,False
Canada,Agriculture,2019,36.0,37,True,investment,False
Canada,Agriculture,2020,10.0,11,True,investment,False
Canada,Agriculture,2021,27.0,70,True,investment,False
Canada,Agriculture,2022,9.0,13,True,investment,False
Canada,Agriculture,2023,14.0,42,True,investment,False
Canada,Agriculture,2024,16.0,23,True,investment,False
Canada,Agriculture,2025,52.0,52,False,investment,False
Canada,All,2015,168.0,321,True,investment,False
Canada,All,2016,563.0,1641,True,investment,False
Canada,All,2017,408.0,691,True,investment,False
Canada,All,2018,742.0,1924,True,investment,False
Canada,All,2019,1191.0,1748,True,investment,False
Canada,All,2020,1141.0,1996,True,investment,False
Canada,All,2021,2666.0,3733,True,investment,False
Canada,All,2022,4106.0,22710,True,investment,False
Canada,All,2023,1627.0,3313,True,investment,False
Canada,All,2024,3521.0,4925,True,investment,False
Canada,All,2025,5670.0,6989,False,investment,False
Canada,Biotechnology,2015,8.0,9,True,investment,False
Canada,Biotechnology,2016,4.0,8,True,investment,False
Canada,Biotechnology,2017,8.0,15,True,investment,False
Canada,Biotechnology,2018,8.0,18,True,investment,False
Canada,Biotechnology,2019,17.0,19,True,investment,False
Canada,Biotechnology,2020,31.0,37,True,investment,False
Canada,Biotechnology,2021,31.0,62,True,investment,False
Canada,Biotechnology,2022,44.0,1935,True,investment,False
Canada,Biotechnology,2023,70.0,82,True,investment,False
Canada,Biotechnology,2024,44.0,45,True,investment,False
Canada,Biotechnology,2025,35.0,35,False,investment,False
Canada,Community and Lifestyle,2015,1.0,13,True,investment,False
Canada,Community and Lifestyle,2016,10.0,72,True,investment,False
Canada,Community and Lifestyle,2017,3.0,6,True,investment,False
Canada,Community and Lifestyle,2018,16.0,21,True,investment,False
Canada,Community and Lifestyle,2019,4.0,6,True,investment,False
Canada,Community and Lifestyle,2020,51.0,59,True,investment,False
Canada,Community and Lifestyle,2021,83.0,111,True,investment,False
Canada,Community and Lifestyle,2022,145.0,1117,True,investment,False
Canada,Community and Lifestyle,2023,8.0,8,True,investment,False
Canada,Community and Lifestyle,2024,1.0,8,True,investment,False
Canada,Community and Lifestyle,2025,0.0,100,False,investment,False
Canada,Computer Vision,2015,2.0,4,True,investment,False
Canada,Computer Vision,2016,4.0,5,True,investment,False
Canada,Computer Vision,2017,1.0,1,True,investment,False
Canada,Computer Vision,2018,50.0,51,True,investment,False
Canada,Computer Vision,2019,14.0,31,True,investment,False
Canada,Computer Vision,2020,4.0,8,True,investment,False
Canada,Computer Vision,2021,70.0,130,True,investment,False
Canada,Computer Vision,2022,7.0,13,True,investment,False
Canada,Computer Vision,2023,0.0,16,True,investment,False
Canada,Computer Vision,2024,3.0,350,True,investment,False
Canada,Computer Vision,2025,0.0,0,False,investment,False
Canada,Consumer goods,2015,3.0,6,True,investment,False
Canada,Consumer goods,2016,5.0,72,True,investment,False
Canada,Consumer goods,2017,14.0,23,True,investment,False
Canada,Consumer goods,2018,14.0,85,True,investment,False
Canada,Consumer goods,2019,67.0,72,True,investment,False
Canada,Consumer goods,2020,18.0,150,True,investment,False
Canada,Consumer goods,2021,156.0,227,True,investment,False
Canada,Consumer goods,2022,59.0,104,True,investment,False
Canada,Consumer goods,2023,30.0,165,True,investment,False
Canada,Consumer goods,2024,79.0,179,True,investment,False
Canada,Consumer goods,2025,37.0,129,False,investment,False
Canada,Cyber Security,2015,3.0,44,True,investment,False
Canada,Cyber Security,2016,1.0,31,True,investment,False
Canada,Cyber Security,2017,,26,True,investment,False
Canada,Cyber Security,2018,4.0,106,True,investment,False
Canada,Cyber Security,2019,5.0,45,True,investment,False
Canada,Cyber Security,2020,6.0,44,True,investment,False
Canada,Cyber Security,2021,2.0,29,True,investment,False
Canada,Cyber Security,2022,7.0,7,True,investment,False
Canada,Cyber Security,2023,1.0,1,True,investment,False
Canada,Cyber Security,2024,18.0,65,True,investment,False
Canada,Cyber Security,2025,21.0,59,False,investment,False
Canada,Data and analytics,2015,57.0,183,True,investment,False
Canada,Data and analytics,2016,59.0,716,True,investment,False
Canada,Data and analytics,2017,136.0,293,True,investment,False
Canada,Data and analytics,2018,357.0,1004,True,investment,False
Canada,Data and analytics,2019,461.0,971,True,investment,False
Canada,Data and analytics,2020,552.0,1205,True,investment,False
Canada,Data and analytics,2021,669.0,1598,True,investment,False
Canada,Data and analytics,2022,1938.0,16629,True,investment,False
Canada,Data and analytics,2023,572.0,2146,True,investment,False
Canada,Data and analytics,2024,838.0,1757,True,investment,False
Canada,Data and analytics,2025,1448.0,2554,False,investment,False
Canada,Education,2015,3.0,3,True,investment,False
Canada,Education,2016,6.0,8,True,investment,False
Canada,Education,2017,4.0,7,True,investment,False
Canada,Education,2018,4.0,6,True,investment,False
Canada,Education,2019,11.0,17,True,investment,False
Canada,Education,2020,7.0,12,True,investment,False
Canada,Education,2021,3.0,3,True,investment,False
Canada,Education,2022,19.0,19,True,investment,False
Canada,Education,2023,33.0,34,True,investment,False
Canada,Education,2024,5.0,11,True,investment,False
Canada,Education,2025,6.0,43,False,investment,False
Canada,Energy and natural resources,2015,4.0,6,True,investment,False
Canada,Energy and natural resources,2016,9.0,71,True,investment,False
Canada,Energy and natural resources,2017,5.0,8,True,investment,False
Canada,Energy and natural resources,2018,9.0,19,True,investment,False
Canada,Energy and natural resources,2019,42.0,116,True,investment,False
Canada,Energy and natural resources,2020,20.0,68,True,investment,False
Canada,Energy and natural resources,2021,113.0,124,True,investment,False
Canada,Energy and natural resources,2022,26.0,3841,True,investment,False
Canada,Energy and natural resources,2023,26.0,76,True,investment,False
Canada,Energy and natural resources,2024,7.0,19,True,investment,False
Canada,Energy and natural resources,2025,39.0,104,False,investment,False
Canada,Facial Recognition,2016,0.0,0,True,investment,False
Canada,Facial Recognition,2017,0.0,0,True,investment,False
Canada,Finance,2015,1.0,1,True,investment,False
Canada,Finance,2016,24.0,87,True,investment,False
Canada,Finance,2017,38.0,41,True,investment,False
Canada,Finance,2018,87.0,341,True,investment,False
Canada,Finance,2019,47.0,52,True,investment,False
Canada,Finance,2020,275.0,297,True,investment,False
Canada,Finance,2021,119.0,209,True,investment,False
Canada,Finance,2022,33.0,2928,True,investment,False
Canada,Finance,2023,89.0,852,True,investment,False
Canada,Finance,2024,34.0,95,True,investment,False
Canada,Finance,2025,17.0,204,False,investment,False
Canada,Gaming,2016,0.0,61,True,investment,False
Canada,Gaming,2017,0.0,0,True,investment,False
Canada,Gaming,2018,2.0,2,True,investment,False
Canada,Gaming,2019,4.0,4,True,investment,False
Canada,Gaming,2020,3.0,41,True,investment,False
Canada,Gaming,2021,4.0,32,True,investment,False
Canada,Gaming,2022,1.0,945,True,investment,False
Canada,Gaming,2023,3.0,4,True,investment,False
Canada,Gaming,2024,2.0,3,True,investment,False
Canada,Gaming,2025,0.0,0,False,investment,False
Canada,General purpose,2015,54.0,138,True,investment,False
Canada,General purpose,2016,44.0,188,True,investment,False
Canada,General purpose,2017,130.0,287,True,investment,False
Canada,General purpose,2018,265.0,767,True,investment,False
Canada,General purpose,2019,374.0,834,True,investment,False
Canada,General purpose,2020,521.0,1049,True,investment,False
Canada,General purpose,2021,569.0,1307,True,investment,False
Canada,General purpose,2022,2391.0,13254,True,investment,False
Canada,General purpose,2023,597.0,2124,True,investment,False
Canada,General purpose,2024,853.0,1726,True,investment,False
Canada,General purpose,2025,926.0,1973,False,investment,False
Canada,Hardware,2015,11.0,21,True,investment,False
Canada,Hardware,2016,21.0,240,True,investment,False
Canada,Hardware,2017,43.0,80,True,investment,False
Canada,Hardware,2018,83.0,255,True,investment,False
Canada,Hardware,2019,120.0,206,True,investment,False
Canada,Hardware,2020,145.0,358,True,investment,False
Canada,Hardware,2021,247.0,475,True,investment,False
Canada,Hardware,2022,1029.0,2959,True,investment,False
Canada,Hardware,2023,52.0,225,True,investment,False
Canada,Hardware,2024,131.0,603,True,investment,False
Canada,Hardware,2025,81.0,279,False,investment,False
Canada,Healthcare and Life Sciences,2015,8.0,21,True,investment,False
Canada,Healthcare and Life Sciences,2016,6.0,282,True,investment,False
Canada,Healthcare and Life Sciences,2017,7.0,43,True,investment,False
Canada,Healthcare and Life Sciences,2018,11.0,190,True,investment,False
Canada,Healthcare and Life Sciences,2019,17.0,33,True,investment,False
Canada,Healthcare and Life Sciences,2020,41.0,75,True,investment,False
Canada,Healthcare and Life Sciences,2021,146.0,207,True,investment,False
Canada,Healthcare and Life Sciences,2022,64.0,2995,True,investment,False
Canada,Healthcare and Life Sciences,2023,126.0,352,True,investment,False
Canada,Healthcare and Life Sciences,2024,32.0,52,True,investment,False
Canada,Healthcare and Life Sciences,2025,2396.0,2523,False,investment,False
Canada,Information Technology,2015,16.0,77,True,investment,False
Canada,Information Technology,2016,40.0,80,True,investment,False
Canada,Information Technology,2017,34.0,170,True,investment,False
Canada,Information Technology,2018,162.0,672,True,investment,False
Canada,Information Technology,2019,206.0,383,True,investment,False
Canada,Information Technology,2020,109.0,401,True,investment,False
Canada,Information Technology,2021,194.0,563,True,investment,False
Canada,Information Technology,2022,387.0,6291,True,investment,False
Canada,Information Technology,2023,188.0,1172,True,investment,False
Canada,Information Technology,2024,180.0,330,True,investment,False
Canada,Information Technology,2025,888.0,1106,False,investment,False
Canada,Lending and Investments,2015,1.0,1,True,investment,False
Canada,Lending and Investments,2016,5.0,5,True,investment,False
Canada,Lending and Investments,2017,23.0,23,True,investment,False
Canada,Lending and Investments,2018,3.0,3,True,investment,False
Canada,Lending and Investments,2019,11.0,11,True,investment,False
Canada,Lending and Investments,2020,5.0,7,True,investment,False
Canada,Lending and Investments,2021,11.0,38,True,investment,False
Canada,Lending and Investments,2022,0.0,1010,True,investment,False
Canada,Lending and Investments,2023,,2,True,investment,False
Canada,Lending and Investments,2024,2.0,4,True,investment,False
Canada,Lending and Investments,2025,0.0,13,False,investment,False
Canada,Manufacturing,2015,1.0,4,True,investment,False
Canada,Manufacturing,2016,255.0,259,True,investment,False
Canada,Manufacturing,2017,6.0,11,True,investment,False
Canada,Manufacturing,2018,16.0,147,True,investment,False
Canada,Manufacturing,2019,14.0,17,True,investment,False
Canada,Manufacturing,2020,50.0,85,True,investment,False
Canada,Manufacturing,2021,31.0,103,True,investment,False
Canada,Manufacturing,2022,1002.0,2020,True,investment,False
Canada,Manufacturing,2023,39.0,50,True,investment,False
Canada,Manufacturing,2024,48.0,405,True,investment,False
Canada,Manufacturing,2025,24.0,91,False,investment,False
Canada,Media and Entertainment,2015,9.0,9,True,investment,False
Canada,Media and Entertainment,2016,0.0,199,True,investment,False
Canada,Media and Entertainment,2017,23.0,30,True,investment,False
Canada,Media and Entertainment,2018,49.0,116,True,investment,False
Canada,Media and Entertainment,2019,9.0,64,True,investment,False
Canada,Media and Entertainment,2020,4.0,8,True,investment,False
Canada,Media and Entertainment,2021,12.0,110,True,investment,False
Canada,Media and Entertainment,2022,15.0,1926,True,investment,False
Canada,Media and Entertainment,2023,1.0,13,True,investment,False
Canada,Media and Entertainment,2024,175.0,276,True,investment,False
Canada,Media and Entertainment,2025,16.0,117,False,investment,False
Canada,"Military, public safety and government",2017,0.0,2,True,investment,False
Canada,"Military, public safety and government",2018,1.0,67,True,investment,False
Canada,"Military, public safety and government",2019,1.0,1,True,investment,False
Canada,"Military, public safety and government",2020,0.0,9,True,investment,False
Canada,"Military, public safety and government",2021,2.0,2,True,investment,False
Canada,"Military, public safety and government",2022,16.0,16,True,investment,False
Canada,"Military, public safety and government",2023,2.0,10,True,investment,False
Canada,"Military, public safety and government",2024,4.0,7,True,investment,False
Canada,"Military, public safety and government",2025,3.0,41,False,investment,False
Canada,"Mobile, platforms & Internet services",2015,14.0,22,True,investment,False
Canada,"Mobile, platforms & Internet services",2016,22.0,361,True,investment,False
Canada,"Mobile, platforms & Internet services",2017,39.0,77,True,investment,False
Canada,"Mobile, platforms & Internet services",2018,219.0,340,True,investment,False
Canada,"Mobile, platforms & Internet services",2019,169.0,290,True,investment,False
Canada,"Mobile, platforms & Internet services",2020,125.0,254,True,investment,False
Canada,"Mobile, platforms & Internet services",2021,199.0,462,True,investment,False
Canada,"Mobile, platforms & Internet services",2022,325.0,1487,True,investment,False
Canada,"Mobile, platforms & Internet services",2023,158.0,294,True,investment,False
Canada,"Mobile, platforms & Internet services",2024,102.0,284,True,investment,False
Canada,"Mobile, platforms & Internet services",2025,118.0,292,False,investment,False
Canada,NLP,2015,1.0,2,True,investment,False
Canada,NLP,2016,4.0,4,True,investment,False
Canada,NLP,2017,11.0,16,True,investment,False
Canada,NLP,2018,7.0,14,True,investment,False
Canada,NLP,2019,20.0,29,True,investment,False
Canada,NLP,2020,235.0,235,True,investment,False
Canada,NLP,2021,65.0,149,True,investment,False
Canada,NLP,2022,18.0,18,True,investment,False
Canada,NLP,2023,27.0,29,True,investment,False
Canada,NLP,2024,225.0,226,True,investment,False
Canada,NLP,2025,78.0,188,False,investment,False
Canada,Navigation and mapping,2015,,1,True,investment,False
Canada,Navigation and mapping,2017,0.0,0,True,investment,False
Canada,Navigation and mapping,2018,2.0,2,True,investment,False
Canada,Navigation and mapping,2019,1.0,1,True,investment,False
Canada,Navigation and mapping,2020,2.0,2,True,investment,False
Canada,Navigation and mapping,2021,0.0,28,True,investment,False
Canada,Navigation and mapping,2022,,1,True,investment,False
Canada,Navigation and mapping,2023,8.0,8,True,investment,False
Canada,Navigation and mapping,2025,60.0,60,False,investment,False
Canada,Other,2015,5.0,11,True,investment,False
Canada,Other,2016,15.0,86,True,investment,False
Canada,Other,2017,29.0,32,True,investment,False
Canada,Other,2018,21.0,118,True,investment,False
Canada,Other,2019,5.0,129,True,investment,False
Canada,Other,2020,9.0,57,True,investment,False
Canada,Other,2021,77.0,139,True,investment,False
Canada,Other,2022,1027.0,2971,True,investment,False
Canada,Other,2023,9.0,916,True,investment,False
Canada,Other,2024,30.0,180,True,investment,False
Canada,Other,2025,45.0,135,False,investment,False
Canada,Privacy and Security,2015,3.0,44,True,investment,False
Canada,Privacy and Security,2016,21.0,53,True,investment,False
Canada,Privacy and Security,2017,13.0,139,True,investment,False
Canada,Privacy and Security,2018,19.0,186,True,investment,False
Canada,Privacy and Security,2019,32.0,74,True,investment,False
Canada,Privacy and Security,2020,15.0,90,True,investment,False
Canada,Privacy and Security,2021,26.0,81,True,investment,False
Canada,Privacy and Security,2022,217.0,248,True,investment,False
Canada,Privacy and Security,2023,2.0,3,True,investment,False
Canada,Privacy and Security,2024,43.0,136,True,investment,False
Canada,Privacy and Security,2025,25.0,65,False,investment,False
Canada,Professional services,2015,1.0,2,True,investment,False
Canada,Professional services,2016,4.0,75,True,investment,False
Canada,Professional services,2017,33.0,43,True,investment,False
Canada,Professional services,2018,138.0,276,True,investment,False
Canada,Professional services,2019,153.0,268,True,investment,False
Canada,Professional services,2020,240.0,285,True,investment,False
Canada,Professional services,2021,122.0,240,True,investment,False
Canada,Professional services,2022,1003.0,4788,True,investment,False
Canada,Professional services,2023,10.0,173,True,investment,False
Canada,Professional services,2024,120.0,380,True,investment,False
Canada,Professional services,2025,819.0,1027,False,investment,False
Canada,Real estate,2015,2.0,3,True,investment,False
Canada,Real estate,2016,2.0,3,True,investment,False
Canada,Real estate,2017,3.0,9,True,investment,False
Canada,Real estate,2018,8.0,12,True,investment,False
Canada,Real estate,2019,8.0,27,True,investment,False
Canada,Real estate,2020,6.0,48,True,investment,False
Canada,Real estate,2021,23.0,29,True,investment,False
Canada,Real estate,2022,15.0,988,True,investment,False
Canada,Real estate,2023,45.0,51,True,investment,False
Canada,Real estate,2024,19.0,28,True,investment,False
Canada,Real estate,2025,42.0,103,False,investment,False
Canada,Robotics,2016,4.0,4,True,investment,False
Canada,Robotics,2017,0.0,1,True,investment,False
Canada,Robotics,2018,9.0,10,True,investment,False
Canada,Robotics,2019,7.0,8,True,investment,False
Canada,Robotics,2020,9.0,16,True,investment,False
Canada,Robotics,2021,4.0,8,True,investment,False
Canada,Robotics,2022,62.0,1001,True,investment,False
Canada,Robotics,2023,26.0,38,True,investment,False
Canada,Robotics,2024,3.0,354,True,investment,False
Canada,Robotics,2025,11.0,49,False,investment,False
Canada,"Sales, retail, commerce, marketing",2015,18.0,20,True,investment,False
Canada,"Sales, retail, commerce, marketing",2016,11.0,225,True,investment,False
Canada,"Sales, retail, commerce, marketing",2017,35.0,70,True,investment,False
Canada,"Sales, retail, commerce, marketing",2018,124.0,154,True,investment,False
Canada,"Sales, retail, commerce, marketing",2019,135.0,199,True,investment,False
Canada,"Sales, retail, commerce, marketing",2020,101.0,181,True,investment,False
Canada,"Sales, retail, commerce, marketing",2021,151.0,356,True,investment,False
Canada,"Sales, retail, commerce, marketing",2022,361.0,1376,True,investment,False
Canada,"Sales, retail, commerce, marketing",2023,21.0,181,True,investment,False
Canada,"Sales, retail, commerce, marketing",2024,274.0,328,True,investment,False
Canada,"Sales, retail, commerce, marketing",2025,800.0,926,False,investment,False
Canada,Semiconductor,2016,1.0,1,True,investment,False
Canada,Semiconductor,2017,6.0,6,True,investment,False
Canada,Semiconductor,2018,0.0,0,True,investment,False
Canada,Semiconductor,2019,23.0,23,True,investment,False
Canada,Semiconductor,2020,4.0,4,True,investment,False
Canada,Semiconductor,2021,65.0,131,True,investment,False
Canada,Semiconductor,2022,,1,True,investment,False
Canada,Semiconductor,2023,13.0,13,True,investment,False
Canada,Semiconductor,2024,68.0,68,True,investment,False
Canada,Semiconductor,2025,4.0,42,False,investment,False
Canada,Simulation,2017,0.0,0,True,investment,False
Canada,Simulation,2018,2.0,2,True,investment,False
Canada,Simulation,2019,0.0,1,True,investment,False
Canada,Simulation,2020,2.0,2,True,investment,False
Canada,Simulation,2021,1.0,1,True,investment,False
Canada,Simulation,2022,,938,True,investment,False
Canada,Software,2015,63.0,192,True,investment,False
Canada,Software,2016,97.0,753,True,investment,False
Canada,Software,2017,146.0,304,True,investment,False
Canada,Software,2018,365.0,1433,True,investment,False
Canada,Software,2019,483.0,998,True,investment,False
Canada,Software,2020,572.0,1275,True,investment,False
Canada,Software,2021,768.0,1702,True,investment,False
Canada,Software,2022,2862.0,15780,True,investment,False
Canada,Software,2023,580.0,2184,True,investment,False
Canada,Software,2024,861.0,1850,True,investment,False
Canada,Software,2025,3750.0,4841,False,investment,False
Canada,Speech Recognition,2015,2.0,3,True,investment,False
Canada,Speech Recognition,2016,2.0,2,True,investment,False
Canada,Speech Recognition,2017,21.0,24,True,investment,False
Canada,Speech Recognition,2018,0.0,0,True,investment,False
Canada,Speech Recognition,2019,1.0,1,True,investment,False
Canada,Speech Recognition,2020,1.0,1,True,investment,False
Canada,Speech Recognition,2021,0.0,27,True,investment,False
Canada,Speech Recognition,2022,0.0,0,True,investment,False
Canada,Speech Recognition,2023,8.0,8,True,investment,False
Canada,Sports,2015,0.0,0,True,investment,False
Canada,Sports,2016,0.0,1,True,investment,False
Canada,Sports,2017,0.0,0,True,investment,False
Canada,Sports,2018,1.0,4,True,investment,False
Canada,Sports,2019,,7,True,investment,False
Canada,Sports,2020,1.0,37,True,investment,False
Canada,Sports,2021,3.0,3,True,investment,False
Canada,Sports,2022,1.0,1,True,investment,False
Canada,Sports,2023,0.0,1,True,investment,False
Canada,Sports,2024,,4,True,investment,False
Canada,Telecommunications,2015,,1,True,investment,False
Canada,Telecommunications,2016,0.0,0,True,investment,False
Canada,Telecommunications,2017,1.0,3,True,investment,False
Canada,Telecommunications,2018,1.0,8,True,investment,False
Canada,Telecommunications,2019,2.0,3,True,investment,False
Canada,Telecommunications,2020,,38,True,investment,False
Canada,Telecommunications,2021,55.0,55,True,investment,False
Canada,Telecommunications,2022,,2,True,investment,False
Canada,Telecommunications,2023,,1,True,investment,False
Canada,Telecommunications,2024,0.0,2,True,investment,False
Canada,Telecommunications,2025,,1,False,investment,False
Canada,Transportation,2015,8.0,9,True,investment,False
Canada,Transportation,2016,9.0,10,True,investment,False
Canada,Transportation,2017,8.0,8,True,investment,False
Canada,Transportation,2018,10.0,16,True,investment,False
Canada,Transportation,2019,16.0,20,True,investment,False
Canada,Transportation,2020,45.0,72,True,investment,False
Canada,Transportation,2021,26.0,32,True,investment,False
Canada,Transportation,2022,15.0,1010,True,investment,False
Canada,Transportation,2023,91.0,151,True,investment,False
Canada,Transportation,2024,67.0,72,True,investment,False
Canada,Transportation,2025,32.0,83,False,investment,False
Chile,Agriculture,2018,0.0,0,True,investment,False
Chile,Agriculture,2019,0.0,0,True,investment,False
Chile,Agriculture,2020,0.0,0,True,investment,False
Chile,Agriculture,2021,1.0,1,True,investment,False
Chile,Agriculture,2022,0.0,1,True,investment,False
Chile,Agriculture,2023,0.0,8,True,investment,False
Chile,Agriculture,2024,0.0,0,True,investment,False
Chile,All,2015,0.0,0,True,investment,False
Chile,All,2016,0.0,1,True,investment,False
Chile,All,2017,6.0,8,True,investment,False
Chile,All,2018,7.0,83,True,investment,False
Chile,All,2019,32.0,33,True,investment,False
Chile,All,2020,89.0,96,True,investment,False
Chile,All,2021,275.0,276,True,investment,False
Chile,All,2022,76.0,80,True,investment,False
Chile,All,2023,4.0,14,True,investment,False
Chile,All,2024,20.0,72,True,investment,False
Chile,All,2025,3.0,1004,False,investment,False
Chile,Biotechnology,2019,0.0,0,True,investment,False
Chile,Biotechnology,2020,,0,True,investment,False
Chile,Biotechnology,2021,0.0,0,True,investment,False
Chile,Biotechnology,2022,0.0,1,True,investment,False
Chile,Biotechnology,2023,,8,True,investment,False
Chile,Biotechnology,2024,0.0,0,True,investment,False
Chile,Biotechnology,2025,0.0,0,False,investment,False
Chile,Community and Lifestyle,2017,1.0,1,True,investment,False
Chile,Community and Lifestyle,2018,0.0,0,True,investment,False
Chile,Community and Lifestyle,2019,5.0,5,True,investment,False
Chile,Community and Lifestyle,2020,7.0,9,True,investment,False
Chile,Community and Lifestyle,2021,29.0,29,True,investment,False
Chile,Community and Lifestyle,2022,8.0,8,True,investment,False
Chile,Community and Lifestyle,2023,0.0,0,True,investment,False
Chile,Computer Vision,2019,0.0,0,True,investment,False
Chile,Computer Vision,2020,,0,True,investment,False
Chile,Consumer goods,2017,,0,True,investment,False
Chile,Consumer goods,2018,,71,True,investment,False
Chile,Consumer goods,2019,1.0,1,True,investment,False
Chile,Consumer goods,2020,,2,True,investment,False
Chile,Consumer goods,2022,,0,True,investment,False
Chile,Consumer goods,2024,,0,True,investment,False
Chile,Cyber Security,2022,0.0,0,True,investment,False
Chile,Data and analytics,2015,0.0,0,True,investment,False
Chile,Data and analytics,2016,0.0,1,True,investment,False
Chile,Data and analytics,2017,1.0,3,True,investment,False
Chile,Data and analytics,2018,7.0,78,True,investment,False
Chile,Data and analytics,2019,6.0,7,True,investment,False
Chile,Data and analytics,2020,10.0,17,True,investment,False
Chile,Data and analytics,2021,35.0,35,True,investment,False
Chile,Data and analytics,2022,9.0,12,True,investment,False
Chile,Data and analytics,2023,3.0,12,True,investment,False
Chile,Data and analytics,2024,5.0,58,True,investment,False
Chile,Data and analytics,2025,3.0,1003,False,investment,False
Chile,Education,2015,0.0,0,True,investment,False
Chile,Education,2017,,0,True,investment,False
Chile,Education,2018,5.0,5,True,investment,False
Chile,Education,2019,0.0,0,True,investment,False
Chile,Education,2020,,1,True,investment,False
Chile,Education,2021,0.0,0,True,investment,False
Chile,Education,2022,0.0,0,True,investment,False
Chile,Education,2023,0.0,0,True,investment,False
Chile,Energy and natural resources,2015,0.0,0,True,investment,False
Chile,Energy and natural resources,2016,0.0,1,True,investment,False
Chile,Energy and natural resources,2018,1.0,1,True,investment,False
Chile,Energy and natural resources,2019,0.0,0,True,investment,False
Chile,Energy and natural resources,2020,1.0,3,True,investment,False
Chile,Energy and natural resources,2021,1.0,1,True,investment,False
Chile,Energy and natural resources,2022,0.0,1,True,investment,False
Chile,Energy and natural resources,2023,0.0,1,True,investment,False
Chile,Energy and natural resources,2024,1.0,47,True,investment,False
Chile,Energy and natural resources,2025,0.0,0,False,investment,False
Chile,Finance,2018,0.0,0,True,investment,False
Chile,Finance,2019,0.0,1,True,investment,False
Chile,Finance,2020,0.0,0,True,investment,False
Chile,Finance,2021,1.0,1,True,investment,False
Chile,Finance,2022,0.0,0,True,investment,False
Chile,Finance,2023,0.0,0,True,investment,False
Chile,Finance,2024,3.0,3,True,investment,False
Chile,Finance,2025,0.0,1,False,investment,False
Chile,Gaming,2015,0.0,0,True,investment,False
Chile,Gaming,2016,0.0,0,True,investment,False
Chile,Gaming,2017,,1,True,investment,False
Chile,Gaming,2018,0.0,0,True,investment,False
Chile,Gaming,2019,0.0,0,True,investment,False
Chile,Gaming,2021,0.0,0,True,investment,False
Chile,Gaming,2022,0.0,0,True,investment,False
Chile,Gaming,2025,,0,False,investment,False
Chile,General purpose,2015,0.0,0,True,investment,False
Chile,General purpose,2016,0.0,0,True,investment,False
Chile,General purpose,2017,1.0,3,True,investment,False
Chile,General purpose,2018,6.0,77,True,investment,False
Chile,General purpose,2019,6.0,7,True,investment,False
Chile,General purpose,2020,9.0,16,True,investment,False
Chile,General purpose,2021,34.0,34,True,investment,False
Chile,General purpose,2022,9.0,13,True,investment,False
Chile,General purpose,2023,3.0,12,True,investment,False
Chile,General purpose,2024,6.0,18,True,investment,False
Chile,General purpose,2025,3.0,1003,False,investment,False
Chile,Hardware,2015,0.0,0,True,investment,False
Chile,Hardware,2016,0.0,1,True,investment,False
Chile,Hardware,2017,,0,True,investment,False
Chile,Hardware,2018,1.0,72,True,investment,False
Chile,Hardware,2019,0.0,1,True,investment,False
Chile,Hardware,2020,1.0,3,True,investment,False
Chile,Hardware,2021,1.0,1,True,investment,False
Chile,Hardware,2022,1.0,1,True,investment,False
Chile,Hardware,2023,1.0,1,True,investment,False
Chile,Hardware,2024,0.0,2,True,investment,False
Chile,Hardware,2025,1.0,1,False,investment,False
Chile,Healthcare and Life Sciences,2015,0.0,0,True,investment,False
Chile,Healthcare and Life Sciences,2016,0.0,0,True,investment,False
Chile,Healthcare and Life Sciences,2017,3.0,3,True,investment,False
Chile,Healthcare and Life Sciences,2018,,4,True,investment,False
Chile,Healthcare and Life Sciences,2019,0.0,0,True,investment,False
Chile,Healthcare and Life Sciences,2020,0.0,0,True,investment,False
Chile,Healthcare and Life Sciences,2021,3.0,3,True,investment,False
Chile,Healthcare and Life Sciences,2022,0.0,0,True,investment,False
Chile,Healthcare and Life Sciences,2023,0.0,0,True,investment,False
Chile,Healthcare and Life Sciences,2024,0.0,0,True,investment,False
Chile,Information Technology,2015,0.0,0,True,investment,False
Chile,Information Technology,2016,0.0,0,True,investment,False
Chile,Information Technology,2018,2.0,2,True,investment,False
Chile,Information Technology,2019,0.0,0,True,investment,False
Chile,Information Technology,2020,2.0,2,True,investment,False
Chile,Information Technology,2021,3.0,3,True,investment,False
Chile,Information Technology,2022,1.0,2,True,investment,False
Chile,Information Technology,2023,3.0,4,True,investment,False
Chile,Information Technology,2024,1.0,12,True,investment,False
Chile,Information Technology,2025,,1000,False,investment,False
Chile,Manufacturing,2018,0.0,0,True,investment,False
Chile,Manufacturing,2019,0.0,0,True,investment,False
Chile,Manufacturing,2021,0.0,0,True,investment,False
Chile,Manufacturing,2022,0.0,0,True,investment,False
Chile,Manufacturing,2023,0.0,0,True,investment,False
Chile,Manufacturing,2024,0.0,0,True,investment,False
Chile,Media and Entertainment,2019,0.0,0,True,investment,False
Chile,Media and Entertainment,2020,,1,True,investment,False
Chile,Media and Entertainment,2022,0.0,0,True,investment,False
Chile,"Mobile, platforms & Internet services",2015,0.0,0,True,investment,False
Chile,"Mobile, platforms & Internet services",2016,0.0,0,True,investment,False
Chile,"Mobile, platforms & Internet services",2017,,1,True,investment,False
Chile,"Mobile, platforms & Internet services",2018,2.0,2,True,investment,False
Chile,"Mobile, platforms & Internet services",2020,1.0,1,True,investment,False
Chile,"Mobile, platforms & Internet services",2021,2.0,2,True,investment,False
Chile,"Mobile, platforms & Internet services",2022,1.0,1,True,investment,False
Chile,"Mobile, platforms & Internet services",2023,0.0,0,True,investment,False
Chile,"Mobile, platforms & Internet services",2024,0.0,2,True,investment,False
Chile,"Mobile, platforms & Internet services",2025,1.0,1,False,investment,False
Chile,NLP,2018,1.0,1,True,investment,False
Chile,NLP,2019,0.0,0,True,investment,False
Chile,NLP,2020,1.0,1,True,investment,False
Chile,NLP,2021,2.0,2,True,investment,False
Chile,NLP,2022,,1,True,investment,False
Chile,NLP,2023,0.0,0,True,investment,False
Chile,Navigation and mapping,2023,0.0,0,True,investment,False
Chile,Other,2017,,1,True,investment,False
Chile,Other,2018,6.0,6,True,investment,False
Chile,Other,2019,0.0,1,True,investment,False
Chile,Other,2020,1.0,2,True,investment,False
Chile,Other,2021,4.0,4,True,investment,False
Chile,Other,2022,0.0,1,True,investment,False
Chile,Other,2023,0.0,0,True,investment,False
Chile,Other,2024,4.0,5,True,investment,False
Chile,Privacy and Security,2022,0.0,0,True,investment,False
Chile,Privacy and Security,2023,0.0,0,True,investment,False
Chile,Privacy and Security,2024,,0,True,investment,False
Chile,Professional services,2015,0.0,0,True,investment,False
Chile,Professional services,2019,0.0,0,True,investment,False
Chile,Professional services,2020,,1,True,investment,False
Chile,Professional services,2021,0.0,0,True,investment,False
Chile,Professional services,2022,0.0,2,True,investment,False
Chile,Professional services,2023,0.0,0,True,investment,False
Chile,Professional services,2024,1.0,1,True,investment,False
Chile,Professional services,2025,,0,False,investment,False
Chile,Real estate,2015,0.0,0,True,investment,False
Chile,Real estate,2016,0.0,0,True,investment,False
Chile,Real estate,2018,0.0,0,True,investment,False
Chile,Real estate,2019,0.0,0,True,investment,False
Chile,Real estate,2020,0.0,0,True,investment,False
Chile,Real estate,2021,0.0,0,True,investment,False
Chile,Real estate,2022,1.0,1,True,investment,False
Chile,Real estate,2023,1.0,1,True,investment,False
Chile,Real estate,2024,1.0,2,True,investment,False
Chile,Robotics,2020,,0,True,investment,False
Chile,Robotics,2021,0.0,0,True,investment,False
Chile,"Sales, retail, commerce, marketing",2016,,1,True,investment,False
Chile,"Sales, retail, commerce, marketing",2017,,1,True,investment,False
Chile,"Sales, retail, commerce, marketing",2018,0.0,0,True,investment,False
Chile,"Sales, retail, commerce, marketing",2019,0.0,0,True,investment,False
Chile,"Sales, retail, commerce, marketing",2020,0.0,2,True,investment,False
Chile,"Sales, retail, commerce, marketing",2021,3.0,3,True,investment,False
Chile,"Sales, retail, commerce, marketing",2022,1.0,1,True,investment,False
Chile,"Sales, retail, commerce, marketing",2023,0.0,0,True,investment,False
Chile,"Sales, retail, commerce, marketing",2024,0.0,0,True,investment,False
Chile,"Sales, retail, commerce, marketing",2025,3.0,3,False,investment,False
Chile,Software,2015,0.0,0,True,investment,False
Chile,Software,2016,0.0,1,True,investment,False
Chile,Software,2017,1.0,3,True,investment,False
Chile,Software,2018,7.0,78,True,investment,False
Chile,Software,2019,6.0,7,True,investment,False
Chile,Software,2020,10.0,17,True,investment,False
Chile,Software,2021,35.0,35,True,investment,False
Chile,Software,2022,9.0,12,True,investment,False
Chile,Software,2023,3.0,12,True,investment,False
Chile,Software,2024,6.0,57,True,investment,False
Chile,Software,2025,3.0,1004,False,investment,False
Chile,Transportation,2016,,1,True,investment,False
Chile,Transportation,2017,,1,True,investment,False
Chile,Transportation,2018,1.0,1,True,investment,False
Chile,Transportation,2019,0.0,0,True,investment,False
Chile,Transportation,2020,1.0,2,True,investment,False
Chile,Transportation,2021,4.0,4,True,investment,False
Chile,Transportation,2022,0.0,1,True,investment,False
Chile,Transportation,2023,0.0,0,True,investment,False
China (mainland),Agriculture,2017,12.0,20,True,investment,False
China (mainland),Agriculture,2018,8.0,11,True,investment,False
China (mainland),Agriculture,2019,20.0,39,True,investment,False
China (mainland),Agriculture,2020,14.0,30,True,investment,False
China (mainland),Agriculture,2021,45.0,115,True,investment,False
China (mainland),Agriculture,2022,22.0,81,True,investment,False
China (mainland),Agriculture,2023,10.0,41,True,investment,False
China (mainland),Agriculture,2024,7.0,41,True,investment,False
China (mainland),Agriculture,2025,77.0,381,False,investment,False
China (mainland),All,2015,782.0,932,True,investment,False
China (mainland),All,2016,4490.0,4996,True,investment,False
China (mainland),All,2017,3511.0,4222,True,investment,False
China (mainland),All,2018,6151.0,7900,True,investment,False
China (mainland),All,2019,4191.0,5948,True,investment,False
China (mainland),All,2020,10531.0,13183,True,investment,False
China (mainland),All,2021,12430.0,18442,True,investment,False
China (mainland),All,2022,8171.0,14243,True,investment,False
China (mainland),All,2023,5310.0,10560,True,investment,False
China (mainland),All,2024,10123.0,16128,True,investment,False
China (mainland),All,2025,6709.0,15736,False,investment,False
China (mainland),Biotechnology,2015,4.0,4,True,investment,False
China (mainland),Biotechnology,2016,120.0,122,True,investment,False
China (mainland),Biotechnology,2017,31.0,36,True,investment,False
China (mainland),Biotechnology,2018,69.0,76,True,investment,False
China (mainland),Biotechnology,2019,46.0,62,True,investment,False
China (mainland),Biotechnology,2020,120.0,167,True,investment,False
China (mainland),Biotechnology,2021,121.0,189,True,investment,False
China (mainland),Biotechnology,2022,121.0,197,True,investment,False
China (mainland),Biotechnology,2023,82.0,140,True,investment,False
China (mainland),Biotechnology,2024,76.0,135,True,investment,False
China (mainland),Biotechnology,2025,63.0,96,False,investment,False
China (mainland),Community and Lifestyle,2015,28.0,28,True,investment,False
China (mainland),Community and Lifestyle,2016,27.0,29,True,investment,False
China (mainland),Community and Lifestyle,2017,69.0,79,True,investment,False
China (mainland),Community and Lifestyle,2018,88.0,106,True,investment,False
China (mainland),Community and Lifestyle,2019,22.0,37,True,investment,False
China (mainland),Community and Lifestyle,2020,484.0,485,True,investment,False
China (mainland),Community and Lifestyle,2021,94.0,136,True,investment,False
China (mainland),Community and Lifestyle,2022,34.0,52,True,investment,False
China (mainland),Community and Lifestyle,2023,41.0,174,True,investment,False
China (mainland),Community and Lifestyle,2024,29.0,103,True,investment,False
China (mainland),Community and Lifestyle,2025,58.0,72,False,investment,False
China (mainland),Computer Vision,2015,15.0,34,True,investment,False
China (mainland),Computer Vision,2016,29.0,44,True,investment,False
China (mainland),Computer Vision,2017,177.0,189,True,investment,False
China (mainland),Computer Vision,2018,408.0,606,True,investment,False
China (mainland),Computer Vision,2019,261.0,289,True,investment,False
China (mainland),Computer Vision,2020,37.0,70,True,investment,False
China (mainland),Computer Vision,2021,268.0,332,True,investment,False
China (mainland),Computer Vision,2022,115.0,189,True,investment,False
China (mainland),Computer Vision,2023,16.0,58,True,investment,False
China (mainland),Computer Vision,2024,32.0,75,True,investment,False
China (mainland),Computer Vision,2025,60.0,145,False,investment,False
China (mainland),Consumer goods,2015,32.0,70,True,investment,False
China (mainland),Consumer goods,2016,77.0,138,True,investment,False
China (mainland),Consumer goods,2017,144.0,194,True,investment,False
China (mainland),Consumer goods,2018,201.0,264,True,investment,False
China (mainland),Consumer goods,2019,119.0,188,True,investment,False
China (mainland),Consumer goods,2020,134.0,690,True,investment,False
China (mainland),Consumer goods,2021,469.0,1180,True,investment,False
China (mainland),Consumer goods,2022,109.0,964,True,investment,False
China (mainland),Consumer goods,2023,164.0,319,True,investment,False
China (mainland),Consumer goods,2024,141.0,777,True,investment,False
China (mainland),Consumer goods,2025,80.0,352,False,investment,False
China (mainland),Cyber Security,2015,1.0,1,True,investment,False
China (mainland),Cyber Security,2016,3.0,3,True,investment,False
China (mainland),Cyber Security,2017,26.0,35,True,investment,False
China (mainland),Cyber Security,2018,16.0,29,True,investment,False
China (mainland),Cyber Security,2019,7.0,7,True,investment,False
China (mainland),Cyber Security,2020,25.0,25,True,investment,False
China (mainland),Cyber Security,2021,134.0,165,True,investment,False
China (mainland),Cyber Security,2022,24.0,29,True,investment,False
China (mainland),Cyber Security,2023,,5,True,investment,False
China (mainland),Cyber Security,2025,,7,False,investment,False
China (mainland),Data and analytics,2015,311.0,417,True,investment,False
China (mainland),Data and analytics,2016,3524.0,3811,True,investment,False
China (mainland),Data and analytics,2017,1435.0,1805,True,investment,False
China (mainland),Data and analytics,2018,2421.0,3283,True,investment,False
China (mainland),Data and analytics,2019,1518.0,2541,True,investment,False
China (mainland),Data and analytics,2020,2257.0,4025,True,investment,False
China (mainland),Data and analytics,2021,2945.0,6137,True,investment,False
China (mainland),Data and analytics,2022,1407.0,5142,True,investment,False
China (mainland),Data and analytics,2023,1823.0,4232,True,investment,False
China (mainland),Data and analytics,2024,5335.0,8039,True,investment,False
China (mainland),Data and analytics,2025,1666.0,6612,False,investment,False
China (mainland),Education,2015,80.0,80,True,investment,False
China (mainland),Education,2016,80.0,193,True,investment,False
China (mainland),Education,2017,166.0,193,True,investment,False
China (mainland),Education,2018,258.0,494,True,investment,False
China (mainland),Education,2019,39.0,56,True,investment,False
China (mainland),Education,2020,1149.0,1293,True,investment,False
China (mainland),Education,2021,26.0,84,True,investment,False
China (mainland),Education,2022,20.0,160,True,investment,False
China (mainland),Education,2023,84.0,201,True,investment,False
China (mainland),Education,2024,65.0,134,True,investment,False
China (mainland),Education,2025,7.0,265,False,investment,False
China (mainland),Energy and natural resources,2015,0.0,0,True,investment,False
China (mainland),Energy and natural resources,2016,0.0,11,True,investment,False
China (mainland),Energy and natural resources,2017,1.0,9,True,investment,False
China (mainland),Energy and natural resources,2018,6.0,6,True,investment,False
China (mainland),Energy and natural resources,2019,9.0,27,True,investment,False
China (mainland),Energy and natural resources,2020,8.0,18,True,investment,False
China (mainland),Energy and natural resources,2021,71.0,90,True,investment,False
China (mainland),Energy and natural resources,2022,39.0,288,True,investment,False
China (mainland),Energy and natural resources,2023,68.0,130,True,investment,False
China (mainland),Energy and natural resources,2024,18.0,46,True,investment,False
China (mainland),Energy and natural resources,2025,47.0,89,False,investment,False
China (mainland),Facial Recognition,2016,21.0,21,True,investment,False
China (mainland),Facial Recognition,2017,81.0,83,True,investment,False
China (mainland),Facial Recognition,2018,7.0,113,True,investment,False
China (mainland),Facial Recognition,2019,159.0,160,True,investment,False
China (mainland),Facial Recognition,2020,1.0,1,True,investment,False
China (mainland),Facial Recognition,2021,,16,True,investment,False
China (mainland),Facial Recognition,2025,,9,False,investment,False
China (mainland),Finance,2015,30.0,41,True,investment,False
China (mainland),Finance,2016,114.0,145,True,investment,False
China (mainland),Finance,2017,118.0,150,True,investment,False
China (mainland),Finance,2018,226.0,305,True,investment,False
China (mainland),Finance,2019,63.0,166,True,investment,False
China (mainland),Finance,2020,101.0,204,True,investment,False
China (mainland),Finance,2021,92.0,384,True,investment,False
China (mainland),Finance,2022,38.0,265,True,investment,False
China (mainland),Finance,2023,14.0,99,True,investment,False
China (mainland),Finance,2024,301.0,682,True,investment,False
China (mainland),Finance,2025,17.0,155,False,investment,False
China (mainland),Gaming,2017,0.0,8,True,investment,False
China (mainland),Gaming,2018,0.0,0,True,investment,False
China (mainland),Gaming,2019,2.0,2,True,investment,False
China (mainland),Gaming,2020,,32,True,investment,False
China (mainland),Gaming,2021,65.0,75,True,investment,False
China (mainland),Gaming,2022,75.0,87,True,investment,False
China (mainland),Gaming,2023,0.0,1,True,investment,False
China (mainland),Gaming,2024,5.0,5,True,investment,False
China (mainland),Gaming,2025,,318,False,investment,False
China (mainland),General purpose,2015,315.0,423,True,investment,False
China (mainland),General purpose,2016,3519.0,3967,True,investment,False
China (mainland),General purpose,2017,1419.0,1732,True,investment,False
China (mainland),General purpose,2018,2447.0,3278,True,investment,False
China (mainland),General purpose,2019,1522.0,2575,True,investment,False
China (mainland),General purpose,2020,2292.0,4068,True,investment,False
China (mainland),General purpose,2021,3259.0,6167,True,investment,False
China (mainland),General purpose,2022,1479.0,4650,True,investment,False
China (mainland),General purpose,2023,1858.0,4219,True,investment,False
China (mainland),General purpose,2024,5568.0,8676,True,investment,False
China (mainland),General purpose,2025,1713.0,7003,False,investment,False
China (mainland),Hardware,2015,99.0,190,True,investment,False
China (mainland),Hardware,2016,295.0,449,True,investment,False
China (mainland),Hardware,2017,496.0,608,True,investment,False
China (mainland),Hardware,2018,1176.0,1469,True,investment,False
China (mainland),Hardware,2019,747.0,1411,True,investment,False
China (mainland),Hardware,2020,534.0,1299,True,investment,False
China (mainland),Hardware,2021,1711.0,3333,True,investment,False
China (mainland),Hardware,2022,772.0,3164,True,investment,False
China (mainland),Hardware,2023,758.0,2302,True,investment,False
China (mainland),Hardware,2024,627.0,2774,True,investment,False
China (mainland),Hardware,2025,1031.0,3812,False,investment,False
China (mainland),Healthcare and Life Sciences,2015,14.0,16,True,investment,False
China (mainland),Healthcare and Life Sciences,2016,148.0,196,True,investment,False
China (mainland),Healthcare and Life Sciences,2017,154.0,269,True,investment,False
China (mainland),Healthcare and Life Sciences,2018,405.0,519,True,investment,False
China (mainland),Healthcare and Life Sciences,2019,162.0,295,True,investment,False
China (mainland),Healthcare and Life Sciences,2020,208.0,382,True,investment,False
China (mainland),Healthcare and Life Sciences,2021,366.0,619,True,investment,False
China (mainland),Healthcare and Life Sciences,2022,286.0,606,True,investment,False
China (mainland),Healthcare and Life Sciences,2023,86.0,456,True,investment,False
China (mainland),Healthcare and Life Sciences,2024,101.0,236,True,investment,False
China (mainland),Healthcare and Life Sciences,2025,120.0,452,False,investment,False
China (mainland),Information Technology,2015,75.0,119,True,investment,False
China (mainland),Information Technology,2016,3038.0,3065,True,investment,False
China (mainland),Information Technology,2017,488.0,649,True,investment,False
China (mainland),Information Technology,2018,758.0,1023,True,investment,False
China (mainland),Information Technology,2019,348.0,556,True,investment,False
China (mainland),Information Technology,2020,268.0,852,True,investment,False
China (mainland),Information Technology,2021,582.0,1738,True,investment,False
China (mainland),Information Technology,2022,853.0,1366,True,investment,False
China (mainland),Information Technology,2023,1008.0,1608,True,investment,False
China (mainland),Information Technology,2024,692.0,1838,True,investment,False
China (mainland),Information Technology,2025,486.0,1723,False,investment,False
China (mainland),Lending and Investments,2015,2.0,2,True,investment,False
China (mainland),Lending and Investments,2016,61.0,62,True,investment,False
China (mainland),Lending and Investments,2017,39.0,46,True,investment,False
China (mainland),Lending and Investments,2018,41.0,41,True,investment,False
China (mainland),Lending and Investments,2019,24.0,44,True,investment,False
China (mainland),Lending and Investments,2020,53.0,53,True,investment,False
China (mainland),Lending and Investments,2021,21.0,91,True,investment,False
China (mainland),Lending and Investments,2022,13.0,15,True,investment,False
China (mainland),Lending and Investments,2023,,28,True,investment,False
China (mainland),Lending and Investments,2024,1.0,1,True,investment,False
China (mainland),Lending and Investments,2025,10.0,10,False,investment,False
China (mainland),Manufacturing,2015,17.0,64,True,investment,False
China (mainland),Manufacturing,2016,30.0,31,True,investment,False
China (mainland),Manufacturing,2017,73.0,99,True,investment,False
China (mainland),Manufacturing,2018,520.0,566,True,investment,False
China (mainland),Manufacturing,2019,271.0,737,True,investment,False
China (mainland),Manufacturing,2020,118.0,289,True,investment,False
China (mainland),Manufacturing,2021,684.0,1058,True,investment,False
China (mainland),Manufacturing,2022,1857.0,2287,True,investment,False
China (mainland),Manufacturing,2023,1232.0,2164,True,investment,False
China (mainland),Manufacturing,2024,250.0,803,True,investment,False
China (mainland),Manufacturing,2025,357.0,2068,False,investment,False
China (mainland),Media and Entertainment,2015,34.0,39,True,investment,False
China (mainland),Media and Entertainment,2016,38.0,152,True,investment,False
China (mainland),Media and Entertainment,2017,145.0,184,True,investment,False
China (mainland),Media and Entertainment,2018,176.0,454,True,investment,False
China (mainland),Media and Entertainment,2019,32.0,40,True,investment,False
China (mainland),Media and Entertainment,2020,8.0,348,True,investment,False
China (mainland),Media and Entertainment,2021,96.0,487,True,investment,False
China (mainland),Media and Entertainment,2022,37.0,106,True,investment,False
China (mainland),Media and Entertainment,2023,67.0,200,True,investment,False
China (mainland),Media and Entertainment,2024,9.0,84,True,investment,False
China (mainland),Media and Entertainment,2025,38.0,399,False,investment,False
China (mainland),"Military, public safety and government",2015,0.0,0,True,investment,False
China (mainland),"Military, public safety and government",2017,2.0,2,True,investment,False
China (mainland),"Military, public safety and government",2018,8.0,8,True,investment,False
China (mainland),"Military, public safety and government",2021,,47,True,investment,False
China (mainland),"Military, public safety and government",2024,,14,True,investment,False
China (mainland),"Military, public safety and government",2025,,8,False,investment,False
China (mainland),"Mobile, platforms & Internet services",2015,299.0,320,True,investment,False
China (mainland),"Mobile, platforms & Internet services",2016,3215.0,3452,True,investment,False
China (mainland),"Mobile, platforms & Internet services",2017,791.0,904,True,investment,False
China (mainland),"Mobile, platforms & Internet services",2018,863.0,1091,True,investment,False
China (mainland),"Mobile, platforms & Internet services",2019,393.0,512,True,investment,False
China (mainland),"Mobile, platforms & Internet services",2020,643.0,1158,True,investment,False
China (mainland),"Mobile, platforms & Internet services",2021,639.0,1213,True,investment,False
China (mainland),"Mobile, platforms & Internet services",2022,263.0,1259,True,investment,False
China (mainland),"Mobile, platforms & Internet services",2023,190.0,481,True,investment,False
China (mainland),"Mobile, platforms & Internet services",2024,151.0,438,True,investment,False
China (mainland),"Mobile, platforms & Internet services",2025,161.0,1093,False,investment,False
China (mainland),NLP,2015,63.0,63,True,investment,False
China (mainland),NLP,2016,4.0,15,True,investment,False
China (mainland),NLP,2017,213.0,219,True,investment,False
China (mainland),NLP,2018,172.0,172,True,investment,False
China (mainland),NLP,2019,28.0,28,True,investment,False
China (mainland),NLP,2020,35.0,60,True,investment,False
China (mainland),NLP,2021,18.0,64,True,investment,False
China (mainland),NLP,2022,95.0,108,True,investment,False
China (mainland),NLP,2023,0.0,13,True,investment,False
China (mainland),NLP,2024,17.0,28,True,investment,False
China (mainland),NLP,2025,,21,False,investment,False
China (mainland),Navigation and mapping,2015,0.0,0,True,investment,False
China (mainland),Navigation and mapping,2016,2.0,2,True,investment,False
China (mainland),Navigation and mapping,2017,19.0,23,True,investment,False
China (mainland),Navigation and mapping,2018,43.0,43,True,investment,False
China (mainland),Navigation and mapping,2019,4.0,4,True,investment,False
China (mainland),Navigation and mapping,2020,4.0,14,True,investment,False
China (mainland),Navigation and mapping,2021,192.0,199,True,investment,False
China (mainland),Navigation and mapping,2023,5.0,5,True,investment,False
China (mainland),Navigation and mapping,2024,14.0,21,True,investment,False
China (mainland),Navigation and mapping,2025,1.0,1,False,investment,False
China (mainland),Other,2015,57.0,66,True,investment,False
China (mainland),Other,2016,2899.0,3000,True,investment,False
China (mainland),Other,2017,37.0,88,True,investment,False
China (mainland),Other,2018,108.0,238,True,investment,False
China (mainland),Other,2019,158.0,300,True,investment,False
China (mainland),Other,2020,88.0,305,True,investment,False
China (mainland),Other,2021,303.0,1137,True,investment,False
China (mainland),Other,2022,76.0,304,True,investment,False
China (mainland),Other,2023,144.0,360,True,investment,False
China (mainland),Other,2024,101.0,333,True,investment,False
China (mainland),Other,2025,59.0,583,False,investment,False
China (mainland),Privacy and Security,2015,3.0,3,True,investment,False
China (mainland),Privacy and Security,2016,11.0,11,True,investment,False
China (mainland),Privacy and Security,2017,54.0,64,True,investment,False
China (mainland),Privacy and Security,2018,24.0,38,True,investment,False
China (mainland),Privacy and Security,2019,31.0,46,True,investment,False
China (mainland),Privacy and Security,2020,32.0,50,True,investment,False
China (mainland),Privacy and Security,2021,134.0,189,True,investment,False
China (mainland),Privacy and Security,2022,32.0,666,True,investment,False
China (mainland),Privacy and Security,2023,12.0,90,True,investment,False
China (mainland),Privacy and Security,2024,15.0,28,True,investment,False
China (mainland),Privacy and Security,2025,23.0,461,False,investment,False
China (mainland),Professional services,2015,13.0,17,True,investment,False
China (mainland),Professional services,2016,8.0,23,True,investment,False
China (mainland),Professional services,2017,50.0,65,True,investment,False
China (mainland),Professional services,2018,48.0,108,True,investment,False
China (mainland),Professional services,2019,79.0,111,True,investment,False
China (mainland),Professional services,2020,59.0,102,True,investment,False
China (mainland),Professional services,2021,98.0,211,True,investment,False
China (mainland),Professional services,2022,32.0,308,True,investment,False
China (mainland),Professional services,2023,25.0,56,True,investment,False
China (mainland),Professional services,2024,102.0,138,True,investment,False
China (mainland),Professional services,2025,3.0,100,False,investment,False
China (mainland),Real estate,2015,72.0,74,True,investment,False
China (mainland),Real estate,2016,42.0,42,True,investment,False
China (mainland),Real estate,2017,21.0,39,True,investment,False
China (mainland),Real estate,2018,69.0,114,True,investment,False
China (mainland),Real estate,2019,15.0,27,True,investment,False
China (mainland),Real estate,2020,32.0,52,True,investment,False
China (mainland),Real estate,2021,38.0,270,True,investment,False
China (mainland),Real estate,2022,4.0,23,True,investment,False
China (mainland),Real estate,2023,15.0,37,True,investment,False
China (mainland),Real estate,2024,7.0,31,True,investment,False
China (mainland),Real estate,2025,3.0,55,False,investment,False
China (mainland),Robotics,2015,20.0,35,True,investment,False
China (mainland),Robotics,2016,144.0,181,True,investment,False
China (mainland),Robotics,2017,179.0,215,True,investment,False
China (mainland),Robotics,2018,351.0,418,True,investment,False
China (mainland),Robotics,2019,441.0,619,True,investment,False
China (mainland),Robotics,2020,226.0,343,True,investment,False
China (mainland),Robotics,2021,686.0,1247,True,investment,False
China (mainland),Robotics,2022,276.0,1342,True,investment,False
China (mainland),Robotics,2023,133.0,671,True,investment,False
China (mainland),Robotics,2024,187.0,1099,True,investment,False
China (mainland),Robotics,2025,591.0,1664,False,investment,False
China (mainland),"Sales, retail, commerce, marketing",2015,46.0,54,True,investment,False
China (mainland),"Sales, retail, commerce, marketing",2016,30.0,43,True,investment,False
China (mainland),"Sales, retail, commerce, marketing",2017,46.0,88,True,investment,False
China (mainland),"Sales, retail, commerce, marketing",2018,320.0,374,True,investment,False
China (mainland),"Sales, retail, commerce, marketing",2019,62.0,104,True,investment,False
China (mainland),"Sales, retail, commerce, marketing",2020,37.0,226,True,investment,False
China (mainland),"Sales, retail, commerce, marketing",2021,224.0,481,True,investment,False
China (mainland),"Sales, retail, commerce, marketing",2022,29.0,154,True,investment,False
China (mainland),"Sales, retail, commerce, marketing",2023,18.0,75,True,investment,False
China (mainland),"Sales, retail, commerce, marketing",2024,19.0,109,True,investment,False
China (mainland),"Sales, retail, commerce, marketing",2025,24.0,256,False,investment,False
China (mainland),Semiconductor,2016,1.0,1,True,investment,False
China (mainland),Semiconductor,2017,36.0,37,True,investment,False
China (mainland),Semiconductor,2018,56.0,105,True,investment,False
China (mainland),Semiconductor,2019,34.0,48,True,investment,False
China (mainland),Semiconductor,2020,72.0,94,True,investment,False
China (mainland),Semiconductor,2021,329.0,564,True,investment,False
China (mainland),Semiconductor,2022,228.0,411,True,investment,False
China (mainland),Semiconductor,2023,409.0,616,True,investment,False
China (mainland),Semiconductor,2024,15.0,290,True,investment,False
China (mainland),Semiconductor,2025,304.0,862,False,investment,False
China (mainland),Simulation,2015,2.0,2,True,investment,False
China (mainland),Simulation,2016,8.0,8,True,investment,False
China (mainland),Simulation,2017,4.0,4,True,investment,False
China (mainland),Simulation,2023,1.0,1,True,investment,False
China (mainland),Simulation,2024,28.0,35,True,investment,False
China (mainland),Software,2015,367.0,459,True,investment,False
China (mainland),Software,2016,3563.0,4010,True,investment,False
China (mainland),Software,2017,1493.0,1881,True,investment,False
China (mainland),Software,2018,2424.0,3555,True,investment,False
China (mainland),Software,2019,1587.0,2676,True,investment,False
China (mainland),Software,2020,2321.0,4226,True,investment,False
China (mainland),Software,2021,3107.0,6450,True,investment,False
China (mainland),Software,2022,1497.0,5427,True,investment,False
China (mainland),Software,2023,1912.0,4442,True,investment,False
China (mainland),Software,2024,5381.0,8161,True,investment,False
China (mainland),Software,2025,1747.0,7252,False,investment,False
China (mainland),Speech Recognition,2015,67.0,67,True,investment,False
China (mainland),Speech Recognition,2016,21.0,51,True,investment,False
China (mainland),Speech Recognition,2017,199.0,199,True,investment,False
China (mainland),Speech Recognition,2018,54.0,54,True,investment,False
China (mainland),Speech Recognition,2019,15.0,15,True,investment,False
China (mainland),Speech Recognition,2020,100.0,100,True,investment,False
China (mainland),Speech Recognition,2021,5.0,22,True,investment,False
China (mainland),Speech Recognition,2022,55.0,72,True,investment,False
China (mainland),Speech Recognition,2023,7.0,7,True,investment,False
China (mainland),Speech Recognition,2024,6.0,9,True,investment,False
China (mainland),Speech Recognition,2025,1.0,1,False,investment,False
China (mainland),Sports,2015,,2,True,investment,False
China (mainland),Sports,2016,0.0,10,True,investment,False
China (mainland),Sports,2017,2.0,2,True,investment,False
China (mainland),Sports,2018,4.0,5,True,investment,False
China (mainland),Sports,2019,6.0,6,True,investment,False
China (mainland),Sports,2020,15.0,21,True,investment,False
China (mainland),Sports,2021,48.0,48,True,investment,False
China (mainland),Sports,2022,1.0,6,True,investment,False
China (mainland),Sports,2023,,42,True,investment,False
China (mainland),Sports,2025,,7,False,investment,False
China (mainland),Telecommunications,2016,11.0,12,True,investment,False
China (mainland),Telecommunications,2018,20.0,20,True,investment,False
China (mainland),Telecommunications,2021,,16,True,investment,False
China (mainland),Telecommunications,2022,5.0,5,True,investment,False
China (mainland),Transportation,2015,58.0,61,True,investment,False
China (mainland),Transportation,2016,31.0,80,True,investment,False
China (mainland),Transportation,2017,142.0,165,True,investment,False
China (mainland),Transportation,2018,918.0,989,True,investment,False
China (mainland),Transportation,2019,290.0,420,True,investment,False
China (mainland),Transportation,2020,443.0,615,True,investment,False
China (mainland),Transportation,2021,1017.0,1544,True,investment,False
China (mainland),Transportation,2022,362.0,852,True,investment,False
China (mainland),Transportation,2023,1411.0,1870,True,investment,False
China (mainland),Transportation,2024,3922.0,5858,True,investment,False
China (mainland),Transportation,2025,505.0,1548,False,investment,False
Colombia,Agriculture,2022,0.0,0,True,investment,False
Colombia,All,2015,0.0,0,True,investment,False
Colombia,All,2016,1.0,1,True,investment,False
Colombia,All,2017,3.0,3,True,investment,False
Colombia,All,2018,0.0,0,True,investment,False
Colombia,All,2019,4.0,10,True,investment,False
Colombia,All,2020,4.0,10,True,investment,False
Colombia,All,2021,31.0,36,True,investment,False
Colombia,All,2022,89.0,101,True,investment,False
Colombia,All,2023,11.0,15,True,investment,False
Colombia,All,2024,21.0,35,True,investment,False
Colombia,All,2025,2.0,47,False,investment,False
Colombia,Community and Lifestyle,2023,0.0,0,True,investment,False
Colombia,Community and Lifestyle,2024,,5,True,investment,False
Colombia,Computer Vision,2022,0.0,0,True,investment,False
Colombia,Consumer goods,2021,0.0,0,True,investment,False
Colombia,Consumer goods,2023,3.0,3,True,investment,False
Colombia,Consumer goods,2024,3.0,3,True,investment,False
Colombia,Data and analytics,2015,0.0,0,True,investment,False
Colombia,Data and analytics,2016,1.0,1,True,investment,False
Colombia,Data and analytics,2017,1.0,1,True,investment,False
Colombia,Data and analytics,2018,0.0,0,True,investment,False
Colombia,Data and analytics,2019,2.0,5,True,investment,False
Colombia,Data and analytics,2020,4.0,8,True,investment,False
Colombia,Data and analytics,2021,7.0,10,True,investment,False
Colombia,Data and analytics,2022,14.0,24,True,investment,False
Colombia,Data and analytics,2023,4.0,6,True,investment,False
Colombia,Data and analytics,2024,13.0,27,True,investment,False
Colombia,Data and analytics,2025,1.0,45,False,investment,False
Colombia,Education,2021,0.0,0,True,investment,False
Colombia,Education,2022,2.0,4,True,investment,False
Colombia,Education,2023,0.0,0,True,investment,False
Colombia,Education,2025,0.0,0,False,investment,False
Colombia,Energy and natural resources,2021,4.0,4,True,investment,False
Colombia,Energy and natural resources,2022,5.0,6,True,investment,False
Colombia,Energy and natural resources,2023,0.0,0,True,investment,False
Colombia,Energy and natural resources,2025,0.0,44,False,investment,False
Colombia,Finance,2016,1.0,1,True,investment,False
Colombia,Finance,2017,0.0,0,True,investment,False
Colombia,Finance,2020,,2,True,investment,False
Colombia,Finance,2021,1.0,3,True,investment,False
Colombia,Finance,2022,4.0,6,True,investment,False
Colombia,Finance,2023,0.0,0,True,investment,False
Colombia,Finance,2024,7.0,7,True,investment,False
Colombia,Finance,2025,1.0,1,False,investment,False
Colombia,General purpose,2015,0.0,0,True,investment,False
Colombia,General purpose,2016,1.0,1,True,investment,False
Colombia,General purpose,2017,1.0,1,True,investment,False
Colombia,General purpose,2018,0.0,0,True,investment,False
Colombia,General purpose,2019,0.0,3,True,investment,False
Colombia,General purpose,2020,2.0,4,True,investment,False
Colombia,General purpose,2021,7.0,10,True,investment,False
Colombia,General purpose,2022,13.0,22,True,investment,False
Colombia,General purpose,2023,4.0,6,True,investment,False
Colombia,General purpose,2024,12.0,25,True,investment,False
Colombia,General purpose,2025,1.0,45,False,investment,False
Colombia,Hardware,2019,2.0,2,True,investment,False
Colombia,Hardware,2020,2.0,4,True,investment,False
Colombia,Hardware,2022,1.0,1,True,investment,False
Colombia,Hardware,2023,0.0,0,True,investment,False
Colombia,Hardware,2024,1.0,1,True,investment,False
Colombia,Healthcare and Life Sciences,2015,0.0,0,True,investment,False
Colombia,Healthcare and Life Sciences,2020,0.0,0,True,investment,False
Colombia,Healthcare and Life Sciences,2021,0.0,0,True,investment,False
Colombia,Information Technology,2015,0.0,0,True,investment,False
Colombia,Information Technology,2016,0.0,0,True,investment,False
Colombia,Information Technology,2017,0.0,0,True,investment,False
Colombia,Information Technology,2019,2.0,2,True,investment,False
Colombia,Information Technology,2020,3.0,5,True,investment,False
Colombia,Information Technology,2021,0.0,0,True,investment,False
Colombia,Information Technology,2022,3.0,8,True,investment,False
Colombia,Information Technology,2023,5.0,5,True,investment,False
Colombia,Information Technology,2024,1.0,1,True,investment,False
Colombia,"Mobile, platforms & Internet services",2016,1.0,1,True,investment,False
Colombia,"Mobile, platforms & Internet services",2017,1.0,1,True,investment,False
Colombia,"Mobile, platforms & Internet services",2018,0.0,0,True,investment,False
Colombia,"Mobile, platforms & Internet services",2020,,2,True,investment,False
Colombia,"Mobile, platforms & Internet services",2021,0.0,2,True,investment,False
Colombia,"Mobile, platforms & Internet services",2022,2.0,4,True,investment,False
Colombia,"Mobile, platforms & Internet services",2023,0.0,0,True,investment,False
Colombia,"Mobile, platforms & Internet services",2024,1.0,1,True,investment,False
Colombia,NLP,2022,1.0,1,True,investment,False
Colombia,NLP,2023,0.0,0,True,investment,False
Colombia,Other,2016,0.0,0,True,investment,False
Colombia,Other,2017,0.0,0,True,investment,False
Colombia,Other,2018,0.0,0,True,investment,False
Colombia,Other,2019,0.0,0,True,investment,False
Colombia,Other,2021,0.0,0,True,investment,False
Colombia,Other,2022,1.0,1,True,investment,False
Colombia,Other,2023,0.0,0,True,investment,False
Colombia,Other,2024,0.0,0,True,investment,False
Colombia,Professional services,2015,0.0,0,True,investment,False
Colombia,Professional services,2016,0.0,0,True,investment,False
Colombia,Professional services,2017,0.0,0,True,investment,False
Colombia,Professional services,2018,0.0,0,True,investment,False
Colombia,Professional services,2019,0.0,3,True,investment,False
Colombia,Professional services,2021,0.0,0,True,investment,False
Colombia,Professional services,2022,3.0,5,True,investment,False
Colombia,Professional services,2023,0.0,0,True,investment,False
Colombia,Professional services,2024,,2,True,investment,False
Colombia,Professional services,2025,1.0,1,False,investment,False
Colombia,Real estate,2020,0.0,0,True,investment,False
Colombia,Real estate,2022,,0,True,investment,False
Colombia,"Sales, retail, commerce, marketing",2016,0.0,0,True,investment,False
Colombia,"Sales, retail, commerce, marketing",2017,0.0,0,True,investment,False
Colombia,"Sales, retail, commerce, marketing",2018,0.0,0,True,investment,False
Colombia,"Sales, retail, commerce, marketing",2019,2.0,5,True,investment,False
Colombia,"Sales, retail, commerce, marketing",2020,2.0,4,True,investment,False
Colombia,"Sales, retail, commerce, marketing",2021,0.0,0,True,investment,False
Colombia,"Sales, retail, commerce, marketing",2022,3.0,3,True,investment,False
Colombia,"Sales, retail, commerce, marketing",2023,1.0,1,True,investment,False
Colombia,"Sales, retail, commerce, marketing",2024,1.0,1,True,investment,False
Colombia,Software,2015,0.0,0,True,investment,False
Colombia,Software,2016,1.0,1,True,investment,False
Colombia,Software,2017,1.0,1,True,investment,False
Colombia,Software,2018,0.0,0,True,investment,False
Colombia,Software,2019,2.0,5,True,investment,False
Colombia,Software,2020,4.0,9,True,investment,False
Colombia,Software,2021,7.0,12,True,investment,False
Colombia,Software,2022,15.0,24,True,investment,False
Colombia,Software,2023,4.0,6,True,investment,False
Colombia,Software,2024,12.0,26,True,investment,False
Colombia,Software,2025,1.0,45,False,investment,False
Colombia,Speech Recognition,2017,0.0,0,True,investment,False
Colombia,Speech Recognition,2019,0.0,3,True,investment,False
Colombia,Speech Recognition,2020,0.0,1,True,investment,False
Colombia,Speech Recognition,2021,1.0,1,True,investment,False
Colombia,Speech Recognition,2022,1.0,1,True,investment,False
Colombia,Speech Recognition,2024,,1,True,investment,False
Colombia,Sports,2015,0.0,0,True,investment,False
Colombia,Telecommunications,2017,0.0,0,True,investment,False
Colombia,Telecommunications,2021,0.0,0,True,investment,False
Colombia,Telecommunications,2022,1.0,1,True,investment,False
Colombia,Transportation,2015,0.0,0,True,investment,False
Colombia,Transportation,2018,0.0,0,True,investment,False
Colombia,Transportation,2019,0.0,0,True,investment,False
Colombia,Transportation,2020,0.0,0,True,investment,False
Colombia,Transportation,2021,1.0,4,True,investment,False
Colombia,Transportation,2022,1.0,1,True,investment,False
Colombia,Transportation,2023,8.0,8,True,investment,False
Colombia,Transportation,2024,3.0,3,True,investment,False
Colombia,Transportation,2025,,0,False,investment,False
Costa Rica,All,2022,0.0,0,True,investment,False
Costa Rica,All,2025,2.0,2,False,investment,False
Costa Rica,Data and analytics,2022,0.0,0,True,investment,False
Costa Rica,Data and analytics,2025,1.0,1,False,investment,False
Costa Rica,Education,2022,0.0,0,True,investment,False
Costa Rica,Finance,2025,1.0,1,False,investment,False
Costa Rica,General purpose,2022,0.0,0,True,investment,False
Costa Rica,General purpose,2025,1.0,1,False,investment,False
Costa Rica,Hardware,2022,0.0,0,True,investment,False
Costa Rica,Information Technology,2025,1.0,1,False,investment,False
Costa Rica,"Mobile, platforms & Internet services",2025,1.0,1,False,investment,False
Costa Rica,Other,2025,1.0,1,False,investment,False
Costa Rica,Software,2022,0.0,0,True,investment,False
Costa Rica,Software,2025,1.0,1,False,investment,False
Croatia,All,2019,0.0,0,True,investment,False
Croatia,All,2020,1.0,1,True,investment,False
Croatia,All,2021,1.0,169,True,investment,False
Croatia,All,2022,2.0,360,True,investment,False
Croatia,All,2023,195.0,196,True,investment,False
Croatia,All,2024,108.0,108,True,investment,False
Croatia,All,2025,0.0,4,False,investment,False
Croatia,Consumer goods,2021,,0,True,investment,False
Croatia,Data and analytics,2019,0.0,0,True,investment,False
Croatia,Data and analytics,2020,1.0,1,True,investment,False
Croatia,Data and analytics,2021,1.0,169,True,investment,False
Croatia,Data and analytics,2022,,359,True,investment,False
Croatia,Data and analytics,2023,195.0,195,True,investment,False
Croatia,Data and analytics,2024,54.0,54,True,investment,False
Croatia,Data and analytics,2025,0.0,1,False,investment,False
Croatia,Finance,2020,0.0,0,True,investment,False
Croatia,Finance,2021,0.0,168,True,investment,False
Croatia,General purpose,2019,0.0,0,True,investment,False
Croatia,General purpose,2020,1.0,1,True,investment,False
Croatia,General purpose,2021,1.0,169,True,investment,False
Croatia,General purpose,2022,,359,True,investment,False
Croatia,General purpose,2023,195.0,195,True,investment,False
Croatia,General purpose,2024,54.0,54,True,investment,False
Croatia,General purpose,2025,0.0,1,False,investment,False
Croatia,Hardware,2019,0.0,0,True,investment,False
Croatia,Hardware,2020,0.0,0,True,investment,False
Croatia,Hardware,2021,,0,True,investment,False
Croatia,Healthcare and Life Sciences,2020,0.0,0,True,investment,False
Croatia,Information Technology,2019,0.0,0,True,investment,False
Croatia,Information Technology,2020,1.0,1,True,investment,False
Croatia,Information Technology,2021,,0,True,investment,False
Croatia,Information Technology,2022,,359,True,investment,False
Croatia,Information Technology,2023,,0,True,investment,False
Croatia,Information Technology,2024,1.0,1,True,investment,False
Croatia,Lending and Investments,2021,0.0,0,True,investment,False
Croatia,Manufacturing,2019,0.0,0,True,investment,False
Croatia,Manufacturing,2020,1.0,1,True,investment,False
Croatia,Manufacturing,2021,,0,True,investment,False
Croatia,Manufacturing,2023,0.0,0,True,investment,False
Croatia,Manufacturing,2024,0.0,0,True,investment,False
Croatia,Media and Entertainment,2021,,167,True,investment,False
Croatia,"Mobile, platforms & Internet services",2019,0.0,0,True,investment,False
Croatia,"Mobile, platforms & Internet services",2020,0.0,0,True,investment,False
Croatia,"Mobile, platforms & Internet services",2021,1.0,1,True,investment,False
Croatia,"Mobile, platforms & Internet services",2023,0.0,0,True,investment,False
Croatia,"Mobile, platforms & Internet services",2024,0.0,0,True,investment,False
Croatia,"Mobile, platforms & Internet services",2025,,0,False,investment,False
Croatia,NLP,2025,0.0,0,False,investment,False
Croatia,Other,2019,0.0,0,True,investment,False
Croatia,Other,2020,1.0,1,True,investment,False
Croatia,Other,2021,1.0,1,True,investment,False
Croatia,Privacy and Security,2022,,0,True,investment,False
Croatia,Privacy and Security,2024,1.0,1,True,investment,False
Croatia,Real estate,2022,,359,True,investment,False
Croatia,Real estate,2023,0.0,0,True,investment,False
Croatia,Real estate,2024,0.0,0,True,investment,False
Croatia,Robotics,2019,0.0,0,True,investment,False
Croatia,Robotics,2020,0.0,0,True,investment,False
Croatia,"Sales, retail, commerce, marketing",2019,0.0,0,True,investment,False
Croatia,"Sales, retail, commerce, marketing",2020,0.0,1,True,investment,False
Croatia,"Sales, retail, commerce, marketing",2021,0.0,0,True,investment,False
Croatia,"Sales, retail, commerce, marketing",2022,2.0,2,True,investment,False
Croatia,"Sales, retail, commerce, marketing",2023,,0,True,investment,False
Croatia,"Sales, retail, commerce, marketing",2024,,0,True,investment,False
Croatia,Software,2019,0.0,0,True,investment,False
Croatia,Software,2020,1.0,1,True,investment,False
Croatia,Software,2021,1.0,169,True,investment,False
Croatia,Software,2022,,359,True,investment,False
Croatia,Software,2023,195.0,196,True,investment,False
Croatia,Software,2024,55.0,55,True,investment,False
Croatia,Software,2025,0.0,1,False,investment,False
Croatia,Sports,2021,0.0,0,True,investment,False
Croatia,Transportation,2023,195.0,195,True,investment,False
Croatia,Transportation,2024,54.0,54,True,investment,False
Cyprus,All,2015,7.0,7,True,investment,False
Cyprus,All,2016,1.0,1,True,investment,False
Cyprus,All,2017,2.0,2,True,investment,False
Cyprus,All,2018,10.0,12,True,investment,False
Cyprus,All,2019,3.0,8,True,investment,False
Cyprus,All,2020,27.0,30,True,investment,False
Cyprus,All,2021,60.0,64,True,investment,False
Cyprus,All,2022,5.0,6,True,investment,False
Cyprus,All,2023,1.0,2,True,investment,False
Cyprus,All,2024,37.0,37,True,investment,False
Cyprus,All,2025,35.0,69,False,investment,False
Cyprus,Biotechnology,2021,2.0,2,True,investment,False
Cyprus,Biotechnology,2024,3.0,3,True,investment,False
Cyprus,Community and Lifestyle,2020,2.0,4,True,investment,False
Cyprus,Community and Lifestyle,2023,0.0,0,True,investment,False
Cyprus,Community and Lifestyle,2025,18.0,18,False,investment,False
Cyprus,Computer Vision,2015,1.0,1,True,investment,False
Cyprus,Computer Vision,2019,,0,True,investment,False
Cyprus,Computer Vision,2020,2.0,2,True,investment,False
Cyprus,Computer Vision,2021,0.0,1,True,investment,False
Cyprus,Computer Vision,2022,1.0,1,True,investment,False
Cyprus,Computer Vision,2025,,1,False,investment,False
Cyprus,Data and analytics,2015,2.0,2,True,investment,False
Cyprus,Data and analytics,2016,1.0,1,True,investment,False
Cyprus,Data and analytics,2017,1.0,1,True,investment,False
Cyprus,Data and analytics,2018,2.0,2,True,investment,False
Cyprus,Data and analytics,2019,2.0,3,True,investment,False
Cyprus,Data and analytics,2020,25.0,27,True,investment,False
Cyprus,Data and analytics,2021,22.0,24,True,investment,False
Cyprus,Data and analytics,2022,3.0,4,True,investment,False
Cyprus,Data and analytics,2023,0.0,0,True,investment,False
Cyprus,Data and analytics,2024,34.0,34,True,investment,False
Cyprus,Data and analytics,2025,18.0,51,False,investment,False
Cyprus,Education,2016,1.0,1,True,investment,False
Cyprus,Education,2018,1.0,1,True,investment,False
Cyprus,Education,2019,1.0,1,True,investment,False
Cyprus,Education,2020,,0,True,investment,False
Cyprus,Facial Recognition,2019,1.0,1,True,investment,False
Cyprus,Facial Recognition,2020,1.0,1,True,investment,False
Cyprus,Finance,2015,1.0,1,True,investment,False
Cyprus,Finance,2016,0.0,0,True,investment,False
Cyprus,Finance,2017,1.0,1,True,investment,False
Cyprus,Finance,2018,1.0,1,True,investment,False
Cyprus,Finance,2019,1.0,2,True,investment,False
Cyprus,Finance,2020,1.0,1,True,investment,False
Cyprus,Finance,2021,22.0,23,True,investment,False
Cyprus,Finance,2022,1.0,1,True,investment,False
Cyprus,Finance,2024,32.0,32,True,investment,False
Cyprus,Gaming,2016,1.0,1,True,investment,False
Cyprus,Gaming,2018,1.0,1,True,investment,False
Cyprus,Gaming,2019,1.0,1,True,investment,False
Cyprus,Gaming,2020,,0,True,investment,False
Cyprus,Gaming,2021,17.0,17,True,investment,False
Cyprus,Gaming,2022,,1,True,investment,False
Cyprus,Gaming,2023,0.0,0,True,investment,False
Cyprus,Gaming,2025,,0,False,investment,False
Cyprus,General purpose,2015,2.0,2,True,investment,False
Cyprus,General purpose,2018,2.0,2,True,investment,False
Cyprus,General purpose,2019,2.0,3,True,investment,False
Cyprus,General purpose,2020,5.0,7,True,investment,False
Cyprus,General purpose,2021,24.0,25,True,investment,False
Cyprus,General purpose,2022,1.0,2,True,investment,False
Cyprus,General purpose,2023,0.0,0,True,investment,False
Cyprus,General purpose,2024,37.0,37,True,investment,False
Cyprus,General purpose,2025,18.0,51,False,investment,False
Cyprus,Hardware,2015,1.0,1,True,investment,False
Cyprus,Hardware,2016,1.0,1,True,investment,False
Cyprus,Hardware,2018,,1,True,investment,False
Cyprus,Hardware,2019,,0,True,investment,False
Cyprus,Hardware,2020,2.0,2,True,investment,False
Cyprus,Hardware,2021,19.0,20,True,investment,False
Cyprus,Hardware,2022,1.0,1,True,investment,False
Cyprus,Hardware,2024,3.0,3,True,investment,False
Cyprus,Hardware,2025,,1,False,investment,False
Cyprus,Healthcare and Life Sciences,2020,2.0,4,True,investment,False
Cyprus,Healthcare and Life Sciences,2023,0.0,0,True,investment,False
Cyprus,Healthcare and Life Sciences,2024,0.0,0,True,investment,False
Cyprus,Healthcare and Life Sciences,2025,18.0,18,False,investment,False
Cyprus,Information Technology,2021,17.0,18,True,investment,False
Cyprus,Information Technology,2022,0.0,0,True,investment,False
Cyprus,Information Technology,2025,,0,False,investment,False
Cyprus,Manufacturing,2021,2.0,2,True,investment,False
Cyprus,Manufacturing,2024,3.0,3,True,investment,False
Cyprus,Media and Entertainment,2019,,0,True,investment,False
Cyprus,Media and Entertainment,2020,2.0,2,True,investment,False
Cyprus,Media and Entertainment,2021,0.0,1,True,investment,False
Cyprus,Media and Entertainment,2022,0.0,0,True,investment,False
Cyprus,Media and Entertainment,2025,,0,False,investment,False
Cyprus,"Mobile, platforms & Internet services",2015,1.0,1,True,investment,False
Cyprus,"Mobile, platforms & Internet services",2018,,1,True,investment,False
Cyprus,"Mobile, platforms & Internet services",2019,,0,True,investment,False
Cyprus,"Mobile, platforms & Internet services",2020,4.0,5,True,investment,False
Cyprus,"Mobile, platforms & Internet services",2021,2.0,4,True,investment,False
Cyprus,"Mobile, platforms & Internet services",2022,1.0,1,True,investment,False
Cyprus,"Mobile, platforms & Internet services",2023,0.0,1,True,investment,False
Cyprus,"Mobile, platforms & Internet services",2024,3.0,3,True,investment,False
Cyprus,"Mobile, platforms & Internet services",2025,18.0,19,False,investment,False
Cyprus,NLP,2015,1.0,1,True,investment,False
Cyprus,NLP,2020,20.0,20,True,investment,False
Cyprus,NLP,2022,1.0,1,True,investment,False
Cyprus,NLP,2025,,1,False,investment,False
Cyprus,Other,2021,17.0,18,True,investment,False
Cyprus,Other,2022,1.0,1,True,investment,False
Cyprus,Other,2023,0.0,1,True,investment,False
Cyprus,Other,2024,0.0,0,True,investment,False
Cyprus,Professional services,2023,0.0,0,True,investment,False
Cyprus,Professional services,2024,0.0,0,True,investment,False
Cyprus,Real estate,2024,1.0,1,True,investment,False
Cyprus,"Sales, retail, commerce, marketing",2015,1.0,1,True,investment,False
Cyprus,"Sales, retail, commerce, marketing",2018,1.0,1,True,investment,False
Cyprus,"Sales, retail, commerce, marketing",2019,2.0,2,True,investment,False
Cyprus,"Sales, retail, commerce, marketing",2020,1.0,1,True,investment,False
Cyprus,"Sales, retail, commerce, marketing",2021,17.0,17,True,investment,False
Cyprus,"Sales, retail, commerce, marketing",2022,1.0,1,True,investment,False
Cyprus,"Sales, retail, commerce, marketing",2023,,1,True,investment,False
Cyprus,"Sales, retail, commerce, marketing",2025,,34,False,investment,False
Cyprus,Software,2015,2.0,2,True,investment,False
Cyprus,Software,2016,1.0,1,True,investment,False
Cyprus,Software,2017,1.0,1,True,investment,False
Cyprus,Software,2018,2.0,3,True,investment,False
Cyprus,Software,2019,2.0,3,True,investment,False
Cyprus,Software,2020,25.0,27,True,investment,False
Cyprus,Software,2021,24.0,27,True,investment,False
Cyprus,Software,2022,4.0,5,True,investment,False
Cyprus,Software,2023,1.0,2,True,investment,False
Cyprus,Software,2024,37.0,37,True,investment,False
Cyprus,Software,2025,18.0,51,False,investment,False
Cyprus,Sports,2018,1.0,1,True,investment,False
Cyprus,Sports,2019,1.0,1,True,investment,False
Cyprus,Sports,2020,2.0,4,True,investment,False
Cyprus,Sports,2025,18.0,18,False,investment,False
Cyprus,Telecommunications,2021,,1,True,investment,False
Czechia,All,2015,,2,True,investment,False
Czechia,All,2016,2.0,3,True,investment,False
Czechia,All,2017,8.0,49,True,investment,False
Czechia,All,2018,3.0,5,True,investment,False
Czechia,All,2019,27.0,45,True,investment,False
Czechia,All,2020,18.0,56,True,investment,False
Czechia,All,2021,158.0,179,True,investment,False
Czechia,All,2022,158.0,210,True,investment,False
Czechia,All,2023,39.0,102,True,investment,False
Czechia,All,2024,17.0,50,True,investment,False
Czechia,All,2025,89.0,152,False,investment,False
Czechia,Biotechnology,2024,0.0,0,True,investment,False
Czechia,Community and Lifestyle,2017,1.0,1,True,investment,False
Czechia,Community and Lifestyle,2018,0.0,0,True,investment,False
Czechia,Community and Lifestyle,2019,1.0,1,True,investment,False
Czechia,Community and Lifestyle,2021,1.0,1,True,investment,False
Czechia,Community and Lifestyle,2022,3.0,20,True,investment,False
Czechia,Community and Lifestyle,2023,0.0,0,True,investment,False
Czechia,Consumer goods,2016,1.0,1,True,investment,False
Czechia,Consumer goods,2017,1.0,1,True,investment,False
Czechia,Consumer goods,2019,1.0,1,True,investment,False
Czechia,Consumer goods,2020,1.0,1,True,investment,False
Czechia,Consumer goods,2021,,18,True,investment,False
Czechia,Consumer goods,2022,,0,True,investment,False
Czechia,Consumer goods,2023,1.0,1,True,investment,False
Czechia,Cyber Security,2016,0.0,1,True,investment,False
Czechia,Cyber Security,2017,1.0,2,True,investment,False
Czechia,Cyber Security,2020,0.0,0,True,investment,False
Czechia,Cyber Security,2021,3.0,3,True,investment,False
Czechia,Cyber Security,2023,5.0,5,True,investment,False
Czechia,Cyber Security,2025,16.0,16,False,investment,False
Czechia,Data and analytics,2015,,1,True,investment,False
Czechia,Data and analytics,2016,1.0,3,True,investment,False
Czechia,Data and analytics,2017,4.0,45,True,investment,False
Czechia,Data and analytics,2018,2.0,4,True,investment,False
Czechia,Data and analytics,2019,14.0,23,True,investment,False
Czechia,Data and analytics,2020,8.0,47,True,investment,False
Czechia,Data and analytics,2021,34.0,53,True,investment,False
Czechia,Data and analytics,2022,27.0,43,True,investment,False
Czechia,Data and analytics,2023,18.0,76,True,investment,False
Czechia,Data and analytics,2024,12.0,27,True,investment,False
Czechia,Data and analytics,2025,57.0,97,False,investment,False
Czechia,Education,2022,3.0,3,True,investment,False
Czechia,Energy and natural resources,2021,1.0,2,True,investment,False
Czechia,Finance,2016,0.0,1,True,investment,False
Czechia,Finance,2017,2.0,3,True,investment,False
Czechia,Finance,2019,,9,True,investment,False
Czechia,Finance,2020,1.0,1,True,investment,False
Czechia,Finance,2021,10.0,10,True,investment,False
Czechia,Finance,2022,1.0,18,True,investment,False
Czechia,Finance,2023,13.0,13,True,investment,False
Czechia,Finance,2024,0.0,0,True,investment,False
Czechia,Finance,2025,55.0,56,False,investment,False
Czechia,Gaming,2020,1.0,1,True,investment,False
Czechia,Gaming,2021,2.0,2,True,investment,False
Czechia,Gaming,2022,2.0,2,True,investment,False
Czechia,General purpose,2015,,1,True,investment,False
Czechia,General purpose,2016,1.0,2,True,investment,False
Czechia,General purpose,2017,4.0,45,True,investment,False
Czechia,General purpose,2018,2.0,4,True,investment,False
Czechia,General purpose,2019,15.0,24,True,investment,False
Czechia,General purpose,2020,6.0,27,True,investment,False
Czechia,General purpose,2021,33.0,52,True,investment,False
Czechia,General purpose,2022,60.0,76,True,investment,False
Czechia,General purpose,2023,18.0,37,True,investment,False
Czechia,General purpose,2024,12.0,27,True,investment,False
Czechia,General purpose,2025,58.0,97,False,investment,False
Czechia,Hardware,2016,1.0,1,True,investment,False
Czechia,Hardware,2018,0.0,0,True,investment,False
Czechia,Hardware,2019,3.0,12,True,investment,False
Czechia,Hardware,2020,2.0,19,True,investment,False
Czechia,Hardware,2021,2.0,20,True,investment,False
Czechia,Hardware,2022,19.0,19,True,investment,False
Czechia,Hardware,2023,1.0,1,True,investment,False
Czechia,Hardware,2024,1.0,1,True,investment,False
Czechia,Hardware,2025,,18,False,investment,False
Czechia,Healthcare and Life Sciences,2017,1.0,1,True,investment,False
Czechia,Healthcare and Life Sciences,2019,0.0,0,True,investment,False
Czechia,Healthcare and Life Sciences,2020,1.0,1,True,investment,False
Czechia,Healthcare and Life Sciences,2021,2.0,4,True,investment,False
Czechia,Healthcare and Life Sciences,2022,3.0,21,True,investment,False
Czechia,Healthcare and Life Sciences,2023,1.0,3,True,investment,False
Czechia,Healthcare and Life Sciences,2024,0.0,8,True,investment,False
Czechia,Healthcare and Life Sciences,2025,0.0,36,False,investment,False
Czechia,Information Technology,2016,2.0,2,True,investment,False
Czechia,Information Technology,2017,3.0,44,True,investment,False
Czechia,Information Technology,2018,2.0,4,True,investment,False
Czechia,Information Technology,2019,13.0,30,True,investment,False
Czechia,Information Technology,2020,5.0,41,True,investment,False
Czechia,Information Technology,2021,22.0,22,True,investment,False
Czechia,Information Technology,2022,59.0,92,True,investment,False
Czechia,Information Technology,2023,9.0,27,True,investment,False
Czechia,Information Technology,2024,8.0,26,True,investment,False
Czechia,Information Technology,2025,16.0,53,False,investment,False
Czechia,Lending and Investments,2016,0.0,1,True,investment,False
Czechia,Lending and Investments,2017,1.0,2,True,investment,False
Czechia,Lending and Investments,2020,1.0,1,True,investment,False
Czechia,Lending and Investments,2021,7.0,7,True,investment,False
Czechia,Lending and Investments,2023,11.0,11,True,investment,False
Czechia,Lending and Investments,2025,22.0,23,False,investment,False
Czechia,Manufacturing,2020,,1,True,investment,False
Czechia,Manufacturing,2021,,1,True,investment,False
Czechia,Manufacturing,2022,0.0,0,True,investment,False
Czechia,Manufacturing,2023,1.0,1,True,investment,False
Czechia,Manufacturing,2024,1.0,1,True,investment,False
Czechia,Manufacturing,2025,0.0,6,False,investment,False
Czechia,Media and Entertainment,2018,0.0,0,True,investment,False
Czechia,Media and Entertainment,2019,1.0,1,True,investment,False
Czechia,Media and Entertainment,2021,3.0,4,True,investment,False
Czechia,Media and Entertainment,2022,39.0,39,True,investment,False
Czechia,Media and Entertainment,2023,1.0,1,True,investment,False
Czechia,Media and Entertainment,2025,0.0,0,False,investment,False
Czechia,"Military, public safety and government",2016,1.0,1,True,investment,False
Czechia,"Mobile, platforms & Internet services",2016,0.0,0,True,investment,False
Czechia,"Mobile, platforms & Internet services",2017,2.0,41,True,investment,False
Czechia,"Mobile, platforms & Internet services",2018,,2,True,investment,False
Czechia,"Mobile, platforms & Internet services",2019,1.0,1,True,investment,False
Czechia,"Mobile, platforms & Internet services",2020,4.0,21,True,investment,False
Czechia,"Mobile, platforms & Internet services",2021,1.0,2,True,investment,False
Czechia,"Mobile, platforms & Internet services",2022,5.0,39,True,investment,False
Czechia,"Mobile, platforms & Internet services",2023,4.0,21,True,investment,False
Czechia,"Mobile, platforms & Internet services",2024,0.0,19,True,investment,False
Czechia,"Mobile, platforms & Internet services",2025,1.0,2,False,investment,False
Czechia,NLP,2018,1.0,1,True,investment,False
Czechia,NLP,2019,,0,True,investment,False
Czechia,NLP,2021,1.0,1,True,investment,False
Czechia,NLP,2022,1.0,1,True,investment,False
Czechia,NLP,2023,0.0,0,True,investment,False
Czechia,NLP,2024,1.0,1,True,investment,False
Czechia,Other,2016,1.0,2,True,investment,False
Czechia,Other,2017,0.0,0,True,investment,False
Czechia,Other,2018,1.0,1,True,investment,False
Czechia,Other,2019,0.0,0,True,investment,False
Czechia,Other,2020,4.0,5,True,investment,False
Czechia,Other,2021,3.0,5,True,investment,False
Czechia,Other,2022,1.0,1,True,investment,False
Czechia,Other,2023,1.0,1,True,investment,False
Czechia,Other,2024,1.0,19,True,investment,False
Czechia,Other,2025,1.0,1,False,investment,False
Czechia,Privacy and Security,2016,1.0,2,True,investment,False
Czechia,Privacy and Security,2017,1.0,2,True,investment,False
Czechia,Privacy and Security,2020,1.0,18,True,investment,False
Czechia,Privacy and Security,2021,7.0,7,True,investment,False
Czechia,Privacy and Security,2023,11.0,11,True,investment,False
Czechia,Privacy and Security,2025,22.0,23,False,investment,False
Czechia,Professional services,2016,0.0,0,True,investment,False
Czechia,Professional services,2017,,39,True,investment,False
Czechia,Professional services,2018,1.0,1,True,investment,False
Czechia,Professional services,2020,2.0,22,True,investment,False
Czechia,Professional services,2021,2.0,2,True,investment,False
Czechia,Professional services,2022,18.0,36,True,investment,False
Czechia,Professional services,2023,4.0,60,True,investment,False
Czechia,Professional services,2024,0.0,18,True,investment,False
Czechia,Professional services,2025,1.0,19,False,investment,False
Czechia,Real estate,2017,1.0,1,True,investment,False
Czechia,Real estate,2019,1.0,1,True,investment,False
Czechia,Real estate,2021,0.0,0,True,investment,False
Czechia,Robotics,2019,2.0,10,True,investment,False
Czechia,Robotics,2020,0.0,0,True,investment,False
Czechia,Robotics,2021,1.0,1,True,investment,False
Czechia,Robotics,2022,1.0,1,True,investment,False
Czechia,"Sales, retail, commerce, marketing",2015,,1,True,investment,False
Czechia,"Sales, retail, commerce, marketing",2016,0.0,1,True,investment,False
Czechia,"Sales, retail, commerce, marketing",2017,1.0,1,True,investment,False
Czechia,"Sales, retail, commerce, marketing",2018,1.0,1,True,investment,False
Czechia,"Sales, retail, commerce, marketing",2019,2.0,10,True,investment,False
Czechia,"Sales, retail, commerce, marketing",2020,4.0,4,True,investment,False
Czechia,"Sales, retail, commerce, marketing",2021,3.0,4,True,investment,False
Czechia,"Sales, retail, commerce, marketing",2022,56.0,57,True,investment,False
Czechia,"Sales, retail, commerce, marketing",2023,1.0,1,True,investment,False
Czechia,"Sales, retail, commerce, marketing",2024,,25,True,investment,False
Czechia,"Sales, retail, commerce, marketing",2025,1.0,19,False,investment,False
Czechia,Software,2015,,1,True,investment,False
Czechia,Software,2016,2.0,3,True,investment,False
Czechia,Software,2017,4.0,45,True,investment,False
Czechia,Software,2018,2.0,4,True,investment,False
Czechia,Software,2019,15.0,32,True,investment,False
Czechia,Software,2020,10.0,31,True,investment,False
Czechia,Software,2021,35.0,56,True,investment,False
Czechia,Software,2022,86.0,120,True,investment,False
Czechia,Software,2023,20.0,79,True,investment,False
Czechia,Software,2024,12.0,45,True,investment,False
Czechia,Software,2025,58.0,103,False,investment,False
Czechia,Sports,2020,1.0,1,True,investment,False
Czechia,Sports,2021,2.0,2,True,investment,False
Czechia,Sports,2022,4.0,4,True,investment,False
Czechia,Telecommunications,2016,0.0,0,True,investment,False
Czechia,Telecommunications,2020,2.0,2,True,investment,False
Czechia,Telecommunications,2024,,18,True,investment,False
Czechia,Transportation,2017,0.0,0,True,investment,False
Czechia,Transportation,2020,1.0,1,True,investment,False
Czechia,Transportation,2021,1.0,1,True,investment,False
Czechia,Transportation,2022,17.0,17,True,investment,False
Czechia,Transportation,2024,0.0,6,True,investment,False
Czechia,Transportation,2025,1.0,1,False,investment,False
Côte d'Ivoire,All,2022,0.0,0,True,investment,False
Côte d'Ivoire,All,2023,0.0,0,True,investment,False
Côte d'Ivoire,All,2024,1.0,1,True,investment,False
Côte d'Ivoire,Data and analytics,2023,0.0,0,True,investment,False
Côte d'Ivoire,Data and analytics,2024,0.0,0,True,investment,False
Côte d'Ivoire,Finance,2022,0.0,0,True,investment,False
Côte d'Ivoire,Finance,2023,0.0,0,True,investment,False
Côte d'Ivoire,Finance,2024,0.0,0,True,investment,False
Côte d'Ivoire,General purpose,2023,0.0,0,True,investment,False
Côte d'Ivoire,General purpose,2024,0.0,0,True,investment,False
Côte d'Ivoire,Healthcare and Life Sciences,2022,0.0,0,True,investment,False
Côte d'Ivoire,Healthcare and Life Sciences,2023,0.0,0,True,investment,False
Côte d'Ivoire,Healthcare and Life Sciences,2024,0.0,0,True,investment,False
Côte d'Ivoire,Information Technology,2024,0.0,0,True,investment,False
Côte d'Ivoire,Privacy and Security,2024,0.0,0,True,investment,False
Côte d'Ivoire,Software,2023,0.0,0,True,investment,False
Côte d'Ivoire,Software,2024,0.0,0,True,investment,False
Denmark,Agriculture,2020,0.0,0,True,investment,False
Denmark,Agriculture,2021,2.0,2,True,investment,False
Denmark,Agriculture,2022,9.0,9,True,investment,False
Denmark,Agriculture,2023,7.0,7,True,investment,False
Denmark,Agriculture,2024,2.0,6,True,investment,False
Denmark,Agriculture,2025,1.0,1,False,investment,False
Denmark,All,2015,13.0,25,True,investment,False
Denmark,All,2016,20.0,25,True,investment,False
Denmark,All,2017,36.0,73,True,investment,False
Denmark,All,2018,193.0,674,True,investment,False
Denmark,All,2019,54.0,57,True,investment,False
Denmark,All,2020,78.0,261,True,investment,False
Denmark,All,2021,178.0,366,True,investment,False
Denmark,All,2022,129.0,320,True,investment,False
Denmark,All,2023,178.0,377,True,investment,False
Denmark,All,2024,132.0,835,True,investment,False
Denmark,All,2025,153.0,669,False,investment,False
Denmark,Biotechnology,2016,0.0,0,True,investment,False
Denmark,Biotechnology,2018,1.0,1,True,investment,False
Denmark,Biotechnology,2019,0.0,0,True,investment,False
Denmark,Biotechnology,2020,2.0,2,True,investment,False
Denmark,Biotechnology,2021,0.0,0,True,investment,False
Denmark,Biotechnology,2022,2.0,10,True,investment,False
Denmark,Biotechnology,2023,7.0,40,True,investment,False
Denmark,Biotechnology,2024,5.0,7,True,investment,False
Denmark,Biotechnology,2025,1.0,1,False,investment,False
Denmark,Community and Lifestyle,2017,,0,True,investment,False
Denmark,Community and Lifestyle,2018,,3,True,investment,False
Denmark,Community and Lifestyle,2019,0.0,0,True,investment,False
Denmark,Community and Lifestyle,2020,2.0,5,True,investment,False
Denmark,Community and Lifestyle,2021,,2,True,investment,False
Denmark,Community and Lifestyle,2022,0.0,0,True,investment,False
Denmark,Community and Lifestyle,2023,0.0,0,True,investment,False
Denmark,Community and Lifestyle,2024,0.0,0,True,investment,False
Denmark,Community and Lifestyle,2025,1.0,1,False,investment,False
Denmark,Computer Vision,2019,0.0,0,True,investment,False
Denmark,Computer Vision,2020,0.0,0,True,investment,False
Denmark,Computer Vision,2021,1.0,1,True,investment,False
Denmark,Computer Vision,2022,0.0,0,True,investment,False
Denmark,Computer Vision,2023,2.0,2,True,investment,False
Denmark,Computer Vision,2024,,4,True,investment,False
Denmark,Consumer goods,2015,2.0,2,True,investment,False
Denmark,Consumer goods,2016,,3,True,investment,False
Denmark,Consumer goods,2017,,1,True,investment,False
Denmark,Consumer goods,2018,,1,True,investment,False
Denmark,Consumer goods,2019,1.0,1,True,investment,False
Denmark,Consumer goods,2020,1.0,1,True,investment,False
Denmark,Consumer goods,2021,0.0,1,True,investment,False
Denmark,Consumer goods,2022,1.0,90,True,investment,False
Denmark,Cyber Security,2019,,0,True,investment,False
Denmark,Cyber Security,2022,1.0,1,True,investment,False
Denmark,Cyber Security,2023,0.0,33,True,investment,False
Denmark,Cyber Security,2024,1.0,78,True,investment,False
Denmark,Data and analytics,2015,6.0,9,True,investment,False
Denmark,Data and analytics,2016,8.0,11,True,investment,False
Denmark,Data and analytics,2017,33.0,50,True,investment,False
Denmark,Data and analytics,2018,16.0,495,True,investment,False
Denmark,Data and analytics,2019,27.0,27,True,investment,False
Denmark,Data and analytics,2020,34.0,217,True,investment,False
Denmark,Data and analytics,2021,46.0,230,True,investment,False
Denmark,Data and analytics,2022,73.0,171,True,investment,False
Denmark,Data and analytics,2023,43.0,147,True,investment,False
Denmark,Data and analytics,2024,64.0,673,True,investment,False
Denmark,Data and analytics,2025,39.0,462,False,investment,False
Denmark,Education,2015,2.0,2,True,investment,False
Denmark,Education,2016,2.0,3,True,investment,False
Denmark,Education,2017,,1,True,investment,False
Denmark,Education,2019,1.0,1,True,investment,False
Denmark,Education,2020,,82,True,investment,False
Denmark,Education,2022,1.0,1,True,investment,False
Denmark,Education,2023,10.0,10,True,investment,False
Denmark,Education,2024,1.0,1,True,investment,False
Denmark,Energy and natural resources,2020,2.0,2,True,investment,False
Denmark,Energy and natural resources,2021,4.0,5,True,investment,False
Denmark,Energy and natural resources,2022,10.0,10,True,investment,False
Denmark,Energy and natural resources,2023,8.0,10,True,investment,False
Denmark,Energy and natural resources,2024,,89,True,investment,False
Denmark,Energy and natural resources,2025,1.0,6,False,investment,False
Denmark,Finance,2016,,1,True,investment,False
Denmark,Finance,2017,,20,True,investment,False
Denmark,Finance,2018,,1,True,investment,False
Denmark,Finance,2021,1.0,1,True,investment,False
Denmark,Finance,2022,,92,True,investment,False
Denmark,Finance,2023,9.0,10,True,investment,False
Denmark,Finance,2024,2.0,2,True,investment,False
Denmark,Finance,2025,2.0,141,False,investment,False
Denmark,Gaming,2019,,0,True,investment,False
Denmark,Gaming,2020,0.0,0,True,investment,False
Denmark,Gaming,2022,2.0,2,True,investment,False
Denmark,Gaming,2023,0.0,0,True,investment,False
Denmark,Gaming,2024,0.0,0,True,investment,False
Denmark,General purpose,2015,6.0,8,True,investment,False
Denmark,General purpose,2016,5.0,9,True,investment,False
Denmark,General purpose,2017,33.0,35,True,investment,False
Denmark,General purpose,2018,164.0,636,True,investment,False
Denmark,General purpose,2019,27.0,30,True,investment,False
Denmark,General purpose,2020,31.0,129,True,investment,False
Denmark,General purpose,2021,46.0,227,True,investment,False
Denmark,General purpose,2022,72.0,172,True,investment,False
Denmark,General purpose,2023,39.0,143,True,investment,False
Denmark,General purpose,2024,59.0,580,True,investment,False
Denmark,General purpose,2025,35.0,320,False,investment,False
Denmark,Hardware,2015,2.0,2,True,investment,False
Denmark,Hardware,2016,0.0,3,True,investment,False
Denmark,Hardware,2017,,1,True,investment,False
Denmark,Hardware,2018,154.0,155,True,investment,False
Denmark,Hardware,2019,16.0,19,True,investment,False
Denmark,Hardware,2020,4.0,4,True,investment,False
Denmark,Hardware,2021,2.0,2,True,investment,False
Denmark,Hardware,2022,53.0,146,True,investment,False
Denmark,Hardware,2023,3.0,8,True,investment,False
Denmark,Hardware,2024,3.0,7,True,investment,False
Denmark,Hardware,2025,1.0,90,False,investment,False
Denmark,Healthcare and Life Sciences,2015,0.0,0,True,investment,False
Denmark,Healthcare and Life Sciences,2016,0.0,0,True,investment,False
Denmark,Healthcare and Life Sciences,2018,3.0,5,True,investment,False
Denmark,Healthcare and Life Sciences,2019,1.0,1,True,investment,False
Denmark,Healthcare and Life Sciences,2020,8.0,9,True,investment,False
Denmark,Healthcare and Life Sciences,2021,6.0,6,True,investment,False
Denmark,Healthcare and Life Sciences,2022,1.0,5,True,investment,False
Denmark,Healthcare and Life Sciences,2023,15.0,48,True,investment,False
Denmark,Healthcare and Life Sciences,2024,9.0,11,True,investment,False
Denmark,Healthcare and Life Sciences,2025,8.0,8,False,investment,False
Denmark,Information Technology,2016,4.0,4,True,investment,False
Denmark,Information Technology,2017,0.0,0,True,investment,False
Denmark,Information Technology,2018,3.0,477,True,investment,False
Denmark,Information Technology,2019,11.0,12,True,investment,False
Denmark,Information Technology,2020,23.0,112,True,investment,False
Denmark,Information Technology,2021,28.0,118,True,investment,False
Denmark,Information Technology,2022,6.0,9,True,investment,False
Denmark,Information Technology,2023,14.0,80,True,investment,False
Denmark,Information Technology,2024,9.0,252,True,investment,False
Denmark,Information Technology,2025,14.0,14,False,investment,False
Denmark,Lending and Investments,2017,,20,True,investment,False
Denmark,Lending and Investments,2023,,0,True,investment,False
Denmark,Manufacturing,2015,3.0,3,True,investment,False
Denmark,Manufacturing,2016,0.0,0,True,investment,False
Denmark,Manufacturing,2017,1.0,2,True,investment,False
Denmark,Manufacturing,2018,154.0,154,True,investment,False
Denmark,Manufacturing,2019,14.0,14,True,investment,False
Denmark,Manufacturing,2020,,0,True,investment,False
Denmark,Manufacturing,2021,0.0,1,True,investment,False
Denmark,Manufacturing,2022,51.0,51,True,investment,False
Denmark,Manufacturing,2023,1.0,1,True,investment,False
Denmark,Manufacturing,2024,3.0,92,True,investment,False
Denmark,Manufacturing,2025,1.0,1,False,investment,False
Denmark,Media and Entertainment,2015,2.0,13,True,investment,False
Denmark,Media and Entertainment,2016,,1,True,investment,False
Denmark,Media and Entertainment,2017,31.0,31,True,investment,False
Denmark,Media and Entertainment,2018,,470,True,investment,False
Denmark,Media and Entertainment,2019,1.0,1,True,investment,False
Denmark,Media and Entertainment,2022,1.0,1,True,investment,False
Denmark,Media and Entertainment,2023,0.0,0,True,investment,False
Denmark,Media and Entertainment,2024,0.0,0,True,investment,False
Denmark,"Mobile, platforms & Internet services",2015,2.0,10,True,investment,False
Denmark,"Mobile, platforms & Internet services",2016,2.0,4,True,investment,False
Denmark,"Mobile, platforms & Internet services",2018,148.0,151,True,investment,False
Denmark,"Mobile, platforms & Internet services",2019,1.0,1,True,investment,False
Denmark,"Mobile, platforms & Internet services",2020,3.0,88,True,investment,False
Denmark,"Mobile, platforms & Internet services",2021,1.0,4,True,investment,False
Denmark,"Mobile, platforms & Internet services",2022,4.0,7,True,investment,False
Denmark,"Mobile, platforms & Internet services",2023,7.0,7,True,investment,False
Denmark,"Mobile, platforms & Internet services",2024,5.0,5,True,investment,False
Denmark,"Mobile, platforms & Internet services",2025,14.0,17,False,investment,False
Denmark,NLP,2016,2.0,2,True,investment,False
Denmark,NLP,2017,0.0,15,True,investment,False
Denmark,NLP,2019,0.0,0,True,investment,False
Denmark,NLP,2020,,82,True,investment,False
Denmark,Other,2015,,8,True,investment,False
Denmark,Other,2016,1.0,1,True,investment,False
Denmark,Other,2017,0.0,0,True,investment,False
Denmark,Other,2018,1.0,1,True,investment,False
Denmark,Other,2019,7.0,7,True,investment,False
Denmark,Other,2020,15.0,16,True,investment,False
Denmark,Other,2021,31.0,31,True,investment,False
Denmark,Other,2022,10.0,10,True,investment,False
Denmark,Other,2023,2.0,124,True,investment,False
Denmark,Other,2024,5.0,272,True,investment,False
Denmark,Other,2025,16.0,158,False,investment,False
Denmark,Privacy and Security,2019,,0,True,investment,False
Denmark,Privacy and Security,2022,1.0,1,True,investment,False
Denmark,Privacy and Security,2023,0.0,33,True,investment,False
Denmark,Privacy and Security,2024,1.0,78,True,investment,False
Denmark,Professional services,2015,,9,True,investment,False
Denmark,Professional services,2016,1.0,1,True,investment,False
Denmark,Professional services,2018,1.0,2,True,investment,False
Denmark,Professional services,2019,7.0,7,True,investment,False
Denmark,Professional services,2020,14.0,14,True,investment,False
Denmark,Professional services,2021,32.0,32,True,investment,False
Denmark,Professional services,2023,6.0,95,True,investment,False
Denmark,Professional services,2024,3.0,181,True,investment,False
Denmark,Professional services,2025,11.0,153,False,investment,False
Denmark,Real estate,2019,,3,True,investment,False
Denmark,Real estate,2021,,89,True,investment,False
Denmark,Real estate,2022,1.0,1,True,investment,False
Denmark,Real estate,2024,2.0,2,True,investment,False
Denmark,Robotics,2016,0.0,1,True,investment,False
Denmark,Robotics,2017,,1,True,investment,False
Denmark,Robotics,2018,6.0,6,True,investment,False
Denmark,Robotics,2019,15.0,15,True,investment,False
Denmark,Robotics,2020,1.0,1,True,investment,False
Denmark,Robotics,2021,0.0,1,True,investment,False
Denmark,Robotics,2022,51.0,54,True,investment,False
Denmark,Robotics,2023,1.0,4,True,investment,False
Denmark,Robotics,2024,3.0,7,True,investment,False
Denmark,Robotics,2025,1.0,1,False,investment,False
Denmark,"Sales, retail, commerce, marketing",2015,3.0,3,True,investment,False
Denmark,"Sales, retail, commerce, marketing",2016,4.0,6,True,investment,False
Denmark,"Sales, retail, commerce, marketing",2017,0.0,0,True,investment,False
Denmark,"Sales, retail, commerce, marketing",2018,5.0,5,True,investment,False
Denmark,"Sales, retail, commerce, marketing",2019,7.0,7,True,investment,False
Denmark,"Sales, retail, commerce, marketing",2020,17.0,24,True,investment,False
Denmark,"Sales, retail, commerce, marketing",2021,27.0,29,True,investment,False
Denmark,"Sales, retail, commerce, marketing",2022,4.0,93,True,investment,False
Denmark,"Sales, retail, commerce, marketing",2023,0.0,0,True,investment,False
Denmark,"Sales, retail, commerce, marketing",2024,5.0,5,True,investment,False
Denmark,Semiconductor,2024,0.0,0,True,investment,False
Denmark,Software,2015,5.0,8,True,investment,False
Denmark,Software,2016,7.0,13,True,investment,False
Denmark,Software,2017,32.0,49,True,investment,False
Denmark,Software,2018,164.0,640,True,investment,False
Denmark,Software,2019,28.0,31,True,investment,False
Denmark,Software,2020,35.0,218,True,investment,False
Denmark,Software,2021,48.0,232,True,investment,False
Denmark,Software,2022,75.0,263,True,investment,False
Denmark,Software,2023,42.0,146,True,investment,False
Denmark,Software,2024,68.0,587,True,investment,False
Denmark,Software,2025,39.0,555,False,investment,False
Denmark,Speech Recognition,2016,,0,True,investment,False
Denmark,Speech Recognition,2018,2.0,2,True,investment,False
Denmark,Speech Recognition,2020,2.0,2,True,investment,False
Denmark,Speech Recognition,2021,10.0,10,True,investment,False
Denmark,Speech Recognition,2023,12.0,12,True,investment,False
Denmark,Speech Recognition,2024,,89,True,investment,False
Denmark,Sports,2015,2.0,4,True,investment,False
Denmark,Sports,2016,,1,True,investment,False
Denmark,Sports,2019,1.0,1,True,investment,False
Denmark,Sports,2021,,0,True,investment,False
Denmark,Sports,2022,1.0,1,True,investment,False
Denmark,Transportation,2016,0.0,0,True,investment,False
Denmark,Transportation,2017,0.0,0,True,investment,False
Denmark,Transportation,2020,2.0,2,True,investment,False
Denmark,Transportation,2023,2.0,91,True,investment,False
Denmark,Transportation,2024,3.0,92,True,investment,False
Denmark,Transportation,2025,1.0,139,False,investment,False
Dominican Republic,All,2020,0.0,0,True,investment,False
Dominican Republic,All,2021,0.0,0,True,investment,False
Dominican Republic,All,2022,0.0,0,True,investment,False
Dominican Republic,All,2023,2.0,2,True,investment,False
Dominican Republic,All,2024,0.0,0,True,investment,False
Dominican Republic,Data and analytics,2020,0.0,0,True,investment,False
Dominican Republic,Data and analytics,2021,0.0,0,True,investment,False
Dominican Republic,Data and analytics,2022,0.0,0,True,investment,False
Dominican Republic,Data and analytics,2024,0.0,0,True,investment,False
Dominican Republic,Finance,2021,0.0,0,True,investment,False
Dominican Republic,Finance,2024,0.0,0,True,investment,False
Dominican Republic,General purpose,2020,0.0,0,True,investment,False
Dominican Republic,General purpose,2021,0.0,0,True,investment,False
Dominican Republic,General purpose,2022,0.0,0,True,investment,False
Dominican Republic,General purpose,2024,0.0,0,True,investment,False
Dominican Republic,Information Technology,2021,0.0,0,True,investment,False
Dominican Republic,Information Technology,2024,0.0,0,True,investment,False
Dominican Republic,NLP,2021,0.0,0,True,investment,False
Dominican Republic,NLP,2024,0.0,0,True,investment,False
Dominican Republic,Professional services,2021,0.0,0,True,investment,False
Dominican Republic,Professional services,2024,0.0,0,True,investment,False
Dominican Republic,Software,2020,0.0,0,True,investment,False
Dominican Republic,Software,2021,0.0,0,True,investment,False
Dominican Republic,Software,2022,0.0,0,True,investment,False
Dominican Republic,Software,2024,0.0,0,True,investment,False
Dominican Republic,Transportation,2023,2.0,2,True,investment,False
Ecuador,All,2017,,0,True,investment,False
Ecuador,All,2021,0.0,0,True,investment,False
Ecuador,All,2024,,0,True,investment,False
Ecuador,Data and analytics,2017,,0,True,investment,False
Ecuador,Data and analytics,2024,,0,True,investment,False
Ecuador,Finance,2017,,0,True,investment,False
Ecuador,General purpose,2017,,0,True,investment,False
Ecuador,General purpose,2024,,0,True,investment,False
Ecuador,Information Technology,2021,0.0,0,True,investment,False
Ecuador,Manufacturing,2021,0.0,0,True,investment,False
Ecuador,Media and Entertainment,2021,0.0,0,True,investment,False
Ecuador,"Mobile, platforms & Internet services",2021,0.0,0,True,investment,False
Ecuador,Other,2021,0.0,0,True,investment,False
Ecuador,Professional services,2021,0.0,0,True,investment,False
Ecuador,"Sales, retail, commerce, marketing",2017,,0,True,investment,False
Ecuador,"Sales, retail, commerce, marketing",2021,0.0,0,True,investment,False
Ecuador,Software,2017,,0,True,investment,False
Ecuador,Software,2021,0.0,0,True,investment,False
Ecuador,Software,2024,,0,True,investment,False
Ecuador,Transportation,2021,0.0,0,True,investment,False
Egypt,Agriculture,2021,0.0,0,True,investment,False
Egypt,Agriculture,2022,,0,True,investment,False
Egypt,Agriculture,2023,0.0,0,True,investment,False
Egypt,Agriculture,2024,,0,True,investment,False
Egypt,Agriculture,2025,,0,False,investment,False
Egypt,All,2016,0.0,0,True,investment,False
Egypt,All,2017,0.0,0,True,investment,False
Egypt,All,2018,0.0,0,True,investment,False
Egypt,All,2019,2.0,2,True,investment,False
Egypt,All,2020,0.0,1,True,investment,False
Egypt,All,2021,35.0,37,True,investment,False
Egypt,All,2022,12.0,13,True,investment,False
Egypt,All,2023,9.0,9,True,investment,False
Egypt,All,2024,4.0,18,True,investment,False
Egypt,All,2025,26.0,32,False,investment,False
Egypt,Community and Lifestyle,2016,0.0,0,True,investment,False
Egypt,Community and Lifestyle,2017,0.0,0,True,investment,False
Egypt,Community and Lifestyle,2018,0.0,0,True,investment,False
Egypt,Community and Lifestyle,2019,0.0,0,True,investment,False
Egypt,Community and Lifestyle,2020,0.0,1,True,investment,False
Egypt,Community and Lifestyle,2021,0.0,0,True,investment,False
Egypt,Community and Lifestyle,2022,1.0,1,True,investment,False
Egypt,Community and Lifestyle,2023,1.0,1,True,investment,False
Egypt,Community and Lifestyle,2024,1.0,1,True,investment,False
Egypt,Community and Lifestyle,2025,,0,False,investment,False
Egypt,Data and analytics,2016,0.0,0,True,investment,False
Egypt,Data and analytics,2017,0.0,0,True,investment,False
Egypt,Data and analytics,2018,0.0,0,True,investment,False
Egypt,Data and analytics,2019,1.0,2,True,investment,False
Egypt,Data and analytics,2020,,1,True,investment,False
Egypt,Data and analytics,2021,1.0,2,True,investment,False
Egypt,Data and analytics,2022,2.0,3,True,investment,False
Egypt,Data and analytics,2023,2.0,2,True,investment,False
Egypt,Data and analytics,2024,1.0,7,True,investment,False
Egypt,Data and analytics,2025,8.0,11,False,investment,False
Egypt,Education,2021,0.0,0,True,investment,False
Egypt,Education,2022,1.0,1,True,investment,False
Egypt,Education,2023,1.0,1,True,investment,False
Egypt,Education,2024,0.0,0,True,investment,False
Egypt,Energy and natural resources,2024,0.0,0,True,investment,False
Egypt,Finance,2020,,0,True,investment,False
Egypt,Finance,2021,6.0,6,True,investment,False
Egypt,Finance,2022,0.0,0,True,investment,False
Egypt,Finance,2024,0.0,7,True,investment,False
Egypt,Finance,2025,,0,False,investment,False
Egypt,General purpose,2016,0.0,0,True,investment,False
Egypt,General purpose,2017,0.0,0,True,investment,False
Egypt,General purpose,2018,0.0,0,True,investment,False
Egypt,General purpose,2019,1.0,2,True,investment,False
Egypt,General purpose,2020,,1,True,investment,False
Egypt,General purpose,2021,1.0,2,True,investment,False
Egypt,General purpose,2022,2.0,3,True,investment,False
Egypt,General purpose,2023,2.0,2,True,investment,False
Egypt,General purpose,2024,1.0,6,True,investment,False
Egypt,General purpose,2025,8.0,11,False,investment,False
Egypt,Hardware,2023,0.0,0,True,investment,False
Egypt,Hardware,2024,,2,True,investment,False
Egypt,Hardware,2025,3.0,3,False,investment,False
Egypt,Healthcare and Life Sciences,2016,0.0,0,True,investment,False
Egypt,Healthcare and Life Sciences,2018,0.0,0,True,investment,False
Egypt,Healthcare and Life Sciences,2019,,0,True,investment,False
Egypt,Healthcare and Life Sciences,2021,0.0,0,True,investment,False
Egypt,Healthcare and Life Sciences,2022,1.0,1,True,investment,False
Egypt,Healthcare and Life Sciences,2023,0.0,0,True,investment,False
Egypt,Healthcare and Life Sciences,2025,,3,False,investment,False
Egypt,Information Technology,2016,0.0,0,True,investment,False
Egypt,Information Technology,2018,0.0,0,True,investment,False
Egypt,Information Technology,2019,0.0,0,True,investment,False
Egypt,Information Technology,2021,0.0,0,True,investment,False
Egypt,Information Technology,2022,0.0,0,True,investment,False
Egypt,Information Technology,2023,0.0,0,True,investment,False
Egypt,Information Technology,2025,3.0,3,False,investment,False
Egypt,Lending and Investments,2022,0.0,0,True,investment,False
Egypt,Manufacturing,2020,,0,True,investment,False
Egypt,Manufacturing,2021,0.0,0,True,investment,False
Egypt,Manufacturing,2022,0.0,0,True,investment,False
Egypt,Manufacturing,2024,0.0,0,True,investment,False
Egypt,Manufacturing,2025,0.0,0,False,investment,False
Egypt,Media and Entertainment,2020,0.0,0,True,investment,False
Egypt,"Mobile, platforms & Internet services",2018,0.0,0,True,investment,False
Egypt,"Mobile, platforms & Internet services",2021,0.0,0,True,investment,False
Egypt,"Mobile, platforms & Internet services",2022,0.0,0,True,investment,False
Egypt,"Mobile, platforms & Internet services",2024,0.0,2,True,investment,False
Egypt,"Mobile, platforms & Internet services",2025,0.0,0,False,investment,False
Egypt,NLP,2025,0.0,0,False,investment,False
Egypt,Other,2016,0.0,0,True,investment,False
Egypt,Other,2017,0.0,0,True,investment,False
Egypt,Other,2018,0.0,0,True,investment,False
Egypt,Other,2019,0.0,0,True,investment,False
Egypt,Other,2020,,1,True,investment,False
Egypt,Other,2021,6.0,6,True,investment,False
Egypt,Other,2022,0.0,1,True,investment,False
Egypt,Other,2024,1.0,4,True,investment,False
Egypt,Other,2025,3.0,3,False,investment,False
Egypt,Professional services,2016,,0,True,investment,False
Egypt,Professional services,2018,,0,True,investment,False
Egypt,Professional services,2019,0.0,0,True,investment,False
Egypt,Professional services,2020,,1,True,investment,False
Egypt,Professional services,2021,0.0,0,True,investment,False
Egypt,Professional services,2022,0.0,1,True,investment,False
Egypt,Professional services,2023,0.0,0,True,investment,False
Egypt,Professional services,2024,1.0,1,True,investment,False
Egypt,Professional services,2025,3.0,3,False,investment,False
Egypt,Real estate,2024,0.0,3,True,investment,False
Egypt,Robotics,2023,0.0,0,True,investment,False
Egypt,Robotics,2024,,2,True,investment,False
Egypt,"Sales, retail, commerce, marketing",2016,0.0,0,True,investment,False
Egypt,"Sales, retail, commerce, marketing",2017,0.0,0,True,investment,False
Egypt,"Sales, retail, commerce, marketing",2018,0.0,0,True,investment,False
Egypt,"Sales, retail, commerce, marketing",2019,0.0,0,True,investment,False
Egypt,"Sales, retail, commerce, marketing",2020,,0,True,investment,False
Egypt,"Sales, retail, commerce, marketing",2021,6.0,7,True,investment,False
Egypt,"Sales, retail, commerce, marketing",2022,1.0,1,True,investment,False
Egypt,"Sales, retail, commerce, marketing",2023,0.0,0,True,investment,False
Egypt,"Sales, retail, commerce, marketing",2024,0.0,0,True,investment,False
Egypt,"Sales, retail, commerce, marketing",2025,0.0,3,False,investment,False
Egypt,Semiconductor,2025,3.0,3,False,investment,False
Egypt,Software,2016,0.0,0,True,investment,False
Egypt,Software,2017,0.0,0,True,investment,False
Egypt,Software,2018,0.0,0,True,investment,False
Egypt,Software,2019,1.0,2,True,investment,False
Egypt,Software,2020,,1,True,investment,False
Egypt,Software,2021,6.0,8,True,investment,False
Egypt,Software,2022,2.0,4,True,investment,False
Egypt,Software,2023,3.0,3,True,investment,False
Egypt,Software,2024,1.0,7,True,investment,False
Egypt,Software,2025,8.0,11,False,investment,False
Egypt,Speech Recognition,2025,,0,False,investment,False
Egypt,Sports,2020,0.0,0,True,investment,False
Egypt,Transportation,2016,0.0,0,True,investment,False
Egypt,Transportation,2017,0.0,0,True,investment,False
Egypt,Transportation,2018,0.0,0,True,investment,False
Egypt,Transportation,2019,0.0,0,True,investment,False
Egypt,Transportation,2020,0.0,1,True,investment,False
Egypt,Transportation,2021,0.0,0,True,investment,False
Egypt,Transportation,2022,0.0,0,True,investment,False
Egypt,Transportation,2024,1.0,1,True,investment,False
Egypt,Transportation,2025,,0,False,investment,False
El Salvador,All,2020,,0,True,investment,False
El Salvador,All,2021,0.0,1,True,investment,False
El Salvador,All,2025,11.0,11,False,investment,False
El Salvador,Data and analytics,2020,,0,True,investment,False
El Salvador,Data and analytics,2021,0.0,0,True,investment,False
El Salvador,Data and analytics,2025,6.0,6,False,investment,False
El Salvador,Finance,2021,0.0,0,True,investment,False
El Salvador,General purpose,2020,,0,True,investment,False
El Salvador,General purpose,2021,0.0,0,True,investment,False
El Salvador,General purpose,2025,6.0,6,False,investment,False
El Salvador,Information Technology,2025,5.0,5,False,investment,False
El Salvador,Other,2020,,0,True,investment,False
El Salvador,Other,2021,,0,True,investment,False
El Salvador,Other,2025,1.0,1,False,investment,False
El Salvador,Professional services,2020,,0,True,investment,False
El Salvador,Professional services,2021,,0,True,investment,False
El Salvador,Professional services,2025,5.0,5,False,investment,False
El Salvador,"Sales, retail, commerce, marketing",2025,1.0,1,False,investment,False
El Salvador,Software,2020,,0,True,investment,False
El Salvador,Software,2021,0.0,0,True,investment,False
El Salvador,Software,2025,6.0,6,False,investment,False
Estonia,Agriculture,2018,0.0,0,True,investment,False
Estonia,Agriculture,2020,0.0,0,True,investment,False
Estonia,Agriculture,2022,2.0,2,True,investment,False
Estonia,Agriculture,2023,2.0,2,True,investment,False
Estonia,Agriculture,2024,3.0,3,True,investment,False
Estonia,Agriculture,2025,,8,False,investment,False
Estonia,All,2015,10.0,11,True,investment,False
Estonia,All,2016,3.0,9,True,investment,False
Estonia,All,2017,4.0,4,True,investment,False
Estonia,All,2018,12.0,25,True,investment,False
Estonia,All,2019,5.0,10,True,investment,False
Estonia,All,2020,26.0,29,True,investment,False
Estonia,All,2021,93.0,106,True,investment,False
Estonia,All,2022,137.0,164,True,investment,False
Estonia,All,2023,20.0,32,True,investment,False
Estonia,All,2024,56.0,83,True,investment,False
Estonia,All,2025,97.0,112,False,investment,False
Estonia,Biotechnology,2023,0.0,0,True,investment,False
Estonia,Biotechnology,2024,0.0,0,True,investment,False
Estonia,Biotechnology,2025,,2,False,investment,False
Estonia,Community and Lifestyle,2019,1.0,1,True,investment,False
Estonia,Community and Lifestyle,2020,0.0,0,True,investment,False
Estonia,Community and Lifestyle,2021,1.0,1,True,investment,False
Estonia,Community and Lifestyle,2022,0.0,0,True,investment,False
Estonia,Community and Lifestyle,2024,0.0,0,True,investment,False
Estonia,Computer Vision,2019,0.0,0,True,investment,False
Estonia,Computer Vision,2020,0.0,0,True,investment,False
Estonia,Computer Vision,2021,0.0,0,True,investment,False
Estonia,Computer Vision,2022,0.0,0,True,investment,False
Estonia,Computer Vision,2023,1.0,1,True,investment,False
Estonia,Computer Vision,2024,0.0,0,True,investment,False
Estonia,Consumer goods,2016,0.0,0,True,investment,False
Estonia,Consumer goods,2018,0.0,0,True,investment,False
Estonia,Consumer goods,2019,0.0,0,True,investment,False
Estonia,Consumer goods,2021,1.0,2,True,investment,False
Estonia,Consumer goods,2022,0.0,4,True,investment,False
Estonia,Consumer goods,2023,1.0,1,True,investment,False
Estonia,Consumer goods,2024,,3,True,investment,False
Estonia,Consumer goods,2025,,2,False,investment,False
Estonia,Cyber Security,2015,,0,True,investment,False
Estonia,Cyber Security,2017,,0,True,investment,False
Estonia,Cyber Security,2018,1.0,2,True,investment,False
Estonia,Cyber Security,2019,0.0,0,True,investment,False
Estonia,Cyber Security,2020,3.0,3,True,investment,False
Estonia,Cyber Security,2021,35.0,35,True,investment,False
Estonia,Cyber Security,2022,25.0,25,True,investment,False
Estonia,Cyber Security,2024,3.0,4,True,investment,False
Estonia,Cyber Security,2025,10.0,10,False,investment,False
Estonia,Data and analytics,2015,3.0,3,True,investment,False
Estonia,Data and analytics,2016,2.0,8,True,investment,False
Estonia,Data and analytics,2017,1.0,1,True,investment,False
Estonia,Data and analytics,2018,3.0,16,True,investment,False
Estonia,Data and analytics,2019,3.0,6,True,investment,False
Estonia,Data and analytics,2020,9.0,12,True,investment,False
Estonia,Data and analytics,2021,45.0,56,True,investment,False
Estonia,Data and analytics,2022,32.0,59,True,investment,False
Estonia,Data and analytics,2023,5.0,12,True,investment,False
Estonia,Data and analytics,2024,19.0,43,True,investment,False
Estonia,Data and analytics,2025,40.0,45,False,investment,False
Estonia,Education,2015,3.0,3,True,investment,False
Estonia,Education,2016,2.0,8,True,investment,False
Estonia,Education,2017,1.0,1,True,investment,False
Estonia,Education,2018,,6,True,investment,False
Estonia,Education,2020,0.0,0,True,investment,False
Estonia,Education,2021,1.0,2,True,investment,False
Estonia,Education,2022,2.0,2,True,investment,False
Estonia,Education,2024,,0,True,investment,False
Estonia,Education,2025,2.0,2,False,investment,False
Estonia,Energy and natural resources,2016,0.0,0,True,investment,False
Estonia,Energy and natural resources,2018,1.0,1,True,investment,False
Estonia,Energy and natural resources,2019,0.0,0,True,investment,False
Estonia,Energy and natural resources,2020,0.0,0,True,investment,False
Estonia,Energy and natural resources,2021,1.0,1,True,investment,False
Estonia,Energy and natural resources,2022,2.0,6,True,investment,False
Estonia,Energy and natural resources,2023,2.0,3,True,investment,False
Estonia,Energy and natural resources,2024,3.0,13,True,investment,False
Estonia,Energy and natural resources,2025,1.0,11,False,investment,False
Estonia,Finance,2015,0.0,0,True,investment,False
Estonia,Finance,2018,1.0,2,True,investment,False
Estonia,Finance,2019,0.0,1,True,investment,False
Estonia,Finance,2020,3.0,3,True,investment,False
Estonia,Finance,2021,35.0,41,True,investment,False
Estonia,Finance,2022,27.0,28,True,investment,False
Estonia,Finance,2023,0.0,0,True,investment,False
Estonia,Finance,2024,2.0,10,True,investment,False
Estonia,Finance,2025,21.0,21,False,investment,False
Estonia,Gaming,2019,0.0,0,True,investment,False
Estonia,Gaming,2020,0.0,0,True,investment,False
Estonia,Gaming,2021,,5,True,investment,False
Estonia,Gaming,2022,1.0,1,True,investment,False
Estonia,Gaming,2023,0.0,1,True,investment,False
Estonia,Gaming,2024,0.0,0,True,investment,False
Estonia,General purpose,2015,3.0,3,True,investment,False
Estonia,General purpose,2016,2.0,8,True,investment,False
Estonia,General purpose,2017,1.0,1,True,investment,False
Estonia,General purpose,2018,3.0,16,True,investment,False
Estonia,General purpose,2019,3.0,6,True,investment,False
Estonia,General purpose,2020,9.0,12,True,investment,False
Estonia,General purpose,2021,46.0,53,True,investment,False
Estonia,General purpose,2022,32.0,54,True,investment,False
Estonia,General purpose,2023,5.0,12,True,investment,False
Estonia,General purpose,2024,20.0,43,True,investment,False
Estonia,General purpose,2025,40.0,45,False,investment,False
Estonia,Hardware,2016,0.0,0,True,investment,False
Estonia,Hardware,2018,0.0,0,True,investment,False
Estonia,Hardware,2019,2.0,2,True,investment,False
Estonia,Hardware,2020,4.0,4,True,investment,False
Estonia,Hardware,2021,3.0,4,True,investment,False
Estonia,Hardware,2022,4.0,8,True,investment,False
Estonia,Hardware,2023,3.0,3,True,investment,False
Estonia,Hardware,2024,8.0,10,True,investment,False
Estonia,Hardware,2025,22.0,24,False,investment,False
Estonia,Healthcare and Life Sciences,2020,0.0,0,True,investment,False
Estonia,Healthcare and Life Sciences,2021,0.0,0,True,investment,False
Estonia,Healthcare and Life Sciences,2022,1.0,1,True,investment,False
Estonia,Healthcare and Life Sciences,2023,0.0,3,True,investment,False
Estonia,Healthcare and Life Sciences,2024,1.0,1,True,investment,False
Estonia,Healthcare and Life Sciences,2025,0.0,0,False,investment,False
Estonia,Information Technology,2015,0.0,0,True,investment,False
Estonia,Information Technology,2016,2.0,2,True,investment,False
Estonia,Information Technology,2017,1.0,1,True,investment,False
Estonia,Information Technology,2018,1.0,3,True,investment,False
Estonia,Information Technology,2019,1.0,5,True,investment,False
Estonia,Information Technology,2020,4.0,6,True,investment,False
Estonia,Information Technology,2021,40.0,40,True,investment,False
Estonia,Information Technology,2022,27.0,43,True,investment,False
Estonia,Information Technology,2023,1.0,3,True,investment,False
Estonia,Information Technology,2024,9.0,12,True,investment,False
Estonia,Information Technology,2025,29.0,31,False,investment,False
Estonia,Lending and Investments,2015,0.0,0,True,investment,False
Estonia,Lending and Investments,2021,0.0,1,True,investment,False
Estonia,Manufacturing,2020,3.0,3,True,investment,False
Estonia,Manufacturing,2021,0.0,0,True,investment,False
Estonia,Manufacturing,2022,3.0,3,True,investment,False
Estonia,Manufacturing,2023,2.0,2,True,investment,False
Estonia,Manufacturing,2024,6.0,6,True,investment,False
Estonia,Manufacturing,2025,3.0,3,False,investment,False
Estonia,Media and Entertainment,2019,,2,True,investment,False
Estonia,Media and Entertainment,2022,1.0,2,True,investment,False
Estonia,Media and Entertainment,2023,,1,True,investment,False
Estonia,Media and Entertainment,2024,1.0,2,True,investment,False
Estonia,Media and Entertainment,2025,0.0,0,False,investment,False
Estonia,"Mobile, platforms & Internet services",2018,0.0,0,True,investment,False
Estonia,"Mobile, platforms & Internet services",2019,0.0,3,True,investment,False
Estonia,"Mobile, platforms & Internet services",2020,0.0,0,True,investment,False
Estonia,"Mobile, platforms & Internet services",2021,2.0,4,True,investment,False
Estonia,"Mobile, platforms & Internet services",2022,1.0,1,True,investment,False
Estonia,"Mobile, platforms & Internet services",2023,1.0,2,True,investment,False
Estonia,"Mobile, platforms & Internet services",2024,3.0,5,True,investment,False
Estonia,"Mobile, platforms & Internet services",2025,20.0,21,False,investment,False
Estonia,NLP,2021,,5,True,investment,False
Estonia,Navigation and mapping,2018,0.0,0,True,investment,False
Estonia,Navigation and mapping,2019,0.0,0,True,investment,False
Estonia,Navigation and mapping,2020,0.0,0,True,investment,False
Estonia,Navigation and mapping,2021,1.0,1,True,investment,False
Estonia,Navigation and mapping,2022,0.0,0,True,investment,False
Estonia,Navigation and mapping,2024,0.0,0,True,investment,False
Estonia,Other,2015,0.0,0,True,investment,False
Estonia,Other,2016,2.0,2,True,investment,False
Estonia,Other,2017,1.0,1,True,investment,False
Estonia,Other,2018,,0,True,investment,False
Estonia,Other,2019,1.0,3,True,investment,False
Estonia,Other,2020,1.0,2,True,investment,False
Estonia,Other,2021,1.0,7,True,investment,False
Estonia,Other,2022,4.0,4,True,investment,False
Estonia,Other,2023,1.0,1,True,investment,False
Estonia,Other,2024,1.0,1,True,investment,False
Estonia,Other,2025,0.0,0,False,investment,False
Estonia,Privacy and Security,2015,,0,True,investment,False
Estonia,Privacy and Security,2017,,0,True,investment,False
Estonia,Privacy and Security,2018,1.0,2,True,investment,False
Estonia,Privacy and Security,2019,0.0,1,True,investment,False
Estonia,Privacy and Security,2020,7.0,7,True,investment,False
Estonia,Privacy and Security,2021,35.0,35,True,investment,False
Estonia,Privacy and Security,2022,28.0,35,True,investment,False
Estonia,Privacy and Security,2023,1.0,1,True,investment,False
Estonia,Privacy and Security,2024,9.0,11,True,investment,False
Estonia,Privacy and Security,2025,13.0,14,False,investment,False
Estonia,Professional services,2015,0.0,0,True,investment,False
Estonia,Professional services,2016,2.0,2,True,investment,False
Estonia,Professional services,2017,1.0,1,True,investment,False
Estonia,Professional services,2018,0.0,0,True,investment,False
Estonia,Professional services,2019,0.0,2,True,investment,False
Estonia,Professional services,2020,3.0,3,True,investment,False
Estonia,Professional services,2021,1.0,5,True,investment,False
Estonia,Professional services,2022,4.0,5,True,investment,False
Estonia,Professional services,2023,2.0,2,True,investment,False
Estonia,Professional services,2024,6.0,11,True,investment,False
Estonia,Professional services,2025,3.0,3,False,investment,False
Estonia,Real estate,2018,1.0,1,True,investment,False
Estonia,Real estate,2019,1.0,1,True,investment,False
Estonia,Real estate,2020,4.0,4,True,investment,False
Estonia,Real estate,2021,1.0,2,True,investment,False
Estonia,Real estate,2022,3.0,3,True,investment,False
Estonia,Real estate,2023,3.0,3,True,investment,False
Estonia,Real estate,2024,6.0,6,True,investment,False
Estonia,Real estate,2025,3.0,3,False,investment,False
Estonia,Robotics,2019,1.0,1,True,investment,False
Estonia,Robotics,2020,0.0,0,True,investment,False
Estonia,Robotics,2021,0.0,0,True,investment,False
Estonia,"Sales, retail, commerce, marketing",2015,0.0,0,True,investment,False
Estonia,"Sales, retail, commerce, marketing",2018,0.0,0,True,investment,False
Estonia,"Sales, retail, commerce, marketing",2019,1.0,3,True,investment,False
Estonia,"Sales, retail, commerce, marketing",2020,0.0,0,True,investment,False
Estonia,"Sales, retail, commerce, marketing",2021,2.0,3,True,investment,False
Estonia,"Sales, retail, commerce, marketing",2022,0.0,0,True,investment,False
Estonia,"Sales, retail, commerce, marketing",2023,2.0,2,True,investment,False
Estonia,"Sales, retail, commerce, marketing",2024,2.0,2,True,investment,False
Estonia,"Sales, retail, commerce, marketing",2025,0.0,0,False,investment,False
Estonia,Software,2015,3.0,3,True,investment,False
Estonia,Software,2016,2.0,8,True,investment,False
Estonia,Software,2017,1.0,1,True,investment,False
Estonia,Software,2018,3.0,16,True,investment,False
Estonia,Software,2019,3.0,6,True,investment,False
Estonia,Software,2020,9.0,12,True,investment,False
Estonia,Software,2021,46.0,54,True,investment,False
Estonia,Software,2022,37.0,56,True,investment,False
Estonia,Software,2023,8.0,15,True,investment,False
Estonia,Software,2024,24.0,48,True,investment,False
Estonia,Software,2025,42.0,54,False,investment,False
Estonia,Speech Recognition,2015,0.0,0,True,investment,False
Estonia,Speech Recognition,2018,0.0,0,True,investment,False
Estonia,Speech Recognition,2019,,1,True,investment,False
Estonia,Transportation,2016,0.0,0,True,investment,False
Estonia,Transportation,2018,0.0,0,True,investment,False
Estonia,Transportation,2019,0.0,0,True,investment,False
Estonia,Transportation,2020,0.0,0,True,investment,False
Estonia,Transportation,2021,1.0,2,True,investment,False
Estonia,Transportation,2022,1.0,11,True,investment,False
Estonia,Transportation,2023,,0,True,investment,False
Estonia,Transportation,2024,,6,True,investment,False
Estonia,Transportation,2025,2.0,4,False,investment,False
Ethiopia,All,2023,,0,True,investment,False
Ethiopia,Community and Lifestyle,2023,,0,True,investment,False
Ethiopia,Data and analytics,2023,,0,True,investment,False
Ethiopia,General purpose,2023,,0,True,investment,False
Ethiopia,Healthcare and Life Sciences,2023,,0,True,investment,False
Ethiopia,Software,2023,,0,True,investment,False
Finland,Agriculture,2017,0.0,0,True,investment,False
Finland,Agriculture,2018,0.0,0,True,investment,False
Finland,Agriculture,2019,1.0,1,True,investment,False
Finland,Agriculture,2020,2.0,2,True,investment,False
Finland,Agriculture,2021,3.0,3,True,investment,False
Finland,Agriculture,2022,1.0,1,True,investment,False
Finland,Agriculture,2023,2.0,2,True,investment,False
Finland,All,2015,116.0,139,True,investment,False
Finland,All,2016,13.0,513,True,investment,False
Finland,All,2017,33.0,65,True,investment,False
Finland,All,2018,14.0,900,True,investment,False
Finland,All,2019,259.0,1259,True,investment,False
Finland,All,2020,211.0,792,True,investment,False
Finland,All,2021,232.0,1833,True,investment,False
Finland,All,2022,833.0,2911,True,investment,False
Finland,All,2023,71.0,1129,True,investment,False
Finland,All,2024,731.0,1556,True,investment,False
Finland,All,2025,467.0,484,False,investment,False
Finland,Biotechnology,2015,1.0,1,True,investment,False
Finland,Biotechnology,2017,2.0,2,True,investment,False
Finland,Biotechnology,2018,0.0,0,True,investment,False
Finland,Biotechnology,2019,4.0,4,True,investment,False
Finland,Biotechnology,2020,1.0,1,True,investment,False
Finland,Biotechnology,2021,15.0,15,True,investment,False
Finland,Biotechnology,2022,4.0,4,True,investment,False
Finland,Biotechnology,2023,3.0,3,True,investment,False
Finland,Community and Lifestyle,2022,,0,True,investment,False
Finland,Community and Lifestyle,2023,0.0,0,True,investment,False
Finland,Computer Vision,2015,1.0,1,True,investment,False
Finland,Computer Vision,2017,1.0,1,True,investment,False
Finland,Computer Vision,2018,,1,True,investment,False
Finland,Computer Vision,2019,2.0,2,True,investment,False
Finland,Computer Vision,2021,13.0,15,True,investment,False
Finland,Computer Vision,2023,0.0,0,True,investment,False
Finland,Computer Vision,2024,0.0,34,True,investment,False
Finland,Consumer goods,2018,0.0,0,True,investment,False
Finland,Consumer goods,2019,1.0,2,True,investment,False
Finland,Consumer goods,2020,6.0,47,True,investment,False
Finland,Consumer goods,2021,,1,True,investment,False
Finland,Consumer goods,2022,,0,True,investment,False
Finland,Consumer goods,2023,1.0,496,True,investment,False
Finland,Data and analytics,2015,26.0,47,True,investment,False
Finland,Data and analytics,2016,4.0,8,True,investment,False
Finland,Data and analytics,2017,20.0,53,True,investment,False
Finland,Data and analytics,2018,6.0,396,True,investment,False
Finland,Data and analytics,2019,241.0,1240,True,investment,False
Finland,Data and analytics,2020,147.0,728,True,investment,False
Finland,Data and analytics,2021,82.0,1647,True,investment,False
Finland,Data and analytics,2022,644.0,2223,True,investment,False
Finland,Data and analytics,2023,25.0,1079,True,investment,False
Finland,Data and analytics,2024,677.0,1490,True,investment,False
Finland,Data and analytics,2025,44.0,50,False,investment,False
Finland,Education,2015,1.0,1,True,investment,False
Finland,Education,2016,0.0,1,True,investment,False
Finland,Education,2017,2.0,2,True,investment,False
Finland,Education,2018,0.0,2,True,investment,False
Finland,Education,2019,3.0,9,True,investment,False
Finland,Education,2020,0.0,0,True,investment,False
Finland,Education,2021,15.0,15,True,investment,False
Finland,Education,2022,0.0,0,True,investment,False
Finland,Education,2024,,3,True,investment,False
Finland,Energy and natural resources,2015,0.0,19,True,investment,False
Finland,Energy and natural resources,2016,0.0,0,True,investment,False
Finland,Energy and natural resources,2017,0.0,4,True,investment,False
Finland,Energy and natural resources,2019,2.0,2,True,investment,False
Finland,Energy and natural resources,2020,1.0,1,True,investment,False
Finland,Energy and natural resources,2021,3.0,3,True,investment,False
Finland,Energy and natural resources,2022,3.0,3,True,investment,False
Finland,Energy and natural resources,2023,2.0,2,True,investment,False
Finland,Energy and natural resources,2024,,5,True,investment,False
Finland,Energy and natural resources,2025,1.0,1,False,investment,False
Finland,Facial Recognition,2015,1.0,1,True,investment,False
Finland,Facial Recognition,2017,1.0,1,True,investment,False
Finland,Finance,2015,85.0,87,True,investment,False
Finland,Finance,2017,1.0,1,True,investment,False
Finland,Finance,2018,2.0,2,True,investment,False
Finland,Finance,2019,0.0,0,True,investment,False
Finland,Finance,2020,2.0,498,True,investment,False
Finland,Finance,2021,0.0,0,True,investment,False
Finland,Finance,2022,3.0,995,True,investment,False
Finland,Finance,2023,4.0,499,True,investment,False
Finland,Finance,2025,9.0,9,False,investment,False
Finland,Gaming,2015,0.0,0,True,investment,False
Finland,Gaming,2017,0.0,0,True,investment,False
Finland,Gaming,2018,,496,True,investment,False
Finland,Gaming,2022,0.0,0,True,investment,False
Finland,General purpose,2015,2.0,21,True,investment,False
Finland,General purpose,2016,2.0,6,True,investment,False
Finland,General purpose,2017,8.0,37,True,investment,False
Finland,General purpose,2018,5.0,11,True,investment,False
Finland,General purpose,2019,41.0,1040,True,investment,False
Finland,General purpose,2020,145.0,687,True,investment,False
Finland,General purpose,2021,77.0,1678,True,investment,False
Finland,General purpose,2022,76.0,1649,True,investment,False
Finland,General purpose,2023,23.0,1075,True,investment,False
Finland,General purpose,2024,677.0,1485,True,investment,False
Finland,General purpose,2025,29.0,34,False,investment,False
Finland,Hardware,2015,24.0,24,True,investment,False
Finland,Hardware,2016,2.0,5,True,investment,False
Finland,Hardware,2017,14.0,14,True,investment,False
Finland,Hardware,2018,1.0,3,True,investment,False
Finland,Hardware,2019,206.0,208,True,investment,False
Finland,Hardware,2020,25.0,105,True,investment,False
Finland,Hardware,2021,48.0,86,True,investment,False
Finland,Hardware,2022,598.0,608,True,investment,False
Finland,Hardware,2023,5.0,503,True,investment,False
Finland,Hardware,2024,7.0,44,True,investment,False
Finland,Hardware,2025,11.0,11,False,investment,False
Finland,Healthcare and Life Sciences,2015,1.0,1,True,investment,False
Finland,Healthcare and Life Sciences,2017,4.0,7,True,investment,False
Finland,Healthcare and Life Sciences,2018,1.0,4,True,investment,False
Finland,Healthcare and Life Sciences,2019,5.0,5,True,investment,False
Finland,Healthcare and Life Sciences,2020,4.0,4,True,investment,False
Finland,Healthcare and Life Sciences,2021,20.0,20,True,investment,False
Finland,Healthcare and Life Sciences,2022,4.0,6,True,investment,False
Finland,Healthcare and Life Sciences,2023,7.0,7,True,investment,False
Finland,Healthcare and Life Sciences,2024,0.0,2,True,investment,False
Finland,Healthcare and Life Sciences,2025,6.0,6,False,investment,False
Finland,Information Technology,2015,1.0,3,True,investment,False
Finland,Information Technology,2016,3.0,3,True,investment,False
Finland,Information Technology,2017,6.0,9,True,investment,False
Finland,Information Technology,2018,4.0,388,True,investment,False
Finland,Information Technology,2019,19.0,20,True,investment,False
Finland,Information Technology,2020,21.0,64,True,investment,False
Finland,Information Technology,2021,68.0,1599,True,investment,False
Finland,Information Technology,2022,38.0,1110,True,investment,False
Finland,Information Technology,2023,12.0,568,True,investment,False
Finland,Information Technology,2024,671.0,708,True,investment,False
Finland,Information Technology,2025,350.0,354,False,investment,False
Finland,Lending and Investments,2015,85.0,87,True,investment,False
Finland,Lending and Investments,2018,1.0,1,True,investment,False
Finland,Lending and Investments,2020,,496,True,investment,False
Finland,Lending and Investments,2022,,496,True,investment,False
Finland,Manufacturing,2015,1.0,1,True,investment,False
Finland,Manufacturing,2016,2.0,2,True,investment,False
Finland,Manufacturing,2017,0.0,25,True,investment,False
Finland,Manufacturing,2018,,1,True,investment,False
Finland,Manufacturing,2019,6.0,6,True,investment,False
Finland,Manufacturing,2020,1.0,1,True,investment,False
Finland,Manufacturing,2021,3.0,5,True,investment,False
Finland,Manufacturing,2022,,2,True,investment,False
Finland,Manufacturing,2023,2.0,2,True,investment,False
Finland,Manufacturing,2024,,34,True,investment,False
Finland,Manufacturing,2025,326.0,326,False,investment,False
Finland,Media and Entertainment,2015,1.0,1,True,investment,False
Finland,Media and Entertainment,2016,2.0,2,True,investment,False
Finland,Media and Entertainment,2017,1.0,1,True,investment,False
Finland,Media and Entertainment,2018,2.0,387,True,investment,False
Finland,Media and Entertainment,2019,1.0,1,True,investment,False
Finland,Media and Entertainment,2020,8.0,10,True,investment,False
Finland,Media and Entertainment,2021,0.0,0,True,investment,False
Finland,Media and Entertainment,2022,,0,True,investment,False
Finland,Media and Entertainment,2023,0.0,0,True,investment,False
Finland,Media and Entertainment,2024,0.0,2,True,investment,False
Finland,Media and Entertainment,2025,,1,False,investment,False
Finland,"Mobile, platforms & Internet services",2015,86.0,86,True,investment,False
Finland,"Mobile, platforms & Internet services",2016,1.0,1,True,investment,False
Finland,"Mobile, platforms & Internet services",2017,4.0,4,True,investment,False
Finland,"Mobile, platforms & Internet services",2018,2.0,387,True,investment,False
Finland,"Mobile, platforms & Internet services",2019,7.0,503,True,investment,False
Finland,"Mobile, platforms & Internet services",2020,12.0,53,True,investment,False
Finland,"Mobile, platforms & Internet services",2021,48.0,544,True,investment,False
Finland,"Mobile, platforms & Internet services",2022,33.0,1024,True,investment,False
Finland,"Mobile, platforms & Internet services",2023,2.0,2,True,investment,False
Finland,"Mobile, platforms & Internet services",2024,1.0,7,True,investment,False
Finland,"Mobile, platforms & Internet services",2025,1.0,1,False,investment,False
Finland,NLP,2015,1.0,1,True,investment,False
Finland,NLP,2016,1.0,1,True,investment,False
Finland,NLP,2017,1.0,1,True,investment,False
Finland,NLP,2018,1.0,1,True,investment,False
Finland,NLP,2019,1.0,1,True,investment,False
Finland,NLP,2021,0.0,0,True,investment,False
Finland,NLP,2024,,34,True,investment,False
Finland,Navigation and mapping,2017,2.0,2,True,investment,False
Finland,Navigation and mapping,2018,,0,True,investment,False
Finland,Navigation and mapping,2021,0.0,496,True,investment,False
Finland,Navigation and mapping,2025,1.0,1,False,investment,False
Finland,Other,2015,1.0,1,True,investment,False
Finland,Other,2016,1.0,497,True,investment,False
Finland,Other,2017,0.0,0,True,investment,False
Finland,Other,2018,0.0,385,True,investment,False
Finland,Other,2019,1.0,1,True,investment,False
Finland,Other,2020,5.0,45,True,investment,False
Finland,Other,2021,0.0,0,True,investment,False
Finland,Other,2022,3.0,10,True,investment,False
Finland,Other,2023,2.0,2,True,investment,False
Finland,Other,2024,4.0,669,True,investment,False
Finland,Other,2025,3.0,4,False,investment,False
Finland,Privacy and Security,2021,1.0,1,True,investment,False
Finland,Professional services,2016,0.0,496,True,investment,False
Finland,Professional services,2017,0.0,0,True,investment,False
Finland,Professional services,2018,0.0,384,True,investment,False
Finland,Professional services,2019,2.0,2,True,investment,False
Finland,Professional services,2020,1.0,1,True,investment,False
Finland,Professional services,2021,5.0,501,True,investment,False
Finland,Professional services,2022,0.0,0,True,investment,False
Finland,Professional services,2023,5.0,5,True,investment,False
Finland,Professional services,2024,0.0,0,True,investment,False
Finland,Professional services,2025,1.0,1,False,investment,False
Finland,Real estate,2015,,19,True,investment,False
Finland,Real estate,2017,0.0,4,True,investment,False
Finland,Real estate,2018,1.0,1,True,investment,False
Finland,Real estate,2019,11.0,11,True,investment,False
Finland,Real estate,2020,119.0,120,True,investment,False
Finland,Real estate,2021,1.0,17,True,investment,False
Finland,Real estate,2022,26.0,26,True,investment,False
Finland,Real estate,2023,,2,True,investment,False
Finland,Real estate,2024,1.0,5,True,investment,False
Finland,Real estate,2025,1.0,4,False,investment,False
Finland,Robotics,2017,,0,True,investment,False
Finland,Robotics,2018,,1,True,investment,False
Finland,Robotics,2020,0.0,40,True,investment,False
Finland,Robotics,2021,,36,True,investment,False
Finland,Robotics,2022,0.0,0,True,investment,False
Finland,Robotics,2024,,1,True,investment,False
Finland,"Sales, retail, commerce, marketing",2015,107.0,109,True,investment,False
Finland,"Sales, retail, commerce, marketing",2016,2.0,2,True,investment,False
Finland,"Sales, retail, commerce, marketing",2017,14.0,14,True,investment,False
Finland,"Sales, retail, commerce, marketing",2018,1.0,385,True,investment,False
Finland,"Sales, retail, commerce, marketing",2019,200.0,201,True,investment,False
Finland,"Sales, retail, commerce, marketing",2020,6.0,6,True,investment,False
Finland,"Sales, retail, commerce, marketing",2021,5.0,501,True,investment,False
Finland,"Sales, retail, commerce, marketing",2022,571.0,571,True,investment,False
Finland,"Sales, retail, commerce, marketing",2023,,2,True,investment,False
Finland,"Sales, retail, commerce, marketing",2024,2.0,40,True,investment,False
Finland,"Sales, retail, commerce, marketing",2025,337.0,338,False,investment,False
Finland,Simulation,2018,0.0,0,True,investment,False
Finland,Simulation,2019,0.0,0,True,investment,False
Finland,Software,2015,110.0,131,True,investment,False
Finland,Software,2016,4.0,8,True,investment,False
Finland,Software,2017,21.0,28,True,investment,False
Finland,Software,2018,7.0,509,True,investment,False
Finland,Software,2019,242.0,1242,True,investment,False
Finland,Software,2020,161.0,742,True,investment,False
Finland,Software,2021,82.0,1683,True,investment,False
Finland,Software,2022,647.0,2723,True,investment,False
Finland,Software,2023,25.0,1081,True,investment,False
Finland,Software,2024,683.0,1499,True,investment,False
Finland,Software,2025,44.0,50,False,investment,False
Finland,Speech Recognition,2018,0.0,0,True,investment,False
Finland,Speech Recognition,2021,0.0,0,True,investment,False
Finland,Telecommunications,2021,1.0,1,True,investment,False
Finland,Telecommunications,2023,0.0,0,True,investment,False
Finland,Transportation,2015,22.0,22,True,investment,False
Finland,Transportation,2016,1.0,1,True,investment,False
Finland,Transportation,2017,12.0,12,True,investment,False
Finland,Transportation,2018,0.0,1,True,investment,False
Finland,Transportation,2019,200.0,200,True,investment,False
Finland,Transportation,2020,11.0,11,True,investment,False
Finland,Transportation,2022,579.0,579,True,investment,False
Finland,Transportation,2023,,2,True,investment,False
Finland,Transportation,2024,9.0,14,True,investment,False
Finland,Transportation,2025,12.0,12,False,investment,False
France,Agriculture,2015,1.0,1,True,investment,False
France,Agriculture,2017,2.0,2,True,investment,False
France,Agriculture,2018,,2,True,investment,False
France,Agriculture,2019,,2,True,investment,False
France,Agriculture,2020,4.0,4,True,investment,False
France,Agriculture,2021,3.0,3,True,investment,False
France,Agriculture,2022,5.0,6,True,investment,False
France,Agriculture,2023,5.0,6,True,investment,False
France,Agriculture,2024,0.0,1,True,investment,False
France,Agriculture,2025,1.0,1,False,investment,False
France,All,2015,120.0,355,True,investment,False
France,All,2016,157.0,788,True,investment,False
France,All,2017,394.0,1075,True,investment,False
France,All,2018,515.0,1211,True,investment,False
France,All,2019,970.0,2261,True,investment,False
France,All,2020,1228.0,2780,True,investment,False
France,All,2021,1832.0,3826,True,investment,False
France,All,2022,1453.0,4157,True,investment,False
France,All,2023,1741.0,4155,True,investment,False
France,All,2024,2074.0,6075,True,investment,False
France,All,2025,3429.0,5440,False,investment,False
France,Biotechnology,2015,,3,True,investment,False
France,Biotechnology,2016,2.0,5,True,investment,False
France,Biotechnology,2017,2.0,2,True,investment,False
France,Biotechnology,2018,0.0,4,True,investment,False
France,Biotechnology,2019,9.0,11,True,investment,False
France,Biotechnology,2020,13.0,15,True,investment,False
France,Biotechnology,2021,22.0,27,True,investment,False
France,Biotechnology,2022,14.0,20,True,investment,False
France,Biotechnology,2023,9.0,124,True,investment,False
France,Biotechnology,2024,39.0,40,True,investment,False
France,Biotechnology,2025,17.0,85,False,investment,False
France,Community and Lifestyle,2015,1.0,1,True,investment,False
France,Community and Lifestyle,2016,,1,True,investment,False
France,Community and Lifestyle,2017,1.0,1,True,investment,False
France,Community and Lifestyle,2018,0.0,0,True,investment,False
France,Community and Lifestyle,2019,2.0,2,True,investment,False
France,Community and Lifestyle,2020,22.0,24,True,investment,False
France,Community and Lifestyle,2021,3.0,4,True,investment,False
France,Community and Lifestyle,2022,2.0,100,True,investment,False
France,Community and Lifestyle,2023,14.0,14,True,investment,False
France,Community and Lifestyle,2024,1.0,513,True,investment,False
France,Community and Lifestyle,2025,3.0,3,False,investment,False
France,Computer Vision,2015,1.0,1,True,investment,False
France,Computer Vision,2016,2.0,94,True,investment,False
France,Computer Vision,2017,17.0,110,True,investment,False
France,Computer Vision,2018,12.0,105,True,investment,False
France,Computer Vision,2019,24.0,32,True,investment,False
France,Computer Vision,2020,10.0,108,True,investment,False
France,Computer Vision,2021,1.0,2,True,investment,False
France,Computer Vision,2022,17.0,112,True,investment,False
France,Computer Vision,2023,14.0,107,True,investment,False
France,Computer Vision,2024,247.0,253,True,investment,False
France,Computer Vision,2025,6.0,95,False,investment,False
France,Consumer goods,2015,11.0,13,True,investment,False
France,Consumer goods,2016,4.0,4,True,investment,False
France,Consumer goods,2017,4.0,7,True,investment,False
France,Consumer goods,2018,27.0,119,True,investment,False
France,Consumer goods,2019,28.0,124,True,investment,False
France,Consumer goods,2020,15.0,201,True,investment,False
France,Consumer goods,2021,31.0,48,True,investment,False
France,Consumer goods,2022,10.0,14,True,investment,False
France,Consumer goods,2023,16.0,224,True,investment,False
France,Consumer goods,2024,5.0,417,True,investment,False
France,Consumer goods,2025,26.0,32,False,investment,False
France,Cyber Security,2015,,1,True,investment,False
France,Cyber Security,2016,1.0,1,True,investment,False
France,Cyber Security,2017,3.0,3,True,investment,False
France,Cyber Security,2018,7.0,7,True,investment,False
France,Cyber Security,2019,,92,True,investment,False
France,Cyber Security,2020,9.0,9,True,investment,False
France,Cyber Security,2021,2.0,2,True,investment,False
France,Cyber Security,2022,4.0,9,True,investment,False
France,Cyber Security,2023,9.0,9,True,investment,False
France,Cyber Security,2024,,2,True,investment,False
France,Cyber Security,2025,8.0,8,False,investment,False
France,Data and analytics,2015,29.0,167,True,investment,False
France,Data and analytics,2016,80.0,517,True,investment,False
France,Data and analytics,2017,92.0,758,True,investment,False
France,Data and analytics,2018,178.0,661,True,investment,False
France,Data and analytics,2019,359.0,1246,True,investment,False
France,Data and analytics,2020,171.0,1607,True,investment,False
France,Data and analytics,2021,432.0,2183,True,investment,False
France,Data and analytics,2022,270.0,2671,True,investment,False
France,Data and analytics,2023,463.0,2518,True,investment,False
France,Data and analytics,2024,807.0,4046,True,investment,False
France,Data and analytics,2025,535.0,2388,False,investment,False
France,Education,2015,1.0,1,True,investment,False
France,Education,2016,2.0,114,True,investment,False
France,Education,2017,0.0,2,True,investment,False
France,Education,2018,1.0,4,True,investment,False
France,Education,2019,0.0,297,True,investment,False
France,Education,2020,24.0,24,True,investment,False
France,Education,2021,4.0,33,True,investment,False
France,Education,2022,10.0,195,True,investment,False
France,Education,2023,14.0,108,True,investment,False
France,Education,2024,21.0,819,True,investment,False
France,Education,2025,2.0,2,False,investment,False
France,Energy and natural resources,2015,,25,True,investment,False
France,Energy and natural resources,2016,0.0,94,True,investment,False
France,Energy and natural resources,2017,5.0,6,True,investment,False
France,Energy and natural resources,2018,15.0,19,True,investment,False
France,Energy and natural resources,2019,1.0,61,True,investment,False
France,Energy and natural resources,2020,1.0,1,True,investment,False
France,Energy and natural resources,2021,6.0,114,True,investment,False
France,Energy and natural resources,2022,18.0,26,True,investment,False
France,Energy and natural resources,2023,12.0,109,True,investment,False
France,Energy and natural resources,2024,10.0,21,True,investment,False
France,Energy and natural resources,2025,71.0,76,False,investment,False
France,Facial Recognition,2018,0.0,0,True,investment,False
France,Facial Recognition,2022,0.0,0,True,investment,False
France,Facial Recognition,2024,0.0,0,True,investment,False
France,Finance,2015,0.0,0,True,investment,False
France,Finance,2016,7.0,19,True,investment,False
France,Finance,2017,21.0,22,True,investment,False
France,Finance,2018,14.0,14,True,investment,False
France,Finance,2019,90.0,185,True,investment,False
France,Finance,2020,28.0,34,True,investment,False
France,Finance,2021,72.0,293,True,investment,False
France,Finance,2022,30.0,322,True,investment,False
France,Finance,2023,33.0,180,True,investment,False
France,Finance,2024,70.0,193,True,investment,False
France,Finance,2025,18.0,84,False,investment,False
France,Gaming,2018,0.0,0,True,investment,False
France,Gaming,2020,0.0,0,True,investment,False
France,Gaming,2021,,1,True,investment,False
France,Gaming,2022,1.0,8,True,investment,False
France,General purpose,2015,31.0,150,True,investment,False
France,General purpose,2016,70.0,298,True,investment,False
France,General purpose,2017,102.0,680,True,investment,False
France,General purpose,2018,176.0,661,True,investment,False
France,General purpose,2019,359.0,956,True,investment,False
France,General purpose,2020,168.0,1504,True,investment,False
France,General purpose,2021,463.0,1780,True,investment,False
France,General purpose,2022,271.0,2450,True,investment,False
France,General purpose,2023,463.0,2266,True,investment,False
France,General purpose,2024,774.0,3484,True,investment,False
France,General purpose,2025,581.0,2093,False,investment,False
France,Hardware,2015,17.0,31,True,investment,False
France,Hardware,2016,13.0,13,True,investment,False
France,Hardware,2017,48.0,145,True,investment,False
France,Hardware,2018,82.0,450,True,investment,False
France,Hardware,2019,65.0,233,True,investment,False
France,Hardware,2020,37.0,795,True,investment,False
France,Hardware,2021,55.0,186,True,investment,False
France,Hardware,2022,63.0,355,True,investment,False
France,Hardware,2023,89.0,483,True,investment,False
France,Hardware,2024,317.0,1384,True,investment,False
France,Hardware,2025,254.0,349,False,investment,False
France,Healthcare and Life Sciences,2015,4.0,8,True,investment,False
France,Healthcare and Life Sciences,2016,7.0,17,True,investment,False
France,Healthcare and Life Sciences,2017,5.0,9,True,investment,False
France,Healthcare and Life Sciences,2018,13.0,21,True,investment,False
France,Healthcare and Life Sciences,2019,96.0,193,True,investment,False
France,Healthcare and Life Sciences,2020,20.0,22,True,investment,False
France,Healthcare and Life Sciences,2021,147.0,258,True,investment,False
France,Healthcare and Life Sciences,2022,67.0,78,True,investment,False
France,Healthcare and Life Sciences,2023,49.0,286,True,investment,False
France,Healthcare and Life Sciences,2024,184.0,209,True,investment,False
France,Healthcare and Life Sciences,2025,57.0,518,False,investment,False
France,Information Technology,2015,19.0,233,True,investment,False
France,Information Technology,2016,41.0,255,True,investment,False
France,Information Technology,2017,42.0,231,True,investment,False
France,Information Technology,2018,100.0,381,True,investment,False
France,Information Technology,2019,134.0,575,True,investment,False
France,Information Technology,2020,75.0,641,True,investment,False
France,Information Technology,2021,295.0,833,True,investment,False
France,Information Technology,2022,179.0,1075,True,investment,False
France,Information Technology,2023,129.0,641,True,investment,False
France,Information Technology,2024,392.0,1994,True,investment,False
France,Information Technology,2025,290.0,689,False,investment,False
France,Lending and Investments,2018,1.0,1,True,investment,False
France,Lending and Investments,2019,1.0,1,True,investment,False
France,Lending and Investments,2020,4.0,4,True,investment,False
France,Lending and Investments,2021,1.0,1,True,investment,False
France,Lending and Investments,2023,5.0,5,True,investment,False
France,Manufacturing,2015,3.0,9,True,investment,False
France,Manufacturing,2016,4.0,7,True,investment,False
France,Manufacturing,2017,6.0,14,True,investment,False
France,Manufacturing,2018,18.0,21,True,investment,False
France,Manufacturing,2019,22.0,121,True,investment,False
France,Manufacturing,2020,4.0,12,True,investment,False
France,Manufacturing,2021,9.0,25,True,investment,False
France,Manufacturing,2022,13.0,120,True,investment,False
France,Manufacturing,2023,6.0,9,True,investment,False
France,Manufacturing,2024,37.0,156,True,investment,False
France,Manufacturing,2025,65.0,132,False,investment,False
France,Media and Entertainment,2015,1.0,1,True,investment,False
France,Media and Entertainment,2016,2.0,4,True,investment,False
France,Media and Entertainment,2017,10.0,289,True,investment,False
France,Media and Entertainment,2018,12.0,14,True,investment,False
France,Media and Entertainment,2019,24.0,29,True,investment,False
France,Media and Entertainment,2020,2.0,4,True,investment,False
France,Media and Entertainment,2021,3.0,221,True,investment,False
France,Media and Entertainment,2022,17.0,419,True,investment,False
France,Media and Entertainment,2023,7.0,100,True,investment,False
France,Media and Entertainment,2024,21.0,141,True,investment,False
France,Media and Entertainment,2025,36.0,256,False,investment,False
France,"Military, public safety and government",2016,0.0,0,True,investment,False
France,"Military, public safety and government",2017,2.0,2,True,investment,False
France,"Military, public safety and government",2018,1.0,1,True,investment,False
France,"Military, public safety and government",2020,2.0,2,True,investment,False
France,"Military, public safety and government",2021,1.0,1,True,investment,False
France,"Military, public safety and government",2023,2.0,4,True,investment,False
France,"Military, public safety and government",2024,1.0,1,True,investment,False
France,"Military, public safety and government",2025,,2,False,investment,False
France,"Mobile, platforms & Internet services",2015,20.0,47,True,investment,False
France,"Mobile, platforms & Internet services",2016,20.0,212,True,investment,False
France,"Mobile, platforms & Internet services",2017,33.0,128,True,investment,False
France,"Mobile, platforms & Internet services",2018,42.0,410,True,investment,False
France,"Mobile, platforms & Internet services",2019,88.0,378,True,investment,False
France,"Mobile, platforms & Internet services",2020,54.0,335,True,investment,False
France,"Mobile, platforms & Internet services",2021,33.0,361,True,investment,False
France,"Mobile, platforms & Internet services",2022,46.0,648,True,investment,False
France,"Mobile, platforms & Internet services",2023,40.0,428,True,investment,False
France,"Mobile, platforms & Internet services",2024,167.0,1317,True,investment,False
France,"Mobile, platforms & Internet services",2025,181.0,633,False,investment,False
France,NLP,2015,,92,True,investment,False
France,NLP,2016,1.0,113,True,investment,False
France,NLP,2018,4.0,4,True,investment,False
France,NLP,2019,15.0,355,True,investment,False
France,NLP,2020,4.0,470,True,investment,False
France,NLP,2021,5.0,5,True,investment,False
France,NLP,2022,1.0,2,True,investment,False
France,NLP,2023,46.0,142,True,investment,False
France,NLP,2024,43.0,52,True,investment,False
France,NLP,2025,233.0,233,False,investment,False
France,Navigation and mapping,2015,4.0,4,True,investment,False
France,Navigation and mapping,2017,5.0,5,True,investment,False
France,Navigation and mapping,2018,5.0,5,True,investment,False
France,Navigation and mapping,2019,6.0,6,True,investment,False
France,Navigation and mapping,2022,11.0,11,True,investment,False
France,Other,2015,5.0,10,True,investment,False
France,Other,2016,8.0,23,True,investment,False
France,Other,2017,31.0,35,True,investment,False
France,Other,2018,24.0,210,True,investment,False
France,Other,2019,12.0,241,True,investment,False
France,Other,2020,8.0,661,True,investment,False
France,Other,2021,29.0,225,True,investment,False
France,Other,2022,35.0,322,True,investment,False
France,Other,2023,19.0,397,True,investment,False
France,Other,2024,33.0,692,True,investment,False
France,Other,2025,30.0,186,False,investment,False
France,Privacy and Security,2015,,2,True,investment,False
France,Privacy and Security,2016,1.0,1,True,investment,False
France,Privacy and Security,2017,4.0,6,True,investment,False
France,Privacy and Security,2018,9.0,13,True,investment,False
France,Privacy and Security,2019,11.0,104,True,investment,False
France,Privacy and Security,2020,12.0,16,True,investment,False
France,Privacy and Security,2021,119.0,119,True,investment,False
France,Privacy and Security,2022,46.0,52,True,investment,False
France,Privacy and Security,2023,33.0,37,True,investment,False
France,Privacy and Security,2024,7.0,9,True,investment,False
France,Privacy and Security,2025,56.0,80,False,investment,False
France,Professional services,2015,13.0,109,True,investment,False
France,Professional services,2016,3.0,126,True,investment,False
France,Professional services,2017,15.0,205,True,investment,False
France,Professional services,2018,29.0,49,True,investment,False
France,Professional services,2019,32.0,368,True,investment,False
France,Professional services,2020,183.0,281,True,investment,False
France,Professional services,2021,53.0,205,True,investment,False
France,Professional services,2022,20.0,605,True,investment,False
France,Professional services,2023,41.0,162,True,investment,False
France,Professional services,2024,173.0,800,True,investment,False
France,Professional services,2025,46.0,308,False,investment,False
France,Real estate,2015,,1,True,investment,False
France,Real estate,2016,8.0,9,True,investment,False
France,Real estate,2017,1.0,1,True,investment,False
France,Real estate,2018,11.0,11,True,investment,False
France,Real estate,2019,16.0,18,True,investment,False
France,Real estate,2020,9.0,102,True,investment,False
France,Real estate,2021,61.0,61,True,investment,False
France,Real estate,2022,19.0,19,True,investment,False
France,Real estate,2023,4.0,96,True,investment,False
France,Real estate,2024,6.0,6,True,investment,False
France,Real estate,2025,,24,False,investment,False
France,Robotics,2015,4.0,11,True,investment,False
France,Robotics,2016,8.0,8,True,investment,False
France,Robotics,2017,7.0,7,True,investment,False
France,Robotics,2018,32.0,216,True,investment,False
France,Robotics,2019,12.0,16,True,investment,False
France,Robotics,2020,8.0,570,True,investment,False
France,Robotics,2021,1.0,1,True,investment,False
France,Robotics,2022,11.0,17,True,investment,False
France,Robotics,2023,0.0,2,True,investment,False
France,Robotics,2024,60.0,62,True,investment,False
France,Robotics,2025,23.0,23,False,investment,False
France,"Sales, retail, commerce, marketing",2015,20.0,24,True,investment,False
France,"Sales, retail, commerce, marketing",2016,28.0,327,True,investment,False
France,"Sales, retail, commerce, marketing",2017,18.0,18,True,investment,False
France,"Sales, retail, commerce, marketing",2018,45.0,228,True,investment,False
France,"Sales, retail, commerce, marketing",2019,39.0,482,True,investment,False
France,"Sales, retail, commerce, marketing",2020,51.0,155,True,investment,False
France,"Sales, retail, commerce, marketing",2021,148.0,902,True,investment,False
France,"Sales, retail, commerce, marketing",2022,122.0,799,True,investment,False
France,"Sales, retail, commerce, marketing",2023,149.0,362,True,investment,False
France,"Sales, retail, commerce, marketing",2024,29.0,162,True,investment,False
France,"Sales, retail, commerce, marketing",2025,73.0,427,False,investment,False
France,Semiconductor,2018,8.0,8,True,investment,False
France,Semiconductor,2019,4.0,64,True,investment,False
France,Semiconductor,2020,4.0,4,True,investment,False
France,Semiconductor,2021,2.0,102,True,investment,False
France,Semiconductor,2022,5.0,5,True,investment,False
France,Semiconductor,2023,56.0,149,True,investment,False
France,Semiconductor,2024,4.0,4,True,investment,False
France,Semiconductor,2025,27.0,27,False,investment,False
France,Simulation,2017,1.0,1,True,investment,False
France,Simulation,2018,3.0,3,True,investment,False
France,Simulation,2022,0.0,0,True,investment,False
France,Simulation,2023,0.0,55,True,investment,False
France,Simulation,2024,,2,True,investment,False
France,Simulation,2025,2.0,2,False,investment,False
France,Software,2015,46.0,281,True,investment,False
France,Software,2016,80.0,615,True,investment,False
France,Software,2017,190.0,767,True,investment,False
France,Software,2018,201.0,795,True,investment,False
France,Software,2019,395.0,1291,True,investment,False
France,Software,2020,352.0,1896,True,investment,False
France,Software,2021,478.0,2239,True,investment,False
France,Software,2022,337.0,2823,True,investment,False
France,Software,2023,494.0,2737,True,investment,False
France,Software,2024,826.0,4688,True,investment,False
France,Software,2025,648.0,2574,False,investment,False
France,Speech Recognition,2015,0.0,0,True,investment,False
France,Speech Recognition,2017,5.0,5,True,investment,False
France,Speech Recognition,2018,0.0,0,True,investment,False
France,Speech Recognition,2022,0.0,0,True,investment,False
France,Speech Recognition,2023,1.0,1,True,investment,False
France,Speech Recognition,2024,2.0,2,True,investment,False
France,Speech Recognition,2025,1.0,1,False,investment,False
France,Sports,2017,2.0,2,True,investment,False
France,Sports,2018,1.0,1,True,investment,False
France,Sports,2019,1.0,93,True,investment,False
France,Sports,2020,2.0,2,True,investment,False
France,Sports,2021,4.0,4,True,investment,False
France,Sports,2022,5.0,5,True,investment,False
France,Sports,2023,0.0,0,True,investment,False
France,Sports,2024,,2,True,investment,False
France,Sports,2025,2.0,2,False,investment,False
France,Telecommunications,2015,1.0,1,True,investment,False
France,Telecommunications,2016,4.0,97,True,investment,False
France,Telecommunications,2017,6.0,6,True,investment,False
France,Telecommunications,2018,3.0,95,True,investment,False
France,Telecommunications,2019,1.0,1,True,investment,False
France,Telecommunications,2022,,94,True,investment,False
France,Telecommunications,2023,,9,True,investment,False
France,Telecommunications,2024,2.0,2,True,investment,False
France,Telecommunications,2025,1.0,1,False,investment,False
France,Transportation,2015,7.0,12,True,investment,False
France,Transportation,2016,6.0,6,True,investment,False
France,Transportation,2017,97.0,110,True,investment,False
France,Transportation,2018,29.0,34,True,investment,False
France,Transportation,2019,45.0,49,True,investment,False
France,Transportation,2020,12.0,25,True,investment,False
France,Transportation,2021,37.0,466,True,investment,False
France,Transportation,2022,34.0,221,True,investment,False
France,Transportation,2023,32.0,207,True,investment,False
France,Transportation,2024,17.0,79,True,investment,False
France,Transportation,2025,20.0,47,False,investment,False
Georgia,All,2022,0.0,2,True,investment,False
Georgia,All,2023,0.0,2,True,investment,False
Georgia,All,2024,0.0,0,True,investment,False
Georgia,All,2025,2.0,2,False,investment,False
Georgia,Consumer goods,2025,0.0,0,False,investment,False
Georgia,Data and analytics,2022,0.0,2,True,investment,False
Georgia,Data and analytics,2023,0.0,0,True,investment,False
Georgia,Data and analytics,2024,0.0,0,True,investment,False
Georgia,Data and analytics,2025,1.0,1,False,investment,False
Georgia,Finance,2023,,1,True,investment,False
Georgia,General purpose,2022,0.0,2,True,investment,False
Georgia,General purpose,2023,0.0,0,True,investment,False
Georgia,General purpose,2024,0.0,0,True,investment,False
Georgia,General purpose,2025,1.0,1,False,investment,False
Georgia,Hardware,2024,0.0,0,True,investment,False
Georgia,Hardware,2025,0.0,0,False,investment,False
Georgia,Healthcare and Life Sciences,2022,,2,True,investment,False
Georgia,Information Technology,2022,0.0,0,True,investment,False
Georgia,Information Technology,2023,0.0,0,True,investment,False
Georgia,Media and Entertainment,2025,0.0,0,False,investment,False
Georgia,"Mobile, platforms & Internet services",2023,,1,True,investment,False
Georgia,"Mobile, platforms & Internet services",2025,0.0,0,False,investment,False
Georgia,Other,2023,,1,True,investment,False
Georgia,"Sales, retail, commerce, marketing",2024,0.0,0,True,investment,False
Georgia,"Sales, retail, commerce, marketing",2025,1.0,1,False,investment,False
Georgia,Software,2022,0.0,2,True,investment,False
Georgia,Software,2023,0.0,0,True,investment,False
Georgia,Software,2024,0.0,0,True,investment,False
Georgia,Software,2025,1.0,1,False,investment,False
Germany,Agriculture,2015,,2,True,investment,False
Germany,Agriculture,2016,3.0,3,True,investment,False
Germany,Agriculture,2017,2.0,2,True,investment,False
Germany,Agriculture,2018,14.0,14,True,investment,False
Germany,Agriculture,2019,22.0,23,True,investment,False
Germany,Agriculture,2020,21.0,21,True,investment,False
Germany,Agriculture,2021,232.0,238,True,investment,False
Germany,Agriculture,2022,6.0,10,True,investment,False
Germany,Agriculture,2023,2.0,136,True,investment,False
Germany,Agriculture,2024,3.0,6,True,investment,False
Germany,Agriculture,2025,14.0,14,False,investment,False
Germany,All,2015,1022.0,1945,True,investment,False
Germany,All,2016,104.0,958,True,investment,False
Germany,All,2017,492.0,864,True,investment,False
Germany,All,2018,356.0,2612,True,investment,False
Germany,All,2019,850.0,1421,True,investment,False
Germany,All,2020,841.0,2999,True,investment,False
Germany,All,2021,3420.0,5062,True,investment,False
Germany,All,2022,3219.0,5351,True,investment,False
Germany,All,2023,2199.0,4891,True,investment,False
Germany,All,2024,2414.0,5633,True,investment,False
Germany,All,2025,5641.0,21450,False,investment,False
Germany,Biotechnology,2015,,92,True,investment,False
Germany,Biotechnology,2016,1.0,4,True,investment,False
Germany,Biotechnology,2017,0.0,4,True,investment,False
Germany,Biotechnology,2018,2.0,2,True,investment,False
Germany,Biotechnology,2019,2.0,20,True,investment,False
Germany,Biotechnology,2020,2.0,10,True,investment,False
Germany,Biotechnology,2021,30.0,36,True,investment,False
Germany,Biotechnology,2022,32.0,35,True,investment,False
Germany,Biotechnology,2023,28.0,44,True,investment,False
Germany,Biotechnology,2024,18.0,24,True,investment,False
Germany,Biotechnology,2025,29.0,845,False,investment,False
Germany,Community and Lifestyle,2015,6.0,6,True,investment,False
Germany,Community and Lifestyle,2016,2.0,2,True,investment,False
Germany,Community and Lifestyle,2017,5.0,5,True,investment,False
Germany,Community and Lifestyle,2018,4.0,170,True,investment,False
Germany,Community and Lifestyle,2019,15.0,17,True,investment,False
Germany,Community and Lifestyle,2020,7.0,7,True,investment,False
Germany,Community and Lifestyle,2021,157.0,165,True,investment,False
Germany,Community and Lifestyle,2022,24.0,167,True,investment,False
Germany,Community and Lifestyle,2023,11.0,14,True,investment,False
Germany,Community and Lifestyle,2024,5.0,11,True,investment,False
Germany,Community and Lifestyle,2025,15.0,117,False,investment,False
Germany,Computer Vision,2015,3.0,3,True,investment,False
Germany,Computer Vision,2016,6.0,7,True,investment,False
Germany,Computer Vision,2017,2.0,17,True,investment,False
Germany,Computer Vision,2018,16.0,18,True,investment,False
Germany,Computer Vision,2019,8.0,14,True,investment,False
Germany,Computer Vision,2020,9.0,171,True,investment,False
Germany,Computer Vision,2021,8.0,169,True,investment,False
Germany,Computer Vision,2022,21.0,158,True,investment,False
Germany,Computer Vision,2023,3.0,285,True,investment,False
Germany,Computer Vision,2024,4.0,169,True,investment,False
Germany,Computer Vision,2025,3.0,852,False,investment,False
Germany,Consumer goods,2015,11.0,186,True,investment,False
Germany,Consumer goods,2016,0.0,179,True,investment,False
Germany,Consumer goods,2017,0.0,1,True,investment,False
Germany,Consumer goods,2018,3.0,469,True,investment,False
Germany,Consumer goods,2019,1.0,3,True,investment,False
Germany,Consumer goods,2020,10.0,326,True,investment,False
Germany,Consumer goods,2021,298.0,406,True,investment,False
Germany,Consumer goods,2022,42.0,123,True,investment,False
Germany,Consumer goods,2023,108.0,383,True,investment,False
Germany,Consumer goods,2024,106.0,158,True,investment,False
Germany,Consumer goods,2025,342.0,1163,False,investment,False
Germany,Cyber Security,2017,0.0,0,True,investment,False
Germany,Cyber Security,2018,8.0,9,True,investment,False
Germany,Cyber Security,2019,4.0,5,True,investment,False
Germany,Cyber Security,2021,6.0,7,True,investment,False
Germany,Cyber Security,2022,1.0,4,True,investment,False
Germany,Cyber Security,2023,6.0,16,True,investment,False
Germany,Cyber Security,2024,2.0,4,True,investment,False
Germany,Cyber Security,2025,25.0,840,False,investment,False
Germany,Data and analytics,2015,244.0,1127,True,investment,False
Germany,Data and analytics,2016,50.0,710,True,investment,False
Germany,Data and analytics,2017,289.0,582,True,investment,False
Germany,Data and analytics,2018,138.0,787,True,investment,False
Germany,Data and analytics,2019,203.0,671,True,investment,False
Germany,Data and analytics,2020,221.0,2172,True,investment,False
Germany,Data and analytics,2021,765.0,1957,True,investment,False
Germany,Data and analytics,2022,796.0,2486,True,investment,False
Germany,Data and analytics,2023,490.0,2697,True,investment,False
Germany,Data and analytics,2024,804.0,3171,True,investment,False
Germany,Data and analytics,2025,1821.0,11789,False,investment,False
Germany,Education,2016,0.0,0,True,investment,False
Germany,Education,2017,15.0,15,True,investment,False
Germany,Education,2018,1.0,1,True,investment,False
Germany,Education,2019,4.0,6,True,investment,False
Germany,Education,2020,10.0,12,True,investment,False
Germany,Education,2021,22.0,132,True,investment,False
Germany,Education,2022,31.0,104,True,investment,False
Germany,Education,2023,30.0,40,True,investment,False
Germany,Education,2024,48.0,354,True,investment,False
Germany,Education,2025,6.0,184,False,investment,False
Germany,Energy and natural resources,2015,,4,True,investment,False
Germany,Energy and natural resources,2017,5.0,8,True,investment,False
Germany,Energy and natural resources,2018,6.0,161,True,investment,False
Germany,Energy and natural resources,2019,7.0,20,True,investment,False
Germany,Energy and natural resources,2020,6.0,164,True,investment,False
Germany,Energy and natural resources,2021,37.0,162,True,investment,False
Germany,Energy and natural resources,2022,39.0,57,True,investment,False
Germany,Energy and natural resources,2023,21.0,439,True,investment,False
Germany,Energy and natural resources,2024,16.0,21,True,investment,False
Germany,Energy and natural resources,2025,25.0,33,False,investment,False
Germany,Finance,2015,215.0,221,True,investment,False
Germany,Finance,2016,27.0,130,True,investment,False
Germany,Finance,2017,133.0,161,True,investment,False
Germany,Finance,2018,32.0,302,True,investment,False
Germany,Finance,2019,22.0,48,True,investment,False
Germany,Finance,2020,29.0,341,True,investment,False
Germany,Finance,2021,45.0,219,True,investment,False
Germany,Finance,2022,38.0,213,True,investment,False
Germany,Finance,2023,37.0,59,True,investment,False
Germany,Finance,2024,43.0,196,True,investment,False
Germany,Finance,2025,247.0,2092,False,investment,False
Germany,Gaming,2015,,0,True,investment,False
Germany,Gaming,2016,,1,True,investment,False
Germany,Gaming,2018,,2,True,investment,False
Germany,Gaming,2019,0.0,0,True,investment,False
Germany,Gaming,2020,0.0,0,True,investment,False
Germany,Gaming,2021,1.0,1,True,investment,False
Germany,Gaming,2022,0.0,0,True,investment,False
Germany,Gaming,2023,3.0,3,True,investment,False
Germany,Gaming,2024,1.0,1,True,investment,False
Germany,Gaming,2025,6.0,6,False,investment,False
Germany,General purpose,2015,28.0,233,True,investment,False
Germany,General purpose,2016,26.0,340,True,investment,False
Germany,General purpose,2017,150.0,415,True,investment,False
Germany,General purpose,2018,132.0,1072,True,investment,False
Germany,General purpose,2019,167.0,624,True,investment,False
Germany,General purpose,2020,174.0,1502,True,investment,False
Germany,General purpose,2021,668.0,1802,True,investment,False
Germany,General purpose,2022,578.0,2315,True,investment,False
Germany,General purpose,2023,489.0,2135,True,investment,False
Germany,General purpose,2024,810.0,2884,True,investment,False
Germany,General purpose,2025,2649.0,13358,False,investment,False
Germany,Hardware,2015,682.0,854,True,investment,False
Germany,Hardware,2016,5.0,187,True,investment,False
Germany,Hardware,2017,4.0,73,True,investment,False
Germany,Hardware,2018,19.0,649,True,investment,False
Germany,Hardware,2019,18.0,155,True,investment,False
Germany,Hardware,2020,29.0,522,True,investment,False
Germany,Hardware,2021,356.0,714,True,investment,False
Germany,Hardware,2022,183.0,676,True,investment,False
Germany,Hardware,2023,181.0,756,True,investment,False
Germany,Hardware,2024,399.0,828,True,investment,False
Germany,Hardware,2025,405.0,2885,False,investment,False
Germany,Healthcare and Life Sciences,2015,3.0,93,True,investment,False
Germany,Healthcare and Life Sciences,2016,1.0,6,True,investment,False
Germany,Healthcare and Life Sciences,2017,13.0,29,True,investment,False
Germany,Healthcare and Life Sciences,2018,5.0,9,True,investment,False
Germany,Healthcare and Life Sciences,2019,7.0,28,True,investment,False
Germany,Healthcare and Life Sciences,2020,21.0,30,True,investment,False
Germany,Healthcare and Life Sciences,2021,63.0,86,True,investment,False
Germany,Healthcare and Life Sciences,2022,88.0,239,True,investment,False
Germany,Healthcare and Life Sciences,2023,41.0,65,True,investment,False
Germany,Healthcare and Life Sciences,2024,54.0,273,True,investment,False
Germany,Healthcare and Life Sciences,2025,49.0,701,False,investment,False
Germany,Information Technology,2015,6.0,116,True,investment,False
Germany,Information Technology,2016,7.0,367,True,investment,False
Germany,Information Technology,2017,43.0,312,True,investment,False
Germany,Information Technology,2018,87.0,1205,True,investment,False
Germany,Information Technology,2019,84.0,424,True,investment,False
Germany,Information Technology,2020,121.0,957,True,investment,False
Germany,Information Technology,2021,335.0,931,True,investment,False
Germany,Information Technology,2022,422.0,1271,True,investment,False
Germany,Information Technology,2023,455.0,1324,True,investment,False
Germany,Information Technology,2024,232.0,1568,True,investment,False
Germany,Information Technology,2025,1615.0,8916,False,investment,False
Germany,Lending and Investments,2015,215.0,215,True,investment,False
Germany,Lending and Investments,2016,22.0,33,True,investment,False
Germany,Lending and Investments,2017,120.0,120,True,investment,False
Germany,Lending and Investments,2018,3.0,3,True,investment,False
Germany,Lending and Investments,2019,8.0,8,True,investment,False
Germany,Lending and Investments,2020,15.0,18,True,investment,False
Germany,Lending and Investments,2021,6.0,17,True,investment,False
Germany,Lending and Investments,2022,1.0,59,True,investment,False
Germany,Lending and Investments,2023,5.0,6,True,investment,False
Germany,Lending and Investments,2024,17.0,17,True,investment,False
Germany,Lending and Investments,2025,10.0,99,False,investment,False
Germany,Manufacturing,2015,8.0,92,True,investment,False
Germany,Manufacturing,2016,2.0,175,True,investment,False
Germany,Manufacturing,2017,1.0,218,True,investment,False
Germany,Manufacturing,2018,8.0,466,True,investment,False
Germany,Manufacturing,2019,7.0,25,True,investment,False
Germany,Manufacturing,2020,36.0,189,True,investment,False
Germany,Manufacturing,2021,76.0,307,True,investment,False
Germany,Manufacturing,2022,162.0,245,True,investment,False
Germany,Manufacturing,2023,82.0,371,True,investment,False
Germany,Manufacturing,2024,65.0,702,True,investment,False
Germany,Manufacturing,2025,1087.0,1216,False,investment,False
Germany,Media and Entertainment,2015,3.0,8,True,investment,False
Germany,Media and Entertainment,2016,,18,True,investment,False
Germany,Media and Entertainment,2017,16.0,38,True,investment,False
Germany,Media and Entertainment,2018,5.0,314,True,investment,False
Germany,Media and Entertainment,2019,1.0,10,True,investment,False
Germany,Media and Entertainment,2020,4.0,16,True,investment,False
Germany,Media and Entertainment,2021,18.0,184,True,investment,False
Germany,Media and Entertainment,2022,42.0,201,True,investment,False
Germany,Media and Entertainment,2023,16.0,294,True,investment,False
Germany,Media and Entertainment,2024,5.0,157,True,investment,False
Germany,Media and Entertainment,2025,34.0,125,False,investment,False
Germany,"Military, public safety and government",2015,8.0,8,True,investment,False
Germany,"Military, public safety and government",2017,0.0,0,True,investment,False
Germany,"Military, public safety and government",2018,1.0,154,True,investment,False
Germany,"Military, public safety and government",2019,,1,True,investment,False
Germany,"Military, public safety and government",2020,6.0,9,True,investment,False
Germany,"Military, public safety and government",2021,141.0,144,True,investment,False
Germany,"Military, public safety and government",2022,40.0,97,True,investment,False
Germany,"Military, public safety and government",2023,109.0,109,True,investment,False
Germany,"Military, public safety and government",2024,104.0,104,True,investment,False
Germany,"Military, public safety and government",2025,322.0,322,False,investment,False
Germany,"Mobile, platforms & Internet services",2015,10.0,119,True,investment,False
Germany,"Mobile, platforms & Internet services",2016,6.0,305,True,investment,False
Germany,"Mobile, platforms & Internet services",2017,56.0,284,True,investment,False
Germany,"Mobile, platforms & Internet services",2018,39.0,683,True,investment,False
Germany,"Mobile, platforms & Internet services",2019,32.0,186,True,investment,False
Germany,"Mobile, platforms & Internet services",2020,49.0,529,True,investment,False
Germany,"Mobile, platforms & Internet services",2021,95.0,452,True,investment,False
Germany,"Mobile, platforms & Internet services",2022,147.0,512,True,investment,False
Germany,"Mobile, platforms & Internet services",2023,46.0,872,True,investment,False
Germany,"Mobile, platforms & Internet services",2024,54.0,683,True,investment,False
Germany,"Mobile, platforms & Internet services",2025,54.0,3625,False,investment,False
Germany,NLP,2015,0.0,1,True,investment,False
Germany,NLP,2016,1.0,21,True,investment,False
Germany,NLP,2017,0.0,1,True,investment,False
Germany,NLP,2018,,158,True,investment,False
Germany,NLP,2019,3.0,8,True,investment,False
Germany,NLP,2020,5.0,167,True,investment,False
Germany,NLP,2021,18.0,74,True,investment,False
Germany,NLP,2022,7.0,64,True,investment,False
Germany,NLP,2023,59.0,59,True,investment,False
Germany,NLP,2024,0.0,2,True,investment,False
Germany,NLP,2025,5.0,7,False,investment,False
Germany,Navigation and mapping,2015,8.0,8,True,investment,False
Germany,Navigation and mapping,2016,3.0,3,True,investment,False
Germany,Navigation and mapping,2017,2.0,3,True,investment,False
Germany,Navigation and mapping,2018,3.0,4,True,investment,False
Germany,Navigation and mapping,2019,2.0,3,True,investment,False
Germany,Navigation and mapping,2020,0.0,156,True,investment,False
Germany,Navigation and mapping,2021,24.0,136,True,investment,False
Germany,Navigation and mapping,2022,22.0,82,True,investment,False
Germany,Navigation and mapping,2023,34.0,34,True,investment,False
Germany,Navigation and mapping,2024,20.0,21,True,investment,False
Germany,Navigation and mapping,2025,228.0,228,False,investment,False
Germany,Other,2015,671.0,684,True,investment,False
Germany,Other,2016,0.0,27,True,investment,False
Germany,Other,2017,29.0,44,True,investment,False
Germany,Other,2018,2.0,484,True,investment,False
Germany,Other,2019,49.0,204,True,investment,False
Germany,Other,2020,33.0,207,True,investment,False
Germany,Other,2021,34.0,158,True,investment,False
Germany,Other,2022,105.0,393,True,investment,False
Germany,Other,2023,44.0,330,True,investment,False
Germany,Other,2024,51.0,415,True,investment,False
Germany,Other,2025,2039.0,2956,False,investment,False
Germany,Privacy and Security,2015,,2,True,investment,False
Germany,Privacy and Security,2016,,2,True,investment,False
Germany,Privacy and Security,2017,11.0,14,True,investment,False
Germany,Privacy and Security,2018,10.0,18,True,investment,False
Germany,Privacy and Security,2019,30.0,72,True,investment,False
Germany,Privacy and Security,2020,40.0,352,True,investment,False
Germany,Privacy and Security,2021,6.0,17,True,investment,False
Germany,Privacy and Security,2022,84.0,145,True,investment,False
Germany,Privacy and Security,2023,17.0,30,True,investment,False
Germany,Privacy and Security,2024,2.0,16,True,investment,False
Germany,Privacy and Security,2025,38.0,2487,False,investment,False
Germany,Professional services,2015,2.0,17,True,investment,False
Germany,Professional services,2016,3.0,180,True,investment,False
Germany,Professional services,2017,3.0,8,True,investment,False
Germany,Professional services,2018,11.0,645,True,investment,False
Germany,Professional services,2019,21.0,246,True,investment,False
Germany,Professional services,2020,30.0,353,True,investment,False
Germany,Professional services,2021,23.0,166,True,investment,False
Germany,Professional services,2022,69.0,330,True,investment,False
Germany,Professional services,2023,352.0,779,True,investment,False
Germany,Professional services,2024,182.0,646,True,investment,False
Germany,Professional services,2025,1000.0,2746,False,investment,False
Germany,Real estate,2015,,10,True,investment,False
Germany,Real estate,2016,2.0,2,True,investment,False
Germany,Real estate,2017,3.0,20,True,investment,False
Germany,Real estate,2018,5.0,183,True,investment,False
Germany,Real estate,2019,12.0,32,True,investment,False
Germany,Real estate,2020,8.0,15,True,investment,False
Germany,Real estate,2021,10.0,147,True,investment,False
Germany,Real estate,2022,25.0,174,True,investment,False
Germany,Real estate,2023,16.0,150,True,investment,False
Germany,Real estate,2024,16.0,70,True,investment,False
Germany,Real estate,2025,30.0,855,False,investment,False
Germany,Robotics,2015,0.0,0,True,investment,False
Germany,Robotics,2016,3.0,4,True,investment,False
Germany,Robotics,2017,1.0,17,True,investment,False
Germany,Robotics,2018,8.0,8,True,investment,False
Germany,Robotics,2019,1.0,2,True,investment,False
Germany,Robotics,2020,10.0,19,True,investment,False
Germany,Robotics,2021,34.0,90,True,investment,False
Germany,Robotics,2022,85.0,244,True,investment,False
Germany,Robotics,2023,47.0,179,True,investment,False
Germany,Robotics,2024,263.0,421,True,investment,False
Germany,Robotics,2025,31.0,33,False,investment,False
Germany,"Sales, retail, commerce, marketing",2015,7.0,681,True,investment,False
Germany,"Sales, retail, commerce, marketing",2016,1.0,288,True,investment,False
Germany,"Sales, retail, commerce, marketing",2017,96.0,104,True,investment,False
Germany,"Sales, retail, commerce, marketing",2018,8.0,634,True,investment,False
Germany,"Sales, retail, commerce, marketing",2019,21.0,35,True,investment,False
Germany,"Sales, retail, commerce, marketing",2020,15.0,636,True,investment,False
Germany,"Sales, retail, commerce, marketing",2021,53.0,256,True,investment,False
Germany,"Sales, retail, commerce, marketing",2022,77.0,350,True,investment,False
Germany,"Sales, retail, commerce, marketing",2023,23.0,440,True,investment,False
Germany,"Sales, retail, commerce, marketing",2024,43.0,526,True,investment,False
Germany,"Sales, retail, commerce, marketing",2025,1206.0,3754,False,investment,False
Germany,Semiconductor,2017,,5,True,investment,False
Germany,Semiconductor,2019,,0,True,investment,False
Germany,Semiconductor,2020,,3,True,investment,False
Germany,Semiconductor,2021,,4,True,investment,False
Germany,Semiconductor,2022,3.0,4,True,investment,False
Germany,Semiconductor,2023,,2,True,investment,False
Germany,Semiconductor,2024,253.0,254,True,investment,False
Germany,Semiconductor,2025,3.0,8,False,investment,False
Germany,Simulation,2016,1.0,1,True,investment,False
Germany,Simulation,2017,1.0,1,True,investment,False
Germany,Simulation,2020,,153,True,investment,False
Germany,Simulation,2021,,53,True,investment,False
Germany,Simulation,2022,2.0,2,True,investment,False
Germany,Simulation,2024,1.0,1,True,investment,False
Germany,Software,2015,917.0,1147,True,investment,False
Germany,Software,2016,52.0,628,True,investment,False
Germany,Software,2017,307.0,634,True,investment,False
Germany,Software,2018,175.0,1597,True,investment,False
Germany,Software,2019,231.0,734,True,investment,False
Germany,Software,2020,249.0,2204,True,investment,False
Germany,Software,2021,865.0,2192,True,investment,False
Germany,Software,2022,878.0,2707,True,investment,False
Germany,Software,2023,506.0,2860,True,investment,False
Germany,Software,2024,832.0,3213,True,investment,False
Germany,Software,2025,2733.0,16824,False,investment,False
Germany,Speech Recognition,2018,0.0,0,True,investment,False
Germany,Speech Recognition,2019,0.0,0,True,investment,False
Germany,Speech Recognition,2020,1.0,1,True,investment,False
Germany,Speech Recognition,2021,1.0,1,True,investment,False
Germany,Speech Recognition,2023,1.0,1,True,investment,False
Germany,Sports,2017,0.0,1,True,investment,False
Germany,Sports,2018,1.0,2,True,investment,False
Germany,Sports,2019,0.0,3,True,investment,False
Germany,Sports,2021,3.0,3,True,investment,False
Germany,Sports,2022,7.0,7,True,investment,False
Germany,Sports,2023,1.0,1,True,investment,False
Germany,Sports,2025,,2,False,investment,False
Germany,Telecommunications,2015,,2,True,investment,False
Germany,Telecommunications,2016,1.0,90,True,investment,False
Germany,Telecommunications,2017,,2,True,investment,False
Germany,Telecommunications,2018,,154,True,investment,False
Germany,Telecommunications,2019,1.0,1,True,investment,False
Germany,Telecommunications,2020,6.0,12,True,investment,False
Germany,Telecommunications,2021,,1,True,investment,False
Germany,Telecommunications,2022,1.0,59,True,investment,False
Germany,Telecommunications,2023,1.0,1,True,investment,False
Germany,Telecommunications,2024,0.0,0,True,investment,False
Germany,Telecommunications,2025,16.0,16,False,investment,False
Germany,Transportation,2015,670.0,758,True,investment,False
Germany,Transportation,2016,5.0,320,True,investment,False
Germany,Transportation,2017,15.0,34,True,investment,False
Germany,Transportation,2018,11.0,589,True,investment,False
Germany,Transportation,2019,18.0,84,True,investment,False
Germany,Transportation,2020,53.0,367,True,investment,False
Germany,Transportation,2021,237.0,586,True,investment,False
Germany,Transportation,2022,175.0,414,True,investment,False
Germany,Transportation,2023,351.0,792,True,investment,False
Germany,Transportation,2024,317.0,931,True,investment,False
Germany,Transportation,2025,127.0,4320,False,investment,False
Ghana,All,2015,,1,True,investment,False
Ghana,All,2016,,3,True,investment,False
Ghana,All,2017,0.0,0,True,investment,False
Ghana,All,2018,1.0,1,True,investment,False
Ghana,All,2019,0.0,0,True,investment,False
Ghana,All,2021,2.0,3,True,investment,False
Ghana,All,2022,38.0,38,True,investment,False
Ghana,All,2023,0.0,20,True,investment,False
Ghana,All,2024,30.0,33,True,investment,False
Ghana,All,2025,0.0,1,False,investment,False
Ghana,Biotechnology,2021,0.0,1,True,investment,False
Ghana,Biotechnology,2022,1.0,1,True,investment,False
Ghana,Consumer goods,2017,0.0,0,True,investment,False
Ghana,Consumer goods,2018,,1,True,investment,False
Ghana,Data and analytics,2016,,3,True,investment,False
Ghana,Data and analytics,2021,0.0,1,True,investment,False
Ghana,Data and analytics,2022,1.0,1,True,investment,False
Ghana,Data and analytics,2023,0.0,12,True,investment,False
Ghana,Data and analytics,2025,0.0,0,False,investment,False
Ghana,Education,2016,,3,True,investment,False
Ghana,Education,2021,0.0,0,True,investment,False
Ghana,Education,2022,,0,True,investment,False
Ghana,Education,2025,0.0,0,False,investment,False
Ghana,Energy and natural resources,2022,0.0,0,True,investment,False
Ghana,Finance,2017,,0,True,investment,False
Ghana,Finance,2018,1.0,1,True,investment,False
Ghana,Finance,2019,0.0,0,True,investment,False
Ghana,Finance,2021,0.0,0,True,investment,False
Ghana,Finance,2022,11.0,11,True,investment,False
Ghana,Finance,2023,0.0,13,True,investment,False
Ghana,Finance,2024,10.0,13,True,investment,False
Ghana,Finance,2025,0.0,0,False,investment,False
Ghana,General purpose,2016,,3,True,investment,False
Ghana,General purpose,2021,0.0,1,True,investment,False
Ghana,General purpose,2022,1.0,1,True,investment,False
Ghana,General purpose,2023,0.0,12,True,investment,False
Ghana,General purpose,2025,0.0,0,False,investment,False
Ghana,Hardware,2017,0.0,0,True,investment,False
Ghana,Hardware,2018,,1,True,investment,False
Ghana,Hardware,2023,0.0,0,True,investment,False
Ghana,Healthcare and Life Sciences,2021,0.0,1,True,investment,False
Ghana,Healthcare and Life Sciences,2022,1.0,1,True,investment,False
Ghana,Information Technology,2018,0.0,0,True,investment,False
Ghana,Information Technology,2021,,0,True,investment,False
Ghana,Lending and Investments,2022,10.0,10,True,investment,False
Ghana,Lending and Investments,2024,10.0,10,True,investment,False
Ghana,"Mobile, platforms & Internet services",2015,,1,True,investment,False
Ghana,"Mobile, platforms & Internet services",2016,,3,True,investment,False
Ghana,"Mobile, platforms & Internet services",2017,0.0,0,True,investment,False
Ghana,"Mobile, platforms & Internet services",2018,,1,True,investment,False
Ghana,"Mobile, platforms & Internet services",2021,0.0,1,True,investment,False
Ghana,"Mobile, platforms & Internet services",2022,,0,True,investment,False
Ghana,"Mobile, platforms & Internet services",2023,0.0,12,True,investment,False
Ghana,Other,2021,0.0,0,True,investment,False
Ghana,Other,2022,0.0,0,True,investment,False
Ghana,Other,2023,,6,True,investment,False
Ghana,"Sales, retail, commerce, marketing",2015,,1,True,investment,False
Ghana,"Sales, retail, commerce, marketing",2017,0.0,0,True,investment,False
Ghana,"Sales, retail, commerce, marketing",2018,,1,True,investment,False
Ghana,"Sales, retail, commerce, marketing",2023,0.0,0,True,investment,False
Ghana,Software,2015,,1,True,investment,False
Ghana,Software,2016,,3,True,investment,False
Ghana,Software,2017,0.0,0,True,investment,False
Ghana,Software,2018,1.0,1,True,investment,False
Ghana,Software,2019,,0,True,investment,False
Ghana,Software,2021,0.0,1,True,investment,False
Ghana,Software,2022,2.0,2,True,investment,False
Ghana,Software,2023,0.0,12,True,investment,False
Ghana,Software,2024,0.0,3,True,investment,False
Ghana,Software,2025,0.0,0,False,investment,False
Ghana,Transportation,2022,0.0,0,True,investment,False
Greece,Agriculture,2015,0.0,0,True,investment,False
Greece,Agriculture,2018,1.0,1,True,investment,False
Greece,Agriculture,2019,1.0,1,True,investment,False
Greece,Agriculture,2021,2.0,2,True,investment,False
Greece,Agriculture,2023,110.0,220,True,investment,False
Greece,Agriculture,2024,0.0,0,True,investment,False
Greece,Agriculture,2025,0.0,0,False,investment,False
Greece,All,2015,0.0,0,True,investment,False
Greece,All,2016,11.0,11,True,investment,False
Greece,All,2017,,58,True,investment,False
Greece,All,2018,2.0,2,True,investment,False
Greece,All,2019,6.0,11,True,investment,False
Greece,All,2020,21.0,21,True,investment,False
Greece,All,2021,14.0,64,True,investment,False
Greece,All,2022,113.0,113,True,investment,False
Greece,All,2023,110.0,443,True,investment,False
Greece,All,2024,2.0,61,True,investment,False
Greece,All,2025,6.0,107,False,investment,False
Greece,Community and Lifestyle,2015,0.0,0,True,investment,False
Greece,Community and Lifestyle,2019,0.0,0,True,investment,False
Greece,Community and Lifestyle,2024,,0,True,investment,False
Greece,Computer Vision,2018,1.0,1,True,investment,False
Greece,Computer Vision,2019,1.0,1,True,investment,False
Greece,Computer Vision,2021,2.0,2,True,investment,False
Greece,Computer Vision,2023,110.0,220,True,investment,False
Greece,Consumer goods,2015,0.0,0,True,investment,False
Greece,Consumer goods,2019,,3,True,investment,False
Greece,Consumer goods,2021,0.0,50,True,investment,False
Greece,Cyber Security,2025,3.0,3,False,investment,False
Greece,Data and analytics,2015,0.0,0,True,investment,False
Greece,Data and analytics,2016,6.0,6,True,investment,False
Greece,Data and analytics,2018,2.0,2,True,investment,False
Greece,Data and analytics,2019,3.0,8,True,investment,False
Greece,Data and analytics,2020,11.0,11,True,investment,False
Greece,Data and analytics,2021,4.0,54,True,investment,False
Greece,Data and analytics,2022,11.0,11,True,investment,False
Greece,Data and analytics,2023,110.0,332,True,investment,False
Greece,Data and analytics,2024,2.0,60,True,investment,False
Greece,Data and analytics,2025,4.0,105,False,investment,False
Greece,Finance,2021,,50,True,investment,False
Greece,Finance,2024,0.0,0,True,investment,False
Greece,General purpose,2015,0.0,0,True,investment,False
Greece,General purpose,2016,5.0,5,True,investment,False
Greece,General purpose,2018,1.0,1,True,investment,False
Greece,General purpose,2019,1.0,6,True,investment,False
Greece,General purpose,2020,3.0,3,True,investment,False
Greece,General purpose,2021,4.0,54,True,investment,False
Greece,General purpose,2022,0.0,1,True,investment,False
Greece,General purpose,2023,110.0,330,True,investment,False
Greece,General purpose,2024,2.0,2,True,investment,False
Greece,General purpose,2025,4.0,4,False,investment,False
Greece,Hardware,2015,0.0,0,True,investment,False
Greece,Hardware,2017,,58,True,investment,False
Greece,Hardware,2018,1.0,1,True,investment,False
Greece,Hardware,2019,1.0,4,True,investment,False
Greece,Hardware,2021,2.0,52,True,investment,False
Greece,Hardware,2023,110.0,220,True,investment,False
Greece,Hardware,2024,0.0,59,True,investment,False
Greece,Healthcare and Life Sciences,2018,0.0,0,True,investment,False
Greece,Healthcare and Life Sciences,2019,,3,True,investment,False
Greece,Information Technology,2018,0.0,0,True,investment,False
Greece,Information Technology,2019,,0,True,investment,False
Greece,Information Technology,2020,1.0,1,True,investment,False
Greece,Information Technology,2021,0.0,50,True,investment,False
Greece,Information Technology,2022,7.0,7,True,investment,False
Greece,Information Technology,2023,,0,True,investment,False
Greece,Information Technology,2024,1.0,1,True,investment,False
Greece,Information Technology,2025,4.0,4,False,investment,False
Greece,Manufacturing,2023,,0,True,investment,False
Greece,Manufacturing,2025,1.0,1,False,investment,False
Greece,Media and Entertainment,2016,5.0,5,True,investment,False
Greece,Media and Entertainment,2019,,0,True,investment,False
Greece,Media and Entertainment,2023,0.0,0,True,investment,False
Greece,"Mobile, platforms & Internet services",2015,0.0,0,True,investment,False
Greece,"Mobile, platforms & Internet services",2017,,58,True,investment,False
Greece,"Mobile, platforms & Internet services",2018,1.0,1,True,investment,False
Greece,"Mobile, platforms & Internet services",2019,0.0,0,True,investment,False
Greece,"Mobile, platforms & Internet services",2020,0.0,0,True,investment,False
Greece,"Mobile, platforms & Internet services",2021,0.0,0,True,investment,False
Greece,"Mobile, platforms & Internet services",2022,0.0,1,True,investment,False
Greece,"Mobile, platforms & Internet services",2024,,58,True,investment,False
Greece,NLP,2019,,3,True,investment,False
Greece,Other,2021,,50,True,investment,False
Greece,Privacy and Security,2022,7.0,7,True,investment,False
Greece,Privacy and Security,2025,3.0,3,False,investment,False
Greece,Professional services,2021,0.0,0,True,investment,False
Greece,Real estate,2024,,0,True,investment,False
Greece,Robotics,2021,0.0,0,True,investment,False
Greece,Robotics,2024,0.0,0,True,investment,False
Greece,"Sales, retail, commerce, marketing",2015,0.0,0,True,investment,False
Greece,"Sales, retail, commerce, marketing",2016,5.0,5,True,investment,False
Greece,"Sales, retail, commerce, marketing",2019,,0,True,investment,False
Greece,"Sales, retail, commerce, marketing",2024,0.0,0,True,investment,False
Greece,Software,2015,0.0,0,True,investment,False
Greece,Software,2016,6.0,6,True,investment,False
Greece,Software,2017,,58,True,investment,False
Greece,Software,2018,2.0,2,True,investment,False
Greece,Software,2019,3.0,8,True,investment,False
Greece,Software,2020,11.0,11,True,investment,False
Greece,Software,2021,4.0,54,True,investment,False
Greece,Software,2022,11.0,11,True,investment,False
Greece,Software,2023,110.0,333,True,investment,False
Greece,Software,2024,2.0,60,True,investment,False
Greece,Software,2025,5.0,105,False,investment,False
Greece,Transportation,2016,0.0,0,True,investment,False
Greece,Transportation,2019,1.0,1,True,investment,False
Greece,Transportation,2020,10.0,10,True,investment,False
Greece,Transportation,2021,1.0,1,True,investment,False
Greece,Transportation,2022,11.0,11,True,investment,False
Greece,Transportation,2023,,112,True,investment,False
Greece,Transportation,2025,,101,False,investment,False
Guatemala,All,2019,,5,True,investment,False
Guatemala,Finance,2019,,5,True,investment,False
Guatemala,Lending and Investments,2019,,5,True,investment,False
Guatemala,"Mobile, platforms & Internet services",2019,,5,True,investment,False
Honduras,All,2024,1.0,1,True,investment,False
Honduras,Data and analytics,2024,0.0,0,True,investment,False
Honduras,General purpose,2024,0.0,0,True,investment,False
Honduras,Media and Entertainment,2024,0.0,0,True,investment,False
Honduras,"Mobile, platforms & Internet services",2024,0.0,0,True,investment,False
Honduras,Software,2024,0.0,0,True,investment,False
Hungary,Agriculture,2015,0.0,0,True,investment,False
Hungary,Agriculture,2018,0.0,0,True,investment,False
Hungary,Agriculture,2020,0.0,0,True,investment,False
Hungary,Agriculture,2021,0.0,4,True,investment,False
Hungary,Agriculture,2022,0.0,1,True,investment,False
Hungary,Agriculture,2023,1.0,1,True,investment,False
Hungary,Agriculture,2024,1.0,2,True,investment,False
Hungary,All,2015,3.0,346,True,investment,False
Hungary,All,2016,10.0,10,True,investment,False
Hungary,All,2017,2.0,2,True,investment,False
Hungary,All,2018,41.0,41,True,investment,False
Hungary,All,2019,9.0,10,True,investment,False
Hungary,All,2020,9.0,10,True,investment,False
Hungary,All,2021,13.0,16,True,investment,False
Hungary,All,2022,26.0,33,True,investment,False
Hungary,All,2023,18.0,19,True,investment,False
Hungary,All,2024,11.0,32,True,investment,False
Hungary,All,2025,5.0,5,False,investment,False
Hungary,Biotechnology,2015,0.0,0,True,investment,False
Hungary,Biotechnology,2017,0.0,0,True,investment,False
Hungary,Biotechnology,2018,0.0,0,True,investment,False
Hungary,Biotechnology,2019,1.0,1,True,investment,False
Hungary,Biotechnology,2020,0.0,0,True,investment,False
Hungary,Biotechnology,2021,1.0,1,True,investment,False
Hungary,Biotechnology,2022,3.0,3,True,investment,False
Hungary,Biotechnology,2023,6.0,6,True,investment,False
Hungary,Biotechnology,2024,,4,True,investment,False
Hungary,Community and Lifestyle,2015,0.0,0,True,investment,False
Hungary,Community and Lifestyle,2016,0.0,0,True,investment,False
Hungary,Community and Lifestyle,2021,0.0,0,True,investment,False
Hungary,Community and Lifestyle,2022,0.0,0,True,investment,False
Hungary,Community and Lifestyle,2023,0.0,0,True,investment,False
Hungary,Community and Lifestyle,2024,0.0,0,True,investment,False
Hungary,Computer Vision,2015,0.0,0,True,investment,False
Hungary,Computer Vision,2016,2.0,2,True,investment,False
Hungary,Computer Vision,2018,4.0,4,True,investment,False
Hungary,Computer Vision,2019,2.0,2,True,investment,False
Hungary,Computer Vision,2020,1.0,1,True,investment,False
Hungary,Computer Vision,2022,0.0,4,True,investment,False
Hungary,Computer Vision,2024,4.0,4,True,investment,False
Hungary,Computer Vision,2025,0.0,0,False,investment,False
Hungary,Consumer goods,2016,0.0,0,True,investment,False
Hungary,Consumer goods,2017,0.0,0,True,investment,False
Hungary,Consumer goods,2018,0.0,0,True,investment,False
Hungary,Consumer goods,2019,0.0,0,True,investment,False
Hungary,Consumer goods,2020,1.0,1,True,investment,False
Hungary,Consumer goods,2021,1.0,1,True,investment,False
Hungary,Consumer goods,2022,0.0,0,True,investment,False
Hungary,Consumer goods,2023,3.0,3,True,investment,False
Hungary,Consumer goods,2024,1.0,1,True,investment,False
Hungary,Consumer goods,2025,0.0,0,False,investment,False
Hungary,Cyber Security,2021,0.0,0,True,investment,False
Hungary,Cyber Security,2025,2.0,2,False,investment,False
Hungary,Data and analytics,2015,1.0,344,True,investment,False
Hungary,Data and analytics,2016,3.0,3,True,investment,False
Hungary,Data and analytics,2017,2.0,2,True,investment,False
Hungary,Data and analytics,2018,6.0,6,True,investment,False
Hungary,Data and analytics,2019,5.0,6,True,investment,False
Hungary,Data and analytics,2020,5.0,5,True,investment,False
Hungary,Data and analytics,2021,7.0,7,True,investment,False
Hungary,Data and analytics,2022,7.0,13,True,investment,False
Hungary,Data and analytics,2023,18.0,19,True,investment,False
Hungary,Data and analytics,2024,7.0,27,True,investment,False
Hungary,Data and analytics,2025,3.0,3,False,investment,False
Hungary,Education,2015,0.0,0,True,investment,False
Hungary,Education,2016,0.0,0,True,investment,False
Hungary,Education,2018,1.0,1,True,investment,False
Hungary,Education,2019,0.0,1,True,investment,False
Hungary,Education,2020,2.0,2,True,investment,False
Hungary,Education,2022,0.0,0,True,investment,False
Hungary,Education,2023,0.0,1,True,investment,False
Hungary,Education,2024,1.0,2,True,investment,False
Hungary,Energy and natural resources,2018,0.0,0,True,investment,False
Hungary,Energy and natural resources,2020,0.0,0,True,investment,False
Hungary,Finance,2020,0.0,0,True,investment,False
Hungary,Finance,2021,0.0,0,True,investment,False
Hungary,Finance,2022,0.0,0,True,investment,False
Hungary,Gaming,2015,0.0,0,True,investment,False
Hungary,Gaming,2016,0.0,0,True,investment,False
Hungary,Gaming,2018,,0,True,investment,False
Hungary,Gaming,2019,,0,True,investment,False
Hungary,Gaming,2020,0.0,0,True,investment,False
Hungary,General purpose,2015,1.0,1,True,investment,False
Hungary,General purpose,2016,2.0,2,True,investment,False
Hungary,General purpose,2017,2.0,2,True,investment,False
Hungary,General purpose,2018,6.0,6,True,investment,False
Hungary,General purpose,2019,4.0,4,True,investment,False
Hungary,General purpose,2020,2.0,2,True,investment,False
Hungary,General purpose,2021,7.0,7,True,investment,False
Hungary,General purpose,2022,5.0,11,True,investment,False
Hungary,General purpose,2023,16.0,16,True,investment,False
Hungary,General purpose,2024,7.0,27,True,investment,False
Hungary,General purpose,2025,3.0,3,False,investment,False
Hungary,Hardware,2015,1.0,1,True,investment,False
Hungary,Hardware,2016,2.0,2,True,investment,False
Hungary,Hardware,2017,0.0,0,True,investment,False
Hungary,Hardware,2018,5.0,5,True,investment,False
Hungary,Hardware,2019,2.0,2,True,investment,False
Hungary,Hardware,2020,1.0,1,True,investment,False
Hungary,Hardware,2021,3.0,3,True,investment,False
Hungary,Hardware,2022,0.0,5,True,investment,False
Hungary,Hardware,2023,5.0,5,True,investment,False
Hungary,Hardware,2024,2.0,2,True,investment,False
Hungary,Hardware,2025,1.0,1,False,investment,False
Hungary,Healthcare and Life Sciences,2015,0.0,0,True,investment,False
Hungary,Healthcare and Life Sciences,2017,0.0,0,True,investment,False
Hungary,Healthcare and Life Sciences,2018,0.0,0,True,investment,False
Hungary,Healthcare and Life Sciences,2019,2.0,2,True,investment,False
Hungary,Healthcare and Life Sciences,2020,0.0,0,True,investment,False
Hungary,Healthcare and Life Sciences,2021,1.0,1,True,investment,False
Hungary,Healthcare and Life Sciences,2022,3.0,3,True,investment,False
Hungary,Healthcare and Life Sciences,2023,6.0,6,True,investment,False
Hungary,Healthcare and Life Sciences,2024,,4,True,investment,False
Hungary,Healthcare and Life Sciences,2025,,0,False,investment,False
Hungary,Information Technology,2015,1.0,1,True,investment,False
Hungary,Information Technology,2016,2.0,2,True,investment,False
Hungary,Information Technology,2017,0.0,0,True,investment,False
Hungary,Information Technology,2018,5.0,5,True,investment,False
Hungary,Information Technology,2019,1.0,1,True,investment,False
Hungary,Information Technology,2020,2.0,2,True,investment,False
Hungary,Information Technology,2021,0.0,0,True,investment,False
Hungary,Information Technology,2022,3.0,8,True,investment,False
Hungary,Information Technology,2023,4.0,4,True,investment,False
Hungary,Information Technology,2024,1.0,15,True,investment,False
Hungary,Information Technology,2025,2.0,2,False,investment,False
Hungary,Manufacturing,2018,0.0,0,True,investment,False
Hungary,Manufacturing,2019,1.0,1,True,investment,False
Hungary,Manufacturing,2021,0.0,0,True,investment,False
Hungary,Media and Entertainment,2016,0.0,0,True,investment,False
Hungary,Media and Entertainment,2017,0.0,0,True,investment,False
Hungary,Media and Entertainment,2018,1.0,1,True,investment,False
Hungary,Media and Entertainment,2019,1.0,1,True,investment,False
Hungary,Media and Entertainment,2020,2.0,2,True,investment,False
Hungary,Media and Entertainment,2021,1.0,1,True,investment,False
Hungary,Media and Entertainment,2022,0.0,1,True,investment,False
Hungary,Media and Entertainment,2024,4.0,5,True,investment,False
Hungary,Media and Entertainment,2025,0.0,0,False,investment,False
Hungary,"Mobile, platforms & Internet services",2015,1.0,1,True,investment,False
Hungary,"Mobile, platforms & Internet services",2016,1.0,2,True,investment,False
Hungary,"Mobile, platforms & Internet services",2017,1.0,1,True,investment,False
Hungary,"Mobile, platforms & Internet services",2018,6.0,6,True,investment,False
Hungary,"Mobile, platforms & Internet services",2019,2.0,2,True,investment,False
Hungary,"Mobile, platforms & Internet services",2020,2.0,2,True,investment,False
Hungary,"Mobile, platforms & Internet services",2021,2.0,2,True,investment,False
Hungary,"Mobile, platforms & Internet services",2022,2.0,8,True,investment,False
Hungary,"Mobile, platforms & Internet services",2023,7.0,7,True,investment,False
Hungary,"Mobile, platforms & Internet services",2024,1.0,1,True,investment,False
Hungary,"Mobile, platforms & Internet services",2025,0.0,0,False,investment,False
Hungary,NLP,2016,1.0,1,True,investment,False
Hungary,NLP,2017,1.0,1,True,investment,False
Hungary,NLP,2019,2.0,2,True,investment,False
Hungary,NLP,2020,1.0,1,True,investment,False
Hungary,NLP,2024,0.0,0,True,investment,False
Hungary,Other,2015,0.0,0,True,investment,False
Hungary,Other,2016,1.0,1,True,investment,False
Hungary,Other,2018,0.0,0,True,investment,False
Hungary,Other,2019,2.0,2,True,investment,False
Hungary,Other,2020,1.0,1,True,investment,False
Hungary,Other,2022,,1,True,investment,False
Hungary,Other,2023,4.0,4,True,investment,False
Hungary,Other,2025,0.0,0,False,investment,False
Hungary,Privacy and Security,2021,0.0,0,True,investment,False
Hungary,Privacy and Security,2025,2.0,2,False,investment,False
Hungary,Professional services,2015,0.0,0,True,investment,False
Hungary,Professional services,2016,0.0,0,True,investment,False
Hungary,Professional services,2018,0.0,0,True,investment,False
Hungary,Professional services,2019,1.0,1,True,investment,False
Hungary,Professional services,2020,1.0,1,True,investment,False
Hungary,Professional services,2021,0.0,0,True,investment,False
Hungary,Professional services,2022,0.0,0,True,investment,False
Hungary,Professional services,2023,4.0,4,True,investment,False
Hungary,Real estate,2015,0.0,0,True,investment,False
Hungary,Real estate,2018,0.0,0,True,investment,False
Hungary,Real estate,2021,0.0,0,True,investment,False
Hungary,Real estate,2022,0.0,0,True,investment,False
Hungary,Real estate,2023,3.0,3,True,investment,False
Hungary,Real estate,2024,1.0,1,True,investment,False
Hungary,Real estate,2025,0.0,0,False,investment,False
Hungary,Robotics,2015,0.0,0,True,investment,False
Hungary,Robotics,2016,1.0,1,True,investment,False
Hungary,Robotics,2018,4.0,4,True,investment,False
Hungary,Robotics,2022,,3,True,investment,False
Hungary,"Sales, retail, commerce, marketing",2015,0.0,0,True,investment,False
Hungary,"Sales, retail, commerce, marketing",2016,0.0,0,True,investment,False
Hungary,"Sales, retail, commerce, marketing",2017,0.0,0,True,investment,False
Hungary,"Sales, retail, commerce, marketing",2018,0.0,0,True,investment,False
Hungary,"Sales, retail, commerce, marketing",2019,1.0,1,True,investment,False
Hungary,"Sales, retail, commerce, marketing",2020,1.0,1,True,investment,False
Hungary,"Sales, retail, commerce, marketing",2021,2.0,2,True,investment,False
Hungary,"Sales, retail, commerce, marketing",2022,0.0,0,True,investment,False
Hungary,"Sales, retail, commerce, marketing",2023,9.0,9,True,investment,False
Hungary,"Sales, retail, commerce, marketing",2024,1.0,1,True,investment,False
Hungary,"Sales, retail, commerce, marketing",2025,1.0,1,False,investment,False
Hungary,Software,2015,1.0,344,True,investment,False
Hungary,Software,2016,3.0,3,True,investment,False
Hungary,Software,2017,2.0,2,True,investment,False
Hungary,Software,2018,7.0,7,True,investment,False
Hungary,Software,2019,5.0,6,True,investment,False
Hungary,Software,2020,6.0,6,True,investment,False
Hungary,Software,2021,7.0,7,True,investment,False
Hungary,Software,2022,7.0,13,True,investment,False
Hungary,Software,2023,16.0,16,True,investment,False
Hungary,Software,2024,7.0,27,True,investment,False
Hungary,Software,2025,3.0,3,False,investment,False
Hungary,Sports,2018,0.0,0,True,investment,False
Hungary,Sports,2019,0.0,1,True,investment,False
Hungary,Sports,2020,1.0,1,True,investment,False
Hungary,Sports,2021,1.0,1,True,investment,False
Hungary,Telecommunications,2017,0.0,0,True,investment,False
Hungary,Telecommunications,2018,1.0,1,True,investment,False
Hungary,Transportation,2015,1.0,1,True,investment,False
Hungary,Transportation,2016,1.0,1,True,investment,False
Hungary,Transportation,2018,4.0,4,True,investment,False
Hungary,Transportation,2019,0.0,0,True,investment,False
Hungary,Transportation,2020,1.0,1,True,investment,False
Hungary,Transportation,2021,1.0,1,True,investment,False
Hungary,Transportation,2022,1.0,4,True,investment,False
Hungary,Transportation,2023,3.0,3,True,investment,False
Hungary,Transportation,2024,1.0,1,True,investment,False
Hungary,Transportation,2025,0.0,0,False,investment,False
Iceland,Agriculture,2022,,1,True,investment,False
Iceland,Agriculture,2023,0.0,0,True,investment,False
Iceland,All,2015,3.0,3,True,investment,False
Iceland,All,2016,4.0,4,True,investment,False
Iceland,All,2017,3.0,3,True,investment,False
Iceland,All,2018,6.0,6,True,investment,False
Iceland,All,2019,14.0,16,True,investment,False
Iceland,All,2020,26.0,27,True,investment,False
Iceland,All,2021,4.0,7,True,investment,False
Iceland,All,2022,28.0,31,True,investment,False
Iceland,All,2023,18.0,21,True,investment,False
Iceland,All,2024,21.0,22,True,investment,False
Iceland,All,2025,5.0,7,False,investment,False
Iceland,Biotechnology,2024,1.0,1,True,investment,False
Iceland,Community and Lifestyle,2022,1.0,1,True,investment,False
Iceland,Computer Vision,2025,1.0,1,False,investment,False
Iceland,Data and analytics,2015,1.0,1,True,investment,False
Iceland,Data and analytics,2016,3.0,3,True,investment,False
Iceland,Data and analytics,2017,2.0,2,True,investment,False
Iceland,Data and analytics,2018,4.0,4,True,investment,False
Iceland,Data and analytics,2019,7.0,7,True,investment,False
Iceland,Data and analytics,2020,10.0,10,True,investment,False
Iceland,Data and analytics,2021,3.0,3,True,investment,False
Iceland,Data and analytics,2022,13.0,14,True,investment,False
Iceland,Data and analytics,2023,3.0,3,True,investment,False
Iceland,Data and analytics,2024,5.0,5,True,investment,False
Iceland,Data and analytics,2025,3.0,6,False,investment,False
Iceland,Education,2020,0.0,0,True,investment,False
Iceland,Education,2021,0.0,0,True,investment,False
Iceland,Education,2023,0.0,0,True,investment,False
Iceland,Energy and natural resources,2022,,1,True,investment,False
Iceland,Energy and natural resources,2023,0.0,0,True,investment,False
Iceland,Finance,2015,0.0,0,True,investment,False
Iceland,Finance,2016,1.0,1,True,investment,False
Iceland,Finance,2017,0.0,0,True,investment,False
Iceland,Finance,2019,3.0,3,True,investment,False
Iceland,Finance,2020,2.0,2,True,investment,False
Iceland,Finance,2021,0.0,0,True,investment,False
Iceland,Finance,2022,3.0,5,True,investment,False
Iceland,Gaming,2015,0.0,0,True,investment,False
Iceland,Gaming,2016,1.0,1,True,investment,False
Iceland,Gaming,2018,1.0,1,True,investment,False
Iceland,General purpose,2015,0.0,0,True,investment,False
Iceland,General purpose,2016,1.0,1,True,investment,False
Iceland,General purpose,2017,1.0,1,True,investment,False
Iceland,General purpose,2018,2.0,2,True,investment,False
Iceland,General purpose,2019,2.0,2,True,investment,False
Iceland,General purpose,2020,10.0,10,True,investment,False
Iceland,General purpose,2021,3.0,3,True,investment,False
Iceland,General purpose,2022,13.0,13,True,investment,False
Iceland,General purpose,2023,3.0,3,True,investment,False
Iceland,General purpose,2024,2.0,2,True,investment,False
Iceland,General purpose,2025,3.0,6,False,investment,False
Iceland,Hardware,2015,0.0,0,True,investment,False
Iceland,Hardware,2016,2.0,2,True,investment,False
Iceland,Hardware,2017,1.0,1,True,investment,False
Iceland,Hardware,2018,2.0,2,True,investment,False
Iceland,Hardware,2020,3.0,3,True,investment,False
Iceland,Hardware,2022,10.0,10,True,investment,False
Iceland,Hardware,2023,3.0,3,True,investment,False
Iceland,Hardware,2025,1.0,1,False,investment,False
Iceland,Healthcare and Life Sciences,2015,0.0,0,True,investment,False
Iceland,Healthcare and Life Sciences,2017,0.0,0,True,investment,False
Iceland,Healthcare and Life Sciences,2021,2.0,2,True,investment,False
Iceland,Healthcare and Life Sciences,2024,2.0,2,True,investment,False
Iceland,Information Technology,2018,0.0,0,True,investment,False
Iceland,Information Technology,2019,1.0,3,True,investment,False
Iceland,Information Technology,2020,3.0,3,True,investment,False
Iceland,Information Technology,2021,3.0,5,True,investment,False
Iceland,Information Technology,2022,1.0,1,True,investment,False
Iceland,Information Technology,2023,0.0,3,True,investment,False
Iceland,Information Technology,2024,2.0,2,True,investment,False
Iceland,Lending and Investments,2015,0.0,0,True,investment,False
Iceland,Lending and Investments,2016,1.0,1,True,investment,False
Iceland,Lending and Investments,2017,0.0,0,True,investment,False
Iceland,Lending and Investments,2019,2.0,2,True,investment,False
Iceland,Lending and Investments,2021,0.0,0,True,investment,False
Iceland,Lending and Investments,2022,,1,True,investment,False
Iceland,Manufacturing,2015,0.0,0,True,investment,False
Iceland,Manufacturing,2016,1.0,1,True,investment,False
Iceland,Manufacturing,2017,1.0,1,True,investment,False
Iceland,Manufacturing,2018,2.0,2,True,investment,False
Iceland,Manufacturing,2020,3.0,3,True,investment,False
Iceland,Manufacturing,2021,2.0,2,True,investment,False
Iceland,Manufacturing,2022,10.0,10,True,investment,False
Iceland,Manufacturing,2023,3.0,3,True,investment,False
Iceland,Manufacturing,2024,1.0,1,True,investment,False
Iceland,"Military, public safety and government",2019,0.0,2,True,investment,False
Iceland,"Military, public safety and government",2021,,1,True,investment,False
Iceland,"Military, public safety and government",2023,,2,True,investment,False
Iceland,"Military, public safety and government",2024,0.0,0,True,investment,False
Iceland,"Mobile, platforms & Internet services",2015,0.0,0,True,investment,False
Iceland,"Mobile, platforms & Internet services",2017,0.0,0,True,investment,False
Iceland,"Mobile, platforms & Internet services",2019,0.0,2,True,investment,False
Iceland,"Mobile, platforms & Internet services",2021,,1,True,investment,False
Iceland,"Mobile, platforms & Internet services",2022,1.0,1,True,investment,False
Iceland,"Mobile, platforms & Internet services",2023,,2,True,investment,False
Iceland,"Mobile, platforms & Internet services",2024,0.0,0,True,investment,False
Iceland,NLP,2020,0.0,0,True,investment,False
Iceland,NLP,2021,0.0,0,True,investment,False
Iceland,NLP,2023,0.0,0,True,investment,False
Iceland,Other,2015,0.0,0,True,investment,False
Iceland,Other,2016,1.0,1,True,investment,False
Iceland,Other,2017,0.0,0,True,investment,False
Iceland,Other,2019,2.0,2,True,investment,False
Iceland,Other,2020,0.0,0,True,investment,False
Iceland,Other,2021,3.0,5,True,investment,False
Iceland,Other,2022,,1,True,investment,False
Iceland,Other,2023,0.0,0,True,investment,False
Iceland,Other,2024,1.0,1,True,investment,False
Iceland,Other,2025,2.0,2,False,investment,False
Iceland,Privacy and Security,2019,1.0,3,True,investment,False
Iceland,Privacy and Security,2020,2.0,2,True,investment,False
Iceland,Privacy and Security,2021,,1,True,investment,False
Iceland,Privacy and Security,2022,3.0,3,True,investment,False
Iceland,Privacy and Security,2023,,2,True,investment,False
Iceland,Privacy and Security,2024,0.0,0,True,investment,False
Iceland,Professional services,2015,0.0,0,True,investment,False
Iceland,Professional services,2016,1.0,1,True,investment,False
Iceland,Professional services,2017,0.0,0,True,investment,False
Iceland,Professional services,2019,2.0,2,True,investment,False
Iceland,Professional services,2021,0.0,0,True,investment,False
Iceland,Professional services,2022,,1,True,investment,False
Iceland,Software,2015,2.0,2,True,investment,False
Iceland,Software,2016,4.0,4,True,investment,False
Iceland,Software,2017,2.0,2,True,investment,False
Iceland,Software,2018,4.0,4,True,investment,False
Iceland,Software,2019,7.0,9,True,investment,False
Iceland,Software,2020,10.0,10,True,investment,False
Iceland,Software,2021,3.0,4,True,investment,False
Iceland,Software,2022,14.0,16,True,investment,False
Iceland,Software,2023,3.0,6,True,investment,False
Iceland,Software,2024,5.0,5,True,investment,False
Iceland,Software,2025,3.0,6,False,investment,False
Iceland,Transportation,2019,0.0,2,True,investment,False
Iceland,Transportation,2021,,1,True,investment,False
Iceland,Transportation,2023,,2,True,investment,False
Iceland,Transportation,2024,0.0,0,True,investment,False
India,Agriculture,2015,1.0,1,True,investment,False
India,Agriculture,2016,3.0,3,True,investment,False
India,Agriculture,2017,2.0,2,True,investment,False
India,Agriculture,2018,6.0,6,True,investment,False
India,Agriculture,2019,7.0,12,True,investment,False
India,Agriculture,2020,2.0,3,True,investment,False
India,Agriculture,2021,14.0,15,True,investment,False
India,Agriculture,2022,17.0,97,True,investment,False
India,Agriculture,2023,7.0,334,True,investment,False
India,Agriculture,2024,28.0,52,True,investment,False
India,Agriculture,2025,9.0,23,False,investment,False
India,All,2015,956.0,1048,True,investment,False
India,All,2016,89.0,227,True,investment,False
India,All,2017,112.0,169,True,investment,False
India,All,2018,1898.0,2542,True,investment,False
India,All,2019,419.0,804,True,investment,False
India,All,2020,20490.0,25203,True,investment,False
India,All,2021,1221.0,1882,True,investment,False
India,All,2022,2992.0,4206,True,investment,False
India,All,2023,4298.0,8171,True,investment,False
India,All,2024,940.0,1547,True,investment,False
India,All,2025,2302.0,2928,False,investment,False
India,Biotechnology,2015,0.0,0,True,investment,False
India,Biotechnology,2018,0.0,0,True,investment,False
India,Biotechnology,2019,1.0,7,True,investment,False
India,Biotechnology,2020,0.0,5,True,investment,False
India,Biotechnology,2021,0.0,1,True,investment,False
India,Biotechnology,2022,2.0,6,True,investment,False
India,Biotechnology,2023,2.0,3,True,investment,False
India,Biotechnology,2024,1.0,4,True,investment,False
India,Biotechnology,2025,7.0,28,False,investment,False
India,Community and Lifestyle,2015,1.0,1,True,investment,False
India,Community and Lifestyle,2016,1.0,1,True,investment,False
India,Community and Lifestyle,2017,1.0,1,True,investment,False
India,Community and Lifestyle,2018,2.0,2,True,investment,False
India,Community and Lifestyle,2019,4.0,45,True,investment,False
India,Community and Lifestyle,2020,2.0,12,True,investment,False
India,Community and Lifestyle,2021,7.0,14,True,investment,False
India,Community and Lifestyle,2022,827.0,829,True,investment,False
India,Community and Lifestyle,2023,2.0,53,True,investment,False
India,Community and Lifestyle,2024,13.0,19,True,investment,False
India,Community and Lifestyle,2025,3.0,18,False,investment,False
India,Computer Vision,2016,1.0,2,True,investment,False
India,Computer Vision,2017,2.0,3,True,investment,False
India,Computer Vision,2018,0.0,3,True,investment,False
India,Computer Vision,2019,3.0,7,True,investment,False
India,Computer Vision,2020,3.0,9,True,investment,False
India,Computer Vision,2021,5.0,34,True,investment,False
India,Computer Vision,2022,5.0,47,True,investment,False
India,Computer Vision,2023,1.0,20,True,investment,False
India,Computer Vision,2024,5.0,9,True,investment,False
India,Computer Vision,2025,8.0,8,False,investment,False
India,Consumer goods,2015,378.0,378,True,investment,False
India,Consumer goods,2016,5.0,6,True,investment,False
India,Consumer goods,2017,8.0,8,True,investment,False
India,Consumer goods,2018,322.0,326,True,investment,False
India,Consumer goods,2019,6.0,21,True,investment,False
India,Consumer goods,2020,12108.0,12114,True,investment,False
India,Consumer goods,2021,7.0,61,True,investment,False
India,Consumer goods,2022,226.0,318,True,investment,False
India,Consumer goods,2023,2325.0,2465,True,investment,False
India,Consumer goods,2024,35.0,43,True,investment,False
India,Consumer goods,2025,31.0,52,False,investment,False
India,Cyber Security,2017,0.0,0,True,investment,False
India,Cyber Security,2018,0.0,28,True,investment,False
India,Cyber Security,2019,,0,True,investment,False
India,Cyber Security,2020,0.0,1,True,investment,False
India,Cyber Security,2021,0.0,8,True,investment,False
India,Cyber Security,2022,1.0,38,True,investment,False
India,Cyber Security,2023,1.0,3,True,investment,False
India,Cyber Security,2024,,1,True,investment,False
India,Cyber Security,2025,0.0,0,False,investment,False
India,Data and analytics,2015,149.0,229,True,investment,False
India,Data and analytics,2016,45.0,161,True,investment,False
India,Data and analytics,2017,37.0,74,True,investment,False
India,Data and analytics,2018,57.0,679,True,investment,False
India,Data and analytics,2019,280.0,594,True,investment,False
India,Data and analytics,2020,165.0,4836,True,investment,False
India,Data and analytics,2021,470.0,1045,True,investment,False
India,Data and analytics,2022,1236.0,2245,True,investment,False
India,Data and analytics,2023,279.0,822,True,investment,False
India,Data and analytics,2024,361.0,714,True,investment,False
India,Data and analytics,2025,1632.0,2036,False,investment,False
India,Education,2015,6.0,29,True,investment,False
India,Education,2016,3.0,12,True,investment,False
India,Education,2017,9.0,12,True,investment,False
India,Education,2018,23.0,29,True,investment,False
India,Education,2019,15.0,34,True,investment,False
India,Education,2020,27.0,52,True,investment,False
India,Education,2021,61.0,127,True,investment,False
India,Education,2022,154.0,270,True,investment,False
India,Education,2023,80.0,150,True,investment,False
India,Education,2024,22.0,44,True,investment,False
India,Education,2025,43.0,187,False,investment,False
India,Energy and natural resources,2015,1.0,1,True,investment,False
India,Energy and natural resources,2016,1.0,1,True,investment,False
India,Energy and natural resources,2017,0.0,3,True,investment,False
India,Energy and natural resources,2018,2.0,2,True,investment,False
India,Energy and natural resources,2019,3.0,8,True,investment,False
India,Energy and natural resources,2020,5.0,16,True,investment,False
India,Energy and natural resources,2021,10.0,13,True,investment,False
India,Energy and natural resources,2022,25.0,37,True,investment,False
India,Energy and natural resources,2023,7.0,331,True,investment,False
India,Energy and natural resources,2024,15.0,49,True,investment,False
India,Energy and natural resources,2025,18.0,19,False,investment,False
India,Facial Recognition,2020,,2,True,investment,False
India,Facial Recognition,2021,0.0,0,True,investment,False
India,Facial Recognition,2023,,1,True,investment,False
India,Finance,2015,5.0,6,True,investment,False
India,Finance,2016,1.0,2,True,investment,False
India,Finance,2017,13.0,15,True,investment,False
India,Finance,2018,15.0,25,True,investment,False
India,Finance,2019,52.0,65,True,investment,False
India,Finance,2020,13.0,25,True,investment,False
India,Finance,2021,241.0,282,True,investment,False
India,Finance,2022,113.0,202,True,investment,False
India,Finance,2023,45.0,151,True,investment,False
India,Finance,2024,96.0,239,True,investment,False
India,Finance,2025,57.0,101,False,investment,False
India,Gaming,2015,0.0,1,True,investment,False
India,Gaming,2017,1.0,1,True,investment,False
India,Gaming,2018,1.0,1,True,investment,False
India,Gaming,2019,48.0,49,True,investment,False
India,Gaming,2020,0.0,0,True,investment,False
India,Gaming,2021,,3,True,investment,False
India,Gaming,2022,3.0,3,True,investment,False
India,Gaming,2023,2.0,3,True,investment,False
India,Gaming,2024,6.0,8,True,investment,False
India,Gaming,2025,0.0,0,False,investment,False
India,General purpose,2015,139.0,199,True,investment,False
India,General purpose,2016,31.0,103,True,investment,False
India,General purpose,2017,25.0,57,True,investment,False
India,General purpose,2018,53.0,655,True,investment,False
India,General purpose,2019,261.0,525,True,investment,False
India,General purpose,2020,152.0,325,True,investment,False
India,General purpose,2021,303.0,794,True,investment,False
India,General purpose,2022,994.0,1852,True,investment,False
India,General purpose,2023,272.0,753,True,investment,False
India,General purpose,2024,373.0,803,True,investment,False
India,General purpose,2025,1627.0,2051,False,investment,False
India,Hardware,2015,380.0,389,True,investment,False
India,Hardware,2016,11.0,53,True,investment,False
India,Hardware,2017,14.0,15,True,investment,False
India,Hardware,2018,324.0,331,True,investment,False
India,Hardware,2019,13.0,35,True,investment,False
India,Hardware,2020,12114.0,16614,True,investment,False
India,Hardware,2021,20.0,134,True,investment,False
India,Hardware,2022,260.0,490,True,investment,False
India,Hardware,2023,2356.0,2551,True,investment,False
India,Hardware,2024,88.0,154,True,investment,False
India,Hardware,2025,1306.0,1338,False,investment,False
India,Healthcare and Life Sciences,2015,0.0,0,True,investment,False
India,Healthcare and Life Sciences,2016,2.0,2,True,investment,False
India,Healthcare and Life Sciences,2017,8.0,20,True,investment,False
India,Healthcare and Life Sciences,2018,7.0,513,True,investment,False
India,Healthcare and Life Sciences,2019,20.0,24,True,investment,False
India,Healthcare and Life Sciences,2020,19.0,34,True,investment,False
India,Healthcare and Life Sciences,2021,37.0,164,True,investment,False
India,Healthcare and Life Sciences,2022,41.0,154,True,investment,False
India,Healthcare and Life Sciences,2023,15.0,22,True,investment,False
India,Healthcare and Life Sciences,2024,33.0,103,True,investment,False
India,Healthcare and Life Sciences,2025,24.0,102,False,investment,False
India,Information Technology,2015,380.0,440,True,investment,False
India,Information Technology,2016,32.0,129,True,investment,False
India,Information Technology,2017,9.0,33,True,investment,False
India,Information Technology,2018,351.0,403,True,investment,False
India,Information Technology,2019,170.0,314,True,investment,False
India,Information Technology,2020,12205.0,12249,True,investment,False
India,Information Technology,2021,79.0,363,True,investment,False
India,Information Technology,2022,1401.0,1848,True,investment,False
India,Information Technology,2023,2430.0,2894,True,investment,False
India,Information Technology,2024,120.0,234,True,investment,False
India,Information Technology,2025,1309.0,1400,False,investment,False
India,Lending and Investments,2015,0.0,0,True,investment,False
India,Lending and Investments,2016,1.0,1,True,investment,False
India,Lending and Investments,2017,3.0,3,True,investment,False
India,Lending and Investments,2018,8.0,16,True,investment,False
India,Lending and Investments,2019,4.0,6,True,investment,False
India,Lending and Investments,2020,6.0,7,True,investment,False
India,Lending and Investments,2021,43.0,43,True,investment,False
India,Lending and Investments,2022,7.0,35,True,investment,False
India,Lending and Investments,2023,0.0,44,True,investment,False
India,Lending and Investments,2024,3.0,119,True,investment,False
India,Lending and Investments,2025,23.0,44,False,investment,False
India,Manufacturing,2016,1.0,2,True,investment,False
India,Manufacturing,2017,0.0,0,True,investment,False
India,Manufacturing,2018,2.0,3,True,investment,False
India,Manufacturing,2019,4.0,11,True,investment,False
India,Manufacturing,2020,1.0,9,True,investment,False
India,Manufacturing,2021,5.0,19,True,investment,False
India,Manufacturing,2022,27.0,60,True,investment,False
India,Manufacturing,2023,10.0,47,True,investment,False
India,Manufacturing,2024,46.0,82,True,investment,False
India,Manufacturing,2025,49.0,49,False,investment,False
India,Media and Entertainment,2015,107.0,108,True,investment,False
India,Media and Entertainment,2016,1.0,18,True,investment,False
India,Media and Entertainment,2017,1.0,5,True,investment,False
India,Media and Entertainment,2018,8.0,10,True,investment,False
India,Media and Entertainment,2019,8.0,22,True,investment,False
India,Media and Entertainment,2020,15.0,24,True,investment,False
India,Media and Entertainment,2021,16.0,20,True,investment,False
India,Media and Entertainment,2022,105.0,150,True,investment,False
India,Media and Entertainment,2023,8.0,25,True,investment,False
India,Media and Entertainment,2024,111.0,131,True,investment,False
India,Media and Entertainment,2025,18.0,28,False,investment,False
India,"Military, public safety and government",2016,0.0,0,True,investment,False
India,"Military, public safety and government",2017,0.0,0,True,investment,False
India,"Military, public safety and government",2018,0.0,28,True,investment,False
India,"Military, public safety and government",2019,0.0,1,True,investment,False
India,"Military, public safety and government",2020,,1,True,investment,False
India,"Military, public safety and government",2021,0.0,0,True,investment,False
India,"Military, public safety and government",2022,,37,True,investment,False
India,"Military, public safety and government",2023,0.0,0,True,investment,False
India,"Military, public safety and government",2024,,1,True,investment,False
India,"Military, public safety and government",2025,8.0,8,False,investment,False
India,"Mobile, platforms & Internet services",2015,383.0,409,True,investment,False
India,"Mobile, platforms & Internet services",2016,38.0,114,True,investment,False
India,"Mobile, platforms & Internet services",2017,19.0,29,True,investment,False
India,"Mobile, platforms & Internet services",2018,335.0,367,True,investment,False
India,"Mobile, platforms & Internet services",2019,221.0,290,True,investment,False
India,"Mobile, platforms & Internet services",2020,12210.0,12252,True,investment,False
India,"Mobile, platforms & Internet services",2021,56.0,216,True,investment,False
India,"Mobile, platforms & Internet services",2022,746.0,1052,True,investment,False
India,"Mobile, platforms & Internet services",2023,2371.0,2657,True,investment,False
India,"Mobile, platforms & Internet services",2024,76.0,208,True,investment,False
India,"Mobile, platforms & Internet services",2025,256.0,358,False,investment,False
India,NLP,2015,0.0,3,True,investment,False
India,NLP,2016,1.0,9,True,investment,False
India,NLP,2017,3.0,4,True,investment,False
India,NLP,2018,4.0,9,True,investment,False
India,NLP,2019,1.0,45,True,investment,False
India,NLP,2020,1.0,1,True,investment,False
India,NLP,2021,42.0,56,True,investment,False
India,NLP,2022,2.0,3,True,investment,False
India,NLP,2023,,28,True,investment,False
India,NLP,2024,1.0,4,True,investment,False
India,NLP,2025,1.0,22,False,investment,False
India,Navigation and mapping,2016,,2,True,investment,False
India,Navigation and mapping,2017,2.0,2,True,investment,False
India,Navigation and mapping,2018,1.0,1,True,investment,False
India,Navigation and mapping,2019,0.0,4,True,investment,False
India,Navigation and mapping,2020,0.0,1,True,investment,False
India,Navigation and mapping,2021,2.0,2,True,investment,False
India,Navigation and mapping,2022,101.0,103,True,investment,False
India,Navigation and mapping,2023,1.0,1,True,investment,False
India,Navigation and mapping,2024,1.0,1,True,investment,False
India,Navigation and mapping,2025,1.0,1,False,investment,False
India,Other,2015,31.0,42,True,investment,False
India,Other,2016,16.0,25,True,investment,False
India,Other,2017,7.0,14,True,investment,False
India,Other,2018,8.0,12,True,investment,False
India,Other,2019,108.0,148,True,investment,False
India,Other,2020,14.0,21,True,investment,False
India,Other,2021,64.0,74,True,investment,False
India,Other,2022,862.0,960,True,investment,False
India,Other,2023,18.0,98,True,investment,False
India,Other,2024,37.0,136,True,investment,False
India,Other,2025,27.0,56,False,investment,False
India,Privacy and Security,2015,,0,True,investment,False
India,Privacy and Security,2016,,1,True,investment,False
India,Privacy and Security,2017,0.0,1,True,investment,False
India,Privacy and Security,2018,1.0,33,True,investment,False
India,Privacy and Security,2019,0.0,6,True,investment,False
India,Privacy and Security,2020,1.0,2,True,investment,False
India,Privacy and Security,2021,10.0,25,True,investment,False
India,Privacy and Security,2022,8.0,84,True,investment,False
India,Privacy and Security,2023,1.0,47,True,investment,False
India,Privacy and Security,2024,9.0,22,True,investment,False
India,Privacy and Security,2025,12.0,32,False,investment,False
India,Professional services,2015,0.0,5,True,investment,False
India,Professional services,2016,23.0,33,True,investment,False
India,Professional services,2017,9.0,23,True,investment,False
India,Professional services,2018,3.0,4,True,investment,False
India,Professional services,2019,104.0,173,True,investment,False
India,Professional services,2020,8.0,28,True,investment,False
India,Professional services,2021,25.0,104,True,investment,False
India,Professional services,2022,955.0,1092,True,investment,False
India,Professional services,2023,15.0,69,True,investment,False
India,Professional services,2024,39.0,117,True,investment,False
India,Professional services,2025,28.0,150,False,investment,False
India,Real estate,2015,,0,True,investment,False
India,Real estate,2016,0.0,1,True,investment,False
India,Real estate,2017,3.0,3,True,investment,False
India,Real estate,2018,0.0,0,True,investment,False
India,Real estate,2019,0.0,6,True,investment,False
India,Real estate,2020,6.0,12,True,investment,False
India,Real estate,2021,4.0,83,True,investment,False
India,Real estate,2022,58.0,58,True,investment,False
India,Real estate,2023,5.0,6,True,investment,False
India,Real estate,2024,12.0,23,True,investment,False
India,Real estate,2025,25.0,25,False,investment,False
India,Robotics,2016,0.0,0,True,investment,False
India,Robotics,2017,3.0,3,True,investment,False
India,Robotics,2018,1.0,2,True,investment,False
India,Robotics,2019,6.0,7,True,investment,False
India,Robotics,2020,2.0,4,True,investment,False
India,Robotics,2021,7.0,18,True,investment,False
India,Robotics,2022,19.0,38,True,investment,False
India,Robotics,2023,3.0,7,True,investment,False
India,Robotics,2024,25.0,29,True,investment,False
India,Robotics,2025,21.0,22,False,investment,False
India,"Sales, retail, commerce, marketing",2015,105.0,132,True,investment,False
India,"Sales, retail, commerce, marketing",2016,3.0,28,True,investment,False
India,"Sales, retail, commerce, marketing",2017,11.0,19,True,investment,False
India,"Sales, retail, commerce, marketing",2018,9.0,30,True,investment,False
India,"Sales, retail, commerce, marketing",2019,70.0,97,True,investment,False
India,"Sales, retail, commerce, marketing",2020,23.0,34,True,investment,False
India,"Sales, retail, commerce, marketing",2021,135.0,160,True,investment,False
India,"Sales, retail, commerce, marketing",2022,212.0,398,True,investment,False
India,"Sales, retail, commerce, marketing",2023,64.0,149,True,investment,False
India,"Sales, retail, commerce, marketing",2024,120.0,164,True,investment,False
India,"Sales, retail, commerce, marketing",2025,46.0,47,False,investment,False
India,Semiconductor,2021,1.0,1,True,investment,False
India,Semiconductor,2023,24.0,24,True,investment,False
India,Semiconductor,2024,26.0,26,True,investment,False
India,Semiconductor,2025,237.0,237,False,investment,False
India,Simulation,2022,165.0,165,True,investment,False
India,Simulation,2024,,1,True,investment,False
India,Software,2015,530.0,619,True,investment,False
India,Software,2016,52.0,169,True,investment,False
India,Software,2017,49.0,92,True,investment,False
India,Software,2018,388.0,1020,True,investment,False
India,Software,2019,297.0,643,True,investment,False
India,Software,2020,12300.0,16989,True,investment,False
India,Software,2021,480.0,1098,True,investment,False
India,Software,2022,2184.0,3243,True,investment,False
India,Software,2023,2609.0,3295,True,investment,False
India,Software,2024,402.0,783,True,investment,False
India,Software,2025,1638.0,2164,False,investment,False
India,Speech Recognition,2016,7.0,7,True,investment,False
India,Speech Recognition,2017,,1,True,investment,False
India,Speech Recognition,2018,1.0,10,True,investment,False
India,Speech Recognition,2019,1.0,1,True,investment,False
India,Speech Recognition,2020,7.0,8,True,investment,False
India,Speech Recognition,2021,8.0,15,True,investment,False
India,Speech Recognition,2022,41.0,41,True,investment,False
India,Speech Recognition,2023,1.0,20,True,investment,False
India,Speech Recognition,2024,1.0,1,True,investment,False
India,Sports,2015,0.0,0,True,investment,False
India,Sports,2017,0.0,1,True,investment,False
India,Sports,2018,,0,True,investment,False
India,Sports,2019,0.0,0,True,investment,False
India,Sports,2020,0.0,1,True,investment,False
India,Sports,2021,1.0,56,True,investment,False
India,Sports,2022,3.0,5,True,investment,False
India,Sports,2023,0.0,19,True,investment,False
India,Sports,2024,1.0,2,True,investment,False
India,Sports,2025,0.0,0,False,investment,False
India,Telecommunications,2015,,24,True,investment,False
India,Telecommunications,2016,11.0,20,True,investment,False
India,Telecommunications,2017,1.0,3,True,investment,False
India,Telecommunications,2018,1.0,2,True,investment,False
India,Telecommunications,2019,107.0,112,True,investment,False
India,Telecommunications,2020,6.0,6,True,investment,False
India,Telecommunications,2021,7.0,7,True,investment,False
India,Telecommunications,2022,40.0,41,True,investment,False
India,Telecommunications,2023,1.0,48,True,investment,False
India,Telecommunications,2024,1.0,1,True,investment,False
India,Telecommunications,2025,2.0,2,False,investment,False
India,Transportation,2015,2.0,2,True,investment,False
India,Transportation,2016,5.0,5,True,investment,False
India,Transportation,2017,3.0,7,True,investment,False
India,Transportation,2018,3.0,15,True,investment,False
India,Transportation,2019,14.0,22,True,investment,False
India,Transportation,2020,12.0,15,True,investment,False
India,Transportation,2021,135.0,167,True,investment,False
India,Transportation,2022,58.0,148,True,investment,False
India,Transportation,2023,31.0,33,True,investment,False
India,Transportation,2024,21.0,67,True,investment,False
India,Transportation,2025,59.0,59,False,investment,False
Indonesia,All,2015,,2,True,investment,False
Indonesia,All,2016,2.0,2,True,investment,False
Indonesia,All,2017,5.0,28,True,investment,False
Indonesia,All,2018,1.0,39,True,investment,False
Indonesia,All,2019,11.0,23,True,investment,False
Indonesia,All,2020,37.0,292,True,investment,False
Indonesia,All,2021,80.0,168,True,investment,False
Indonesia,All,2022,72.0,117,True,investment,False
Indonesia,All,2023,29.0,40,True,investment,False
Indonesia,All,2024,46.0,83,True,investment,False
Indonesia,All,2025,10.0,24,False,investment,False
Indonesia,Biotechnology,2018,1.0,1,True,investment,False
Indonesia,Biotechnology,2019,2.0,2,True,investment,False
Indonesia,Biotechnology,2020,1.0,1,True,investment,False
Indonesia,Biotechnology,2021,,5,True,investment,False
Indonesia,Biotechnology,2023,3.0,3,True,investment,False
Indonesia,Community and Lifestyle,2018,,2,True,investment,False
Indonesia,Community and Lifestyle,2021,,0,True,investment,False
Indonesia,Community and Lifestyle,2022,,0,True,investment,False
Indonesia,Community and Lifestyle,2024,0.0,0,True,investment,False
Indonesia,Community and Lifestyle,2025,0.0,0,False,investment,False
Indonesia,Computer Vision,2017,,1,True,investment,False
Indonesia,Computer Vision,2018,,5,True,investment,False
Indonesia,Computer Vision,2019,,0,True,investment,False
Indonesia,Computer Vision,2020,,0,True,investment,False
Indonesia,Computer Vision,2021,0.0,0,True,investment,False
Indonesia,Consumer goods,2020,,2,True,investment,False
Indonesia,Consumer goods,2021,,0,True,investment,False
Indonesia,Consumer goods,2022,,0,True,investment,False
Indonesia,Consumer goods,2023,1.0,1,True,investment,False
Indonesia,Cyber Security,2023,1.0,1,True,investment,False
Indonesia,Data and analytics,2015,,0,True,investment,False
Indonesia,Data and analytics,2016,2.0,2,True,investment,False
Indonesia,Data and analytics,2017,1.0,20,True,investment,False
Indonesia,Data and analytics,2018,1.0,22,True,investment,False
Indonesia,Data and analytics,2019,3.0,13,True,investment,False
Indonesia,Data and analytics,2020,6.0,27,True,investment,False
Indonesia,Data and analytics,2021,76.0,132,True,investment,False
Indonesia,Data and analytics,2022,6.0,44,True,investment,False
Indonesia,Data and analytics,2023,10.0,12,True,investment,False
Indonesia,Data and analytics,2024,0.0,24,True,investment,False
Indonesia,Data and analytics,2025,1.0,4,False,investment,False
Indonesia,Education,2019,,2,True,investment,False
Indonesia,Education,2020,,3,True,investment,False
Indonesia,Education,2022,,4,True,investment,False
Indonesia,Education,2023,1.0,1,True,investment,False
Indonesia,Energy and natural resources,2023,1.0,1,True,investment,False
Indonesia,Finance,2018,,3,True,investment,False
Indonesia,Finance,2019,1.0,1,True,investment,False
Indonesia,Finance,2020,1.0,1,True,investment,False
Indonesia,Finance,2021,0.0,0,True,investment,False
Indonesia,Finance,2022,5.0,8,True,investment,False
Indonesia,Finance,2023,2.0,4,True,investment,False
Indonesia,Finance,2024,6.0,14,True,investment,False
Indonesia,Finance,2025,1.0,6,False,investment,False
Indonesia,General purpose,2015,,0,True,investment,False
Indonesia,General purpose,2016,2.0,2,True,investment,False
Indonesia,General purpose,2017,1.0,20,True,investment,False
Indonesia,General purpose,2018,1.0,19,True,investment,False
Indonesia,General purpose,2019,3.0,13,True,investment,False
Indonesia,General purpose,2020,6.0,244,True,investment,False
Indonesia,General purpose,2021,75.0,131,True,investment,False
Indonesia,General purpose,2022,5.0,34,True,investment,False
Indonesia,General purpose,2023,10.0,12,True,investment,False
Indonesia,General purpose,2024,0.0,18,True,investment,False
Indonesia,General purpose,2025,1.0,4,False,investment,False
Indonesia,Hardware,2017,,1,True,investment,False
Indonesia,Hardware,2018,,5,True,investment,False
Indonesia,Hardware,2019,,0,True,investment,False
Indonesia,Hardware,2020,,222,True,investment,False
Indonesia,Hardware,2021,0.0,0,True,investment,False
Indonesia,Hardware,2022,,9,True,investment,False
Indonesia,Hardware,2023,1.0,1,True,investment,False
Indonesia,Healthcare and Life Sciences,2018,,0,True,investment,False
Indonesia,Healthcare and Life Sciences,2021,,7,True,investment,False
Indonesia,Healthcare and Life Sciences,2023,2.0,2,True,investment,False
Indonesia,Healthcare and Life Sciences,2024,,0,True,investment,False
Indonesia,Healthcare and Life Sciences,2025,,2,False,investment,False
Indonesia,Information Technology,2016,2.0,2,True,investment,False
Indonesia,Information Technology,2017,1.0,20,True,investment,False
Indonesia,Information Technology,2018,0.0,14,True,investment,False
Indonesia,Information Technology,2019,0.0,5,True,investment,False
Indonesia,Information Technology,2020,2.0,240,True,investment,False
Indonesia,Information Technology,2021,75.0,113,True,investment,False
Indonesia,Information Technology,2022,0.0,33,True,investment,False
Indonesia,Information Technology,2023,2.0,8,True,investment,False
Indonesia,Information Technology,2024,0.0,16,True,investment,False
Indonesia,Information Technology,2025,1.0,6,False,investment,False
Indonesia,Media and Entertainment,2017,0.0,0,True,investment,False
Indonesia,Media and Entertainment,2018,,2,True,investment,False
Indonesia,Media and Entertainment,2019,1.0,1,True,investment,False
Indonesia,Media and Entertainment,2021,,0,True,investment,False
Indonesia,Media and Entertainment,2024,0.0,0,True,investment,False
Indonesia,Media and Entertainment,2025,0.0,0,False,investment,False
Indonesia,"Mobile, platforms & Internet services",2016,2.0,2,True,investment,False
Indonesia,"Mobile, platforms & Internet services",2017,1.0,5,True,investment,False
Indonesia,"Mobile, platforms & Internet services",2018,0.0,14,True,investment,False
Indonesia,"Mobile, platforms & Internet services",2019,1.0,3,True,investment,False
Indonesia,"Mobile, platforms & Internet services",2020,2.0,5,True,investment,False
Indonesia,"Mobile, platforms & Internet services",2021,75.0,108,True,investment,False
Indonesia,"Mobile, platforms & Internet services",2022,0.0,16,True,investment,False
Indonesia,"Mobile, platforms & Internet services",2023,1.0,1,True,investment,False
Indonesia,"Mobile, platforms & Internet services",2025,,0,False,investment,False
Indonesia,NLP,2015,,0,True,investment,False
Indonesia,NLP,2016,1.0,1,True,investment,False
Indonesia,NLP,2017,0.0,10,True,investment,False
Indonesia,NLP,2018,,0,True,investment,False
Indonesia,NLP,2019,0.0,4,True,investment,False
Indonesia,NLP,2020,,8,True,investment,False
Indonesia,NLP,2024,,15,True,investment,False
Indonesia,Navigation and mapping,2024,0.0,0,True,investment,False
Indonesia,Other,2016,1.0,2,True,investment,False
Indonesia,Other,2017,,11,True,investment,False
Indonesia,Other,2018,1.0,6,True,investment,False
Indonesia,Other,2019,3.0,4,True,investment,False
Indonesia,Other,2020,2.0,7,True,investment,False
Indonesia,Other,2021,0.0,0,True,investment,False
Indonesia,Other,2022,4.0,4,True,investment,False
Indonesia,Other,2023,3.0,3,True,investment,False
Indonesia,Other,2024,6.0,21,True,investment,False
Indonesia,Other,2025,0.0,0,False,investment,False
Indonesia,Privacy and Security,2022,,3,True,investment,False
Indonesia,Privacy and Security,2023,1.0,1,True,investment,False
Indonesia,Privacy and Security,2024,,0,True,investment,False
Indonesia,Privacy and Security,2025,,5,False,investment,False
Indonesia,Professional services,2016,1.0,1,True,investment,False
Indonesia,Professional services,2017,,10,True,investment,False
Indonesia,Professional services,2018,,2,True,investment,False
Indonesia,Professional services,2019,0.0,2,True,investment,False
Indonesia,Professional services,2020,,227,True,investment,False
Indonesia,Professional services,2021,0.0,0,True,investment,False
Indonesia,Professional services,2022,5.0,10,True,investment,False
Indonesia,Professional services,2023,7.0,7,True,investment,False
Indonesia,Professional services,2024,,15,True,investment,False
Indonesia,Real estate,2018,,5,True,investment,False
Indonesia,Robotics,2020,,220,True,investment,False
Indonesia,"Sales, retail, commerce, marketing",2016,1.0,2,True,investment,False
Indonesia,"Sales, retail, commerce, marketing",2017,,1,True,investment,False
Indonesia,"Sales, retail, commerce, marketing",2018,,15,True,investment,False
Indonesia,"Sales, retail, commerce, marketing",2019,0.0,3,True,investment,False
Indonesia,"Sales, retail, commerce, marketing",2020,,7,True,investment,False
Indonesia,"Sales, retail, commerce, marketing",2021,,0,True,investment,False
Indonesia,"Sales, retail, commerce, marketing",2022,,0,True,investment,False
Indonesia,"Sales, retail, commerce, marketing",2023,,5,True,investment,False
Indonesia,"Sales, retail, commerce, marketing",2024,0.0,2,True,investment,False
Indonesia,Software,2015,,0,True,investment,False
Indonesia,Software,2016,2.0,2,True,investment,False
Indonesia,Software,2017,1.0,20,True,investment,False
Indonesia,Software,2018,1.0,22,True,investment,False
Indonesia,Software,2019,3.0,13,True,investment,False
Indonesia,Software,2020,6.0,252,True,investment,False
Indonesia,Software,2021,75.0,131,True,investment,False
Indonesia,Software,2022,6.0,43,True,investment,False
Indonesia,Software,2023,11.0,19,True,investment,False
Indonesia,Software,2024,1.0,24,True,investment,False
Indonesia,Software,2025,2.0,10,False,investment,False
Indonesia,Transportation,2021,,0,True,investment,False
Indonesia,Transportation,2022,0.0,0,True,investment,False
Indonesia,Transportation,2023,0.0,0,True,investment,False
Indonesia,Transportation,2024,,0,True,investment,False
Indonesia,Transportation,2025,,1,False,investment,False
Iran,All,2018,,0,True,investment,False
Iran,All,2020,0.0,0,True,investment,False
Iran,All,2022,,0,True,investment,False
Iran,Data and analytics,2018,,0,True,investment,False
Iran,Data and analytics,2020,0.0,0,True,investment,False
Iran,Data and analytics,2022,,0,True,investment,False
Iran,General purpose,2018,,0,True,investment,False
Iran,General purpose,2020,0.0,0,True,investment,False
Iran,General purpose,2022,,0,True,investment,False
Iran,Information Technology,2018,,0,True,investment,False
Iran,Information Technology,2020,0.0,0,True,investment,False
Iran,Information Technology,2022,,0,True,investment,False
Iran,NLP,2018,,0,True,investment,False
Iran,Other,2018,,0,True,investment,False
Iran,Other,2020,0.0,0,True,investment,False
Iran,Other,2022,,0,True,investment,False
Iran,Professional services,2018,,0,True,investment,False
Iran,"Sales, retail, commerce, marketing",2018,,0,True,investment,False
Iran,Software,2018,,0,True,investment,False
Iran,Software,2020,0.0,0,True,investment,False
Iran,Software,2022,,0,True,investment,False
Iraq,All,2020,,0,True,investment,False
Iraq,All,2022,0.0,0,True,investment,False
Iraq,Education,2020,,0,True,investment,False
Iraq,Education,2022,0.0,0,True,investment,False
Iraq,Software,2020,,0,True,investment,False
Iraq,Software,2022,0.0,0,True,investment,False
Ireland,Agriculture,2018,0.0,4,True,investment,False
Ireland,Agriculture,2020,0.0,0,True,investment,False
Ireland,Agriculture,2021,0.0,4,True,investment,False
Ireland,Agriculture,2022,0.0,39,True,investment,False
Ireland,Agriculture,2023,1.0,1,True,investment,False
Ireland,Agriculture,2024,,1,True,investment,False
Ireland,All,2015,11.0,28,True,investment,False
Ireland,All,2016,26.0,196,True,investment,False
Ireland,All,2017,52.0,121,True,investment,False
Ireland,All,2018,82.0,169,True,investment,False
Ireland,All,2019,124.0,167,True,investment,False
Ireland,All,2020,93.0,143,True,investment,False
Ireland,All,2021,558.0,740,True,investment,False
Ireland,All,2022,217.0,429,True,investment,False
Ireland,All,2023,215.0,303,True,investment,False
Ireland,All,2024,151.0,324,True,investment,False
Ireland,All,2025,238.0,410,False,investment,False
Ireland,Biotechnology,2015,1.0,9,True,investment,False
Ireland,Biotechnology,2016,3.0,3,True,investment,False
Ireland,Biotechnology,2017,6.0,7,True,investment,False
Ireland,Biotechnology,2018,34.0,34,True,investment,False
Ireland,Biotechnology,2021,6.0,6,True,investment,False
Ireland,Biotechnology,2022,1.0,2,True,investment,False
Ireland,Biotechnology,2023,1.0,1,True,investment,False
Ireland,Biotechnology,2024,11.0,11,True,investment,False
Ireland,Community and Lifestyle,2015,,5,True,investment,False
Ireland,Community and Lifestyle,2016,5.0,5,True,investment,False
Ireland,Community and Lifestyle,2017,1.0,1,True,investment,False
Ireland,Community and Lifestyle,2018,10.0,10,True,investment,False
Ireland,Community and Lifestyle,2019,0.0,0,True,investment,False
Ireland,Community and Lifestyle,2020,2.0,2,True,investment,False
Ireland,Community and Lifestyle,2021,49.0,88,True,investment,False
Ireland,Community and Lifestyle,2022,100.0,175,True,investment,False
Ireland,Community and Lifestyle,2023,1.0,39,True,investment,False
Ireland,Community and Lifestyle,2024,26.0,26,True,investment,False
Ireland,Community and Lifestyle,2025,18.0,19,False,investment,False
Ireland,Computer Vision,2016,,0,True,investment,False
Ireland,Computer Vision,2018,,38,True,investment,False
Ireland,Computer Vision,2020,,1,True,investment,False
Ireland,Computer Vision,2021,0.0,0,True,investment,False
Ireland,Computer Vision,2022,2.0,5,True,investment,False
Ireland,Computer Vision,2025,19.0,22,False,investment,False
Ireland,Consumer goods,2015,,5,True,investment,False
Ireland,Consumer goods,2016,,3,True,investment,False
Ireland,Consumer goods,2017,1.0,3,True,investment,False
Ireland,Consumer goods,2018,4.0,42,True,investment,False
Ireland,Consumer goods,2019,5.0,5,True,investment,False
Ireland,Consumer goods,2020,12.0,12,True,investment,False
Ireland,Consumer goods,2021,6.0,6,True,investment,False
Ireland,Consumer goods,2022,0.0,0,True,investment,False
Ireland,Consumer goods,2023,4.0,41,True,investment,False
Ireland,Consumer goods,2024,2.0,2,True,investment,False
Ireland,Consumer goods,2025,1.0,1,False,investment,False
Ireland,Cyber Security,2016,,3,True,investment,False
Ireland,Cyber Security,2017,0.0,0,True,investment,False
Ireland,Cyber Security,2019,,2,True,investment,False
Ireland,Cyber Security,2020,0.0,2,True,investment,False
Ireland,Cyber Security,2021,1.0,1,True,investment,False
Ireland,Cyber Security,2022,4.0,4,True,investment,False
Ireland,Cyber Security,2024,1.0,1,True,investment,False
Ireland,Cyber Security,2025,,34,False,investment,False
Ireland,Data and analytics,2015,3.0,16,True,investment,False
Ireland,Data and analytics,2016,12.0,181,True,investment,False
Ireland,Data and analytics,2017,23.0,49,True,investment,False
Ireland,Data and analytics,2018,52.0,137,True,investment,False
Ireland,Data and analytics,2019,84.0,90,True,investment,False
Ireland,Data and analytics,2020,20.0,67,True,investment,False
Ireland,Data and analytics,2021,459.0,600,True,investment,False
Ireland,Data and analytics,2022,130.0,292,True,investment,False
Ireland,Data and analytics,2023,185.0,268,True,investment,False
Ireland,Data and analytics,2024,49.0,210,True,investment,False
Ireland,Data and analytics,2025,135.0,307,False,investment,False
Ireland,Education,2015,,5,True,investment,False
Ireland,Education,2021,354.0,402,True,investment,False
Ireland,Education,2024,0.0,0,True,investment,False
Ireland,Education,2025,5.0,5,False,investment,False
Ireland,Energy and natural resources,2017,1.0,1,True,investment,False
Ireland,Energy and natural resources,2019,1.0,1,True,investment,False
Ireland,Energy and natural resources,2021,1.0,3,True,investment,False
Ireland,Energy and natural resources,2022,0.0,40,True,investment,False
Ireland,Energy and natural resources,2023,,2,True,investment,False
Ireland,Energy and natural resources,2024,,2,True,investment,False
Ireland,Energy and natural resources,2025,0.0,4,False,investment,False
Ireland,Facial Recognition,2018,,38,True,investment,False
Ireland,Finance,2016,0.0,0,True,investment,False
Ireland,Finance,2017,,42,True,investment,False
Ireland,Finance,2018,0.0,42,True,investment,False
Ireland,Finance,2019,1.0,35,True,investment,False
Ireland,Finance,2020,2.0,3,True,investment,False
Ireland,Finance,2021,355.0,392,True,investment,False
Ireland,Finance,2022,17.0,17,True,investment,False
Ireland,Finance,2024,6.0,6,True,investment,False
Ireland,Finance,2025,5.0,40,False,investment,False
Ireland,Gaming,2017,,1,True,investment,False
Ireland,Gaming,2020,0.0,0,True,investment,False
Ireland,Gaming,2021,0.0,0,True,investment,False
Ireland,Gaming,2022,,3,True,investment,False
Ireland,Gaming,2024,0.0,0,True,investment,False
Ireland,General purpose,2015,3.0,16,True,investment,False
Ireland,General purpose,2016,12.0,180,True,investment,False
Ireland,General purpose,2017,22.0,27,True,investment,False
Ireland,General purpose,2018,52.0,136,True,investment,False
Ireland,General purpose,2019,75.0,81,True,investment,False
Ireland,General purpose,2020,24.0,71,True,investment,False
Ireland,General purpose,2021,446.0,545,True,investment,False
Ireland,General purpose,2022,134.0,255,True,investment,False
Ireland,General purpose,2023,117.0,200,True,investment,False
Ireland,General purpose,2024,49.0,153,True,investment,False
Ireland,General purpose,2025,79.0,247,False,investment,False
Ireland,Hardware,2015,,5,True,investment,False
Ireland,Hardware,2016,3.0,6,True,investment,False
Ireland,Hardware,2017,1.0,1,True,investment,False
Ireland,Hardware,2018,11.0,51,True,investment,False
Ireland,Hardware,2019,65.0,69,True,investment,False
Ireland,Hardware,2020,18.0,19,True,investment,False
Ireland,Hardware,2021,8.0,57,True,investment,False
Ireland,Hardware,2022,7.0,11,True,investment,False
Ireland,Hardware,2023,4.0,4,True,investment,False
Ireland,Hardware,2024,4.0,96,True,investment,False
Ireland,Hardware,2025,20.0,23,False,investment,False
Ireland,Healthcare and Life Sciences,2016,0.0,1,True,investment,False
Ireland,Healthcare and Life Sciences,2018,,0,True,investment,False
Ireland,Healthcare and Life Sciences,2019,0.0,2,True,investment,False
Ireland,Healthcare and Life Sciences,2020,1.0,1,True,investment,False
Ireland,Healthcare and Life Sciences,2021,4.0,8,True,investment,False
Ireland,Healthcare and Life Sciences,2022,4.0,43,True,investment,False
Ireland,Healthcare and Life Sciences,2023,17.0,21,True,investment,False
Ireland,Healthcare and Life Sciences,2024,1.0,13,True,investment,False
Ireland,Healthcare and Life Sciences,2025,29.0,33,False,investment,False
Ireland,Information Technology,2015,1.0,9,True,investment,False
Ireland,Information Technology,2016,4.0,7,True,investment,False
Ireland,Information Technology,2017,10.0,13,True,investment,False
Ireland,Information Technology,2018,40.0,120,True,investment,False
Ireland,Information Technology,2019,21.0,27,True,investment,False
Ireland,Information Technology,2020,19.0,29,True,investment,False
Ireland,Information Technology,2021,36.0,43,True,investment,False
Ireland,Information Technology,2022,21.0,67,True,investment,False
Ireland,Information Technology,2023,93.0,97,True,investment,False
Ireland,Information Technology,2024,23.0,61,True,investment,False
Ireland,Information Technology,2025,21.0,93,False,investment,False
Ireland,Lending and Investments,2017,,41,True,investment,False
Ireland,Lending and Investments,2019,,34,True,investment,False
Ireland,Lending and Investments,2020,0.0,2,True,investment,False
Ireland,Lending and Investments,2021,,38,True,investment,False
Ireland,Lending and Investments,2024,1.0,1,True,investment,False
Ireland,Manufacturing,2021,0.0,7,True,investment,False
Ireland,Manufacturing,2022,4.0,5,True,investment,False
Ireland,Manufacturing,2024,1.0,56,True,investment,False
Ireland,Manufacturing,2025,19.0,19,False,investment,False
Ireland,Media and Entertainment,2015,0.0,5,True,investment,False
Ireland,Media and Entertainment,2016,2.0,2,True,investment,False
Ireland,Media and Entertainment,2017,3.0,3,True,investment,False
Ireland,Media and Entertainment,2018,9.0,46,True,investment,False
Ireland,Media and Entertainment,2019,62.0,62,True,investment,False
Ireland,Media and Entertainment,2020,4.0,5,True,investment,False
Ireland,Media and Entertainment,2021,3.0,3,True,investment,False
Ireland,Media and Entertainment,2022,,3,True,investment,False
Ireland,Media and Entertainment,2023,14.0,51,True,investment,False
Ireland,Media and Entertainment,2024,0.0,0,True,investment,False
Ireland,Media and Entertainment,2025,55.0,55,False,investment,False
Ireland,"Military, public safety and government",2017,0.0,0,True,investment,False
Ireland,"Military, public safety and government",2018,2.0,2,True,investment,False
Ireland,"Military, public safety and government",2019,3.0,3,True,investment,False
Ireland,"Military, public safety and government",2021,,0,True,investment,False
Ireland,"Military, public safety and government",2023,13.0,13,True,investment,False
Ireland,"Mobile, platforms & Internet services",2015,2.0,7,True,investment,False
Ireland,"Mobile, platforms & Internet services",2016,3.0,170,True,investment,False
Ireland,"Mobile, platforms & Internet services",2017,3.0,3,True,investment,False
Ireland,"Mobile, platforms & Internet services",2018,13.0,15,True,investment,False
Ireland,"Mobile, platforms & Internet services",2019,80.0,85,True,investment,False
Ireland,"Mobile, platforms & Internet services",2020,11.0,11,True,investment,False
Ireland,"Mobile, platforms & Internet services",2021,5.0,5,True,investment,False
Ireland,"Mobile, platforms & Internet services",2022,5.0,11,True,investment,False
Ireland,"Mobile, platforms & Internet services",2023,32.0,34,True,investment,False
Ireland,"Mobile, platforms & Internet services",2024,1.0,56,True,investment,False
Ireland,"Mobile, platforms & Internet services",2025,61.0,154,False,investment,False
Ireland,NLP,2016,0.0,0,True,investment,False
Ireland,NLP,2017,10.0,13,True,investment,False
Ireland,NLP,2018,3.0,3,True,investment,False
Ireland,NLP,2019,4.0,4,True,investment,False
Ireland,NLP,2020,2.0,22,True,investment,False
Ireland,NLP,2021,,38,True,investment,False
Ireland,NLP,2023,13.0,88,True,investment,False
Ireland,NLP,2024,,55,True,investment,False
Ireland,Navigation and mapping,2018,0.0,0,True,investment,False
Ireland,Navigation and mapping,2019,2.0,2,True,investment,False
Ireland,Navigation and mapping,2021,1.0,1,True,investment,False
Ireland,Navigation and mapping,2023,1.0,1,True,investment,False
Ireland,Navigation and mapping,2025,,34,False,investment,False
Ireland,Other,2015,,5,True,investment,False
Ireland,Other,2016,2.0,2,True,investment,False
Ireland,Other,2017,2.0,2,True,investment,False
Ireland,Other,2018,7.0,9,True,investment,False
Ireland,Other,2019,62.0,62,True,investment,False
Ireland,Other,2021,1.0,1,True,investment,False
Ireland,Other,2022,,39,True,investment,False
Ireland,Other,2023,,2,True,investment,False
Ireland,Other,2024,0.0,0,True,investment,False
Ireland,Privacy and Security,2016,0.0,3,True,investment,False
Ireland,Privacy and Security,2017,0.0,0,True,investment,False
Ireland,Privacy and Security,2018,2.0,39,True,investment,False
Ireland,Privacy and Security,2019,3.0,7,True,investment,False
Ireland,Privacy and Security,2020,0.0,2,True,investment,False
Ireland,Privacy and Security,2021,2.0,2,True,investment,False
Ireland,Privacy and Security,2022,19.0,23,True,investment,False
Ireland,Privacy and Security,2023,14.0,16,True,investment,False
Ireland,Privacy and Security,2024,1.0,1,True,investment,False
Ireland,Privacy and Security,2025,4.0,38,False,investment,False
Ireland,Professional services,2015,0.0,0,True,investment,False
Ireland,Professional services,2016,0.0,0,True,investment,False
Ireland,Professional services,2017,1.0,1,True,investment,False
Ireland,Professional services,2018,0.0,0,True,investment,False
Ireland,Professional services,2019,2.0,2,True,investment,False
Ireland,Professional services,2020,20.0,40,True,investment,False
Ireland,Professional services,2021,356.0,356,True,investment,False
Ireland,Professional services,2022,2.0,40,True,investment,False
Ireland,Professional services,2023,1.0,1,True,investment,False
Ireland,Professional services,2024,1.0,55,True,investment,False
Ireland,Professional services,2025,8.0,8,False,investment,False
Ireland,Real estate,2015,,5,True,investment,False
Ireland,Real estate,2016,,3,True,investment,False
Ireland,Real estate,2017,1.0,4,True,investment,False
Ireland,Real estate,2018,4.0,5,True,investment,False
Ireland,Real estate,2019,6.0,6,True,investment,False
Ireland,Real estate,2020,12.0,12,True,investment,False
Ireland,Real estate,2021,0.0,0,True,investment,False
Ireland,Real estate,2023,1.0,41,True,investment,False
Ireland,Real estate,2024,4.0,4,True,investment,False
Ireland,Real estate,2025,0.0,0,False,investment,False
Ireland,Robotics,2016,1.0,4,True,investment,False
Ireland,Robotics,2017,0.0,0,True,investment,False
Ireland,Robotics,2018,,3,True,investment,False
Ireland,Robotics,2020,,0,True,investment,False
Ireland,Robotics,2021,3.0,51,True,investment,False
Ireland,Robotics,2022,0.0,2,True,investment,False
Ireland,Robotics,2024,1.0,56,True,investment,False
Ireland,"Sales, retail, commerce, marketing",2015,2.0,7,True,investment,False
Ireland,"Sales, retail, commerce, marketing",2016,5.0,171,True,investment,False
Ireland,"Sales, retail, commerce, marketing",2017,3.0,24,True,investment,False
Ireland,"Sales, retail, commerce, marketing",2018,9.0,14,True,investment,False
Ireland,"Sales, retail, commerce, marketing",2019,3.0,5,True,investment,False
Ireland,"Sales, retail, commerce, marketing",2020,20.0,22,True,investment,False
Ireland,"Sales, retail, commerce, marketing",2021,61.0,98,True,investment,False
Ireland,"Sales, retail, commerce, marketing",2022,101.0,139,True,investment,False
Ireland,"Sales, retail, commerce, marketing",2023,63.0,63,True,investment,False
Ireland,"Sales, retail, commerce, marketing",2024,24.0,62,True,investment,False
Ireland,"Sales, retail, commerce, marketing",2025,57.0,59,False,investment,False
Ireland,Software,2015,3.0,16,True,investment,False
Ireland,Software,2016,13.0,182,True,investment,False
Ireland,Software,2017,24.0,92,True,investment,False
Ireland,Software,2018,64.0,113,True,investment,False
Ireland,Software,2019,89.0,131,True,investment,False
Ireland,Software,2020,54.0,101,True,investment,False
Ireland,Software,2021,106.0,282,True,investment,False
Ireland,Software,2022,135.0,334,True,investment,False
Ireland,Software,2023,181.0,266,True,investment,False
Ireland,Software,2024,55.0,222,True,investment,False
Ireland,Software,2025,134.0,273,False,investment,False
Ireland,Speech Recognition,2015,0.0,0,True,investment,False
Ireland,Speech Recognition,2016,0.0,0,True,investment,False
Ireland,Speech Recognition,2017,1.0,1,True,investment,False
Ireland,Speech Recognition,2018,1.0,1,True,investment,False
Ireland,Speech Recognition,2020,2.0,2,True,investment,False
Ireland,Speech Recognition,2023,,40,True,investment,False
Ireland,Speech Recognition,2024,,1,True,investment,False
Ireland,Sports,2017,2.0,3,True,investment,False
Ireland,Sports,2019,3.0,3,True,investment,False
Ireland,Sports,2020,6.0,10,True,investment,False
Ireland,Sports,2021,26.0,26,True,investment,False
Ireland,Sports,2022,,3,True,investment,False
Ireland,Sports,2023,3.0,3,True,investment,False
Ireland,Sports,2024,,6,True,investment,False
Ireland,Sports,2025,2.0,5,False,investment,False
Ireland,Transportation,2016,1.0,3,True,investment,False
Ireland,Transportation,2017,1.0,2,True,investment,False
Ireland,Transportation,2018,5.0,9,True,investment,False
Ireland,Transportation,2019,1.0,3,True,investment,False
Ireland,Transportation,2020,7.0,7,True,investment,False
Ireland,Transportation,2021,354.0,356,True,investment,False
Ireland,Transportation,2022,4.0,7,True,investment,False
Ireland,Transportation,2023,,2,True,investment,False
Ireland,Transportation,2024,3.0,6,True,investment,False
Ireland,Transportation,2025,0.0,4,False,investment,False
Israel,Agriculture,2015,2.0,2,True,investment,False
Israel,Agriculture,2016,7.0,17,True,investment,False
Israel,Agriculture,2017,5.0,5,True,investment,False
Israel,Agriculture,2018,7.0,13,True,investment,False
Israel,Agriculture,2019,20.0,51,True,investment,False
Israel,Agriculture,2020,19.0,23,True,investment,False
Israel,Agriculture,2021,328.0,491,True,investment,False
Israel,Agriculture,2022,10.0,38,True,investment,False
Israel,Agriculture,2023,16.0,95,True,investment,False
Israel,Agriculture,2024,19.0,65,True,investment,False
Israel,Agriculture,2025,17.0,25,False,investment,False
Israel,All,2015,397.0,473,True,investment,False
Israel,All,2016,309.0,517,True,investment,False
Israel,All,2017,474.0,598,True,investment,False
Israel,All,2018,659.0,1220,True,investment,False
Israel,All,2019,880.0,1347,True,investment,False
Israel,All,2020,1869.0,2613,True,investment,False
Israel,All,2021,3168.0,6354,True,investment,False
Israel,All,2022,3834.0,5009,True,investment,False
Israel,All,2023,1300.0,2499,True,investment,False
Israel,All,2024,3401.0,6433,True,investment,False
Israel,All,2025,3200.0,5044,False,investment,False
Israel,Biotechnology,2015,10.0,10,True,investment,False
Israel,Biotechnology,2016,11.0,16,True,investment,False
Israel,Biotechnology,2017,3.0,8,True,investment,False
Israel,Biotechnology,2018,7.0,10,True,investment,False
Israel,Biotechnology,2019,,1,True,investment,False
Israel,Biotechnology,2020,22.0,58,True,investment,False
Israel,Biotechnology,2021,5.0,37,True,investment,False
Israel,Biotechnology,2022,53.0,94,True,investment,False
Israel,Biotechnology,2023,8.0,28,True,investment,False
Israel,Biotechnology,2024,27.0,70,True,investment,False
Israel,Biotechnology,2025,27.0,37,False,investment,False
Israel,Community and Lifestyle,2015,5.0,5,True,investment,False
Israel,Community and Lifestyle,2016,6.0,6,True,investment,False
Israel,Community and Lifestyle,2017,13.0,18,True,investment,False
Israel,Community and Lifestyle,2018,20.0,89,True,investment,False
Israel,Community and Lifestyle,2019,11.0,11,True,investment,False
Israel,Community and Lifestyle,2020,19.0,32,True,investment,False
Israel,Community and Lifestyle,2021,13.0,178,True,investment,False
Israel,Community and Lifestyle,2022,15.0,57,True,investment,False
Israel,Community and Lifestyle,2023,36.0,101,True,investment,False
Israel,Community and Lifestyle,2024,103.0,486,True,investment,False
Israel,Community and Lifestyle,2025,62.0,62,False,investment,False
Israel,Computer Vision,2015,6.0,35,True,investment,False
Israel,Computer Vision,2016,15.0,71,True,investment,False
Israel,Computer Vision,2017,17.0,21,True,investment,False
Israel,Computer Vision,2018,47.0,53,True,investment,False
Israel,Computer Vision,2019,22.0,36,True,investment,False
Israel,Computer Vision,2020,47.0,56,True,investment,False
Israel,Computer Vision,2021,367.0,416,True,investment,False
Israel,Computer Vision,2022,28.0,41,True,investment,False
Israel,Computer Vision,2023,42.0,49,True,investment,False
Israel,Computer Vision,2024,347.0,597,True,investment,False
Israel,Computer Vision,2025,10.0,10,False,investment,False
Israel,Consumer goods,2015,3.0,3,True,investment,False
Israel,Consumer goods,2016,4.0,7,True,investment,False
Israel,Consumer goods,2017,54.0,57,True,investment,False
Israel,Consumer goods,2018,18.0,98,True,investment,False
Israel,Consumer goods,2019,38.0,85,True,investment,False
Israel,Consumer goods,2020,46.0,57,True,investment,False
Israel,Consumer goods,2021,39.0,332,True,investment,False
Israel,Consumer goods,2022,100.0,125,True,investment,False
Israel,Consumer goods,2023,11.0,84,True,investment,False
Israel,Consumer goods,2024,35.0,54,True,investment,False
Israel,Consumer goods,2025,17.0,100,False,investment,False
Israel,Cyber Security,2015,5.0,6,True,investment,False
Israel,Cyber Security,2016,3.0,6,True,investment,False
Israel,Cyber Security,2017,7.0,7,True,investment,False
Israel,Cyber Security,2018,1.0,2,True,investment,False
Israel,Cyber Security,2019,28.0,35,True,investment,False
Israel,Cyber Security,2020,10.0,95,True,investment,False
Israel,Cyber Security,2021,25.0,162,True,investment,False
Israel,Cyber Security,2022,44.0,44,True,investment,False
Israel,Cyber Security,2023,33.0,238,True,investment,False
Israel,Cyber Security,2024,199.0,213,True,investment,False
Israel,Cyber Security,2025,111.0,256,False,investment,False
Israel,Data and analytics,2015,114.0,148,True,investment,False
Israel,Data and analytics,2016,166.0,360,True,investment,False
Israel,Data and analytics,2017,163.0,266,True,investment,False
Israel,Data and analytics,2018,200.0,708,True,investment,False
Israel,Data and analytics,2019,237.0,616,True,investment,False
Israel,Data and analytics,2020,806.0,1439,True,investment,False
Israel,Data and analytics,2021,1204.0,3390,True,investment,False
Israel,Data and analytics,2022,1403.0,2280,True,investment,False
Israel,Data and analytics,2023,318.0,1325,True,investment,False
Israel,Data and analytics,2024,2260.0,4688,True,investment,False
Israel,Data and analytics,2025,916.0,2129,False,investment,False
Israel,Education,2019,,0,True,investment,False
Israel,Education,2020,,1,True,investment,False
Israel,Education,2021,6.0,12,True,investment,False
Israel,Education,2022,2.0,2,True,investment,False
Israel,Education,2024,2.0,2,True,investment,False
Israel,Energy and natural resources,2015,2.0,2,True,investment,False
Israel,Energy and natural resources,2016,,4,True,investment,False
Israel,Energy and natural resources,2017,3.0,3,True,investment,False
Israel,Energy and natural resources,2018,8.0,86,True,investment,False
Israel,Energy and natural resources,2019,7.0,11,True,investment,False
Israel,Energy and natural resources,2020,19.0,24,True,investment,False
Israel,Energy and natural resources,2021,13.0,64,True,investment,False
Israel,Energy and natural resources,2022,28.0,184,True,investment,False
Israel,Energy and natural resources,2023,18.0,28,True,investment,False
Israel,Energy and natural resources,2024,9.0,25,True,investment,False
Israel,Energy and natural resources,2025,22.0,62,False,investment,False
Israel,Facial Recognition,2015,1.0,1,True,investment,False
Israel,Facial Recognition,2017,,2,True,investment,False
Israel,Facial Recognition,2018,3.0,3,True,investment,False
Israel,Facial Recognition,2019,0.0,0,True,investment,False
Israel,Facial Recognition,2020,7.0,7,True,investment,False
Israel,Facial Recognition,2022,4.0,4,True,investment,False
Israel,Finance,2015,12.0,12,True,investment,False
Israel,Finance,2016,10.0,15,True,investment,False
Israel,Finance,2017,22.0,32,True,investment,False
Israel,Finance,2018,43.0,56,True,investment,False
Israel,Finance,2019,48.0,67,True,investment,False
Israel,Finance,2020,92.0,150,True,investment,False
Israel,Finance,2021,101.0,706,True,investment,False
Israel,Finance,2022,112.0,189,True,investment,False
Israel,Finance,2023,28.0,149,True,investment,False
Israel,Finance,2024,422.0,446,True,investment,False
Israel,Finance,2025,48.0,252,False,investment,False
Israel,Gaming,2016,7.0,7,True,investment,False
Israel,Gaming,2017,0.0,0,True,investment,False
Israel,Gaming,2018,8.0,8,True,investment,False
Israel,Gaming,2019,0.0,0,True,investment,False
Israel,Gaming,2020,5.0,7,True,investment,False
Israel,Gaming,2021,6.0,11,True,investment,False
Israel,Gaming,2022,7.0,34,True,investment,False
Israel,Gaming,2023,0.0,65,True,investment,False
Israel,Gaming,2025,,8,False,investment,False
Israel,General purpose,2015,76.0,130,True,investment,False
Israel,General purpose,2016,160.0,290,True,investment,False
Israel,General purpose,2017,187.0,289,True,investment,False
Israel,General purpose,2018,198.0,570,True,investment,False
Israel,General purpose,2019,212.0,538,True,investment,False
Israel,General purpose,2020,445.0,992,True,investment,False
Israel,General purpose,2021,1182.0,3028,True,investment,False
Israel,General purpose,2022,1261.0,1970,True,investment,False
Israel,General purpose,2023,313.0,1308,True,investment,False
Israel,General purpose,2024,2019.0,4448,True,investment,False
Israel,General purpose,2025,914.0,2140,False,investment,False
Israel,Hardware,2015,42.0,64,True,investment,False
Israel,Hardware,2016,49.0,103,True,investment,False
Israel,Hardware,2017,121.0,141,True,investment,False
Israel,Hardware,2018,92.0,292,True,investment,False
Israel,Hardware,2019,104.0,236,True,investment,False
Israel,Hardware,2020,134.0,167,True,investment,False
Israel,Hardware,2021,450.0,1099,True,investment,False
Israel,Hardware,2022,483.0,603,True,investment,False
Israel,Hardware,2023,93.0,491,True,investment,False
Israel,Hardware,2024,86.0,887,True,investment,False
Israel,Hardware,2025,102.0,299,False,investment,False
Israel,Healthcare and Life Sciences,2015,20.0,28,True,investment,False
Israel,Healthcare and Life Sciences,2016,33.0,46,True,investment,False
Israel,Healthcare and Life Sciences,2017,64.0,111,True,investment,False
Israel,Healthcare and Life Sciences,2018,32.0,169,True,investment,False
Israel,Healthcare and Life Sciences,2019,61.0,117,True,investment,False
Israel,Healthcare and Life Sciences,2020,97.0,172,True,investment,False
Israel,Healthcare and Life Sciences,2021,327.0,452,True,investment,False
Israel,Healthcare and Life Sciences,2022,128.0,183,True,investment,False
Israel,Healthcare and Life Sciences,2023,38.0,121,True,investment,False
Israel,Healthcare and Life Sciences,2024,100.0,435,True,investment,False
Israel,Healthcare and Life Sciences,2025,92.0,287,False,investment,False
Israel,Information Technology,2015,114.0,120,True,investment,False
Israel,Information Technology,2016,96.0,108,True,investment,False
Israel,Information Technology,2017,52.0,62,True,investment,False
Israel,Information Technology,2018,40.0,117,True,investment,False
Israel,Information Technology,2019,71.0,246,True,investment,False
Israel,Information Technology,2020,72.0,313,True,investment,False
Israel,Information Technology,2021,653.0,1490,True,investment,False
Israel,Information Technology,2022,715.0,1005,True,investment,False
Israel,Information Technology,2023,117.0,548,True,investment,False
Israel,Information Technology,2024,1102.0,2922,True,investment,False
Israel,Information Technology,2025,374.0,898,False,investment,False
Israel,Lending and Investments,2016,4.0,7,True,investment,False
Israel,Lending and Investments,2017,,2,True,investment,False
Israel,Lending and Investments,2018,8.0,8,True,investment,False
Israel,Lending and Investments,2019,,1,True,investment,False
Israel,Lending and Investments,2020,6.0,6,True,investment,False
Israel,Lending and Investments,2021,2.0,409,True,investment,False
Israel,Lending and Investments,2022,2.0,29,True,investment,False
Israel,Lending and Investments,2023,,65,True,investment,False
Israel,Lending and Investments,2025,,95,False,investment,False
Israel,Manufacturing,2015,13.0,13,True,investment,False
Israel,Manufacturing,2016,6.0,8,True,investment,False
Israel,Manufacturing,2017,11.0,11,True,investment,False
Israel,Manufacturing,2018,15.0,26,True,investment,False
Israel,Manufacturing,2019,27.0,29,True,investment,False
Israel,Manufacturing,2020,32.0,36,True,investment,False
Israel,Manufacturing,2021,22.0,35,True,investment,False
Israel,Manufacturing,2022,160.0,165,True,investment,False
Israel,Manufacturing,2023,27.0,273,True,investment,False
Israel,Manufacturing,2024,30.0,290,True,investment,False
Israel,Manufacturing,2025,11.0,106,False,investment,False
Israel,Media and Entertainment,2015,33.0,35,True,investment,False
Israel,Media and Entertainment,2016,9.0,60,True,investment,False
Israel,Media and Entertainment,2017,8.0,22,True,investment,False
Israel,Media and Entertainment,2018,63.0,63,True,investment,False
Israel,Media and Entertainment,2019,29.0,74,True,investment,False
Israel,Media and Entertainment,2020,37.0,110,True,investment,False
Israel,Media and Entertainment,2021,33.0,178,True,investment,False
Israel,Media and Entertainment,2022,100.0,163,True,investment,False
Israel,Media and Entertainment,2023,11.0,92,True,investment,False
Israel,Media and Entertainment,2024,23.0,28,True,investment,False
Israel,Media and Entertainment,2025,44.0,173,False,investment,False
Israel,"Military, public safety and government",2016,1.0,1,True,investment,False
Israel,"Military, public safety and government",2017,1.0,1,True,investment,False
Israel,"Military, public safety and government",2018,3.0,76,True,investment,False
Israel,"Military, public safety and government",2019,5.0,6,True,investment,False
Israel,"Military, public safety and government",2020,8.0,9,True,investment,False
Israel,"Military, public safety and government",2021,10.0,10,True,investment,False
Israel,"Military, public safety and government",2022,3.0,3,True,investment,False
Israel,"Military, public safety and government",2023,18.0,29,True,investment,False
Israel,"Military, public safety and government",2024,21.0,21,True,investment,False
Israel,"Military, public safety and government",2025,26.0,26,False,investment,False
Israel,"Mobile, platforms & Internet services",2015,58.0,84,True,investment,False
Israel,"Mobile, platforms & Internet services",2016,81.0,150,True,investment,False
Israel,"Mobile, platforms & Internet services",2017,40.0,60,True,investment,False
Israel,"Mobile, platforms & Internet services",2018,61.0,248,True,investment,False
Israel,"Mobile, platforms & Internet services",2019,81.0,277,True,investment,False
Israel,"Mobile, platforms & Internet services",2020,90.0,325,True,investment,False
Israel,"Mobile, platforms & Internet services",2021,91.0,1278,True,investment,False
Israel,"Mobile, platforms & Internet services",2022,397.0,582,True,investment,False
Israel,"Mobile, platforms & Internet services",2023,33.0,319,True,investment,False
Israel,"Mobile, platforms & Internet services",2024,359.0,1461,True,investment,False
Israel,"Mobile, platforms & Internet services",2025,42.0,211,False,investment,False
Israel,NLP,2015,4.0,4,True,investment,False
Israel,NLP,2016,8.0,14,True,investment,False
Israel,NLP,2017,5.0,5,True,investment,False
Israel,NLP,2018,2.0,45,True,investment,False
Israel,NLP,2019,2.0,42,True,investment,False
Israel,NLP,2020,3.0,73,True,investment,False
Israel,NLP,2021,6.0,6,True,investment,False
Israel,NLP,2022,17.0,17,True,investment,False
Israel,NLP,2023,21.0,31,True,investment,False
Israel,NLP,2024,311.0,316,True,investment,False
Israel,NLP,2025,21.0,31,False,investment,False
Israel,Navigation and mapping,2015,0.0,24,True,investment,False
Israel,Navigation and mapping,2016,1.0,2,True,investment,False
Israel,Navigation and mapping,2017,2.0,2,True,investment,False
Israel,Navigation and mapping,2019,4.0,4,True,investment,False
Israel,Navigation and mapping,2020,,1,True,investment,False
Israel,Navigation and mapping,2021,10.0,145,True,investment,False
Israel,Navigation and mapping,2022,4.0,11,True,investment,False
Israel,Navigation and mapping,2023,1.0,8,True,investment,False
Israel,Navigation and mapping,2024,19.0,19,True,investment,False
Israel,Navigation and mapping,2025,15.0,23,False,investment,False
Israel,Other,2015,8.0,8,True,investment,False
Israel,Other,2016,12.0,14,True,investment,False
Israel,Other,2017,20.0,25,True,investment,False
Israel,Other,2018,10.0,28,True,investment,False
Israel,Other,2019,21.0,76,True,investment,False
Israel,Other,2020,34.0,248,True,investment,False
Israel,Other,2021,44.0,335,True,investment,False
Israel,Other,2022,168.0,176,True,investment,False
Israel,Other,2023,15.0,387,True,investment,False
Israel,Other,2024,23.0,911,True,investment,False
Israel,Other,2025,20.0,21,False,investment,False
Israel,Privacy and Security,2015,91.0,91,True,investment,False
Israel,Privacy and Security,2016,67.0,70,True,investment,False
Israel,Privacy and Security,2017,7.0,11,True,investment,False
Israel,Privacy and Security,2018,8.0,78,True,investment,False
Israel,Privacy and Security,2019,58.0,65,True,investment,False
Israel,Privacy and Security,2020,29.0,117,True,investment,False
Israel,Privacy and Security,2021,130.0,580,True,investment,False
Israel,Privacy and Security,2022,171.0,172,True,investment,False
Israel,Privacy and Security,2023,74.0,289,True,investment,False
Israel,Privacy and Security,2024,404.0,676,True,investment,False
Israel,Privacy and Security,2025,169.0,355,False,investment,False
Israel,Professional services,2015,6.0,7,True,investment,False
Israel,Professional services,2016,6.0,6,True,investment,False
Israel,Professional services,2017,7.0,13,True,investment,False
Israel,Professional services,2018,14.0,25,True,investment,False
Israel,Professional services,2019,10.0,57,True,investment,False
Israel,Professional services,2020,30.0,251,True,investment,False
Israel,Professional services,2021,47.0,595,True,investment,False
Israel,Professional services,2022,49.0,73,True,investment,False
Israel,Professional services,2023,23.0,237,True,investment,False
Israel,Professional services,2024,141.0,1026,True,investment,False
Israel,Professional services,2025,37.0,182,False,investment,False
Israel,Real estate,2015,1.0,1,True,investment,False
Israel,Real estate,2016,4.0,6,True,investment,False
Israel,Real estate,2017,1.0,3,True,investment,False
Israel,Real estate,2018,3.0,3,True,investment,False
Israel,Real estate,2019,29.0,38,True,investment,False
Israel,Real estate,2020,14.0,21,True,investment,False
Israel,Real estate,2021,20.0,60,True,investment,False
Israel,Real estate,2022,149.0,161,True,investment,False
Israel,Real estate,2023,15.0,17,True,investment,False
Israel,Real estate,2024,17.0,287,True,investment,False
Israel,Real estate,2025,9.0,104,False,investment,False
Israel,Robotics,2015,2.0,2,True,investment,False
Israel,Robotics,2016,1.0,1,True,investment,False
Israel,Robotics,2017,6.0,6,True,investment,False
Israel,Robotics,2018,5.0,70,True,investment,False
Israel,Robotics,2019,7.0,10,True,investment,False
Israel,Robotics,2020,11.0,14,True,investment,False
Israel,Robotics,2021,12.0,19,True,investment,False
Israel,Robotics,2022,24.0,51,True,investment,False
Israel,Robotics,2023,6.0,69,True,investment,False
Israel,Robotics,2024,18.0,28,True,investment,False
Israel,Robotics,2025,1.0,1,False,investment,False
Israel,"Sales, retail, commerce, marketing",2015,29.0,31,True,investment,False
Israel,"Sales, retail, commerce, marketing",2016,88.0,99,True,investment,False
Israel,"Sales, retail, commerce, marketing",2017,12.0,29,True,investment,False
Israel,"Sales, retail, commerce, marketing",2018,21.0,71,True,investment,False
Israel,"Sales, retail, commerce, marketing",2019,44.0,130,True,investment,False
Israel,"Sales, retail, commerce, marketing",2020,23.0,242,True,investment,False
Israel,"Sales, retail, commerce, marketing",2021,121.0,630,True,investment,False
Israel,"Sales, retail, commerce, marketing",2022,70.0,356,True,investment,False
Israel,"Sales, retail, commerce, marketing",2023,27.0,50,True,investment,False
Israel,"Sales, retail, commerce, marketing",2024,22.0,529,True,investment,False
Israel,"Sales, retail, commerce, marketing",2025,48.0,109,False,investment,False
Israel,Semiconductor,2017,7.0,15,True,investment,False
Israel,Semiconductor,2018,25.0,25,True,investment,False
Israel,Semiconductor,2019,19.0,19,True,investment,False
Israel,Semiconductor,2020,21.0,31,True,investment,False
Israel,Semiconductor,2021,38.0,226,True,investment,False
Israel,Semiconductor,2022,65.0,65,True,investment,False
Israel,Semiconductor,2023,40.0,40,True,investment,False
Israel,Semiconductor,2024,13.0,263,True,investment,False
Israel,Semiconductor,2025,5.0,5,False,investment,False
Israel,Simulation,2018,1.0,1,True,investment,False
Israel,Simulation,2019,0.0,0,True,investment,False
Israel,Software,2015,212.0,247,True,investment,False
Israel,Software,2016,166.0,357,True,investment,False
Israel,Software,2017,181.0,292,True,investment,False
Israel,Software,2018,233.0,739,True,investment,False
Israel,Software,2019,260.0,645,True,investment,False
Israel,Software,2020,826.0,1397,True,investment,False
Israel,Software,2021,1323.0,3539,True,investment,False
Israel,Software,2022,1471.0,2468,True,investment,False
Israel,Software,2023,341.0,1373,True,investment,False
Israel,Software,2024,2400.0,5137,True,investment,False
Israel,Software,2025,962.0,2394,False,investment,False
Israel,Speech Recognition,2020,,1,True,investment,False
Israel,Speech Recognition,2023,13.0,13,True,investment,False
Israel,Speech Recognition,2025,8.0,18,False,investment,False
Israel,Sports,2015,1.0,1,True,investment,False
Israel,Sports,2016,8.0,53,True,investment,False
Israel,Sports,2017,44.0,54,True,investment,False
Israel,Sports,2018,33.0,33,True,investment,False
Israel,Sports,2019,19.0,22,True,investment,False
Israel,Sports,2020,15.0,40,True,investment,False
Israel,Sports,2021,6.0,13,True,investment,False
Israel,Sports,2022,90.0,142,True,investment,False
Israel,Sports,2023,1.0,67,True,investment,False
Israel,Sports,2024,18.0,18,True,investment,False
Israel,Sports,2025,15.0,110,False,investment,False
Israel,Telecommunications,2015,0.0,0,True,investment,False
Israel,Telecommunications,2016,,0,True,investment,False
Israel,Telecommunications,2017,,2,True,investment,False
Israel,Telecommunications,2019,,59,True,investment,False
Israel,Telecommunications,2021,3.0,3,True,investment,False
Israel,Telecommunications,2022,0.0,0,True,investment,False
Israel,Telecommunications,2024,16.0,16,True,investment,False
Israel,Transportation,2015,4.0,25,True,investment,False
Israel,Transportation,2016,15.0,19,True,investment,False
Israel,Transportation,2017,42.0,52,True,investment,False
Israel,Transportation,2018,61.0,69,True,investment,False
Israel,Transportation,2019,46.0,51,True,investment,False
Israel,Transportation,2020,38.0,114,True,investment,False
Israel,Transportation,2021,92.0,317,True,investment,False
Israel,Transportation,2022,80.0,241,True,investment,False
Israel,Transportation,2023,79.0,290,True,investment,False
Israel,Transportation,2024,492.0,507,True,investment,False
Israel,Transportation,2025,57.0,68,False,investment,False
Italy,Agriculture,2016,,2,True,investment,False
Italy,Agriculture,2017,0.0,1,True,investment,False
Italy,Agriculture,2018,0.0,0,True,investment,False
Italy,Agriculture,2020,0.0,0,True,investment,False
Italy,Agriculture,2021,1.0,2,True,investment,False
Italy,Agriculture,2022,0.0,0,True,investment,False
Italy,Agriculture,2023,2.0,2,True,investment,False
Italy,Agriculture,2024,0.0,2,True,investment,False
Italy,Agriculture,2025,0.0,0,False,investment,False
Italy,All,2015,40.0,40,True,investment,False
Italy,All,2016,12.0,18,True,investment,False
Italy,All,2017,7.0,11,True,investment,False
Italy,All,2018,15.0,249,True,investment,False
Italy,All,2019,12.0,197,True,investment,False
Italy,All,2020,28.0,287,True,investment,False
Italy,All,2021,93.0,316,True,investment,False
Italy,All,2022,49.0,78,True,investment,False
Italy,All,2023,82.0,228,True,investment,False
Italy,All,2024,110.0,227,True,investment,False
Italy,All,2025,320.0,333,False,investment,False
Italy,Biotechnology,2016,4.0,4,True,investment,False
Italy,Biotechnology,2017,0.0,0,True,investment,False
Italy,Biotechnology,2018,3.0,3,True,investment,False
Italy,Biotechnology,2019,2.0,3,True,investment,False
Italy,Biotechnology,2021,31.0,31,True,investment,False
Italy,Biotechnology,2022,0.0,1,True,investment,False
Italy,Biotechnology,2023,3.0,3,True,investment,False
Italy,Biotechnology,2024,0.0,2,True,investment,False
Italy,Biotechnology,2025,4.0,4,False,investment,False
Italy,Community and Lifestyle,2015,0.0,0,True,investment,False
Italy,Community and Lifestyle,2018,1.0,2,True,investment,False
Italy,Community and Lifestyle,2021,0.0,0,True,investment,False
Italy,Community and Lifestyle,2022,0.0,10,True,investment,False
Italy,Community and Lifestyle,2023,0.0,0,True,investment,False
Italy,Community and Lifestyle,2024,1.0,2,True,investment,False
Italy,Community and Lifestyle,2025,0.0,0,False,investment,False
Italy,Computer Vision,2016,5.0,5,True,investment,False
Italy,Computer Vision,2018,0.0,0,True,investment,False
Italy,Computer Vision,2019,1.0,1,True,investment,False
Italy,Computer Vision,2020,0.0,0,True,investment,False
Italy,Computer Vision,2021,1.0,1,True,investment,False
Italy,Computer Vision,2022,0.0,1,True,investment,False
Italy,Computer Vision,2023,1.0,1,True,investment,False
Italy,Computer Vision,2025,,5,False,investment,False
Italy,Consumer goods,2015,1.0,1,True,investment,False
Italy,Consumer goods,2016,1.0,3,True,investment,False
Italy,Consumer goods,2017,1.0,1,True,investment,False
Italy,Consumer goods,2018,0.0,2,True,investment,False
Italy,Consumer goods,2019,1.0,1,True,investment,False
Italy,Consumer goods,2021,0.0,0,True,investment,False
Italy,Consumer goods,2022,0.0,0,True,investment,False
Italy,Consumer goods,2023,22.0,22,True,investment,False
Italy,Consumer goods,2024,1.0,1,True,investment,False
Italy,Consumer goods,2025,0.0,0,False,investment,False
Italy,Cyber Security,2018,2.0,2,True,investment,False
Italy,Cyber Security,2019,,0,True,investment,False
Italy,Cyber Security,2020,,84,True,investment,False
Italy,Cyber Security,2021,2.0,2,True,investment,False
Italy,Cyber Security,2022,0.0,0,True,investment,False
Italy,Cyber Security,2023,2.0,2,True,investment,False
Italy,Cyber Security,2024,3.0,26,True,investment,False
Italy,Cyber Security,2025,17.0,18,False,investment,False
Italy,Data and analytics,2015,36.0,36,True,investment,False
Italy,Data and analytics,2016,7.0,11,True,investment,False
Italy,Data and analytics,2017,5.0,9,True,investment,False
Italy,Data and analytics,2018,10.0,241,True,investment,False
Italy,Data and analytics,2019,5.0,190,True,investment,False
Italy,Data and analytics,2020,22.0,276,True,investment,False
Italy,Data and analytics,2021,66.0,202,True,investment,False
Italy,Data and analytics,2022,23.0,47,True,investment,False
Italy,Data and analytics,2023,38.0,163,True,investment,False
Italy,Data and analytics,2024,34.0,150,True,investment,False
Italy,Data and analytics,2025,90.0,98,False,investment,False
Italy,Education,2015,0.0,0,True,investment,False
Italy,Education,2016,0.0,1,True,investment,False
Italy,Education,2017,,0,True,investment,False
Italy,Education,2020,0.0,84,True,investment,False
Italy,Education,2021,0.0,1,True,investment,False
Italy,Education,2022,7.0,19,True,investment,False
Italy,Education,2023,1.0,3,True,investment,False
Italy,Education,2024,0.0,0,True,investment,False
Italy,Education,2025,0.0,0,False,investment,False
Italy,Energy and natural resources,2016,0.0,0,True,investment,False
Italy,Energy and natural resources,2017,,0,True,investment,False
Italy,Energy and natural resources,2020,1.0,1,True,investment,False
Italy,Energy and natural resources,2021,1.0,3,True,investment,False
Italy,Energy and natural resources,2022,1.0,1,True,investment,False
Italy,Energy and natural resources,2023,1.0,1,True,investment,False
Italy,Energy and natural resources,2024,0.0,1,True,investment,False
Italy,Energy and natural resources,2025,1.0,1,False,investment,False
Italy,Finance,2015,3.0,3,True,investment,False
Italy,Finance,2016,0.0,1,True,investment,False
Italy,Finance,2017,0.0,0,True,investment,False
Italy,Finance,2018,2.0,3,True,investment,False
Italy,Finance,2019,1.0,2,True,investment,False
Italy,Finance,2020,1.0,1,True,investment,False
Italy,Finance,2021,4.0,9,True,investment,False
Italy,Finance,2022,3.0,14,True,investment,False
Italy,Finance,2023,1.0,6,True,investment,False
Italy,Finance,2024,10.0,33,True,investment,False
Italy,Finance,2025,16.0,16,False,investment,False
Italy,Gaming,2015,0.0,0,True,investment,False
Italy,Gaming,2017,,0,True,investment,False
Italy,Gaming,2021,0.0,0,True,investment,False
Italy,Gaming,2022,6.0,6,True,investment,False
Italy,Gaming,2023,0.0,0,True,investment,False
Italy,Gaming,2025,0.0,0,False,investment,False
Italy,General purpose,2015,34.0,34,True,investment,False
Italy,General purpose,2016,8.0,12,True,investment,False
Italy,General purpose,2017,4.0,8,True,investment,False
Italy,General purpose,2018,10.0,242,True,investment,False
Italy,General purpose,2019,5.0,9,True,investment,False
Italy,General purpose,2020,13.0,266,True,investment,False
Italy,General purpose,2021,67.0,203,True,investment,False
Italy,General purpose,2022,22.0,46,True,investment,False
Italy,General purpose,2023,41.0,167,True,investment,False
Italy,General purpose,2024,35.0,128,True,investment,False
Italy,General purpose,2025,85.0,93,False,investment,False
Italy,Hardware,2015,0.0,0,True,investment,False
Italy,Hardware,2016,5.0,5,True,investment,False
Italy,Hardware,2017,4.0,4,True,investment,False
Italy,Hardware,2018,1.0,3,True,investment,False
Italy,Hardware,2019,2.0,3,True,investment,False
Italy,Hardware,2020,0.0,84,True,investment,False
Italy,Hardware,2021,2.0,3,True,investment,False
Italy,Hardware,2022,4.0,5,True,investment,False
Italy,Hardware,2023,30.0,30,True,investment,False
Italy,Hardware,2024,6.0,6,True,investment,False
Italy,Hardware,2025,6.0,11,False,investment,False
Italy,Healthcare and Life Sciences,2015,0.0,0,True,investment,False
Italy,Healthcare and Life Sciences,2016,0.0,0,True,investment,False
Italy,Healthcare and Life Sciences,2017,0.0,0,True,investment,False
Italy,Healthcare and Life Sciences,2018,4.0,5,True,investment,False
Italy,Healthcare and Life Sciences,2019,2.0,3,True,investment,False
Italy,Healthcare and Life Sciences,2020,1.0,3,True,investment,False
Italy,Healthcare and Life Sciences,2021,10.0,13,True,investment,False
Italy,Healthcare and Life Sciences,2022,1.0,1,True,investment,False
Italy,Healthcare and Life Sciences,2023,3.0,4,True,investment,False
Italy,Healthcare and Life Sciences,2024,2.0,2,True,investment,False
Italy,Healthcare and Life Sciences,2025,9.0,10,False,investment,False
Italy,Information Technology,2015,2.0,2,True,investment,False
Italy,Information Technology,2016,2.0,4,True,investment,False
Italy,Information Technology,2017,2.0,4,True,investment,False
Italy,Information Technology,2018,8.0,11,True,investment,False
Italy,Information Technology,2019,2.0,3,True,investment,False
Italy,Information Technology,2020,17.0,189,True,investment,False
Italy,Information Technology,2021,10.0,66,True,investment,False
Italy,Information Technology,2022,5.0,6,True,investment,False
Italy,Information Technology,2023,14.0,40,True,investment,False
Italy,Information Technology,2024,17.0,107,True,investment,False
Italy,Information Technology,2025,49.0,53,False,investment,False
Italy,Lending and Investments,2022,,0,True,investment,False
Italy,Lending and Investments,2023,,1,True,investment,False
Italy,Lending and Investments,2025,1.0,1,False,investment,False
Italy,Manufacturing,2015,0.0,0,True,investment,False
Italy,Manufacturing,2016,,0,True,investment,False
Italy,Manufacturing,2017,2.0,2,True,investment,False
Italy,Manufacturing,2018,0.0,0,True,investment,False
Italy,Manufacturing,2019,1.0,2,True,investment,False
Italy,Manufacturing,2020,2.0,3,True,investment,False
Italy,Manufacturing,2021,0.0,0,True,investment,False
Italy,Manufacturing,2022,6.0,6,True,investment,False
Italy,Manufacturing,2023,2.0,2,True,investment,False
Italy,Manufacturing,2024,1.0,3,True,investment,False
Italy,Manufacturing,2025,10.0,10,False,investment,False
Italy,Media and Entertainment,2015,,0,True,investment,False
Italy,Media and Entertainment,2016,2.0,4,True,investment,False
Italy,Media and Entertainment,2017,1.0,1,True,investment,False
Italy,Media and Entertainment,2018,1.0,3,True,investment,False
Italy,Media and Entertainment,2019,0.0,1,True,investment,False
Italy,Media and Entertainment,2020,2.0,2,True,investment,False
Italy,Media and Entertainment,2021,3.0,3,True,investment,False
Italy,Media and Entertainment,2022,1.0,4,True,investment,False
Italy,Media and Entertainment,2023,0.0,0,True,investment,False
Italy,Media and Entertainment,2024,5.0,6,True,investment,False
Italy,Media and Entertainment,2025,7.0,8,False,investment,False
Italy,"Military, public safety and government",2017,2.0,2,True,investment,False
Italy,"Military, public safety and government",2018,,1,True,investment,False
Italy,"Military, public safety and government",2023,2.0,2,True,investment,False
Italy,"Military, public safety and government",2025,4.0,4,False,investment,False
Italy,"Mobile, platforms & Internet services",2015,1.0,1,True,investment,False
Italy,"Mobile, platforms & Internet services",2016,6.0,9,True,investment,False
Italy,"Mobile, platforms & Internet services",2017,2.0,3,True,investment,False
Italy,"Mobile, platforms & Internet services",2018,4.0,230,True,investment,False
Italy,"Mobile, platforms & Internet services",2019,1.0,92,True,investment,False
Italy,"Mobile, platforms & Internet services",2020,7.0,92,True,investment,False
Italy,"Mobile, platforms & Internet services",2021,13.0,16,True,investment,False
Italy,"Mobile, platforms & Internet services",2022,5.0,7,True,investment,False
Italy,"Mobile, platforms & Internet services",2023,8.0,8,True,investment,False
Italy,"Mobile, platforms & Internet services",2024,9.0,36,True,investment,False
Italy,"Mobile, platforms & Internet services",2025,48.0,50,False,investment,False
Italy,NLP,2015,0.0,0,True,investment,False
Italy,NLP,2016,2.0,2,True,investment,False
Italy,NLP,2017,,1,True,investment,False
Italy,NLP,2018,0.0,0,True,investment,False
Italy,NLP,2019,,0,True,investment,False
Italy,NLP,2020,0.0,0,True,investment,False
Italy,NLP,2021,32.0,32,True,investment,False
Italy,NLP,2022,,2,True,investment,False
Italy,Navigation and mapping,2018,0.0,0,True,investment,False
Italy,Navigation and mapping,2019,,90,True,investment,False
Italy,Navigation and mapping,2021,1.0,1,True,investment,False
Italy,Navigation and mapping,2022,0.0,0,True,investment,False
Italy,Navigation and mapping,2023,,2,True,investment,False
Italy,Navigation and mapping,2024,6.0,6,True,investment,False
Italy,Navigation and mapping,2025,2.0,2,False,investment,False
Italy,Other,2016,,1,True,investment,False
Italy,Other,2017,0.0,0,True,investment,False
Italy,Other,2018,,1,True,investment,False
Italy,Other,2019,0.0,0,True,investment,False
Italy,Other,2020,6.0,6,True,investment,False
Italy,Other,2021,0.0,0,True,investment,False
Italy,Other,2022,1.0,1,True,investment,False
Italy,Other,2023,0.0,0,True,investment,False
Italy,Other,2024,2.0,2,True,investment,False
Italy,Other,2025,3.0,3,False,investment,False
Italy,Privacy and Security,2015,0.0,0,True,investment,False
Italy,Privacy and Security,2017,0.0,0,True,investment,False
Italy,Privacy and Security,2018,2.0,2,True,investment,False
Italy,Privacy and Security,2019,1.0,1,True,investment,False
Italy,Privacy and Security,2020,,84,True,investment,False
Italy,Privacy and Security,2021,2.0,2,True,investment,False
Italy,Privacy and Security,2022,0.0,0,True,investment,False
Italy,Privacy and Security,2023,5.0,5,True,investment,False
Italy,Privacy and Security,2024,3.0,26,True,investment,False
Italy,Privacy and Security,2025,17.0,18,False,investment,False
Italy,Professional services,2015,0.0,0,True,investment,False
Italy,Professional services,2016,0.0,0,True,investment,False
Italy,Professional services,2017,2.0,2,True,investment,False
Italy,Professional services,2018,0.0,2,True,investment,False
Italy,Professional services,2020,5.0,5,True,investment,False
Italy,Professional services,2021,31.0,34,True,investment,False
Italy,Professional services,2022,7.0,19,True,investment,False
Italy,Professional services,2023,2.0,27,True,investment,False
Italy,Professional services,2024,0.0,24,True,investment,False
Italy,Professional services,2025,16.0,16,False,investment,False
Italy,Real estate,2015,1.0,1,True,investment,False
Italy,Real estate,2016,0.0,2,True,investment,False
Italy,Real estate,2017,0.0,0,True,investment,False
Italy,Real estate,2018,0.0,1,True,investment,False
Italy,Real estate,2019,,90,True,investment,False
Italy,Real estate,2021,1.0,1,True,investment,False
Italy,Real estate,2022,1.0,1,True,investment,False
Italy,Real estate,2023,0.0,0,True,investment,False
Italy,Real estate,2024,1.0,1,True,investment,False
Italy,Real estate,2025,1.0,1,False,investment,False
Italy,Robotics,2016,,0,True,investment,False
Italy,Robotics,2017,1.0,1,True,investment,False
Italy,Robotics,2019,1.0,1,True,investment,False
Italy,Robotics,2022,2.0,2,True,investment,False
Italy,Robotics,2023,0.0,0,True,investment,False
Italy,Robotics,2025,,5,False,investment,False
Italy,"Sales, retail, commerce, marketing",2015,4.0,4,True,investment,False
Italy,"Sales, retail, commerce, marketing",2016,1.0,2,True,investment,False
Italy,"Sales, retail, commerce, marketing",2017,3.0,3,True,investment,False
Italy,"Sales, retail, commerce, marketing",2018,4.0,7,True,investment,False
Italy,"Sales, retail, commerce, marketing",2019,1.0,4,True,investment,False
Italy,"Sales, retail, commerce, marketing",2020,10.0,179,True,investment,False
Italy,"Sales, retail, commerce, marketing",2021,32.0,71,True,investment,False
Italy,"Sales, retail, commerce, marketing",2022,2.0,13,True,investment,False
Italy,"Sales, retail, commerce, marketing",2023,1.0,1,True,investment,False
Italy,"Sales, retail, commerce, marketing",2024,2.0,3,True,investment,False
Italy,"Sales, retail, commerce, marketing",2025,4.0,4,False,investment,False
Italy,Semiconductor,2024,1.0,1,True,investment,False
Italy,Software,2015,34.0,34,True,investment,False
Italy,Software,2016,8.0,13,True,investment,False
Italy,Software,2017,5.0,9,True,investment,False
Italy,Software,2018,10.0,243,True,investment,False
Italy,Software,2019,7.0,190,True,investment,False
Italy,Software,2020,25.0,281,True,investment,False
Italy,Software,2021,67.0,204,True,investment,False
Italy,Software,2022,26.0,51,True,investment,False
Italy,Software,2023,44.0,189,True,investment,False
Italy,Software,2024,38.0,153,True,investment,False
Italy,Software,2025,97.0,106,False,investment,False
Italy,Sports,2016,,0,True,investment,False
Italy,Sports,2017,,0,True,investment,False
Italy,Sports,2018,0.0,1,True,investment,False
Italy,Sports,2019,,0,True,investment,False
Italy,Sports,2021,2.0,2,True,investment,False
Italy,Sports,2022,0.0,0,True,investment,False
Italy,Sports,2023,0.0,0,True,investment,False
Italy,Sports,2024,1.0,1,True,investment,False
Italy,Sports,2025,0.0,0,False,investment,False
Italy,Telecommunications,2021,,0,True,investment,False
Italy,Telecommunications,2022,,1,True,investment,False
Italy,Telecommunications,2024,3.0,3,True,investment,False
Italy,Telecommunications,2025,10.0,10,False,investment,False
Italy,Transportation,2015,30.0,30,True,investment,False
Italy,Transportation,2016,1.0,1,True,investment,False
Italy,Transportation,2017,2.0,2,True,investment,False
Italy,Transportation,2018,0.0,0,True,investment,False
Italy,Transportation,2019,1.0,1,True,investment,False
Italy,Transportation,2020,3.0,3,True,investment,False
Italy,Transportation,2021,1.0,1,True,investment,False
Italy,Transportation,2022,1.0,1,True,investment,False
Italy,Transportation,2023,3.0,3,True,investment,False
Italy,Transportation,2024,2.0,2,True,investment,False
Italy,Transportation,2025,7.0,7,False,investment,False
Jamaica,All,2018,0.0,0,True,investment,False
Jamaica,Finance,2018,0.0,0,True,investment,False
Jamaica,Lending and Investments,2018,0.0,0,True,investment,False
Jamaica,Other,2018,0.0,0,True,investment,False
Japan,Agriculture,2016,1.0,1,True,investment,False
Japan,Agriculture,2017,,1,True,investment,False
Japan,Agriculture,2018,,2,True,investment,False
Japan,Agriculture,2019,1.0,1,True,investment,False
Japan,Agriculture,2020,2.0,2,True,investment,False
Japan,Agriculture,2021,0.0,3,True,investment,False
Japan,Agriculture,2022,0.0,1,True,investment,False
Japan,Agriculture,2023,,13,True,investment,False
Japan,Agriculture,2024,1.0,1,True,investment,False
Japan,All,2015,79.0,113,True,investment,False
Japan,All,2016,790.0,884,True,investment,False
Japan,All,2017,397.0,607,True,investment,False
Japan,All,2018,639.0,782,True,investment,False
Japan,All,2019,793.0,1021,True,investment,False
Japan,All,2020,838.0,1158,True,investment,False
Japan,All,2021,1108.0,1450,True,investment,False
Japan,All,2022,541.0,725,True,investment,False
Japan,All,2023,1098.0,2369,True,investment,False
Japan,All,2024,925.0,1638,True,investment,False
Japan,All,2025,873.0,1094,False,investment,False
Japan,Biotechnology,2015,16.0,16,True,investment,False
Japan,Biotechnology,2016,3.0,5,True,investment,False
Japan,Biotechnology,2017,100.0,100,True,investment,False
Japan,Biotechnology,2018,58.0,58,True,investment,False
Japan,Biotechnology,2019,7.0,8,True,investment,False
Japan,Biotechnology,2020,7.0,19,True,investment,False
Japan,Biotechnology,2021,4.0,4,True,investment,False
Japan,Biotechnology,2022,4.0,4,True,investment,False
Japan,Biotechnology,2023,1.0,7,True,investment,False
Japan,Biotechnology,2024,27.0,29,True,investment,False
Japan,Biotechnology,2025,3.0,3,False,investment,False
Japan,Community and Lifestyle,2015,3.0,3,True,investment,False
Japan,Community and Lifestyle,2016,3.0,21,True,investment,False
Japan,Community and Lifestyle,2017,4.0,4,True,investment,False
Japan,Community and Lifestyle,2018,40.0,45,True,investment,False
Japan,Community and Lifestyle,2019,7.0,20,True,investment,False
Japan,Community and Lifestyle,2020,8.0,17,True,investment,False
Japan,Community and Lifestyle,2021,1.0,27,True,investment,False
Japan,Community and Lifestyle,2022,10.0,18,True,investment,False
Japan,Community and Lifestyle,2023,2.0,2,True,investment,False
Japan,Community and Lifestyle,2024,2.0,6,True,investment,False
Japan,Community and Lifestyle,2025,8.0,10,False,investment,False
Japan,Computer Vision,2016,0.0,1,True,investment,False
Japan,Computer Vision,2017,4.0,98,True,investment,False
Japan,Computer Vision,2018,3.0,3,True,investment,False
Japan,Computer Vision,2019,71.0,71,True,investment,False
Japan,Computer Vision,2020,3.0,8,True,investment,False
Japan,Computer Vision,2021,0.0,0,True,investment,False
Japan,Computer Vision,2022,1.0,2,True,investment,False
Japan,Computer Vision,2023,36.0,310,True,investment,False
Japan,Computer Vision,2024,3.0,5,True,investment,False
Japan,Computer Vision,2025,0.0,2,False,investment,False
Japan,Consumer goods,2015,2.0,2,True,investment,False
Japan,Consumer goods,2016,4.0,7,True,investment,False
Japan,Consumer goods,2017,7.0,21,True,investment,False
Japan,Consumer goods,2018,8.0,15,True,investment,False
Japan,Consumer goods,2019,13.0,37,True,investment,False
Japan,Consumer goods,2020,13.0,34,True,investment,False
Japan,Consumer goods,2021,3.0,5,True,investment,False
Japan,Consumer goods,2022,,1,True,investment,False
Japan,Consumer goods,2023,283.0,283,True,investment,False
Japan,Consumer goods,2024,1.0,10,True,investment,False
Japan,Consumer goods,2025,0.0,0,False,investment,False
Japan,Cyber Security,2019,1.0,1,True,investment,False
Japan,Cyber Security,2020,,1,True,investment,False
Japan,Cyber Security,2021,3.0,3,True,investment,False
Japan,Cyber Security,2023,0.0,0,True,investment,False
Japan,Cyber Security,2024,1.0,1,True,investment,False
Japan,Cyber Security,2025,0.0,0,False,investment,False
Japan,Data and analytics,2015,33.0,61,True,investment,False
Japan,Data and analytics,2016,678.0,728,True,investment,False
Japan,Data and analytics,2017,201.0,373,True,investment,False
Japan,Data and analytics,2018,191.0,290,True,investment,False
Japan,Data and analytics,2019,230.0,414,True,investment,False
Japan,Data and analytics,2020,210.0,404,True,investment,False
Japan,Data and analytics,2021,344.0,617,True,investment,False
Japan,Data and analytics,2022,89.0,213,True,investment,False
Japan,Data and analytics,2023,228.0,1463,True,investment,False
Japan,Data and analytics,2024,274.0,785,True,investment,False
Japan,Data and analytics,2025,167.0,290,False,investment,False
Japan,Education,2015,1.0,1,True,investment,False
Japan,Education,2016,4.0,4,True,investment,False
Japan,Education,2017,3.0,5,True,investment,False
Japan,Education,2018,12.0,15,True,investment,False
Japan,Education,2019,12.0,29,True,investment,False
Japan,Education,2020,13.0,16,True,investment,False
Japan,Education,2021,17.0,126,True,investment,False
Japan,Education,2022,,12,True,investment,False
Japan,Education,2023,1.0,298,True,investment,False
Japan,Education,2024,2.0,7,True,investment,False
Japan,Education,2025,7.0,34,False,investment,False
Japan,Energy and natural resources,2016,2.0,2,True,investment,False
Japan,Energy and natural resources,2017,3.0,6,True,investment,False
Japan,Energy and natural resources,2018,9.0,9,True,investment,False
Japan,Energy and natural resources,2019,1.0,3,True,investment,False
Japan,Energy and natural resources,2020,,4,True,investment,False
Japan,Energy and natural resources,2021,1.0,1,True,investment,False
Japan,Energy and natural resources,2022,2.0,2,True,investment,False
Japan,Energy and natural resources,2023,0.0,0,True,investment,False
Japan,Energy and natural resources,2024,51.0,59,True,investment,False
Japan,Energy and natural resources,2025,10.0,21,False,investment,False
Japan,Facial Recognition,2016,0.0,0,True,investment,False
Japan,Facial Recognition,2017,0.0,5,True,investment,False
Japan,Facial Recognition,2019,4.0,4,True,investment,False
Japan,Finance,2015,0.0,0,True,investment,False
Japan,Finance,2016,604.0,605,True,investment,False
Japan,Finance,2017,7.0,7,True,investment,False
Japan,Finance,2018,26.0,30,True,investment,False
Japan,Finance,2019,7.0,14,True,investment,False
Japan,Finance,2020,84.0,97,True,investment,False
Japan,Finance,2021,52.0,72,True,investment,False
Japan,Finance,2022,,4,True,investment,False
Japan,Finance,2023,1.0,1,True,investment,False
Japan,Finance,2024,42.0,43,True,investment,False
Japan,Finance,2025,12.0,31,False,investment,False
Japan,Gaming,2015,,4,True,investment,False
Japan,Gaming,2019,1.0,1,True,investment,False
Japan,Gaming,2020,,1,True,investment,False
Japan,Gaming,2022,1.0,8,True,investment,False
Japan,Gaming,2023,,1,True,investment,False
Japan,Gaming,2024,0.0,1,True,investment,False
Japan,General purpose,2015,32.0,62,True,investment,False
Japan,General purpose,2016,675.0,722,True,investment,False
Japan,General purpose,2017,198.0,357,True,investment,False
Japan,General purpose,2018,198.0,288,True,investment,False
Japan,General purpose,2019,221.0,407,True,investment,False
Japan,General purpose,2020,179.0,390,True,investment,False
Japan,General purpose,2021,338.0,614,True,investment,False
Japan,General purpose,2022,78.0,207,True,investment,False
Japan,General purpose,2023,134.0,1371,True,investment,False
Japan,General purpose,2024,271.0,778,True,investment,False
Japan,General purpose,2025,173.0,310,False,investment,False
Japan,Hardware,2015,21.0,24,True,investment,False
Japan,Hardware,2016,27.0,48,True,investment,False
Japan,Hardware,2017,135.0,155,True,investment,False
Japan,Hardware,2018,84.0,111,True,investment,False
Japan,Hardware,2019,121.0,194,True,investment,False
Japan,Hardware,2020,47.0,143,True,investment,False
Japan,Hardware,2021,28.0,114,True,investment,False
Japan,Hardware,2022,9.0,44,True,investment,False
Japan,Hardware,2023,363.0,652,True,investment,False
Japan,Hardware,2024,75.0,127,True,investment,False
Japan,Hardware,2025,12.0,50,False,investment,False
Japan,Healthcare and Life Sciences,2015,3.0,4,True,investment,False
Japan,Healthcare and Life Sciences,2016,4.0,8,True,investment,False
Japan,Healthcare and Life Sciences,2017,9.0,12,True,investment,False
Japan,Healthcare and Life Sciences,2018,38.0,44,True,investment,False
Japan,Healthcare and Life Sciences,2019,21.0,34,True,investment,False
Japan,Healthcare and Life Sciences,2020,34.0,65,True,investment,False
Japan,Healthcare and Life Sciences,2021,13.0,50,True,investment,False
Japan,Healthcare and Life Sciences,2022,41.0,51,True,investment,False
Japan,Healthcare and Life Sciences,2023,10.0,38,True,investment,False
Japan,Healthcare and Life Sciences,2024,32.0,171,True,investment,False
Japan,Healthcare and Life Sciences,2025,34.0,66,False,investment,False
Japan,Information Technology,2015,5.0,6,True,investment,False
Japan,Information Technology,2016,627.0,670,True,investment,False
Japan,Information Technology,2017,32.0,146,True,investment,False
Japan,Information Technology,2018,61.0,104,True,investment,False
Japan,Information Technology,2019,51.0,137,True,investment,False
Japan,Information Technology,2020,93.0,196,True,investment,False
Japan,Information Technology,2021,214.0,307,True,investment,False
Japan,Information Technology,2022,36.0,92,True,investment,False
Japan,Information Technology,2023,182.0,498,True,investment,False
Japan,Information Technology,2024,130.0,295,True,investment,False
Japan,Information Technology,2025,75.0,138,False,investment,False
Japan,Lending and Investments,2017,1.0,1,True,investment,False
Japan,Lending and Investments,2019,2.0,2,True,investment,False
Japan,Lending and Investments,2020,48.0,56,True,investment,False
Japan,Lending and Investments,2021,15.0,15,True,investment,False
Japan,Lending and Investments,2024,13.0,13,True,investment,False
Japan,Lending and Investments,2025,7.0,7,False,investment,False
Japan,Manufacturing,2015,3.0,7,True,investment,False
Japan,Manufacturing,2016,15.0,16,True,investment,False
Japan,Manufacturing,2017,5.0,21,True,investment,False
Japan,Manufacturing,2018,12.0,26,True,investment,False
Japan,Manufacturing,2019,75.0,95,True,investment,False
Japan,Manufacturing,2020,26.0,53,True,investment,False
Japan,Manufacturing,2021,14.0,31,True,investment,False
Japan,Manufacturing,2022,3.0,9,True,investment,False
Japan,Manufacturing,2023,347.0,357,True,investment,False
Japan,Manufacturing,2024,7.0,134,True,investment,False
Japan,Manufacturing,2025,33.0,33,False,investment,False
Japan,Media and Entertainment,2015,5.0,5,True,investment,False
Japan,Media and Entertainment,2016,18.0,60,True,investment,False
Japan,Media and Entertainment,2017,4.0,45,True,investment,False
Japan,Media and Entertainment,2018,8.0,25,True,investment,False
Japan,Media and Entertainment,2019,39.0,73,True,investment,False
Japan,Media and Entertainment,2020,11.0,53,True,investment,False
Japan,Media and Entertainment,2021,45.0,57,True,investment,False
Japan,Media and Entertainment,2022,15.0,44,True,investment,False
Japan,Media and Entertainment,2023,5.0,289,True,investment,False
Japan,Media and Entertainment,2024,6.0,29,True,investment,False
Japan,Media and Entertainment,2025,20.0,28,False,investment,False
Japan,"Military, public safety and government",2023,0.0,0,True,investment,False
Japan,"Military, public safety and government",2025,0.0,0,False,investment,False
Japan,"Mobile, platforms & Internet services",2015,21.0,30,True,investment,False
Japan,"Mobile, platforms & Internet services",2016,645.0,665,True,investment,False
Japan,"Mobile, platforms & Internet services",2017,122.0,161,True,investment,False
Japan,"Mobile, platforms & Internet services",2018,75.0,88,True,investment,False
Japan,"Mobile, platforms & Internet services",2019,66.0,129,True,investment,False
Japan,"Mobile, platforms & Internet services",2020,128.0,197,True,investment,False
Japan,"Mobile, platforms & Internet services",2021,231.0,394,True,investment,False
Japan,"Mobile, platforms & Internet services",2022,16.0,50,True,investment,False
Japan,"Mobile, platforms & Internet services",2023,114.0,169,True,investment,False
Japan,"Mobile, platforms & Internet services",2024,72.0,100,True,investment,False
Japan,"Mobile, platforms & Internet services",2025,31.0,57,False,investment,False
Japan,NLP,2015,1.0,5,True,investment,False
Japan,NLP,2016,2.0,3,True,investment,False
Japan,NLP,2017,2.0,4,True,investment,False
Japan,NLP,2018,8.0,8,True,investment,False
Japan,NLP,2019,8.0,8,True,investment,False
Japan,NLP,2020,4.0,4,True,investment,False
Japan,NLP,2021,14.0,14,True,investment,False
Japan,NLP,2022,27.0,27,True,investment,False
Japan,NLP,2023,2.0,2,True,investment,False
Japan,NLP,2024,30.0,30,True,investment,False
Japan,NLP,2025,11.0,12,False,investment,False
Japan,Navigation and mapping,2015,0.0,0,True,investment,False
Japan,Navigation and mapping,2019,0.0,0,True,investment,False
Japan,Navigation and mapping,2021,1.0,2,True,investment,False
Japan,Navigation and mapping,2023,0.0,0,True,investment,False
Japan,Navigation and mapping,2024,1.0,1,True,investment,False
Japan,Navigation and mapping,2025,1.0,1,False,investment,False
Japan,Other,2015,1.0,2,True,investment,False
Japan,Other,2016,18.0,18,True,investment,False
Japan,Other,2017,13.0,15,True,investment,False
Japan,Other,2018,4.0,8,True,investment,False
Japan,Other,2019,16.0,27,True,investment,False
Japan,Other,2020,22.0,42,True,investment,False
Japan,Other,2021,4.0,14,True,investment,False
Japan,Other,2022,9.0,11,True,investment,False
Japan,Other,2023,68.0,76,True,investment,False
Japan,Other,2024,13.0,39,True,investment,False
Japan,Other,2025,10.0,15,False,investment,False
Japan,Privacy and Security,2015,0.0,1,True,investment,False
Japan,Privacy and Security,2016,11.0,30,True,investment,False
Japan,Privacy and Security,2017,0.0,95,True,investment,False
Japan,Privacy and Security,2018,3.0,4,True,investment,False
Japan,Privacy and Security,2019,11.0,25,True,investment,False
Japan,Privacy and Security,2020,47.0,52,True,investment,False
Japan,Privacy and Security,2021,9.0,12,True,investment,False
Japan,Privacy and Security,2022,8.0,10,True,investment,False
Japan,Privacy and Security,2023,102.0,108,True,investment,False
Japan,Privacy and Security,2024,8.0,10,True,investment,False
Japan,Privacy and Security,2025,9.0,16,False,investment,False
Japan,Professional services,2015,6.0,20,True,investment,False
Japan,Professional services,2016,624.0,624,True,investment,False
Japan,Professional services,2017,9.0,38,True,investment,False
Japan,Professional services,2018,20.0,67,True,investment,False
Japan,Professional services,2019,22.0,66,True,investment,False
Japan,Professional services,2020,80.0,120,True,investment,False
Japan,Professional services,2021,63.0,74,True,investment,False
Japan,Professional services,2022,20.0,32,True,investment,False
Japan,Professional services,2023,14.0,328,True,investment,False
Japan,Professional services,2024,38.0,176,True,investment,False
Japan,Professional services,2025,47.0,105,False,investment,False
Japan,Real estate,2015,0.0,0,True,investment,False
Japan,Real estate,2016,1.0,1,True,investment,False
Japan,Real estate,2017,1.0,1,True,investment,False
Japan,Real estate,2018,1.0,1,True,investment,False
Japan,Real estate,2019,2.0,10,True,investment,False
Japan,Real estate,2020,4.0,6,True,investment,False
Japan,Real estate,2021,1.0,1,True,investment,False
Japan,Real estate,2022,,23,True,investment,False
Japan,Real estate,2023,1.0,1,True,investment,False
Japan,Real estate,2024,7.0,8,True,investment,False
Japan,Real estate,2025,6.0,10,False,investment,False
Japan,Robotics,2015,18.0,18,True,investment,False
Japan,Robotics,2016,8.0,12,True,investment,False
Japan,Robotics,2017,115.0,134,True,investment,False
Japan,Robotics,2018,61.0,82,True,investment,False
Japan,Robotics,2019,84.0,99,True,investment,False
Japan,Robotics,2020,16.0,63,True,investment,False
Japan,Robotics,2021,8.0,39,True,investment,False
Japan,Robotics,2022,4.0,22,True,investment,False
Japan,Robotics,2023,64.0,66,True,investment,False
Japan,Robotics,2024,37.0,52,True,investment,False
Japan,Robotics,2025,5.0,26,False,investment,False
Japan,"Sales, retail, commerce, marketing",2015,4.0,8,True,investment,False
Japan,"Sales, retail, commerce, marketing",2016,10.0,11,True,investment,False
Japan,"Sales, retail, commerce, marketing",2017,31.0,36,True,investment,False
Japan,"Sales, retail, commerce, marketing",2018,47.0,68,True,investment,False
Japan,"Sales, retail, commerce, marketing",2019,17.0,48,True,investment,False
Japan,"Sales, retail, commerce, marketing",2020,15.0,53,True,investment,False
Japan,"Sales, retail, commerce, marketing",2021,20.0,46,True,investment,False
Japan,"Sales, retail, commerce, marketing",2022,14.0,21,True,investment,False
Japan,"Sales, retail, commerce, marketing",2023,5.0,9,True,investment,False
Japan,"Sales, retail, commerce, marketing",2024,24.0,35,True,investment,False
Japan,"Sales, retail, commerce, marketing",2025,27.0,48,False,investment,False
Japan,Semiconductor,2015,2.0,2,True,investment,False
Japan,Semiconductor,2017,1.0,1,True,investment,False
Japan,Semiconductor,2018,1.0,1,True,investment,False
Japan,Semiconductor,2019,4.0,4,True,investment,False
Japan,Semiconductor,2020,4.0,4,True,investment,False
Japan,Semiconductor,2021,5.0,5,True,investment,False
Japan,Semiconductor,2022,2.0,2,True,investment,False
Japan,Semiconductor,2023,8.0,8,True,investment,False
Japan,Semiconductor,2024,26.0,26,True,investment,False
Japan,Semiconductor,2025,,1,False,investment,False
Japan,Simulation,2019,1.0,1,True,investment,False
Japan,Simulation,2021,1.0,1,True,investment,False
Japan,Simulation,2023,0.0,0,True,investment,False
Japan,Software,2015,34.0,65,True,investment,False
Japan,Software,2016,680.0,750,True,investment,False
Japan,Software,2017,207.0,407,True,investment,False
Japan,Software,2018,208.0,314,True,investment,False
Japan,Software,2019,272.0,464,True,investment,False
Japan,Software,2020,424.0,651,True,investment,False
Japan,Software,2021,345.0,643,True,investment,False
Japan,Software,2022,137.0,286,True,investment,False
Japan,Software,2023,284.0,1531,True,investment,False
Japan,Software,2024,292.0,926,True,investment,False
Japan,Software,2025,181.0,318,False,investment,False
Japan,Speech Recognition,2022,0.0,0,True,investment,False
Japan,Speech Recognition,2024,,1,True,investment,False
Japan,Sports,2015,1.0,1,True,investment,False
Japan,Sports,2017,3.0,3,True,investment,False
Japan,Sports,2018,3.0,9,True,investment,False
Japan,Sports,2019,2.0,2,True,investment,False
Japan,Sports,2020,0.0,1,True,investment,False
Japan,Sports,2021,1.0,12,True,investment,False
Japan,Sports,2022,0.0,0,True,investment,False
Japan,Sports,2023,1.0,1,True,investment,False
Japan,Sports,2025,1.0,1,False,investment,False
Japan,Telecommunications,2015,,1,True,investment,False
Japan,Telecommunications,2016,,12,True,investment,False
Japan,Telecommunications,2017,1.0,3,True,investment,False
Japan,Telecommunications,2018,4.0,6,True,investment,False
Japan,Telecommunications,2019,3.0,5,True,investment,False
Japan,Telecommunications,2020,0.0,0,True,investment,False
Japan,Telecommunications,2021,3.0,3,True,investment,False
Japan,Telecommunications,2022,10.0,14,True,investment,False
Japan,Telecommunications,2025,2.0,2,False,investment,False
Japan,Transportation,2015,1.0,3,True,investment,False
Japan,Transportation,2016,5.0,5,True,investment,False
Japan,Transportation,2017,15.0,15,True,investment,False
Japan,Transportation,2018,10.0,24,True,investment,False
Japan,Transportation,2019,103.0,111,True,investment,False
Japan,Transportation,2020,173.0,176,True,investment,False
Japan,Transportation,2021,42.0,46,True,investment,False
Japan,Transportation,2022,33.0,57,True,investment,False
Japan,Transportation,2023,52.0,62,True,investment,False
Japan,Transportation,2024,13.0,265,True,investment,False
Japan,Transportation,2025,41.0,53,False,investment,False
Jordan,All,2016,0.0,0,True,investment,False
Jordan,All,2018,0.0,0,True,investment,False
Jordan,All,2019,0.0,0,True,investment,False
Jordan,All,2020,0.0,0,True,investment,False
Jordan,All,2021,0.0,0,True,investment,False
Jordan,All,2022,0.0,1,True,investment,False
Jordan,All,2023,0.0,1,True,investment,False
Jordan,All,2025,0.0,0,False,investment,False
Jordan,Community and Lifestyle,2016,0.0,0,True,investment,False
Jordan,Community and Lifestyle,2018,0.0,0,True,investment,False
Jordan,Community and Lifestyle,2020,0.0,0,True,investment,False
Jordan,Community and Lifestyle,2023,,0,True,investment,False
Jordan,Consumer goods,2023,,0,True,investment,False
Jordan,Data and analytics,2016,0.0,0,True,investment,False
Jordan,Data and analytics,2018,0.0,0,True,investment,False
Jordan,Data and analytics,2019,0.0,0,True,investment,False
Jordan,Data and analytics,2020,0.0,0,True,investment,False
Jordan,Data and analytics,2021,0.0,0,True,investment,False
Jordan,Data and analytics,2022,0.0,1,True,investment,False
Jordan,Data and analytics,2023,0.0,1,True,investment,False
Jordan,Data and analytics,2025,0.0,0,False,investment,False
Jordan,Finance,2022,0.0,0,True,investment,False
Jordan,General purpose,2016,0.0,0,True,investment,False
Jordan,General purpose,2018,0.0,0,True,investment,False
Jordan,General purpose,2019,0.0,0,True,investment,False
Jordan,General purpose,2020,0.0,0,True,investment,False
Jordan,General purpose,2021,0.0,0,True,investment,False
Jordan,General purpose,2022,0.0,1,True,investment,False
Jordan,General purpose,2023,0.0,1,True,investment,False
Jordan,General purpose,2025,0.0,0,False,investment,False
Jordan,Hardware,2023,,0,True,investment,False
Jordan,Information Technology,2016,0.0,0,True,investment,False
Jordan,Information Technology,2021,0.0,0,True,investment,False
Jordan,Information Technology,2022,,0,True,investment,False
Jordan,Information Technology,2023,,0,True,investment,False
Jordan,Lending and Investments,2022,0.0,0,True,investment,False
Jordan,Manufacturing,2023,,0,True,investment,False
Jordan,Media and Entertainment,2022,,0,True,investment,False
Jordan,Media and Entertainment,2023,,1,True,investment,False
Jordan,Media and Entertainment,2025,0.0,0,False,investment,False
Jordan,"Mobile, platforms & Internet services",2016,0.0,0,True,investment,False
Jordan,Other,2023,0.0,0,True,investment,False
Jordan,Software,2016,0.0,0,True,investment,False
Jordan,Software,2018,0.0,0,True,investment,False
Jordan,Software,2019,0.0,0,True,investment,False
Jordan,Software,2020,0.0,0,True,investment,False
Jordan,Software,2021,0.0,0,True,investment,False
Jordan,Software,2022,0.0,1,True,investment,False
Jordan,Software,2023,0.0,1,True,investment,False
Jordan,Software,2025,0.0,0,False,investment,False
Jordan,Telecommunications,2016,0.0,0,True,investment,False
Kazakhstan,Agriculture,2020,0.0,0,True,investment,False
Kazakhstan,All,2019,0.0,0,True,investment,False
Kazakhstan,All,2020,0.0,1,True,investment,False
Kazakhstan,All,2021,1.0,1,True,investment,False
Kazakhstan,All,2022,0.0,1,True,investment,False
Kazakhstan,All,2023,5.0,5,True,investment,False
Kazakhstan,All,2024,2.0,3,True,investment,False
Kazakhstan,All,2025,10.0,10,False,investment,False
Kazakhstan,Data and analytics,2019,0.0,0,True,investment,False
Kazakhstan,Data and analytics,2020,0.0,1,True,investment,False
Kazakhstan,Data and analytics,2021,1.0,1,True,investment,False
Kazakhstan,Data and analytics,2022,0.0,1,True,investment,False
Kazakhstan,Data and analytics,2023,2.0,2,True,investment,False
Kazakhstan,Data and analytics,2024,0.0,1,True,investment,False
Kazakhstan,Data and analytics,2025,5.0,5,False,investment,False
Kazakhstan,Education,2020,0.0,0,True,investment,False
Kazakhstan,Finance,2022,0.0,0,True,investment,False
Kazakhstan,Finance,2023,1.0,1,True,investment,False
Kazakhstan,Finance,2025,0.0,0,False,investment,False
Kazakhstan,General purpose,2019,0.0,0,True,investment,False
Kazakhstan,General purpose,2020,,1,True,investment,False
Kazakhstan,General purpose,2021,1.0,1,True,investment,False
Kazakhstan,General purpose,2022,0.0,1,True,investment,False
Kazakhstan,General purpose,2023,1.0,1,True,investment,False
Kazakhstan,General purpose,2024,1.0,1,True,investment,False
Kazakhstan,General purpose,2025,0.0,1,False,investment,False
Kazakhstan,Hardware,2020,0.0,0,True,investment,False
Kazakhstan,Hardware,2023,1.0,1,True,investment,False
Kazakhstan,Healthcare and Life Sciences,2023,0.0,0,True,investment,False
Kazakhstan,Healthcare and Life Sciences,2024,1.0,1,True,investment,False
Kazakhstan,Information Technology,2019,0.0,0,True,investment,False
Kazakhstan,Information Technology,2020,0.0,1,True,investment,False
Kazakhstan,Information Technology,2021,1.0,1,True,investment,False
Kazakhstan,Information Technology,2022,,1,True,investment,False
Kazakhstan,Information Technology,2023,3.0,3,True,investment,False
Kazakhstan,Information Technology,2024,1.0,1,True,investment,False
Kazakhstan,Information Technology,2025,5.0,5,False,investment,False
Kazakhstan,Lending and Investments,2022,0.0,0,True,investment,False
Kazakhstan,Media and Entertainment,2024,0.0,0,True,investment,False
Kazakhstan,Media and Entertainment,2025,,1,False,investment,False
Kazakhstan,"Mobile, platforms & Internet services",2019,0.0,0,True,investment,False
Kazakhstan,"Mobile, platforms & Internet services",2020,,1,True,investment,False
Kazakhstan,"Mobile, platforms & Internet services",2021,1.0,1,True,investment,False
Kazakhstan,"Mobile, platforms & Internet services",2022,0.0,1,True,investment,False
Kazakhstan,"Mobile, platforms & Internet services",2023,0.0,0,True,investment,False
Kazakhstan,"Mobile, platforms & Internet services",2025,0.0,0,False,investment,False
Kazakhstan,Other,2023,0.0,0,True,investment,False
Kazakhstan,Other,2025,0.0,0,False,investment,False
Kazakhstan,Privacy and Security,2023,1.0,1,True,investment,False
Kazakhstan,Professional services,2024,1.0,1,True,investment,False
Kazakhstan,"Sales, retail, commerce, marketing",2020,0.0,0,True,investment,False
Kazakhstan,"Sales, retail, commerce, marketing",2022,0.0,0,True,investment,False
Kazakhstan,"Sales, retail, commerce, marketing",2025,,1,False,investment,False
Kazakhstan,Software,2019,0.0,0,True,investment,False
Kazakhstan,Software,2020,0.0,1,True,investment,False
Kazakhstan,Software,2021,1.0,1,True,investment,False
Kazakhstan,Software,2022,0.0,1,True,investment,False
Kazakhstan,Software,2023,3.0,3,True,investment,False
Kazakhstan,Software,2024,0.0,1,True,investment,False
Kazakhstan,Software,2025,5.0,5,False,investment,False
Kenya,Agriculture,2016,,1,True,investment,False
Kenya,Agriculture,2017,,1,True,investment,False
Kenya,Agriculture,2018,1.0,1,True,investment,False
Kenya,Agriculture,2019,,7,True,investment,False
Kenya,Agriculture,2020,4.0,4,True,investment,False
Kenya,Agriculture,2021,11.0,11,True,investment,False
Kenya,Agriculture,2022,3.0,3,True,investment,False
Kenya,Agriculture,2023,7.0,7,True,investment,False
Kenya,Agriculture,2024,5.0,7,True,investment,False
Kenya,All,2016,,8,True,investment,False
Kenya,All,2017,0.0,3,True,investment,False
Kenya,All,2018,2.0,43,True,investment,False
Kenya,All,2019,3.0,19,True,investment,False
Kenya,All,2020,16.0,20,True,investment,False
Kenya,All,2021,12.0,16,True,investment,False
Kenya,All,2022,41.0,46,True,investment,False
Kenya,All,2023,9.0,14,True,investment,False
Kenya,All,2024,18.0,19,True,investment,False
Kenya,All,2025,1.0,5,False,investment,False
Kenya,Community and Lifestyle,2022,0.0,0,True,investment,False
Kenya,Community and Lifestyle,2023,0.0,0,True,investment,False
Kenya,Community and Lifestyle,2024,0.0,0,True,investment,False
Kenya,Consumer goods,2020,,0,True,investment,False
Kenya,Consumer goods,2022,0.0,0,True,investment,False
Kenya,Consumer goods,2024,0.0,0,True,investment,False
Kenya,Data and analytics,2016,,1,True,investment,False
Kenya,Data and analytics,2017,0.0,1,True,investment,False
Kenya,Data and analytics,2018,2.0,3,True,investment,False
Kenya,Data and analytics,2019,0.0,13,True,investment,False
Kenya,Data and analytics,2020,5.0,8,True,investment,False
Kenya,Data and analytics,2021,11.0,13,True,investment,False
Kenya,Data and analytics,2022,3.0,7,True,investment,False
Kenya,Data and analytics,2023,7.0,9,True,investment,False
Kenya,Data and analytics,2024,5.0,6,True,investment,False
Kenya,Data and analytics,2025,0.0,4,False,investment,False
Kenya,Education,2017,,1,True,investment,False
Kenya,Education,2018,0.0,0,True,investment,False
Kenya,Education,2019,,1,True,investment,False
Kenya,Education,2020,1.0,1,True,investment,False
Kenya,Education,2021,0.0,2,True,investment,False
Kenya,Education,2022,,0,True,investment,False
Kenya,Education,2023,0.0,1,True,investment,False
Kenya,Energy and natural resources,2017,0.0,0,True,investment,False
Kenya,Energy and natural resources,2022,,0,True,investment,False
Kenya,Energy and natural resources,2025,0.0,0,False,investment,False
Kenya,Finance,2016,,1,True,investment,False
Kenya,Finance,2017,,1,True,investment,False
Kenya,Finance,2018,1.0,2,True,investment,False
Kenya,Finance,2019,0.0,13,True,investment,False
Kenya,Finance,2020,4.0,8,True,investment,False
Kenya,Finance,2021,11.0,13,True,investment,False
Kenya,Finance,2022,3.0,4,True,investment,False
Kenya,Finance,2023,7.0,7,True,investment,False
Kenya,Finance,2024,5.0,5,True,investment,False
Kenya,General purpose,2017,0.0,0,True,investment,False
Kenya,General purpose,2018,0.0,1,True,investment,False
Kenya,General purpose,2019,0.0,6,True,investment,False
Kenya,General purpose,2020,0.0,4,True,investment,False
Kenya,General purpose,2021,0.0,3,True,investment,False
Kenya,General purpose,2022,0.0,4,True,investment,False
Kenya,General purpose,2023,0.0,2,True,investment,False
Kenya,General purpose,2024,0.0,0,True,investment,False
Kenya,General purpose,2025,0.0,4,False,investment,False
Kenya,Hardware,2020,,0,True,investment,False
Kenya,Hardware,2022,,3,True,investment,False
Kenya,Hardware,2023,0.0,0,True,investment,False
Kenya,Hardware,2024,0.0,0,True,investment,False
Kenya,Healthcare and Life Sciences,2016,,2,True,investment,False
Kenya,Healthcare and Life Sciences,2018,,20,True,investment,False
Kenya,Healthcare and Life Sciences,2019,2.0,2,True,investment,False
Kenya,Healthcare and Life Sciences,2020,2.0,2,True,investment,False
Kenya,Healthcare and Life Sciences,2021,1.0,1,True,investment,False
Kenya,Healthcare and Life Sciences,2023,,2,True,investment,False
Kenya,Healthcare and Life Sciences,2024,1.0,1,True,investment,False
Kenya,Healthcare and Life Sciences,2025,1.0,1,False,investment,False
Kenya,Information Technology,2016,,1,True,investment,False
Kenya,Information Technology,2017,,1,True,investment,False
Kenya,Information Technology,2018,2.0,3,True,investment,False
Kenya,Information Technology,2019,0.0,13,True,investment,False
Kenya,Information Technology,2020,6.0,9,True,investment,False
Kenya,Information Technology,2021,11.0,13,True,investment,False
Kenya,Information Technology,2022,3.0,6,True,investment,False
Kenya,Information Technology,2023,7.0,7,True,investment,False
Kenya,Information Technology,2024,5.0,5,True,investment,False
Kenya,Lending and Investments,2018,0.0,0,True,investment,False
Kenya,Lending and Investments,2021,0.0,0,True,investment,False
Kenya,Lending and Investments,2022,0.0,0,True,investment,False
Kenya,Media and Entertainment,2018,0.0,0,True,investment,False
Kenya,"Mobile, platforms & Internet services",2016,,2,True,investment,False
Kenya,"Mobile, platforms & Internet services",2017,,1,True,investment,False
Kenya,"Mobile, platforms & Internet services",2018,0.0,21,True,investment,False
Kenya,"Mobile, platforms & Internet services",2019,2.0,2,True,investment,False
Kenya,"Mobile, platforms & Internet services",2020,0.0,0,True,investment,False
Kenya,"Mobile, platforms & Internet services",2021,1.0,2,True,investment,False
Kenya,"Mobile, platforms & Internet services",2022,0.0,0,True,investment,False
Kenya,"Mobile, platforms & Internet services",2023,0.0,0,True,investment,False
Kenya,"Mobile, platforms & Internet services",2024,0.0,0,True,investment,False
Kenya,"Mobile, platforms & Internet services",2025,,4,False,investment,False
Kenya,NLP,2019,0.0,0,True,investment,False
Kenya,NLP,2021,,1,True,investment,False
Kenya,Other,2017,,0,True,investment,False
Kenya,Other,2018,0.0,1,True,investment,False
Kenya,Other,2019,0.0,0,True,investment,False
Kenya,Other,2020,0.0,0,True,investment,False
Kenya,Other,2022,0.0,0,True,investment,False
Kenya,Other,2024,0.0,0,True,investment,False
Kenya,Professional services,2024,0.0,0,True,investment,False
Kenya,Real estate,2025,0.0,0,False,investment,False
Kenya,"Sales, retail, commerce, marketing",2019,0.0,0,True,investment,False
Kenya,"Sales, retail, commerce, marketing",2021,,1,True,investment,False
Kenya,"Sales, retail, commerce, marketing",2022,0.0,0,True,investment,False
Kenya,"Sales, retail, commerce, marketing",2023,1.0,1,True,investment,False
Kenya,"Sales, retail, commerce, marketing",2024,0.0,0,True,investment,False
Kenya,"Sales, retail, commerce, marketing",2025,,4,False,investment,False
Kenya,Software,2016,,1,True,investment,False
Kenya,Software,2017,0.0,2,True,investment,False
Kenya,Software,2018,2.0,3,True,investment,False
Kenya,Software,2019,0.0,14,True,investment,False
Kenya,Software,2020,6.0,9,True,investment,False
Kenya,Software,2021,11.0,15,True,investment,False
Kenya,Software,2022,3.0,7,True,investment,False
Kenya,Software,2023,8.0,9,True,investment,False
Kenya,Software,2024,6.0,7,True,investment,False
Kenya,Software,2025,0.0,4,False,investment,False
Kenya,Sports,2016,,2,True,investment,False
Kenya,Sports,2018,,20,True,investment,False
Kenya,Sports,2019,2.0,2,True,investment,False
Kenya,Sports,2021,1.0,1,True,investment,False
Kenya,Telecommunications,2023,0.0,0,True,investment,False
Kenya,Telecommunications,2024,0.0,0,True,investment,False
Kenya,Telecommunications,2025,,4,False,investment,False
Kuwait,All,2023,7.0,7,True,investment,False
Kuwait,All,2025,,7,False,investment,False
Kuwait,Data and analytics,2023,4.0,4,True,investment,False
Kuwait,Data and analytics,2025,,7,False,investment,False
Kuwait,General purpose,2023,4.0,4,True,investment,False
Kuwait,General purpose,2025,,7,False,investment,False
Kuwait,Hardware,2023,4.0,4,True,investment,False
Kuwait,Information Technology,2025,,7,False,investment,False
Kuwait,Professional services,2023,4.0,4,True,investment,False
Kuwait,Robotics,2023,4.0,4,True,investment,False
Kuwait,Software,2023,4.0,4,True,investment,False
Kuwait,Software,2025,,7,False,investment,False
Kuwait,Transportation,2023,4.0,4,True,investment,False
Latvia,All,2015,1.0,1,True,investment,False
Latvia,All,2016,0.0,0,True,investment,False
Latvia,All,2017,1.0,4,True,investment,False
Latvia,All,2018,10.0,10,True,investment,False
Latvia,All,2019,2.0,2,True,investment,False
Latvia,All,2020,4.0,4,True,investment,False
Latvia,All,2021,1.0,1,True,investment,False
Latvia,All,2022,1.0,1,True,investment,False
Latvia,All,2023,1.0,1,True,investment,False
Latvia,All,2024,2.0,4,True,investment,False
Latvia,All,2025,2.0,2,False,investment,False
Latvia,Computer Vision,2021,,0,True,investment,False
Latvia,Consumer goods,2015,0.0,0,True,investment,False
Latvia,Consumer goods,2016,0.0,0,True,investment,False
Latvia,Consumer goods,2017,0.0,0,True,investment,False
Latvia,Consumer goods,2018,8.0,8,True,investment,False
Latvia,Consumer goods,2019,2.0,2,True,investment,False
Latvia,Consumer goods,2020,3.0,3,True,investment,False
Latvia,Consumer goods,2022,1.0,1,True,investment,False
Latvia,Consumer goods,2024,,0,True,investment,False
Latvia,Data and analytics,2015,0.0,0,True,investment,False
Latvia,Data and analytics,2016,0.0,0,True,investment,False
Latvia,Data and analytics,2017,,0,True,investment,False
Latvia,Data and analytics,2018,0.0,0,True,investment,False
Latvia,Data and analytics,2019,0.0,0,True,investment,False
Latvia,Data and analytics,2021,0.0,1,True,investment,False
Latvia,Data and analytics,2022,0.0,0,True,investment,False
Latvia,Data and analytics,2023,0.0,0,True,investment,False
Latvia,Data and analytics,2024,2.0,4,True,investment,False
Latvia,Data and analytics,2025,1.0,1,False,investment,False
Latvia,Energy and natural resources,2019,0.0,0,True,investment,False
Latvia,General purpose,2015,0.0,0,True,investment,False
Latvia,General purpose,2016,0.0,0,True,investment,False
Latvia,General purpose,2017,,0,True,investment,False
Latvia,General purpose,2018,0.0,0,True,investment,False
Latvia,General purpose,2019,0.0,0,True,investment,False
Latvia,General purpose,2021,0.0,1,True,investment,False
Latvia,General purpose,2022,0.0,0,True,investment,False
Latvia,General purpose,2023,0.0,0,True,investment,False
Latvia,General purpose,2024,2.0,4,True,investment,False
Latvia,General purpose,2025,1.0,1,False,investment,False
Latvia,Hardware,2015,0.0,0,True,investment,False
Latvia,Hardware,2016,0.0,0,True,investment,False
Latvia,Hardware,2017,0.0,0,True,investment,False
Latvia,Hardware,2018,8.0,8,True,investment,False
Latvia,Hardware,2019,2.0,2,True,investment,False
Latvia,Hardware,2020,3.0,3,True,investment,False
Latvia,Hardware,2021,0.0,0,True,investment,False
Latvia,Hardware,2022,1.0,1,True,investment,False
Latvia,Hardware,2024,,0,True,investment,False
Latvia,Information Technology,2015,0.0,0,True,investment,False
Latvia,Information Technology,2016,0.0,0,True,investment,False
Latvia,Information Technology,2017,0.0,0,True,investment,False
Latvia,Information Technology,2018,8.0,8,True,investment,False
Latvia,Information Technology,2019,2.0,2,True,investment,False
Latvia,Information Technology,2020,3.0,3,True,investment,False
Latvia,Information Technology,2021,0.0,1,True,investment,False
Latvia,Information Technology,2022,1.0,1,True,investment,False
Latvia,Information Technology,2023,0.0,0,True,investment,False
Latvia,Information Technology,2024,0.0,2,True,investment,False
Latvia,Information Technology,2025,0.0,0,False,investment,False
Latvia,Manufacturing,2015,0.0,0,True,investment,False
Latvia,Manufacturing,2021,0.0,0,True,investment,False
Latvia,Manufacturing,2023,0.0,0,True,investment,False
Latvia,Media and Entertainment,2019,,0,True,investment,False
Latvia,Media and Entertainment,2021,,0,True,investment,False
Latvia,"Mobile, platforms & Internet services",2018,0.0,0,True,investment,False
Latvia,"Mobile, platforms & Internet services",2019,0.0,0,True,investment,False
Latvia,"Mobile, platforms & Internet services",2021,0.0,0,True,investment,False
Latvia,"Mobile, platforms & Internet services",2022,0.0,0,True,investment,False
Latvia,"Mobile, platforms & Internet services",2024,0.0,0,True,investment,False
Latvia,NLP,2021,,0,True,investment,False
Latvia,Other,2024,1.0,1,True,investment,False
Latvia,Other,2025,0.0,0,False,investment,False
Latvia,Real estate,2021,0.0,0,True,investment,False
Latvia,"Sales, retail, commerce, marketing",2016,0.0,0,True,investment,False
Latvia,"Sales, retail, commerce, marketing",2017,,0,True,investment,False
Latvia,"Sales, retail, commerce, marketing",2018,0.0,0,True,investment,False
Latvia,"Sales, retail, commerce, marketing",2019,0.0,0,True,investment,False
Latvia,"Sales, retail, commerce, marketing",2021,0.0,0,True,investment,False
Latvia,"Sales, retail, commerce, marketing",2022,0.0,0,True,investment,False
Latvia,"Sales, retail, commerce, marketing",2024,0.0,0,True,investment,False
Latvia,"Sales, retail, commerce, marketing",2025,0.0,0,False,investment,False
Latvia,Software,2015,0.0,0,True,investment,False
Latvia,Software,2016,0.0,0,True,investment,False
Latvia,Software,2017,0.0,4,True,investment,False
Latvia,Software,2018,8.0,8,True,investment,False
Latvia,Software,2019,2.0,2,True,investment,False
Latvia,Software,2020,3.0,3,True,investment,False
Latvia,Software,2021,0.0,1,True,investment,False
Latvia,Software,2022,1.0,1,True,investment,False
Latvia,Software,2023,0.0,0,True,investment,False
Latvia,Software,2024,2.0,4,True,investment,False
Latvia,Software,2025,1.0,1,False,investment,False
Latvia,Transportation,2015,0.0,0,True,investment,False
Latvia,Transportation,2024,1.0,1,True,investment,False
Lebanon,All,2015,0.0,0,True,investment,False
Lebanon,All,2016,0.0,0,True,investment,False
Lebanon,All,2017,1.0,1,True,investment,False
Lebanon,All,2018,0.0,1,True,investment,False
Lebanon,All,2019,0.0,0,True,investment,False
Lebanon,All,2020,0.0,0,True,investment,False
Lebanon,All,2021,0.0,0,True,investment,False
Lebanon,All,2022,0.0,0,True,investment,False
Lebanon,All,2023,0.0,0,True,investment,False
Lebanon,All,2025,0.0,0,False,investment,False
Lebanon,Data and analytics,2015,0.0,0,True,investment,False
Lebanon,Data and analytics,2016,0.0,0,True,investment,False
Lebanon,Data and analytics,2017,1.0,1,True,investment,False
Lebanon,Data and analytics,2018,0.0,1,True,investment,False
Lebanon,Data and analytics,2019,0.0,0,True,investment,False
Lebanon,Data and analytics,2020,0.0,0,True,investment,False
Lebanon,Data and analytics,2021,0.0,0,True,investment,False
Lebanon,Data and analytics,2022,0.0,0,True,investment,False
Lebanon,Education,2017,0.0,0,True,investment,False
Lebanon,Education,2023,0.0,0,True,investment,False
Lebanon,Energy and natural resources,2017,,0,True,investment,False
Lebanon,Energy and natural resources,2019,,0,True,investment,False
Lebanon,Energy and natural resources,2021,,0,True,investment,False
Lebanon,Finance,2017,0.0,0,True,investment,False
Lebanon,Finance,2018,,0,True,investment,False
Lebanon,Finance,2019,,0,True,investment,False
Lebanon,General purpose,2015,0.0,0,True,investment,False
Lebanon,General purpose,2016,0.0,0,True,investment,False
Lebanon,General purpose,2017,1.0,1,True,investment,False
Lebanon,General purpose,2018,0.0,0,True,investment,False
Lebanon,General purpose,2019,0.0,0,True,investment,False
Lebanon,General purpose,2020,0.0,0,True,investment,False
Lebanon,General purpose,2021,0.0,0,True,investment,False
Lebanon,General purpose,2022,0.0,0,True,investment,False
Lebanon,Information Technology,2017,,0,True,investment,False
Lebanon,Information Technology,2018,,0,True,investment,False
Lebanon,Lending and Investments,2019,,0,True,investment,False
Lebanon,Media and Entertainment,2016,0.0,0,True,investment,False
Lebanon,Media and Entertainment,2017,,0,True,investment,False
Lebanon,Media and Entertainment,2018,,0,True,investment,False
Lebanon,"Mobile, platforms & Internet services",2016,0.0,0,True,investment,False
Lebanon,"Mobile, platforms & Internet services",2017,,0,True,investment,False
Lebanon,"Mobile, platforms & Internet services",2018,,0,True,investment,False
Lebanon,NLP,2017,0.0,0,True,investment,False
Lebanon,Professional services,2015,0.0,0,True,investment,False
Lebanon,Professional services,2016,0.0,0,True,investment,False
Lebanon,Professional services,2017,0.0,0,True,investment,False
Lebanon,Professional services,2018,0.0,0,True,investment,False
Lebanon,Professional services,2019,0.0,0,True,investment,False
Lebanon,Professional services,2020,0.0,0,True,investment,False
Lebanon,Professional services,2021,0.0,0,True,investment,False
Lebanon,Professional services,2022,0.0,0,True,investment,False
Lebanon,"Sales, retail, commerce, marketing",2016,0.0,0,True,investment,False
Lebanon,"Sales, retail, commerce, marketing",2017,,0,True,investment,False
Lebanon,"Sales, retail, commerce, marketing",2018,,0,True,investment,False
Lebanon,Software,2015,0.0,0,True,investment,False
Lebanon,Software,2016,0.0,0,True,investment,False
Lebanon,Software,2017,1.0,1,True,investment,False
Lebanon,Software,2018,0.0,1,True,investment,False
Lebanon,Software,2019,0.0,0,True,investment,False
Lebanon,Software,2020,0.0,0,True,investment,False
Lebanon,Software,2021,0.0,0,True,investment,False
Lebanon,Software,2022,0.0,0,True,investment,False
Lebanon,Software,2023,0.0,0,True,investment,False
Lebanon,Software,2025,0.0,0,False,investment,False
Lebanon,Transportation,2017,,0,True,investment,False
Lebanon,Transportation,2019,,0,True,investment,False
Lebanon,Transportation,2021,,0,True,investment,False
Lithuania,All,2016,0.0,0,True,investment,False
Lithuania,All,2017,0.0,1,True,investment,False
Lithuania,All,2018,2.0,5,True,investment,False
Lithuania,All,2019,5.0,8,True,investment,False
Lithuania,All,2020,2.0,7,True,investment,False
Lithuania,All,2021,6.0,8,True,investment,False
Lithuania,All,2022,1.0,4,True,investment,False
Lithuania,All,2023,7.0,10,True,investment,False
Lithuania,All,2024,314.0,317,True,investment,False
Lithuania,All,2025,68.0,74,False,investment,False
Lithuania,Computer Vision,2018,,3,True,investment,False
Lithuania,Computer Vision,2019,1.0,1,True,investment,False
Lithuania,Computer Vision,2023,1.0,1,True,investment,False
Lithuania,Consumer goods,2017,,0,True,investment,False
Lithuania,Consumer goods,2018,0.0,0,True,investment,False
Lithuania,Consumer goods,2019,0.0,2,True,investment,False
Lithuania,Consumer goods,2020,0.0,0,True,investment,False
Lithuania,Consumer goods,2021,0.0,0,True,investment,False
Lithuania,Consumer goods,2023,0.0,0,True,investment,False
Lithuania,Consumer goods,2024,0.0,0,True,investment,False
Lithuania,Consumer goods,2025,0.0,0,False,investment,False
Lithuania,Cyber Security,2024,0.0,0,True,investment,False
Lithuania,Cyber Security,2025,0.0,0,False,investment,False
Lithuania,Data and analytics,2016,0.0,0,True,investment,False
Lithuania,Data and analytics,2017,0.0,1,True,investment,False
Lithuania,Data and analytics,2018,1.0,4,True,investment,False
Lithuania,Data and analytics,2019,1.0,5,True,investment,False
Lithuania,Data and analytics,2020,1.0,4,True,investment,False
Lithuania,Data and analytics,2021,4.0,6,True,investment,False
Lithuania,Data and analytics,2022,0.0,2,True,investment,False
Lithuania,Data and analytics,2023,2.0,6,True,investment,False
Lithuania,Data and analytics,2024,2.0,4,True,investment,False
Lithuania,Data and analytics,2025,9.0,13,False,investment,False
Lithuania,Education,2021,0.0,0,True,investment,False
Lithuania,Education,2024,0.0,0,True,investment,False
Lithuania,Energy and natural resources,2018,0.0,0,True,investment,False
Lithuania,Energy and natural resources,2019,0.0,0,True,investment,False
Lithuania,Energy and natural resources,2023,,0,True,investment,False
Lithuania,Energy and natural resources,2024,0.0,0,True,investment,False
Lithuania,Energy and natural resources,2025,1.0,1,False,investment,False
Lithuania,Finance,2020,,1,True,investment,False
Lithuania,Finance,2021,0.0,0,True,investment,False
Lithuania,Finance,2024,100.0,100,True,investment,False
Lithuania,Gaming,2018,0.0,0,True,investment,False
Lithuania,Gaming,2019,0.0,0,True,investment,False
Lithuania,Gaming,2020,0.0,0,True,investment,False
Lithuania,Gaming,2023,0.0,4,True,investment,False
Lithuania,General purpose,2016,0.0,0,True,investment,False
Lithuania,General purpose,2017,0.0,1,True,investment,False
Lithuania,General purpose,2018,1.0,4,True,investment,False
Lithuania,General purpose,2019,1.0,5,True,investment,False
Lithuania,General purpose,2020,1.0,1,True,investment,False
Lithuania,General purpose,2021,4.0,6,True,investment,False
Lithuania,General purpose,2022,,2,True,investment,False
Lithuania,General purpose,2023,2.0,2,True,investment,False
Lithuania,General purpose,2024,3.0,5,True,investment,False
Lithuania,General purpose,2025,9.0,13,False,investment,False
Lithuania,Hardware,2017,,0,True,investment,False
Lithuania,Hardware,2018,0.0,3,True,investment,False
Lithuania,Hardware,2019,1.0,3,True,investment,False
Lithuania,Hardware,2020,0.0,1,True,investment,False
Lithuania,Hardware,2021,0.0,0,True,investment,False
Lithuania,Hardware,2022,0.0,0,True,investment,False
Lithuania,Hardware,2023,2.0,2,True,investment,False
Lithuania,Hardware,2024,0.0,1,True,investment,False
Lithuania,Hardware,2025,0.0,0,False,investment,False
Lithuania,Healthcare and Life Sciences,2017,0.0,0,True,investment,False
Lithuania,Healthcare and Life Sciences,2018,,3,True,investment,False
Lithuania,Healthcare and Life Sciences,2019,1.0,1,True,investment,False
Lithuania,Healthcare and Life Sciences,2020,0.0,3,True,investment,False
Lithuania,Healthcare and Life Sciences,2021,3.0,4,True,investment,False
Lithuania,Healthcare and Life Sciences,2022,0.0,0,True,investment,False
Lithuania,Healthcare and Life Sciences,2023,2.0,2,True,investment,False
Lithuania,Healthcare and Life Sciences,2024,1.0,2,True,investment,False
Lithuania,Healthcare and Life Sciences,2025,0.0,0,False,investment,False
Lithuania,Information Technology,2016,0.0,0,True,investment,False
Lithuania,Information Technology,2017,,0,True,investment,False
Lithuania,Information Technology,2018,0.0,0,True,investment,False
Lithuania,Information Technology,2019,0.0,2,True,investment,False
Lithuania,Information Technology,2020,0.0,4,True,investment,False
Lithuania,Information Technology,2021,0.0,0,True,investment,False
Lithuania,Information Technology,2022,0.0,0,True,investment,False
Lithuania,Information Technology,2023,0.0,0,True,investment,False
Lithuania,Information Technology,2024,101.0,101,True,investment,False
Lithuania,Information Technology,2025,8.0,11,False,investment,False
Lithuania,Lending and Investments,2024,100.0,100,True,investment,False
Lithuania,Manufacturing,2017,0.0,0,True,investment,False
Lithuania,Manufacturing,2019,0.0,0,True,investment,False
Lithuania,Manufacturing,2024,0.0,0,True,investment,False
Lithuania,Manufacturing,2025,0.0,0,False,investment,False
Lithuania,Media and Entertainment,2016,0.0,0,True,investment,False
Lithuania,Media and Entertainment,2018,0.0,0,True,investment,False
Lithuania,Media and Entertainment,2019,0.0,0,True,investment,False
Lithuania,Media and Entertainment,2020,0.0,0,True,investment,False
Lithuania,Media and Entertainment,2023,0.0,0,True,investment,False
Lithuania,Media and Entertainment,2025,1.0,6,False,investment,False
Lithuania,"Military, public safety and government",2024,0.0,0,True,investment,False
Lithuania,"Mobile, platforms & Internet services",2016,0.0,0,True,investment,False
Lithuania,"Mobile, platforms & Internet services",2018,0.0,0,True,investment,False
Lithuania,"Mobile, platforms & Internet services",2019,0.0,0,True,investment,False
Lithuania,"Mobile, platforms & Internet services",2020,0.0,0,True,investment,False
Lithuania,"Mobile, platforms & Internet services",2021,0.0,0,True,investment,False
Lithuania,"Mobile, platforms & Internet services",2022,,3,True,investment,False
Lithuania,"Mobile, platforms & Internet services",2023,1.0,4,True,investment,False
Lithuania,"Mobile, platforms & Internet services",2024,1.0,1,True,investment,False
Lithuania,"Mobile, platforms & Internet services",2025,0.0,2,False,investment,False
Lithuania,Other,2020,0.0,0,True,investment,False
Lithuania,Other,2021,0.0,0,True,investment,False
Lithuania,Other,2022,,2,True,investment,False
Lithuania,Other,2023,0.0,0,True,investment,False
Lithuania,Other,2024,1.0,1,True,investment,False
Lithuania,Other,2025,0.0,0,False,investment,False
Lithuania,Privacy and Security,2020,,0,True,investment,False
Lithuania,Privacy and Security,2021,0.0,0,True,investment,False
Lithuania,Privacy and Security,2024,0.0,0,True,investment,False
Lithuania,Privacy and Security,2025,0.0,0,False,investment,False
Lithuania,Professional services,2020,0.0,0,True,investment,False
Lithuania,Professional services,2021,0.0,0,True,investment,False
Lithuania,Professional services,2023,0.0,0,True,investment,False
Lithuania,Real estate,2017,,1,True,investment,False
Lithuania,Real estate,2019,,2,True,investment,False
Lithuania,Real estate,2020,0.0,0,True,investment,False
Lithuania,Real estate,2024,0.0,0,True,investment,False
Lithuania,"Sales, retail, commerce, marketing",2017,,0,True,investment,False
Lithuania,"Sales, retail, commerce, marketing",2019,,2,True,investment,False
Lithuania,"Sales, retail, commerce, marketing",2020,0.0,4,True,investment,False
Lithuania,"Sales, retail, commerce, marketing",2021,1.0,1,True,investment,False
Lithuania,"Sales, retail, commerce, marketing",2022,0.0,0,True,investment,False
Lithuania,"Sales, retail, commerce, marketing",2023,0.0,0,True,investment,False
Lithuania,"Sales, retail, commerce, marketing",2024,2.0,2,True,investment,False
Lithuania,"Sales, retail, commerce, marketing",2025,0.0,5,False,investment,False
Lithuania,Software,2016,0.0,0,True,investment,False
Lithuania,Software,2017,0.0,1,True,investment,False
Lithuania,Software,2018,1.0,4,True,investment,False
Lithuania,Software,2019,1.0,5,True,investment,False
Lithuania,Software,2020,1.0,4,True,investment,False
Lithuania,Software,2021,4.0,7,True,investment,False
Lithuania,Software,2022,0.0,3,True,investment,False
Lithuania,Software,2023,3.0,6,True,investment,False
Lithuania,Software,2024,2.0,5,True,investment,False
Lithuania,Software,2025,11.0,17,False,investment,False
Lithuania,Speech Recognition,2021,0.0,0,True,investment,False
Lithuania,Sports,2023,0.0,0,True,investment,False
Lithuania,Sports,2025,0.0,0,False,investment,False
Lithuania,Transportation,2017,,0,True,investment,False
Lithuania,Transportation,2019,,2,True,investment,False
Lithuania,Transportation,2025,,1,False,investment,False
Luxembourg,All,2015,0.0,0,True,investment,False
Luxembourg,All,2016,0.0,0,True,investment,False
Luxembourg,All,2017,1.0,1,True,investment,False
Luxembourg,All,2018,8.0,8,True,investment,False
Luxembourg,All,2020,13.0,13,True,investment,False
Luxembourg,All,2021,5.0,284,True,investment,False
Luxembourg,All,2022,3.0,3,True,investment,False
Luxembourg,All,2023,1.0,1,True,investment,False
Luxembourg,All,2024,60.0,60,True,investment,False
Luxembourg,All,2025,4.0,6,False,investment,False
Luxembourg,Community and Lifestyle,2018,6.0,6,True,investment,False
Luxembourg,Consumer goods,2025,,2,False,investment,False
Luxembourg,Data and analytics,2015,0.0,0,True,investment,False
Luxembourg,Data and analytics,2016,0.0,0,True,investment,False
Luxembourg,Data and analytics,2017,1.0,1,True,investment,False
Luxembourg,Data and analytics,2018,7.0,7,True,investment,False
Luxembourg,Data and analytics,2020,4.0,5,True,investment,False
Luxembourg,Data and analytics,2021,2.0,281,True,investment,False
Luxembourg,Data and analytics,2022,1.0,1,True,investment,False
Luxembourg,Data and analytics,2023,1.0,1,True,investment,False
Luxembourg,Data and analytics,2024,20.0,20,True,investment,False
Luxembourg,Data and analytics,2025,1.0,3,False,investment,False
Luxembourg,Education,2021,,272,True,investment,False
Luxembourg,Energy and natural resources,2018,0.0,0,True,investment,False
Luxembourg,Energy and natural resources,2025,0.0,0,False,investment,False
Luxembourg,Facial Recognition,2015,0.0,0,True,investment,False
Luxembourg,Facial Recognition,2016,0.0,0,True,investment,False
Luxembourg,Facial Recognition,2020,,0,True,investment,False
Luxembourg,Finance,2017,,0,True,investment,False
Luxembourg,Finance,2018,1.0,1,True,investment,False
Luxembourg,Finance,2020,2.0,2,True,investment,False
Luxembourg,Finance,2021,1.0,8,True,investment,False
Luxembourg,Finance,2025,0.0,0,False,investment,False
Luxembourg,General purpose,2015,0.0,0,True,investment,False
Luxembourg,General purpose,2016,0.0,0,True,investment,False
Luxembourg,General purpose,2017,1.0,1,True,investment,False
Luxembourg,General purpose,2018,7.0,7,True,investment,False
Luxembourg,General purpose,2020,4.0,4,True,investment,False
Luxembourg,General purpose,2021,4.0,283,True,investment,False
Luxembourg,General purpose,2022,1.0,1,True,investment,False
Luxembourg,General purpose,2023,1.0,1,True,investment,False
Luxembourg,General purpose,2024,20.0,20,True,investment,False
Luxembourg,General purpose,2025,1.0,3,False,investment,False
Luxembourg,Healthcare and Life Sciences,2022,0.0,0,True,investment,False
Luxembourg,Healthcare and Life Sciences,2024,0.0,0,True,investment,False
Luxembourg,Information Technology,2015,0.0,0,True,investment,False
Luxembourg,Information Technology,2016,0.0,0,True,investment,False
Luxembourg,Information Technology,2018,1.0,1,True,investment,False
Luxembourg,Information Technology,2020,7.0,7,True,investment,False
Luxembourg,Information Technology,2021,3.0,275,True,investment,False
Luxembourg,Information Technology,2023,1.0,1,True,investment,False
Luxembourg,Information Technology,2024,20.0,20,True,investment,False
Luxembourg,Manufacturing,2018,0.0,0,True,investment,False
Luxembourg,Media and Entertainment,2015,0.0,0,True,investment,False
Luxembourg,Media and Entertainment,2016,0.0,0,True,investment,False
Luxembourg,Media and Entertainment,2017,1.0,1,True,investment,False
Luxembourg,Media and Entertainment,2020,2.0,2,True,investment,False
Luxembourg,Media and Entertainment,2021,,272,True,investment,False
Luxembourg,Media and Entertainment,2024,20.0,20,True,investment,False
Luxembourg,"Mobile, platforms & Internet services",2015,0.0,0,True,investment,False
Luxembourg,"Mobile, platforms & Internet services",2016,0.0,0,True,investment,False
Luxembourg,"Mobile, platforms & Internet services",2017,,0,True,investment,False
Luxembourg,"Mobile, platforms & Internet services",2018,1.0,1,True,investment,False
Luxembourg,"Mobile, platforms & Internet services",2020,2.0,2,True,investment,False
Luxembourg,"Mobile, platforms & Internet services",2021,2.0,280,True,investment,False
Luxembourg,"Mobile, platforms & Internet services",2023,1.0,1,True,investment,False
Luxembourg,"Mobile, platforms & Internet services",2024,20.0,20,True,investment,False
Luxembourg,NLP,2018,0.0,0,True,investment,False
Luxembourg,NLP,2022,0.0,0,True,investment,False
Luxembourg,Navigation and mapping,2018,1.0,1,True,investment,False
Luxembourg,Navigation and mapping,2021,1.0,1,True,investment,False
Luxembourg,Other,2021,0.0,0,True,investment,False
Luxembourg,Other,2023,1.0,1,True,investment,False
Luxembourg,Privacy and Security,2020,6.0,6,True,investment,False
Luxembourg,Professional services,2021,,272,True,investment,False
Luxembourg,"Sales, retail, commerce, marketing",2015,0.0,0,True,investment,False
Luxembourg,"Sales, retail, commerce, marketing",2016,0.0,0,True,investment,False
Luxembourg,"Sales, retail, commerce, marketing",2020,,0,True,investment,False
Luxembourg,"Sales, retail, commerce, marketing",2021,0.0,272,True,investment,False
Luxembourg,"Sales, retail, commerce, marketing",2023,1.0,1,True,investment,False
Luxembourg,"Sales, retail, commerce, marketing",2025,1.0,1,False,investment,False
Luxembourg,Software,2015,0.0,0,True,investment,False
Luxembourg,Software,2016,0.0,0,True,investment,False
Luxembourg,Software,2017,1.0,1,True,investment,False
Luxembourg,Software,2018,7.0,7,True,investment,False
Luxembourg,Software,2020,11.0,11,True,investment,False
Luxembourg,Software,2021,4.0,283,True,investment,False
Luxembourg,Software,2022,1.0,1,True,investment,False
Luxembourg,Software,2023,1.0,1,True,investment,False
Luxembourg,Software,2024,20.0,20,True,investment,False
Luxembourg,Software,2025,1.0,3,False,investment,False
Luxembourg,Sports,2021,0.0,0,True,investment,False
Luxembourg,Sports,2023,1.0,1,True,investment,False
Luxembourg,Transportation,2018,1.0,1,True,investment,False
Luxembourg,Transportation,2021,1.0,1,True,investment,False
Madagascar,All,2019,,5,True,investment,False
Madagascar,General purpose,2019,,5,True,investment,False
Malaysia,Agriculture,2019,0.0,0,True,investment,False
Malaysia,Agriculture,2020,,1,True,investment,False
Malaysia,Agriculture,2021,,2,True,investment,False
Malaysia,Agriculture,2025,58.0,58,False,investment,False
Malaysia,All,2015,5.0,5,True,investment,False
Malaysia,All,2016,0.0,4,True,investment,False
Malaysia,All,2017,1.0,1,True,investment,False
Malaysia,All,2018,23.0,28,True,investment,False
Malaysia,All,2019,52.0,62,True,investment,False
Malaysia,All,2020,24.0,47,True,investment,False
Malaysia,All,2021,151.0,155,True,investment,False
Malaysia,All,2022,49.0,91,True,investment,False
Malaysia,All,2023,67.0,84,True,investment,False
Malaysia,All,2024,7.0,44,True,investment,False
Malaysia,All,2025,121.0,257,False,investment,False
Malaysia,Biotechnology,2024,0.0,0,True,investment,False
Malaysia,Biotechnology,2025,0.0,0,False,investment,False
Malaysia,Community and Lifestyle,2017,0.0,0,True,investment,False
Malaysia,Community and Lifestyle,2018,0.0,0,True,investment,False
Malaysia,Community and Lifestyle,2019,1.0,1,True,investment,False
Malaysia,Community and Lifestyle,2020,2.0,2,True,investment,False
Malaysia,Community and Lifestyle,2021,2.0,2,True,investment,False
Malaysia,Community and Lifestyle,2023,0.0,0,True,investment,False
Malaysia,Community and Lifestyle,2025,0.0,4,False,investment,False
Malaysia,Computer Vision,2015,0.0,0,True,investment,False
Malaysia,Computer Vision,2019,,3,True,investment,False
Malaysia,Computer Vision,2021,20.0,20,True,investment,False
Malaysia,Computer Vision,2023,,14,True,investment,False
Malaysia,Computer Vision,2025,,4,False,investment,False
Malaysia,Consumer goods,2017,0.0,0,True,investment,False
Malaysia,Consumer goods,2018,0.0,0,True,investment,False
Malaysia,Consumer goods,2019,7.0,12,True,investment,False
Malaysia,Consumer goods,2020,2.0,9,True,investment,False
Malaysia,Consumer goods,2021,,2,True,investment,False
Malaysia,Consumer goods,2022,15.0,15,True,investment,False
Malaysia,Data and analytics,2015,0.0,0,True,investment,False
Malaysia,Data and analytics,2016,0.0,4,True,investment,False
Malaysia,Data and analytics,2017,0.0,0,True,investment,False
Malaysia,Data and analytics,2018,11.0,15,True,investment,False
Malaysia,Data and analytics,2019,2.0,5,True,investment,False
Malaysia,Data and analytics,2020,5.0,10,True,investment,False
Malaysia,Data and analytics,2021,145.0,149,True,investment,False
Malaysia,Data and analytics,2022,6.0,45,True,investment,False
Malaysia,Data and analytics,2023,62.0,78,True,investment,False
Malaysia,Data and analytics,2024,4.0,32,True,investment,False
Malaysia,Data and analytics,2025,60.0,187,False,investment,False
Malaysia,Education,2019,0.0,0,True,investment,False
Malaysia,Education,2020,,4,True,investment,False
Malaysia,Education,2023,0.0,1,True,investment,False
Malaysia,Education,2025,,1,False,investment,False
Malaysia,Energy and natural resources,2024,,12,True,investment,False
Malaysia,Energy and natural resources,2025,,5,False,investment,False
Malaysia,Facial Recognition,2024,,2,True,investment,False
Malaysia,Finance,2016,,3,True,investment,False
Malaysia,Finance,2018,0.0,0,True,investment,False
Malaysia,Finance,2019,0.0,0,True,investment,False
Malaysia,Finance,2020,2.0,2,True,investment,False
Malaysia,Finance,2021,50.0,50,True,investment,False
Malaysia,Finance,2022,1.0,1,True,investment,False
Malaysia,Finance,2023,,0,True,investment,False
Malaysia,Finance,2024,,0,True,investment,False
Malaysia,Finance,2025,2.0,2,False,investment,False
Malaysia,Gaming,2016,,2,True,investment,False
Malaysia,General purpose,2015,0.0,0,True,investment,False
Malaysia,General purpose,2016,0.0,2,True,investment,False
Malaysia,General purpose,2017,0.0,0,True,investment,False
Malaysia,General purpose,2018,10.0,15,True,investment,False
Malaysia,General purpose,2019,1.0,4,True,investment,False
Malaysia,General purpose,2020,4.0,9,True,investment,False
Malaysia,General purpose,2021,145.0,147,True,investment,False
Malaysia,General purpose,2022,5.0,45,True,investment,False
Malaysia,General purpose,2023,62.0,78,True,investment,False
Malaysia,General purpose,2024,4.0,32,True,investment,False
Malaysia,General purpose,2025,60.0,187,False,investment,False
Malaysia,Hardware,2015,0.0,0,True,investment,False
Malaysia,Hardware,2017,0.0,0,True,investment,False
Malaysia,Hardware,2018,0.0,0,True,investment,False
Malaysia,Hardware,2019,7.0,15,True,investment,False
Malaysia,Hardware,2020,2.0,9,True,investment,False
Malaysia,Hardware,2021,23.0,26,True,investment,False
Malaysia,Hardware,2022,15.0,15,True,investment,False
Malaysia,Hardware,2023,,14,True,investment,False
Malaysia,Hardware,2024,0.0,0,True,investment,False
Malaysia,Hardware,2025,58.0,62,False,investment,False
Malaysia,Healthcare and Life Sciences,2018,0.0,0,True,investment,False
Malaysia,Healthcare and Life Sciences,2019,0.0,0,True,investment,False
Malaysia,Healthcare and Life Sciences,2020,0.0,0,True,investment,False
Malaysia,Healthcare and Life Sciences,2021,1.0,1,True,investment,False
Malaysia,Healthcare and Life Sciences,2022,3.0,4,True,investment,False
Malaysia,Healthcare and Life Sciences,2023,1.0,1,True,investment,False
Malaysia,Healthcare and Life Sciences,2024,0.0,0,True,investment,False
Malaysia,Healthcare and Life Sciences,2025,2.0,2,False,investment,False
Malaysia,Information Technology,2015,5.0,5,True,investment,False
Malaysia,Information Technology,2016,,2,True,investment,False
Malaysia,Information Technology,2018,,1,True,investment,False
Malaysia,Information Technology,2019,7.0,10,True,investment,False
Malaysia,Information Technology,2020,3.0,7,True,investment,False
Malaysia,Information Technology,2021,35.0,36,True,investment,False
Malaysia,Information Technology,2022,3.0,4,True,investment,False
Malaysia,Information Technology,2023,5.0,20,True,investment,False
Malaysia,Information Technology,2024,1.0,1,True,investment,False
Malaysia,Information Technology,2025,,9,False,investment,False
Malaysia,Lending and Investments,2020,1.0,1,True,investment,False
Malaysia,Lending and Investments,2021,49.0,49,True,investment,False
Malaysia,Manufacturing,2019,6.0,11,True,investment,False
Malaysia,Manufacturing,2020,,6,True,investment,False
Malaysia,Manufacturing,2022,15.0,15,True,investment,False
Malaysia,Manufacturing,2024,0.0,0,True,investment,False
Malaysia,Manufacturing,2025,0.0,0,False,investment,False
Malaysia,Media and Entertainment,2020,0.0,0,True,investment,False
Malaysia,Media and Entertainment,2021,2.0,2,True,investment,False
Malaysia,Media and Entertainment,2022,0.0,0,True,investment,False
Malaysia,Media and Entertainment,2025,,4,False,investment,False
Malaysia,"Mobile, platforms & Internet services",2016,0.0,2,True,investment,False
Malaysia,"Mobile, platforms & Internet services",2018,1.0,1,True,investment,False
Malaysia,"Mobile, platforms & Internet services",2019,1.0,1,True,investment,False
Malaysia,"Mobile, platforms & Internet services",2020,3.0,7,True,investment,False
Malaysia,"Mobile, platforms & Internet services",2021,15.0,17,True,investment,False
Malaysia,"Mobile, platforms & Internet services",2022,3.0,3,True,investment,False
Malaysia,"Mobile, platforms & Internet services",2023,0.0,0,True,investment,False
Malaysia,"Mobile, platforms & Internet services",2024,0.0,0,True,investment,False
Malaysia,"Mobile, platforms & Internet services",2025,2.0,6,False,investment,False
Malaysia,NLP,2018,,4,True,investment,False
Malaysia,NLP,2019,0.0,0,True,investment,False
Malaysia,NLP,2022,0.0,0,True,investment,False
Malaysia,NLP,2023,0.0,0,True,investment,False
Malaysia,NLP,2024,3.0,3,True,investment,False
Malaysia,NLP,2025,,2,False,investment,False
Malaysia,Navigation and mapping,2016,,2,True,investment,False
Malaysia,Other,2015,0.0,0,True,investment,False
Malaysia,Other,2016,,2,True,investment,False
Malaysia,Other,2018,,4,True,investment,False
Malaysia,Other,2019,,3,True,investment,False
Malaysia,Other,2020,2.0,2,True,investment,False
Malaysia,Other,2021,20.0,20,True,investment,False
Malaysia,Other,2022,1.0,41,True,investment,False
Malaysia,Other,2023,0.0,14,True,investment,False
Malaysia,Other,2024,,4,True,investment,False
Malaysia,Other,2025,0.0,8,False,investment,False
Malaysia,Privacy and Security,2023,0.0,0,True,investment,False
Malaysia,Professional services,2015,5.0,5,True,investment,False
Malaysia,Professional services,2016,,0,True,investment,False
Malaysia,Professional services,2018,,4,True,investment,False
Malaysia,Professional services,2019,7.0,7,True,investment,False
Malaysia,Professional services,2020,2.0,6,True,investment,False
Malaysia,Professional services,2021,1.0,1,True,investment,False
Malaysia,Professional services,2022,1.0,2,True,investment,False
Malaysia,Professional services,2023,0.0,0,True,investment,False
Malaysia,Professional services,2024,,14,True,investment,False
Malaysia,Professional services,2025,0.0,1,False,investment,False
Malaysia,Real estate,2024,,6,True,investment,False
Malaysia,Robotics,2017,0.0,0,True,investment,False
Malaysia,Robotics,2018,0.0,0,True,investment,False
Malaysia,Robotics,2019,1.0,1,True,investment,False
Malaysia,Robotics,2020,2.0,2,True,investment,False
Malaysia,Robotics,2021,1.0,1,True,investment,False
Malaysia,Robotics,2022,0.0,0,True,investment,False
Malaysia,Robotics,2024,0.0,0,True,investment,False
Malaysia,Robotics,2025,58.0,58,False,investment,False
Malaysia,"Sales, retail, commerce, marketing",2016,,2,True,investment,False
Malaysia,"Sales, retail, commerce, marketing",2018,11.0,11,True,investment,False
Malaysia,"Sales, retail, commerce, marketing",2019,0.0,0,True,investment,False
Malaysia,"Sales, retail, commerce, marketing",2020,4.0,4,True,investment,False
Malaysia,"Sales, retail, commerce, marketing",2021,60.0,62,True,investment,False
Malaysia,"Sales, retail, commerce, marketing",2022,1.0,1,True,investment,False
Malaysia,"Sales, retail, commerce, marketing",2023,58.0,58,True,investment,False
Malaysia,Software,2015,5.0,5,True,investment,False
Malaysia,Software,2016,0.0,4,True,investment,False
Malaysia,Software,2017,0.0,0,True,investment,False
Malaysia,Software,2018,11.0,16,True,investment,False
Malaysia,Software,2019,15.0,23,True,investment,False
Malaysia,Software,2020,7.0,18,True,investment,False
Malaysia,Software,2021,147.0,151,True,investment,False
Malaysia,Software,2022,22.0,61,True,investment,False
Malaysia,Software,2023,66.0,82,True,investment,False
Malaysia,Software,2024,4.0,25,True,investment,False
Malaysia,Software,2025,60.0,187,False,investment,False
Malaysia,Speech Recognition,2025,0.0,0,False,investment,False
Malaysia,Telecommunications,2020,2.0,2,True,investment,False
Malaysia,Telecommunications,2022,1.0,1,True,investment,False
Malaysia,Transportation,2016,,2,True,investment,False
Malaysia,Transportation,2017,0.0,0,True,investment,False
Malaysia,Transportation,2018,0.0,0,True,investment,False
Malaysia,Transportation,2019,1.0,1,True,investment,False
Malaysia,Transportation,2020,2.0,6,True,investment,False
Malta,All,2017,1.0,1,True,investment,False
Malta,All,2018,0.0,0,True,investment,False
Malta,All,2020,2.0,78,True,investment,False
Malta,All,2021,,4,True,investment,False
Malta,All,2025,0.0,5361,False,investment,False
Malta,Community and Lifestyle,2017,1.0,1,True,investment,False
Malta,Community and Lifestyle,2020,1.0,1,True,investment,False
Malta,Data and analytics,2018,0.0,0,True,investment,False
Malta,Data and analytics,2020,,76,True,investment,False
Malta,Data and analytics,2021,,4,True,investment,False
Malta,Data and analytics,2025,0.0,5361,False,investment,False
Malta,Education,2017,1.0,1,True,investment,False
Malta,Education,2020,1.0,1,True,investment,False
Malta,Finance,2020,1.0,1,True,investment,False
Malta,Finance,2021,,4,True,investment,False
Malta,Gaming,2017,1.0,1,True,investment,False
Malta,Gaming,2020,1.0,1,True,investment,False
Malta,Gaming,2025,0.0,0,False,investment,False
Malta,General purpose,2018,0.0,0,True,investment,False
Malta,General purpose,2020,,76,True,investment,False
Malta,General purpose,2021,,4,True,investment,False
Malta,General purpose,2025,0.0,5361,False,investment,False
Malta,Hardware,2018,0.0,0,True,investment,False
Malta,Hardware,2020,1.0,1,True,investment,False
Malta,Healthcare and Life Sciences,2020,,76,True,investment,False
Malta,Information Technology,2018,0.0,0,True,investment,False
Malta,Information Technology,2020,1.0,76,True,investment,False
Malta,"Mobile, platforms & Internet services",2018,0.0,0,True,investment,False
Malta,"Mobile, platforms & Internet services",2020,1.0,1,True,investment,False
Malta,Other,2018,0.0,0,True,investment,False
Malta,Other,2021,,4,True,investment,False
Malta,Professional services,2021,,4,True,investment,False
Malta,Professional services,2025,0.0,0,False,investment,False
Malta,"Sales, retail, commerce, marketing",2020,1.0,1,True,investment,False
Malta,Software,2018,0.0,0,True,investment,False
Malta,Software,2020,1.0,76,True,investment,False
Malta,Software,2021,,4,True,investment,False
Malta,Software,2025,0.0,5361,False,investment,False
Mauritius,All,2016,,1,True,investment,False
Mauritius,All,2019,2.0,52,True,investment,False
Mauritius,All,2020,3.0,4,True,investment,False
Mauritius,All,2021,21.0,24,True,investment,False
Mauritius,All,2022,41.0,60,True,investment,False
Mauritius,Data and analytics,2019,,50,True,investment,False
Mauritius,Data and analytics,2021,20.0,23,True,investment,False
Mauritius,Data and analytics,2022,2.0,12,True,investment,False
Mauritius,Education,2021,0.0,1,True,investment,False
Mauritius,Finance,2016,,1,True,investment,False
Mauritius,Finance,2019,2.0,2,True,investment,False
Mauritius,Finance,2020,1.0,2,True,investment,False
Mauritius,Finance,2021,20.0,22,True,investment,False
Mauritius,Finance,2022,11.0,21,True,investment,False
Mauritius,General purpose,2019,,50,True,investment,False
Mauritius,General purpose,2021,20.0,23,True,investment,False
Mauritius,General purpose,2022,2.0,12,True,investment,False
Mauritius,Information Technology,2019,,50,True,investment,False
Mauritius,Information Technology,2021,0.0,1,True,investment,False
Mauritius,Lending and Investments,2016,,1,True,investment,False
Mauritius,Lending and Investments,2019,2.0,2,True,investment,False
Mauritius,Lending and Investments,2020,1.0,2,True,investment,False
Mauritius,Lending and Investments,2021,20.0,22,True,investment,False
Mauritius,Lending and Investments,2022,11.0,21,True,investment,False
Mauritius,Other,2019,,50,True,investment,False
Mauritius,Real estate,2021,20.0,22,True,investment,False
Mauritius,Real estate,2022,2.0,12,True,investment,False
Mauritius,"Sales, retail, commerce, marketing",2021,0.0,1,True,investment,False
Mauritius,Software,2019,,50,True,investment,False
Mauritius,Software,2021,20.0,23,True,investment,False
Mauritius,Software,2022,2.0,12,True,investment,False
Mexico,Agriculture,2016,0.0,0,True,investment,False
Mexico,Agriculture,2020,0.0,0,True,investment,False
Mexico,Agriculture,2022,,0,True,investment,False
Mexico,All,2015,2.0,4,True,investment,False
Mexico,All,2016,9.0,18,True,investment,False
Mexico,All,2017,6.0,17,True,investment,False
Mexico,All,2018,0.0,8,True,investment,False
Mexico,All,2019,130.0,138,True,investment,False
Mexico,All,2020,34.0,55,True,investment,False
Mexico,All,2021,153.0,201,True,investment,False
Mexico,All,2022,286.0,332,True,investment,False
Mexico,All,2023,104.0,190,True,investment,False
Mexico,All,2024,37.0,173,True,investment,False
Mexico,All,2025,78.0,89,False,investment,False
Mexico,Biotechnology,2016,0.0,2,True,investment,False
Mexico,Biotechnology,2017,,0,True,investment,False
Mexico,Biotechnology,2019,0.0,0,True,investment,False
Mexico,Biotechnology,2021,0.0,0,True,investment,False
Mexico,Biotechnology,2023,,0,True,investment,False
Mexico,Biotechnology,2024,0.0,0,True,investment,False
Mexico,Community and Lifestyle,2019,0.0,0,True,investment,False
Mexico,Community and Lifestyle,2023,0.0,0,True,investment,False
Mexico,Community and Lifestyle,2024,0.0,0,True,investment,False
Mexico,Computer Vision,2022,1.0,1,True,investment,False
Mexico,Computer Vision,2024,1.0,1,True,investment,False
Mexico,Computer Vision,2025,55.0,55,False,investment,False
Mexico,Consumer goods,2015,0.0,0,True,investment,False
Mexico,Consumer goods,2016,0.0,0,True,investment,False
Mexico,Consumer goods,2017,,1,True,investment,False
Mexico,Consumer goods,2018,,2,True,investment,False
Mexico,Consumer goods,2019,0.0,0,True,investment,False
Mexico,Consumer goods,2020,0.0,0,True,investment,False
Mexico,Consumer goods,2022,2.0,2,True,investment,False
Mexico,Consumer goods,2023,,4,True,investment,False
Mexico,Consumer goods,2024,0.0,0,True,investment,False
Mexico,Cyber Security,2023,,20,True,investment,False
Mexico,Data and analytics,2015,0.0,2,True,investment,False
Mexico,Data and analytics,2016,1.0,6,True,investment,False
Mexico,Data and analytics,2017,1.0,11,True,investment,False
Mexico,Data and analytics,2018,0.0,5,True,investment,False
Mexico,Data and analytics,2019,101.0,108,True,investment,False
Mexico,Data and analytics,2020,27.0,38,True,investment,False
Mexico,Data and analytics,2021,12.0,56,True,investment,False
Mexico,Data and analytics,2022,35.0,76,True,investment,False
Mexico,Data and analytics,2023,75.0,159,True,investment,False
Mexico,Data and analytics,2024,8.0,138,True,investment,False
Mexico,Data and analytics,2025,60.0,68,False,investment,False
Mexico,Education,2020,1.0,1,True,investment,False
Mexico,Education,2021,0.0,0,True,investment,False
Mexico,Education,2022,0.0,0,True,investment,False
Mexico,Education,2023,0.0,2,True,investment,False
Mexico,Education,2024,1.0,1,True,investment,False
Mexico,Education,2025,3.0,3,False,investment,False
Mexico,Energy and natural resources,2019,0.0,0,True,investment,False
Mexico,Energy and natural resources,2024,0.0,0,True,investment,False
Mexico,Finance,2015,0.0,0,True,investment,False
Mexico,Finance,2016,1.0,3,True,investment,False
Mexico,Finance,2017,1.0,2,True,investment,False
Mexico,Finance,2018,0.0,2,True,investment,False
Mexico,Finance,2019,102.0,106,True,investment,False
Mexico,Finance,2020,2.0,3,True,investment,False
Mexico,Finance,2021,6.0,13,True,investment,False
Mexico,Finance,2022,32.0,32,True,investment,False
Mexico,Finance,2023,75.0,76,True,investment,False
Mexico,Finance,2024,4.0,7,True,investment,False
Mexico,Finance,2025,55.0,59,False,investment,False
Mexico,General purpose,2015,0.0,2,True,investment,False
Mexico,General purpose,2016,1.0,4,True,investment,False
Mexico,General purpose,2017,1.0,6,True,investment,False
Mexico,General purpose,2018,0.0,5,True,investment,False
Mexico,General purpose,2019,0.0,3,True,investment,False
Mexico,General purpose,2020,2.0,6,True,investment,False
Mexico,General purpose,2021,9.0,49,True,investment,False
Mexico,General purpose,2022,16.0,52,True,investment,False
Mexico,General purpose,2023,53.0,137,True,investment,False
Mexico,General purpose,2024,7.0,138,True,investment,False
Mexico,General purpose,2025,5.0,11,False,investment,False
Mexico,Hardware,2015,0.0,0,True,investment,False
Mexico,Hardware,2016,0.0,0,True,investment,False
Mexico,Hardware,2017,,1,True,investment,False
Mexico,Hardware,2019,0.0,2,True,investment,False
Mexico,Hardware,2020,0.0,0,True,investment,False
Mexico,Hardware,2022,2.0,3,True,investment,False
Mexico,Hardware,2023,,4,True,investment,False
Mexico,Hardware,2024,1.0,1,True,investment,False
Mexico,Hardware,2025,55.0,55,False,investment,False
Mexico,Healthcare and Life Sciences,2016,0.0,2,True,investment,False
Mexico,Healthcare and Life Sciences,2017,1.0,1,True,investment,False
Mexico,Healthcare and Life Sciences,2019,0.0,0,True,investment,False
Mexico,Healthcare and Life Sciences,2020,0.0,0,True,investment,False
Mexico,Healthcare and Life Sciences,2021,1.0,1,True,investment,False
Mexico,Healthcare and Life Sciences,2022,7.0,7,True,investment,False
Mexico,Healthcare and Life Sciences,2023,0.0,0,True,investment,False
Mexico,Healthcare and Life Sciences,2024,1.0,1,True,investment,False
Mexico,Healthcare and Life Sciences,2025,1.0,3,False,investment,False
Mexico,Information Technology,2015,,2,True,investment,False
Mexico,Information Technology,2016,0.0,3,True,investment,False
Mexico,Information Technology,2017,0.0,0,True,investment,False
Mexico,Information Technology,2018,0.0,1,True,investment,False
Mexico,Information Technology,2019,0.0,3,True,investment,False
Mexico,Information Technology,2020,0.0,11,True,investment,False
Mexico,Information Technology,2021,3.0,4,True,investment,False
Mexico,Information Technology,2022,2.0,6,True,investment,False
Mexico,Information Technology,2023,54.0,125,True,investment,False
Mexico,Information Technology,2024,3.0,3,True,investment,False
Mexico,Information Technology,2025,1.0,3,False,investment,False
Mexico,Lending and Investments,2017,0.0,0,True,investment,False
Mexico,Lending and Investments,2018,0.0,0,True,investment,False
Mexico,Lending and Investments,2019,0.0,0,True,investment,False
Mexico,Lending and Investments,2020,1.0,1,True,investment,False
Mexico,Lending and Investments,2021,,3,True,investment,False
Mexico,Lending and Investments,2022,25.0,25,True,investment,False
Mexico,Lending and Investments,2023,20.0,20,True,investment,False
Mexico,Lending and Investments,2024,1.0,1,True,investment,False
Mexico,Manufacturing,2024,0.0,0,True,investment,False
Mexico,Manufacturing,2025,1.0,1,False,investment,False
Mexico,Media and Entertainment,2017,1.0,1,True,investment,False
Mexico,Media and Entertainment,2020,0.0,0,True,investment,False
Mexico,Media and Entertainment,2021,,0,True,investment,False
Mexico,Media and Entertainment,2023,0.0,0,True,investment,False
Mexico,"Military, public safety and government",2017,0.0,0,True,investment,False
Mexico,"Military, public safety and government",2022,,4,True,investment,False
Mexico,"Mobile, platforms & Internet services",2015,0.0,0,True,investment,False
Mexico,"Mobile, platforms & Internet services",2016,1.0,1,True,investment,False
Mexico,"Mobile, platforms & Internet services",2017,2.0,5,True,investment,False
Mexico,"Mobile, platforms & Internet services",2018,,1,True,investment,False
Mexico,"Mobile, platforms & Internet services",2019,2.0,2,True,investment,False
Mexico,"Mobile, platforms & Internet services",2020,0.0,1,True,investment,False
Mexico,"Mobile, platforms & Internet services",2021,0.0,5,True,investment,False
Mexico,"Mobile, platforms & Internet services",2022,7.0,8,True,investment,False
Mexico,"Mobile, platforms & Internet services",2023,2.0,26,True,investment,False
Mexico,"Mobile, platforms & Internet services",2024,0.0,23,True,investment,False
Mexico,"Mobile, platforms & Internet services",2025,,4,False,investment,False
Mexico,NLP,2017,1.0,1,True,investment,False
Mexico,NLP,2022,1.0,1,True,investment,False
Mexico,NLP,2024,1.0,1,True,investment,False
Mexico,NLP,2025,55.0,55,False,investment,False
Mexico,Navigation and mapping,2024,1.0,1,True,investment,False
Mexico,Other,2015,,2,True,investment,False
Mexico,Other,2016,,5,True,investment,False
Mexico,Other,2018,,1,True,investment,False
Mexico,Other,2019,0.0,0,True,investment,False
Mexico,Other,2020,,6,True,investment,False
Mexico,Other,2021,4.0,4,True,investment,False
Mexico,Other,2022,,6,True,investment,False
Mexico,Other,2023,1.0,5,True,investment,False
Mexico,Privacy and Security,2017,0.0,0,True,investment,False
Mexico,Privacy and Security,2020,2.0,2,True,investment,False
Mexico,Privacy and Security,2023,0.0,29,True,investment,False
Mexico,Professional services,2015,,2,True,investment,False
Mexico,Professional services,2016,,0,True,investment,False
Mexico,Professional services,2017,0.0,0,True,investment,False
Mexico,Professional services,2018,,2,True,investment,False
Mexico,Professional services,2019,0.0,1,True,investment,False
Mexico,Professional services,2020,0.0,4,True,investment,False
Mexico,Professional services,2021,0.0,0,True,investment,False
Mexico,Professional services,2023,0.0,27,True,investment,False
Mexico,Professional services,2024,,106,True,investment,False
Mexico,Real estate,2019,1.0,1,True,investment,False
Mexico,Real estate,2020,25.0,25,True,investment,False
Mexico,Real estate,2021,2.0,2,True,investment,False
Mexico,Real estate,2022,0.0,4,True,investment,False
Mexico,Real estate,2024,1.0,1,True,investment,False
Mexico,Robotics,2019,,2,True,investment,False
Mexico,Robotics,2024,0.0,0,True,investment,False
Mexico,"Sales, retail, commerce, marketing",2016,1.0,1,True,investment,False
Mexico,"Sales, retail, commerce, marketing",2017,0.0,8,True,investment,False
Mexico,"Sales, retail, commerce, marketing",2018,0.0,3,True,investment,False
Mexico,"Sales, retail, commerce, marketing",2019,1.0,3,True,investment,False
Mexico,"Sales, retail, commerce, marketing",2020,25.0,26,True,investment,False
Mexico,"Sales, retail, commerce, marketing",2021,2.0,2,True,investment,False
Mexico,"Sales, retail, commerce, marketing",2022,2.0,36,True,investment,False
Mexico,"Sales, retail, commerce, marketing",2023,0.0,24,True,investment,False
Mexico,"Sales, retail, commerce, marketing",2024,1.0,1,True,investment,False
Mexico,"Sales, retail, commerce, marketing",2025,1.0,1,False,investment,False
Mexico,Software,2015,0.0,2,True,investment,False
Mexico,Software,2016,2.0,8,True,investment,False
Mexico,Software,2017,3.0,12,True,investment,False
Mexico,Software,2018,0.0,4,True,investment,False
Mexico,Software,2019,5.0,8,True,investment,False
Mexico,Software,2020,30.0,41,True,investment,False
Mexico,Software,2021,25.0,73,True,investment,False
Mexico,Software,2022,52.0,93,True,investment,False
Mexico,Software,2023,78.0,162,True,investment,False
Mexico,Software,2024,9.0,142,True,investment,False
Mexico,Software,2025,60.0,72,False,investment,False
Mexico,Sports,2022,0.0,0,True,investment,False
Mexico,Telecommunications,2016,,0,True,investment,False
Mexico,Telecommunications,2018,,1,True,investment,False
Mexico,Telecommunications,2021,,1,True,investment,False
Mexico,Telecommunications,2022,,1,True,investment,False
Mexico,Telecommunications,2023,,20,True,investment,False
Mexico,Telecommunications,2025,,2,False,investment,False
Mexico,Transportation,2016,,2,True,investment,False
Mexico,Transportation,2018,,2,True,investment,False
Mexico,Transportation,2019,1.0,1,True,investment,False
Mexico,Transportation,2020,2.0,2,True,investment,False
Mexico,Transportation,2021,16.0,16,True,investment,False
Mexico,Transportation,2022,14.0,16,True,investment,False
Mexico,Transportation,2023,0.0,2,True,investment,False
Mexico,Transportation,2024,0.0,0,True,investment,False
Mexico,Transportation,2025,1.0,1,False,investment,False
Mongolia,All,2018,0.0,0,True,investment,False
Mongolia,All,2019,0.0,0,True,investment,False
Mongolia,All,2021,0.0,0,True,investment,False
Mongolia,All,2022,0.0,0,True,investment,False
Mongolia,All,2024,0.0,0,True,investment,False
Mongolia,Data and analytics,2018,0.0,0,True,investment,False
Mongolia,Data and analytics,2019,0.0,0,True,investment,False
Mongolia,Data and analytics,2021,0.0,0,True,investment,False
Mongolia,Data and analytics,2022,0.0,0,True,investment,False
Mongolia,Education,2021,0.0,0,True,investment,False
Mongolia,Finance,2022,0.0,0,True,investment,False
Mongolia,General purpose,2018,0.0,0,True,investment,False
Mongolia,General purpose,2019,0.0,0,True,investment,False
Mongolia,General purpose,2022,0.0,0,True,investment,False
Mongolia,Healthcare and Life Sciences,2022,0.0,0,True,investment,False
Mongolia,Information Technology,2022,0.0,0,True,investment,False
Mongolia,Information Technology,2024,0.0,0,True,investment,False
Mongolia,"Mobile, platforms & Internet services",2018,0.0,0,True,investment,False
Mongolia,"Mobile, platforms & Internet services",2019,0.0,0,True,investment,False
Mongolia,NLP,2018,0.0,0,True,investment,False
Mongolia,NLP,2019,0.0,0,True,investment,False
Mongolia,NLP,2021,0.0,0,True,investment,False
Mongolia,Other,2018,0.0,0,True,investment,False
Mongolia,Other,2019,0.0,0,True,investment,False
Mongolia,Other,2022,0.0,0,True,investment,False
Mongolia,Software,2018,0.0,0,True,investment,False
Mongolia,Software,2019,0.0,0,True,investment,False
Mongolia,Software,2021,0.0,0,True,investment,False
Mongolia,Software,2022,0.0,0,True,investment,False
Mongolia,Software,2024,0.0,0,True,investment,False
Morocco,All,2020,,1,True,investment,False
Morocco,All,2022,0.0,1,True,investment,False
Morocco,All,2024,1.0,3,True,investment,False
Morocco,Data and analytics,2022,0.0,0,True,investment,False
Morocco,Data and analytics,2024,,1,True,investment,False
Morocco,Finance,2024,,1,True,investment,False
Morocco,General purpose,2020,,1,True,investment,False
Morocco,General purpose,2022,0.0,0,True,investment,False
Morocco,General purpose,2024,1.0,2,True,investment,False
Morocco,Hardware,2024,,0,True,investment,False
Morocco,Healthcare and Life Sciences,2022,0.0,0,True,investment,False
Morocco,Manufacturing,2022,,0,True,investment,False
Morocco,"Mobile, platforms & Internet services",2022,,0,True,investment,False
Morocco,Software,2022,0.0,1,True,investment,False
Morocco,Software,2024,,1,True,investment,False
Morocco,Transportation,2022,0.0,0,True,investment,False
Netherlands,Agriculture,2016,0.0,2,True,investment,False
Netherlands,Agriculture,2018,1.0,1,True,investment,False
Netherlands,Agriculture,2019,3.0,4,True,investment,False
Netherlands,Agriculture,2020,2.0,2,True,investment,False
Netherlands,Agriculture,2021,0.0,2,True,investment,False
Netherlands,Agriculture,2022,4.0,9,True,investment,False
Netherlands,Agriculture,2023,14.0,14,True,investment,False
Netherlands,Agriculture,2024,1.0,3,True,investment,False
Netherlands,Agriculture,2025,6.0,6,False,investment,False
Netherlands,All,2015,47.0,198,True,investment,False
Netherlands,All,2016,58.0,602,True,investment,False
Netherlands,All,2017,154.0,387,True,investment,False
Netherlands,All,2018,99.0,1655,True,investment,False
Netherlands,All,2019,224.0,353,True,investment,False
Netherlands,All,2020,143.0,386,True,investment,False
Netherlands,All,2021,360.0,944,True,investment,False
Netherlands,All,2022,390.0,1751,True,investment,False
Netherlands,All,2023,492.0,1030,True,investment,False
Netherlands,All,2024,453.0,1695,True,investment,False
Netherlands,All,2025,485.0,1260,False,investment,False
Netherlands,Biotechnology,2015,,0,True,investment,False
Netherlands,Biotechnology,2016,6.0,6,True,investment,False
Netherlands,Biotechnology,2017,,3,True,investment,False
Netherlands,Biotechnology,2018,1.0,1,True,investment,False
Netherlands,Biotechnology,2019,2.0,2,True,investment,False
Netherlands,Biotechnology,2020,1.0,1,True,investment,False
Netherlands,Biotechnology,2021,96.0,96,True,investment,False
Netherlands,Biotechnology,2022,2.0,3,True,investment,False
Netherlands,Biotechnology,2023,10.0,13,True,investment,False
Netherlands,Biotechnology,2024,26.0,79,True,investment,False
Netherlands,Biotechnology,2025,0.0,1,False,investment,False
Netherlands,Community and Lifestyle,2015,0.0,0,True,investment,False
Netherlands,Community and Lifestyle,2016,0.0,0,True,investment,False
Netherlands,Community and Lifestyle,2018,1.0,3,True,investment,False
Netherlands,Community and Lifestyle,2019,0.0,0,True,investment,False
Netherlands,Community and Lifestyle,2020,1.0,1,True,investment,False
Netherlands,Community and Lifestyle,2021,3.0,3,True,investment,False
Netherlands,Community and Lifestyle,2022,1.0,14,True,investment,False
Netherlands,Community and Lifestyle,2023,0.0,0,True,investment,False
Netherlands,Community and Lifestyle,2024,2.0,2,True,investment,False
Netherlands,Community and Lifestyle,2025,3.0,4,False,investment,False
Netherlands,Computer Vision,2015,0.0,3,True,investment,False
Netherlands,Computer Vision,2016,6.0,6,True,investment,False
Netherlands,Computer Vision,2017,,55,True,investment,False
Netherlands,Computer Vision,2018,2.0,7,True,investment,False
Netherlands,Computer Vision,2019,2.0,2,True,investment,False
Netherlands,Computer Vision,2020,1.0,11,True,investment,False
Netherlands,Computer Vision,2021,96.0,101,True,investment,False
Netherlands,Computer Vision,2022,1.0,171,True,investment,False
Netherlands,Computer Vision,2023,0.0,48,True,investment,False
Netherlands,Computer Vision,2024,2.0,2,True,investment,False
Netherlands,Computer Vision,2025,3.0,3,False,investment,False
Netherlands,Consumer goods,2016,2.0,2,True,investment,False
Netherlands,Consumer goods,2017,18.0,72,True,investment,False
Netherlands,Consumer goods,2018,8.0,9,True,investment,False
Netherlands,Consumer goods,2019,8.0,8,True,investment,False
Netherlands,Consumer goods,2020,1.0,3,True,investment,False
Netherlands,Consumer goods,2021,1.0,4,True,investment,False
Netherlands,Consumer goods,2022,14.0,17,True,investment,False
Netherlands,Consumer goods,2023,5.0,5,True,investment,False
Netherlands,Consumer goods,2024,3.0,55,True,investment,False
Netherlands,Consumer goods,2025,1.0,201,False,investment,False
Netherlands,Cyber Security,2016,5.0,5,True,investment,False
Netherlands,Cyber Security,2017,16.0,16,True,investment,False
Netherlands,Cyber Security,2019,88.0,90,True,investment,False
Netherlands,Cyber Security,2020,3.0,3,True,investment,False
Netherlands,Cyber Security,2021,21.0,124,True,investment,False
Netherlands,Cyber Security,2022,1.0,1,True,investment,False
Netherlands,Cyber Security,2023,,5,True,investment,False
Netherlands,Cyber Security,2024,1.0,1,True,investment,False
Netherlands,Cyber Security,2025,9.0,9,False,investment,False
Netherlands,Data and analytics,2015,34.0,132,True,investment,False
Netherlands,Data and analytics,2016,42.0,585,True,investment,False
Netherlands,Data and analytics,2017,107.0,233,True,investment,False
Netherlands,Data and analytics,2018,41.0,1539,True,investment,False
Netherlands,Data and analytics,2019,134.0,204,True,investment,False
Netherlands,Data and analytics,2020,38.0,224,True,investment,False
Netherlands,Data and analytics,2021,195.0,757,True,investment,False
Netherlands,Data and analytics,2022,185.0,1448,True,investment,False
Netherlands,Data and analytics,2023,238.0,760,True,investment,False
Netherlands,Data and analytics,2024,188.0,1151,True,investment,False
Netherlands,Data and analytics,2025,182.0,621,False,investment,False
Netherlands,Education,2017,1.0,1,True,investment,False
Netherlands,Education,2018,3.0,3,True,investment,False
Netherlands,Education,2019,2.0,2,True,investment,False
Netherlands,Education,2020,1.0,59,True,investment,False
Netherlands,Education,2022,1.0,168,True,investment,False
Netherlands,Education,2023,1.0,1,True,investment,False
Netherlands,Education,2024,0.0,0,True,investment,False
Netherlands,Education,2025,0.0,0,False,investment,False
Netherlands,Energy and natural resources,2015,0.0,10,True,investment,False
Netherlands,Energy and natural resources,2016,0.0,3,True,investment,False
Netherlands,Energy and natural resources,2018,0.0,3,True,investment,False
Netherlands,Energy and natural resources,2019,1.0,4,True,investment,False
Netherlands,Energy and natural resources,2020,2.0,2,True,investment,False
Netherlands,Energy and natural resources,2021,5.0,11,True,investment,False
Netherlands,Energy and natural resources,2022,4.0,30,True,investment,False
Netherlands,Energy and natural resources,2023,12.0,22,True,investment,False
Netherlands,Energy and natural resources,2024,13.0,13,True,investment,False
Netherlands,Energy and natural resources,2025,19.0,39,False,investment,False
Netherlands,Facial Recognition,2016,6.0,6,True,investment,False
Netherlands,Facial Recognition,2017,,2,True,investment,False
Netherlands,Facial Recognition,2021,95.0,95,True,investment,False
Netherlands,Finance,2015,0.0,0,True,investment,False
Netherlands,Finance,2016,28.0,30,True,investment,False
Netherlands,Finance,2017,69.0,70,True,investment,False
Netherlands,Finance,2018,21.0,23,True,investment,False
Netherlands,Finance,2019,15.0,16,True,investment,False
Netherlands,Finance,2020,5.0,7,True,investment,False
Netherlands,Finance,2021,41.0,202,True,investment,False
Netherlands,Finance,2022,1.0,358,True,investment,False
Netherlands,Finance,2023,193.0,193,True,investment,False
Netherlands,Finance,2024,50.0,157,True,investment,False
Netherlands,Finance,2025,2.0,33,False,investment,False
Netherlands,Gaming,2016,,2,True,investment,False
Netherlands,Gaming,2018,,371,True,investment,False
Netherlands,Gaming,2022,,5,True,investment,False
Netherlands,General purpose,2015,4.0,102,True,investment,False
Netherlands,General purpose,2016,42.0,584,True,investment,False
Netherlands,General purpose,2017,107.0,227,True,investment,False
Netherlands,General purpose,2018,33.0,1161,True,investment,False
Netherlands,General purpose,2019,54.0,173,True,investment,False
Netherlands,General purpose,2020,31.0,111,True,investment,False
Netherlands,General purpose,2021,194.0,704,True,investment,False
Netherlands,General purpose,2022,172.0,1431,True,investment,False
Netherlands,General purpose,2023,241.0,700,True,investment,False
Netherlands,General purpose,2024,137.0,980,True,investment,False
Netherlands,General purpose,2025,198.0,458,False,investment,False
Netherlands,Hardware,2015,0.0,3,True,investment,False
Netherlands,Hardware,2016,9.0,13,True,investment,False
Netherlands,Hardware,2017,21.0,137,True,investment,False
Netherlands,Hardware,2018,10.0,758,True,investment,False
Netherlands,Hardware,2019,58.0,117,True,investment,False
Netherlands,Hardware,2020,28.0,92,True,investment,False
Netherlands,Hardware,2021,104.0,119,True,investment,False
Netherlands,Hardware,2022,37.0,220,True,investment,False
Netherlands,Hardware,2023,179.0,367,True,investment,False
Netherlands,Hardware,2024,23.0,286,True,investment,False
Netherlands,Hardware,2025,76.0,102,False,investment,False
Netherlands,Healthcare and Life Sciences,2015,0.0,1,True,investment,False
Netherlands,Healthcare and Life Sciences,2016,3.0,3,True,investment,False
Netherlands,Healthcare and Life Sciences,2017,8.0,10,True,investment,False
Netherlands,Healthcare and Life Sciences,2018,13.0,385,True,investment,False
Netherlands,Healthcare and Life Sciences,2019,6.0,9,True,investment,False
Netherlands,Healthcare and Life Sciences,2020,8.0,18,True,investment,False
Netherlands,Healthcare and Life Sciences,2021,34.0,38,True,investment,False
Netherlands,Healthcare and Life Sciences,2022,9.0,184,True,investment,False
Netherlands,Healthcare and Life Sciences,2023,16.0,24,True,investment,False
Netherlands,Healthcare and Life Sciences,2024,8.0,61,True,investment,False
Netherlands,Healthcare and Life Sciences,2025,4.0,27,False,investment,False
Netherlands,Information Technology,2015,30.0,128,True,investment,False
Netherlands,Information Technology,2016,35.0,570,True,investment,False
Netherlands,Information Technology,2017,43.0,102,True,investment,False
Netherlands,Information Technology,2018,29.0,833,True,investment,False
Netherlands,Information Technology,2019,154.0,166,True,investment,False
Netherlands,Information Technology,2020,36.0,203,True,investment,False
Netherlands,Information Technology,2021,145.0,447,True,investment,False
Netherlands,Information Technology,2022,35.0,501,True,investment,False
Netherlands,Information Technology,2023,210.0,337,True,investment,False
Netherlands,Information Technology,2024,119.0,667,True,investment,False
Netherlands,Information Technology,2025,73.0,335,False,investment,False
Netherlands,Lending and Investments,2015,0.0,0,True,investment,False
Netherlands,Lending and Investments,2017,40.0,40,True,investment,False
Netherlands,Lending and Investments,2018,0.0,0,True,investment,False
Netherlands,Lending and Investments,2019,0.0,0,True,investment,False
Netherlands,Lending and Investments,2020,1.0,1,True,investment,False
Netherlands,Lending and Investments,2021,0.0,0,True,investment,False
Netherlands,Lending and Investments,2022,0.0,0,True,investment,False
Netherlands,Lending and Investments,2023,165.0,165,True,investment,False
Netherlands,Lending and Investments,2025,,22,False,investment,False
Netherlands,Manufacturing,2015,0.0,0,True,investment,False
Netherlands,Manufacturing,2017,0.0,7,True,investment,False
Netherlands,Manufacturing,2018,1.0,1,True,investment,False
Netherlands,Manufacturing,2019,0.0,4,True,investment,False
Netherlands,Manufacturing,2020,,2,True,investment,False
Netherlands,Manufacturing,2021,16.0,16,True,investment,False
Netherlands,Manufacturing,2022,5.0,7,True,investment,False
Netherlands,Manufacturing,2023,3.0,3,True,investment,False
Netherlands,Manufacturing,2024,2.0,2,True,investment,False
Netherlands,Manufacturing,2025,22.0,22,False,investment,False
Netherlands,Media and Entertainment,2015,2.0,2,True,investment,False
Netherlands,Media and Entertainment,2016,10.0,10,True,investment,False
Netherlands,Media and Entertainment,2017,,55,True,investment,False
Netherlands,Media and Entertainment,2018,3.0,6,True,investment,False
Netherlands,Media and Entertainment,2019,,3,True,investment,False
Netherlands,Media and Entertainment,2020,0.0,0,True,investment,False
Netherlands,Media and Entertainment,2021,96.0,301,True,investment,False
Netherlands,Media and Entertainment,2022,2.0,7,True,investment,False
Netherlands,Media and Entertainment,2023,0.0,0,True,investment,False
Netherlands,Media and Entertainment,2024,0.0,157,True,investment,False
Netherlands,Media and Entertainment,2025,1.0,1,False,investment,False
Netherlands,"Military, public safety and government",2016,0.0,1,True,investment,False
Netherlands,"Military, public safety and government",2020,,1,True,investment,False
Netherlands,"Military, public safety and government",2022,2.0,2,True,investment,False
Netherlands,"Military, public safety and government",2024,2.0,2,True,investment,False
Netherlands,"Military, public safety and government",2025,6.0,6,False,investment,False
Netherlands,"Mobile, platforms & Internet services",2015,2.0,34,True,investment,False
Netherlands,"Mobile, platforms & Internet services",2016,7.0,540,True,investment,False
Netherlands,"Mobile, platforms & Internet services",2017,4.0,6,True,investment,False
Netherlands,"Mobile, platforms & Internet services",2018,5.0,380,True,investment,False
Netherlands,"Mobile, platforms & Internet services",2019,9.0,17,True,investment,False
Netherlands,"Mobile, platforms & Internet services",2020,1.0,59,True,investment,False
Netherlands,"Mobile, platforms & Internet services",2021,16.0,230,True,investment,False
Netherlands,"Mobile, platforms & Internet services",2022,5.0,207,True,investment,False
Netherlands,"Mobile, platforms & Internet services",2023,177.0,332,True,investment,False
Netherlands,"Mobile, platforms & Internet services",2024,4.0,6,True,investment,False
Netherlands,"Mobile, platforms & Internet services",2025,25.0,49,False,investment,False
Netherlands,NLP,2016,0.0,1,True,investment,False
Netherlands,NLP,2017,0.0,0,True,investment,False
Netherlands,NLP,2018,3.0,6,True,investment,False
Netherlands,NLP,2019,5.0,5,True,investment,False
Netherlands,NLP,2020,2.0,2,True,investment,False
Netherlands,NLP,2021,6.0,6,True,investment,False
Netherlands,NLP,2022,,15,True,investment,False
Netherlands,NLP,2023,3.0,3,True,investment,False
Netherlands,NLP,2024,3.0,3,True,investment,False
Netherlands,Navigation and mapping,2015,0.0,0,True,investment,False
Netherlands,Navigation and mapping,2016,1.0,2,True,investment,False
Netherlands,Navigation and mapping,2017,1.0,1,True,investment,False
Netherlands,Navigation and mapping,2018,,0,True,investment,False
Netherlands,Navigation and mapping,2020,1.0,3,True,investment,False
Netherlands,Navigation and mapping,2021,,1,True,investment,False
Netherlands,Navigation and mapping,2022,,2,True,investment,False
Netherlands,Navigation and mapping,2023,2.0,13,True,investment,False
Netherlands,Navigation and mapping,2025,,20,False,investment,False
Netherlands,Other,2015,0.0,0,True,investment,False
Netherlands,Other,2016,,2,True,investment,False
Netherlands,Other,2017,18.0,78,True,investment,False
Netherlands,Other,2018,8.0,12,True,investment,False
Netherlands,Other,2019,0.0,0,True,investment,False
Netherlands,Other,2020,1.0,4,True,investment,False
Netherlands,Other,2021,2.0,99,True,investment,False
Netherlands,Other,2022,14.0,100,True,investment,False
Netherlands,Other,2023,166.0,213,True,investment,False
Netherlands,Other,2024,8.0,331,True,investment,False
Netherlands,Other,2025,3.0,29,False,investment,False
Netherlands,Privacy and Security,2015,0.0,0,True,investment,False
Netherlands,Privacy and Security,2016,11.0,11,True,investment,False
Netherlands,Privacy and Security,2017,19.0,21,True,investment,False
Netherlands,Privacy and Security,2018,18.0,70,True,investment,False
Netherlands,Privacy and Security,2019,89.0,91,True,investment,False
Netherlands,Privacy and Security,2020,5.0,7,True,investment,False
Netherlands,Privacy and Security,2021,118.0,220,True,investment,False
Netherlands,Privacy and Security,2022,1.0,5,True,investment,False
Netherlands,Privacy and Security,2023,27.0,32,True,investment,False
Netherlands,Privacy and Security,2024,1.0,53,True,investment,False
Netherlands,Privacy and Security,2025,9.0,39,False,investment,False
Netherlands,Professional services,2015,0.0,3,True,investment,False
Netherlands,Professional services,2016,3.0,4,True,investment,False
Netherlands,Professional services,2017,16.0,70,True,investment,False
Netherlands,Professional services,2018,3.0,14,True,investment,False
Netherlands,Professional services,2019,9.0,10,True,investment,False
Netherlands,Professional services,2020,13.0,17,True,investment,False
Netherlands,Professional services,2021,36.0,198,True,investment,False
Netherlands,Professional services,2022,3.0,25,True,investment,False
Netherlands,Professional services,2023,5.0,237,True,investment,False
Netherlands,Professional services,2024,65.0,182,True,investment,False
Netherlands,Professional services,2025,35.0,85,False,investment,False
Netherlands,Real estate,2016,,4,True,investment,False
Netherlands,Real estate,2017,1.0,1,True,investment,False
Netherlands,Real estate,2018,,3,True,investment,False
Netherlands,Real estate,2019,11.0,13,True,investment,False
Netherlands,Real estate,2020,1.0,1,True,investment,False
Netherlands,Real estate,2021,,2,True,investment,False
Netherlands,Real estate,2022,85.0,91,True,investment,False
Netherlands,Real estate,2024,3.0,211,True,investment,False
Netherlands,Real estate,2025,2.0,2,False,investment,False
Netherlands,Robotics,2015,,3,True,investment,False
Netherlands,Robotics,2016,6.0,6,True,investment,False
Netherlands,Robotics,2017,,7,True,investment,False
Netherlands,Robotics,2018,1.0,6,True,investment,False
Netherlands,Robotics,2019,2.0,6,True,investment,False
Netherlands,Robotics,2020,0.0,53,True,investment,False
Netherlands,Robotics,2021,96.0,96,True,investment,False
Netherlands,Robotics,2022,0.0,0,True,investment,False
Netherlands,Robotics,2023,,47,True,investment,False
Netherlands,Robotics,2024,2.0,2,True,investment,False
Netherlands,Robotics,2025,0.0,0,False,investment,False
Netherlands,"Sales, retail, commerce, marketing",2015,2.0,2,True,investment,False
Netherlands,"Sales, retail, commerce, marketing",2016,24.0,555,True,investment,False
Netherlands,"Sales, retail, commerce, marketing",2017,30.0,36,True,investment,False
Netherlands,"Sales, retail, commerce, marketing",2018,7.0,10,True,investment,False
Netherlands,"Sales, retail, commerce, marketing",2019,8.0,9,True,investment,False
Netherlands,"Sales, retail, commerce, marketing",2020,2.0,57,True,investment,False
Netherlands,"Sales, retail, commerce, marketing",2021,6.0,210,True,investment,False
Netherlands,"Sales, retail, commerce, marketing",2022,38.0,379,True,investment,False
Netherlands,"Sales, retail, commerce, marketing",2023,7.0,7,True,investment,False
Netherlands,"Sales, retail, commerce, marketing",2024,7.0,113,True,investment,False
Netherlands,"Sales, retail, commerce, marketing",2025,6.0,227,False,investment,False
Netherlands,Semiconductor,2020,3.0,3,True,investment,False
Netherlands,Semiconductor,2021,3.0,3,True,investment,False
Netherlands,Semiconductor,2022,16.0,16,True,investment,False
Netherlands,Semiconductor,2023,7.0,7,True,investment,False
Netherlands,Semiconductor,2024,14.0,14,True,investment,False
Netherlands,Semiconductor,2025,66.0,68,False,investment,False
Netherlands,Software,2015,34.0,185,True,investment,False
Netherlands,Software,2016,44.0,586,True,investment,False
Netherlands,Software,2017,111.0,237,True,investment,False
Netherlands,Software,2018,47.0,1176,True,investment,False
Netherlands,Software,2019,182.0,305,True,investment,False
Netherlands,Software,2020,64.0,303,True,investment,False
Netherlands,Software,2021,221.0,784,True,investment,False
Netherlands,Software,2022,186.0,1457,True,investment,False
Netherlands,Software,2023,240.0,715,True,investment,False
Netherlands,Software,2024,194.0,1272,True,investment,False
Netherlands,Software,2025,197.0,876,False,investment,False
Netherlands,Speech Recognition,2016,,0,True,investment,False
Netherlands,Speech Recognition,2018,,4,True,investment,False
Netherlands,Speech Recognition,2019,1.0,1,True,investment,False
Netherlands,Speech Recognition,2021,10.0,10,True,investment,False
Netherlands,Sports,2016,,2,True,investment,False
Netherlands,Sports,2018,,372,True,investment,False
Netherlands,Sports,2020,0.0,0,True,investment,False
Netherlands,Sports,2021,1.0,1,True,investment,False
Netherlands,Sports,2022,2.0,96,True,investment,False
Netherlands,Sports,2023,1.0,4,True,investment,False
Netherlands,Sports,2024,0.0,156,True,investment,False
Netherlands,Sports,2025,0.0,0,False,investment,False
Netherlands,Telecommunications,2015,,0,True,investment,False
Netherlands,Telecommunications,2016,,0,True,investment,False
Netherlands,Telecommunications,2017,2.0,2,True,investment,False
Netherlands,Telecommunications,2018,,2,True,investment,False
Netherlands,Telecommunications,2019,3.0,7,True,investment,False
Netherlands,Telecommunications,2021,,5,True,investment,False
Netherlands,Telecommunications,2023,,5,True,investment,False
Netherlands,Transportation,2016,1.0,1,True,investment,False
Netherlands,Transportation,2017,,53,True,investment,False
Netherlands,Transportation,2018,2.0,2,True,investment,False
Netherlands,Transportation,2019,2.0,57,True,investment,False
Netherlands,Transportation,2020,0.0,57,True,investment,False
Netherlands,Transportation,2021,1.0,4,True,investment,False
Netherlands,Transportation,2022,5.0,106,True,investment,False
Netherlands,Transportation,2023,4.0,14,True,investment,False
Netherlands,Transportation,2024,5.0,58,True,investment,False
Netherlands,Transportation,2025,0.0,21,False,investment,False
New Zealand,Agriculture,2019,0.0,0,True,investment,False
New Zealand,Agriculture,2020,0.0,0,True,investment,False
New Zealand,Agriculture,2021,0.0,0,True,investment,False
New Zealand,Agriculture,2022,0.0,0,True,investment,False
New Zealand,Agriculture,2023,0.0,0,True,investment,False
New Zealand,Agriculture,2024,0.0,0,True,investment,False
New Zealand,All,2015,7.0,7,True,investment,False
New Zealand,All,2016,5.0,150,True,investment,False
New Zealand,All,2017,2.0,2,True,investment,False
New Zealand,All,2018,3.0,99,True,investment,False
New Zealand,All,2019,7.0,225,True,investment,False
New Zealand,All,2020,20.0,92,True,investment,False
New Zealand,All,2021,1105.0,1259,True,investment,False
New Zealand,All,2022,36.0,197,True,investment,False
New Zealand,All,2023,32.0,39,True,investment,False
New Zealand,All,2024,69.0,164,True,investment,False
New Zealand,All,2025,64.0,120,False,investment,False
New Zealand,Biotechnology,2015,2.0,2,True,investment,False
New Zealand,Biotechnology,2016,1.0,1,True,investment,False
New Zealand,Biotechnology,2018,,52,True,investment,False
New Zealand,Biotechnology,2019,,206,True,investment,False
New Zealand,Biotechnology,2022,0.0,0,True,investment,False
New Zealand,Biotechnology,2023,0.0,2,True,investment,False
New Zealand,Community and Lifestyle,2017,0.0,0,True,investment,False
New Zealand,Community and Lifestyle,2019,0.0,1,True,investment,False
New Zealand,Community and Lifestyle,2020,4.0,4,True,investment,False
New Zealand,Community and Lifestyle,2021,3.0,152,True,investment,False
New Zealand,Community and Lifestyle,2022,0.0,0,True,investment,False
New Zealand,Community and Lifestyle,2023,13.0,13,True,investment,False
New Zealand,Community and Lifestyle,2024,0.0,43,True,investment,False
New Zealand,Community and Lifestyle,2025,0.0,0,False,investment,False
New Zealand,Computer Vision,2017,0.0,0,True,investment,False
New Zealand,Computer Vision,2020,3.0,3,True,investment,False
New Zealand,Computer Vision,2022,0.0,5,True,investment,False
New Zealand,Computer Vision,2023,0.0,0,True,investment,False
New Zealand,Consumer goods,2019,1.0,1,True,investment,False
New Zealand,Consumer goods,2020,0.0,2,True,investment,False
New Zealand,Consumer goods,2021,1.0,1,True,investment,False
New Zealand,Consumer goods,2022,1.0,1,True,investment,False
New Zealand,Consumer goods,2023,0.0,0,True,investment,False
New Zealand,Data and analytics,2015,4.0,5,True,investment,False
New Zealand,Data and analytics,2016,1.0,146,True,investment,False
New Zealand,Data and analytics,2017,1.0,1,True,investment,False
New Zealand,Data and analytics,2018,1.0,93,True,investment,False
New Zealand,Data and analytics,2019,3.0,220,True,investment,False
New Zealand,Data and analytics,2020,9.0,78,True,investment,False
New Zealand,Data and analytics,2021,1067.0,1218,True,investment,False
New Zealand,Data and analytics,2022,6.0,93,True,investment,False
New Zealand,Data and analytics,2023,15.0,19,True,investment,False
New Zealand,Data and analytics,2024,15.0,108,True,investment,False
New Zealand,Data and analytics,2025,46.0,98,False,investment,False
New Zealand,Education,2015,3.0,3,True,investment,False
New Zealand,Education,2017,0.0,0,True,investment,False
New Zealand,Education,2018,,1,True,investment,False
New Zealand,Education,2019,0.0,0,True,investment,False
New Zealand,Education,2020,0.0,2,True,investment,False
New Zealand,Education,2021,0.0,0,True,investment,False
New Zealand,Education,2022,0.0,9,True,investment,False
New Zealand,Education,2023,0.0,0,True,investment,False
New Zealand,Education,2024,,2,True,investment,False
New Zealand,Energy and natural resources,2018,,30,True,investment,False
New Zealand,Energy and natural resources,2020,0.0,0,True,investment,False
New Zealand,Energy and natural resources,2021,1050.0,1050,True,investment,False
New Zealand,Energy and natural resources,2022,0.0,0,True,investment,False
New Zealand,Energy and natural resources,2023,0.0,0,True,investment,False
New Zealand,Energy and natural resources,2024,0.0,0,True,investment,False
New Zealand,Energy and natural resources,2025,,3,False,investment,False
New Zealand,Finance,2018,0.0,1,True,investment,False
New Zealand,Finance,2019,,1,True,investment,False
New Zealand,Finance,2020,2.0,2,True,investment,False
New Zealand,Finance,2021,,0,True,investment,False
New Zealand,Finance,2022,0.0,0,True,investment,False
New Zealand,Finance,2024,,1,True,investment,False
New Zealand,Finance,2025,0.0,3,False,investment,False
New Zealand,Gaming,2021,,149,True,investment,False
New Zealand,Gaming,2023,13.0,13,True,investment,False
New Zealand,General purpose,2015,4.0,5,True,investment,False
New Zealand,General purpose,2016,1.0,138,True,investment,False
New Zealand,General purpose,2017,1.0,1,True,investment,False
New Zealand,General purpose,2018,1.0,92,True,investment,False
New Zealand,General purpose,2019,4.0,211,True,investment,False
New Zealand,General purpose,2020,7.0,76,True,investment,False
New Zealand,General purpose,2021,1064.0,1216,True,investment,False
New Zealand,General purpose,2022,4.0,84,True,investment,False
New Zealand,General purpose,2023,15.0,19,True,investment,False
New Zealand,General purpose,2024,15.0,107,True,investment,False
New Zealand,General purpose,2025,44.0,93,False,investment,False
New Zealand,Hardware,2016,,8,True,investment,False
New Zealand,Hardware,2017,0.0,0,True,investment,False
New Zealand,Hardware,2018,0.0,30,True,investment,False
New Zealand,Hardware,2019,1.0,9,True,investment,False
New Zealand,Hardware,2020,4.0,6,True,investment,False
New Zealand,Hardware,2021,1052.0,1055,True,investment,False
New Zealand,Hardware,2022,4.0,9,True,investment,False
New Zealand,Hardware,2023,1.0,1,True,investment,False
New Zealand,Hardware,2024,0.0,0,True,investment,False
New Zealand,Healthcare and Life Sciences,2015,2.0,2,True,investment,False
New Zealand,Healthcare and Life Sciences,2016,1.0,1,True,investment,False
New Zealand,Healthcare and Life Sciences,2017,0.0,0,True,investment,False
New Zealand,Healthcare and Life Sciences,2018,0.0,52,True,investment,False
New Zealand,Healthcare and Life Sciences,2019,1.0,207,True,investment,False
New Zealand,Healthcare and Life Sciences,2020,1.0,33,True,investment,False
New Zealand,Healthcare and Life Sciences,2021,4.0,4,True,investment,False
New Zealand,Healthcare and Life Sciences,2022,1.0,1,True,investment,False
New Zealand,Healthcare and Life Sciences,2023,5.0,5,True,investment,False
New Zealand,Healthcare and Life Sciences,2024,1.0,1,True,investment,False
New Zealand,Healthcare and Life Sciences,2025,,4,False,investment,False
New Zealand,Information Technology,2015,2.0,2,True,investment,False
New Zealand,Information Technology,2016,1.0,3,True,investment,False
New Zealand,Information Technology,2017,0.0,0,True,investment,False
New Zealand,Information Technology,2018,1.0,85,True,investment,False
New Zealand,Information Technology,2019,0.0,1,True,investment,False
New Zealand,Information Technology,2020,0.0,0,True,investment,False
New Zealand,Information Technology,2021,1052.0,1052,True,investment,False
New Zealand,Information Technology,2022,1.0,80,True,investment,False
New Zealand,Information Technology,2023,1.0,2,True,investment,False
New Zealand,Information Technology,2024,3.0,3,True,investment,False
New Zealand,Information Technology,2025,2.0,5,False,investment,False
New Zealand,Manufacturing,2019,0.0,0,True,investment,False
New Zealand,Manufacturing,2020,0.0,0,True,investment,False
New Zealand,Manufacturing,2021,1.0,1,True,investment,False
New Zealand,Manufacturing,2022,0.0,70,True,investment,False
New Zealand,Manufacturing,2023,0.0,0,True,investment,False
New Zealand,Manufacturing,2025,,3,False,investment,False
New Zealand,Media and Entertainment,2015,3.0,3,True,investment,False
New Zealand,Media and Entertainment,2016,,8,True,investment,False
New Zealand,Media and Entertainment,2019,,8,True,investment,False
New Zealand,Media and Entertainment,2022,2.0,2,True,investment,False
New Zealand,"Mobile, platforms & Internet services",2016,,136,True,investment,False
New Zealand,"Mobile, platforms & Internet services",2018,0.0,0,True,investment,False
New Zealand,"Mobile, platforms & Internet services",2019,0.0,1,True,investment,False
New Zealand,"Mobile, platforms & Internet services",2020,2.0,2,True,investment,False
New Zealand,"Mobile, platforms & Internet services",2021,,3,True,investment,False
New Zealand,"Mobile, platforms & Internet services",2022,1.0,3,True,investment,False
New Zealand,"Mobile, platforms & Internet services",2023,0.0,1,True,investment,False
New Zealand,"Mobile, platforms & Internet services",2024,1.0,45,True,investment,False
New Zealand,"Mobile, platforms & Internet services",2025,41.0,44,False,investment,False
New Zealand,NLP,2015,3.0,3,True,investment,False
New Zealand,NLP,2018,,1,True,investment,False
New Zealand,Navigation and mapping,2017,0.0,0,True,investment,False
New Zealand,Navigation and mapping,2018,,30,True,investment,False
New Zealand,Navigation and mapping,2020,0.0,0,True,investment,False
New Zealand,Navigation and mapping,2021,1050.0,1050,True,investment,False
New Zealand,Navigation and mapping,2022,1.0,1,True,investment,False
New Zealand,Navigation and mapping,2023,0.0,0,True,investment,False
New Zealand,Navigation and mapping,2024,0.0,0,True,investment,False
New Zealand,Other,2015,0.0,1,True,investment,False
New Zealand,Other,2016,0.0,0,True,investment,False
New Zealand,Other,2018,,3,True,investment,False
New Zealand,Other,2019,0.0,0,True,investment,False
New Zealand,Other,2020,0.0,0,True,investment,False
New Zealand,Other,2021,5.0,5,True,investment,False
New Zealand,Other,2022,0.0,6,True,investment,False
New Zealand,Other,2023,1.0,1,True,investment,False
New Zealand,Other,2024,9.0,10,True,investment,False
New Zealand,Other,2025,41.0,42,False,investment,False
New Zealand,Privacy and Security,2015,0.0,1,True,investment,False
New Zealand,Privacy and Security,2016,0.0,0,True,investment,False
New Zealand,Privacy and Security,2018,,3,True,investment,False
New Zealand,Privacy and Security,2021,5.0,5,True,investment,False
New Zealand,Privacy and Security,2024,6.0,6,True,investment,False
New Zealand,Professional services,2018,0.0,1,True,investment,False
New Zealand,Professional services,2019,,1,True,investment,False
New Zealand,Professional services,2020,2.0,34,True,investment,False
New Zealand,Professional services,2022,,70,True,investment,False
New Zealand,Professional services,2024,,0,True,investment,False
New Zealand,Professional services,2025,,3,False,investment,False
New Zealand,Real estate,2016,,136,True,investment,False
New Zealand,Real estate,2019,0.0,0,True,investment,False
New Zealand,Real estate,2020,0.0,0,True,investment,False
New Zealand,Real estate,2021,0.0,0,True,investment,False
New Zealand,Real estate,2022,,5,True,investment,False
New Zealand,Real estate,2023,0.0,0,True,investment,False
New Zealand,Real estate,2024,0.0,2,True,investment,False
New Zealand,Real estate,2025,0.0,42,False,investment,False
New Zealand,"Sales, retail, commerce, marketing",2017,0.0,0,True,investment,False
New Zealand,"Sales, retail, commerce, marketing",2018,,1,True,investment,False
New Zealand,"Sales, retail, commerce, marketing",2019,,1,True,investment,False
New Zealand,"Sales, retail, commerce, marketing",2020,3.0,3,True,investment,False
New Zealand,"Sales, retail, commerce, marketing",2021,3.0,3,True,investment,False
New Zealand,"Sales, retail, commerce, marketing",2022,0.0,3,True,investment,False
New Zealand,"Sales, retail, commerce, marketing",2023,1.0,1,True,investment,False
New Zealand,"Sales, retail, commerce, marketing",2024,2.0,4,True,investment,False
New Zealand,"Sales, retail, commerce, marketing",2025,2.0,44,False,investment,False
New Zealand,Software,2015,4.0,5,True,investment,False
New Zealand,Software,2016,1.0,146,True,investment,False
New Zealand,Software,2017,1.0,1,True,investment,False
New Zealand,Software,2018,1.0,93,True,investment,False
New Zealand,Software,2019,4.0,221,True,investment,False
New Zealand,Software,2020,9.0,78,True,investment,False
New Zealand,Software,2021,1067.0,1221,True,investment,False
New Zealand,Software,2022,6.0,166,True,investment,False
New Zealand,Software,2023,16.0,21,True,investment,False
New Zealand,Software,2024,19.0,112,True,investment,False
New Zealand,Software,2025,46.0,96,False,investment,False
New Zealand,Sports,2019,,0,True,investment,False
New Zealand,Sports,2020,0.0,33,True,investment,False
New Zealand,Sports,2021,1.0,1,True,investment,False
New Zealand,Sports,2025,,3,False,investment,False
New Zealand,Telecommunications,2020,,1,True,investment,False
New Zealand,Telecommunications,2022,1.0,1,True,investment,False
Nigeria,Agriculture,2019,0.0,0,True,investment,False
Nigeria,Agriculture,2020,0.0,3,True,investment,False
Nigeria,Agriculture,2021,,0,True,investment,False
Nigeria,Agriculture,2022,0.0,1,True,investment,False
Nigeria,Agriculture,2023,,0,True,investment,False
Nigeria,Agriculture,2024,0.0,0,True,investment,False
Nigeria,All,2016,,50,True,investment,False
Nigeria,All,2017,0.0,0,True,investment,False
Nigeria,All,2018,6.0,6,True,investment,False
Nigeria,All,2019,13.0,13,True,investment,False
Nigeria,All,2020,4.0,9,True,investment,False
Nigeria,All,2021,5.0,6,True,investment,False
Nigeria,All,2022,16.0,18,True,investment,False
Nigeria,All,2023,12.0,18,True,investment,False
Nigeria,All,2024,14.0,19,True,investment,False
Nigeria,All,2025,12.0,18,False,investment,False
Nigeria,Community and Lifestyle,2019,0.0,0,True,investment,False
Nigeria,Consumer goods,2020,0.0,0,True,investment,False
Nigeria,Consumer goods,2023,,0,True,investment,False
Nigeria,Consumer goods,2024,,3,True,investment,False
Nigeria,Cyber Security,2022,,1,True,investment,False
Nigeria,Cyber Security,2024,,3,True,investment,False
Nigeria,Data and analytics,2016,,50,True,investment,False
Nigeria,Data and analytics,2017,0.0,0,True,investment,False
Nigeria,Data and analytics,2018,5.0,5,True,investment,False
Nigeria,Data and analytics,2019,8.0,8,True,investment,False
Nigeria,Data and analytics,2020,1.0,2,True,investment,False
Nigeria,Data and analytics,2021,0.0,1,True,investment,False
Nigeria,Data and analytics,2022,3.0,4,True,investment,False
Nigeria,Data and analytics,2023,2.0,7,True,investment,False
Nigeria,Data and analytics,2024,4.0,9,True,investment,False
Nigeria,Data and analytics,2025,7.0,10,False,investment,False
Nigeria,Education,2018,0.0,0,True,investment,False
Nigeria,Education,2019,0.0,0,True,investment,False
Nigeria,Education,2020,,1,True,investment,False
Nigeria,Education,2021,0.0,0,True,investment,False
Nigeria,Education,2022,0.0,0,True,investment,False
Nigeria,Education,2023,,2,True,investment,False
Nigeria,Energy and natural resources,2022,0.0,0,True,investment,False
Nigeria,Energy and natural resources,2024,1.0,1,True,investment,False
Nigeria,Finance,2017,0.0,0,True,investment,False
Nigeria,Finance,2018,5.0,5,True,investment,False
Nigeria,Finance,2019,8.0,8,True,investment,False
Nigeria,Finance,2020,1.0,1,True,investment,False
Nigeria,Finance,2021,1.0,1,True,investment,False
Nigeria,Finance,2022,2.0,2,True,investment,False
Nigeria,Finance,2023,2.0,2,True,investment,False
Nigeria,Finance,2024,3.0,5,True,investment,False
Nigeria,Finance,2025,6.0,8,False,investment,False
Nigeria,Gaming,2021,,0,True,investment,False
Nigeria,Gaming,2023,,2,True,investment,False
Nigeria,General purpose,2016,,50,True,investment,False
Nigeria,General purpose,2017,0.0,0,True,investment,False
Nigeria,General purpose,2018,5.0,5,True,investment,False
Nigeria,General purpose,2019,8.0,8,True,investment,False
Nigeria,General purpose,2020,1.0,2,True,investment,False
Nigeria,General purpose,2021,0.0,1,True,investment,False
Nigeria,General purpose,2022,2.0,4,True,investment,False
Nigeria,General purpose,2023,2.0,7,True,investment,False
Nigeria,General purpose,2024,4.0,9,True,investment,False
Nigeria,General purpose,2025,7.0,10,False,investment,False
Nigeria,Hardware,2018,5.0,5,True,investment,False
Nigeria,Hardware,2020,0.0,0,True,investment,False
Nigeria,Hardware,2021,,0,True,investment,False
Nigeria,Hardware,2023,1.0,1,True,investment,False
Nigeria,Hardware,2024,,3,True,investment,False
Nigeria,Healthcare and Life Sciences,2022,0.0,1,True,investment,False
Nigeria,Healthcare and Life Sciences,2023,0.0,0,True,investment,False
Nigeria,Healthcare and Life Sciences,2024,0.0,3,True,investment,False
Nigeria,Healthcare and Life Sciences,2025,0.0,0,False,investment,False
Nigeria,Information Technology,2017,0.0,0,True,investment,False
Nigeria,Information Technology,2018,5.0,5,True,investment,False
Nigeria,Information Technology,2019,0.0,0,True,investment,False
Nigeria,Information Technology,2020,0.0,3,True,investment,False
Nigeria,Information Technology,2021,,1,True,investment,False
Nigeria,Information Technology,2022,0.0,1,True,investment,False
Nigeria,Information Technology,2023,1.0,3,True,investment,False
Nigeria,Information Technology,2024,3.0,5,True,investment,False
Nigeria,Information Technology,2025,0.0,0,False,investment,False
Nigeria,Lending and Investments,2017,0.0,0,True,investment,False
Nigeria,Lending and Investments,2018,,0,True,investment,False
Nigeria,Lending and Investments,2019,8.0,8,True,investment,False
Nigeria,Lending and Investments,2022,0.0,0,True,investment,False
Nigeria,Lending and Investments,2023,0.0,1,True,investment,False
Nigeria,Manufacturing,2024,,3,True,investment,False
Nigeria,Media and Entertainment,2017,0.0,0,True,investment,False
Nigeria,Media and Entertainment,2018,5.0,5,True,investment,False
Nigeria,Media and Entertainment,2021,,0,True,investment,False
Nigeria,Media and Entertainment,2023,1.0,1,True,investment,False
Nigeria,Media and Entertainment,2024,0.0,0,True,investment,False
Nigeria,"Military, public safety and government",2024,,3,True,investment,False
Nigeria,"Mobile, platforms & Internet services",2017,0.0,0,True,investment,False
Nigeria,"Mobile, platforms & Internet services",2018,5.0,5,True,investment,False
Nigeria,"Mobile, platforms & Internet services",2019,0.0,0,True,investment,False
Nigeria,"Mobile, platforms & Internet services",2021,0.0,1,True,investment,False
Nigeria,"Mobile, platforms & Internet services",2022,0.0,0,True,investment,False
Nigeria,"Mobile, platforms & Internet services",2023,2.0,4,True,investment,False
Nigeria,"Mobile, platforms & Internet services",2024,1.0,1,True,investment,False
Nigeria,"Mobile, platforms & Internet services",2025,1.0,4,False,investment,False
Nigeria,NLP,2019,0.0,0,True,investment,False
Nigeria,NLP,2025,0.0,0,False,investment,False
Nigeria,Other,2017,0.0,0,True,investment,False
Nigeria,Other,2018,0.0,0,True,investment,False
Nigeria,Other,2019,0.0,0,True,investment,False
Nigeria,Other,2020,,1,True,investment,False
Nigeria,Other,2021,0.0,0,True,investment,False
Nigeria,Other,2022,0.0,0,True,investment,False
Nigeria,Other,2023,,1,True,investment,False
Nigeria,Privacy and Security,2018,0.0,0,True,investment,False
Nigeria,Privacy and Security,2020,1.0,1,True,investment,False
Nigeria,Privacy and Security,2022,0.0,1,True,investment,False
Nigeria,Privacy and Security,2023,0.0,0,True,investment,False
Nigeria,Privacy and Security,2024,3.0,5,True,investment,False
Nigeria,Professional services,2018,0.0,0,True,investment,False
Nigeria,Professional services,2023,0.0,1,True,investment,False
Nigeria,"Sales, retail, commerce, marketing",2016,,0,True,investment,False
Nigeria,"Sales, retail, commerce, marketing",2017,0.0,0,True,investment,False
Nigeria,"Sales, retail, commerce, marketing",2018,5.0,5,True,investment,False
Nigeria,"Sales, retail, commerce, marketing",2019,0.0,0,True,investment,False
Nigeria,"Sales, retail, commerce, marketing",2020,,1,True,investment,False
Nigeria,"Sales, retail, commerce, marketing",2021,0.0,1,True,investment,False
Nigeria,"Sales, retail, commerce, marketing",2022,0.0,0,True,investment,False
Nigeria,"Sales, retail, commerce, marketing",2023,1.0,4,True,investment,False
Nigeria,"Sales, retail, commerce, marketing",2025,,3,False,investment,False
Nigeria,Software,2016,,50,True,investment,False
Nigeria,Software,2017,0.0,0,True,investment,False
Nigeria,Software,2018,5.0,6,True,investment,False
Nigeria,Software,2019,8.0,8,True,investment,False
Nigeria,Software,2020,1.0,2,True,investment,False
Nigeria,Software,2021,1.0,1,True,investment,False
Nigeria,Software,2022,3.0,5,True,investment,False
Nigeria,Software,2023,2.0,7,True,investment,False
Nigeria,Software,2024,5.0,10,True,investment,False
Nigeria,Software,2025,7.0,13,False,investment,False
Nigeria,Sports,2024,1.0,1,True,investment,False
Nigeria,Telecommunications,2019,0.0,0,True,investment,False
Nigeria,Transportation,2019,0.0,0,True,investment,False
Nigeria,Transportation,2020,0.0,0,True,investment,False
Nigeria,Transportation,2022,,1,True,investment,False
Nigeria,Transportation,2023,0.0,0,True,investment,False
Nigeria,Transportation,2024,0.0,0,True,investment,False
North Macedonia,All,2022,1.0,1,True,investment,False
North Macedonia,All,2024,0.0,0,True,investment,False
North Macedonia,Data and analytics,2022,1.0,1,True,investment,False
North Macedonia,Data and analytics,2024,0.0,0,True,investment,False
North Macedonia,Education,2024,0.0,0,True,investment,False
North Macedonia,General purpose,2022,1.0,1,True,investment,False
North Macedonia,Information Technology,2022,1.0,1,True,investment,False
North Macedonia,Information Technology,2024,0.0,0,True,investment,False
North Macedonia,Media and Entertainment,2024,0.0,0,True,investment,False
North Macedonia,"Mobile, platforms & Internet services",2022,1.0,1,True,investment,False
North Macedonia,NLP,2024,0.0,0,True,investment,False
North Macedonia,"Sales, retail, commerce, marketing",2024,0.0,0,True,investment,False
North Macedonia,Software,2022,1.0,1,True,investment,False
North Macedonia,Software,2024,0.0,0,True,investment,False
Norway,Agriculture,2018,0.0,0,True,investment,False
Norway,Agriculture,2019,2.0,2,True,investment,False
Norway,Agriculture,2020,13.0,13,True,investment,False
Norway,Agriculture,2022,9.0,9,True,investment,False
Norway,Agriculture,2024,1.0,1,True,investment,False
Norway,Agriculture,2025,1.0,1,False,investment,False
Norway,All,2015,1.0,1,True,investment,False
Norway,All,2016,2.0,15,True,investment,False
Norway,All,2017,31.0,48,True,investment,False
Norway,All,2018,28.0,73,True,investment,False
Norway,All,2019,90.0,125,True,investment,False
Norway,All,2020,372.0,431,True,investment,False
Norway,All,2021,334.0,463,True,investment,False
Norway,All,2022,220.0,231,True,investment,False
Norway,All,2023,117.0,167,True,investment,False
Norway,All,2024,201.0,255,True,investment,False
Norway,All,2025,98.0,213,False,investment,False
Norway,Biotechnology,2017,0.0,0,True,investment,False
Norway,Biotechnology,2019,,17,True,investment,False
Norway,Biotechnology,2022,5.0,5,True,investment,False
Norway,Biotechnology,2024,1.0,1,True,investment,False
Norway,Biotechnology,2025,0.0,0,False,investment,False
Norway,Community and Lifestyle,2017,,0,True,investment,False
Norway,Community and Lifestyle,2020,0.0,0,True,investment,False
Norway,Community and Lifestyle,2021,1.0,1,True,investment,False
Norway,Community and Lifestyle,2022,1.0,1,True,investment,False
Norway,Community and Lifestyle,2024,1.0,1,True,investment,False
Norway,Computer Vision,2019,0.0,0,True,investment,False
Norway,Computer Vision,2021,1.0,2,True,investment,False
Norway,Computer Vision,2022,6.0,6,True,investment,False
Norway,Computer Vision,2024,1.0,1,True,investment,False
Norway,Computer Vision,2025,1.0,1,False,investment,False
Norway,Consumer goods,2015,0.0,0,True,investment,False
Norway,Consumer goods,2017,12.0,12,True,investment,False
Norway,Consumer goods,2019,10.0,10,True,investment,False
Norway,Consumer goods,2020,0.0,0,True,investment,False
Norway,Consumer goods,2021,7.0,7,True,investment,False
Norway,Consumer goods,2022,7.0,7,True,investment,False
Norway,Consumer goods,2023,0.0,0,True,investment,False
Norway,Consumer goods,2024,4.0,4,True,investment,False
Norway,Consumer goods,2025,,2,False,investment,False
Norway,Cyber Security,2022,0.0,0,True,investment,False
Norway,Cyber Security,2023,2.0,3,True,investment,False
Norway,Cyber Security,2025,2.0,2,False,investment,False
Norway,Data and analytics,2015,0.0,0,True,investment,False
Norway,Data and analytics,2016,1.0,1,True,investment,False
Norway,Data and analytics,2017,29.0,47,True,investment,False
Norway,Data and analytics,2018,12.0,48,True,investment,False
Norway,Data and analytics,2019,33.0,50,True,investment,False
Norway,Data and analytics,2020,350.0,379,True,investment,False
Norway,Data and analytics,2021,245.0,320,True,investment,False
Norway,Data and analytics,2022,152.0,156,True,investment,False
Norway,Data and analytics,2023,68.0,73,True,investment,False
Norway,Data and analytics,2024,123.0,169,True,investment,False
Norway,Data and analytics,2025,43.0,140,False,investment,False
Norway,Education,2018,0.0,0,True,investment,False
Norway,Education,2021,,54,True,investment,False
Norway,Education,2022,,3,True,investment,False
Norway,Education,2023,2.0,2,True,investment,False
Norway,Education,2025,1.0,1,False,investment,False
Norway,Energy and natural resources,2015,0.0,0,True,investment,False
Norway,Energy and natural resources,2019,3.0,3,True,investment,False
Norway,Energy and natural resources,2020,5.0,5,True,investment,False
Norway,Energy and natural resources,2021,1.0,1,True,investment,False
Norway,Energy and natural resources,2022,1.0,1,True,investment,False
Norway,Energy and natural resources,2023,0.0,1,True,investment,False
Norway,Energy and natural resources,2024,4.0,4,True,investment,False
Norway,Energy and natural resources,2025,34.0,37,False,investment,False
Norway,Finance,2017,10.0,13,True,investment,False
Norway,Finance,2018,4.0,14,True,investment,False
Norway,Finance,2019,8.0,8,True,investment,False
Norway,Finance,2020,5.0,5,True,investment,False
Norway,Finance,2021,20.0,60,True,investment,False
Norway,Finance,2022,3.0,3,True,investment,False
Norway,Finance,2023,,40,True,investment,False
Norway,Finance,2024,0.0,29,True,investment,False
Norway,Finance,2025,,17,False,investment,False
Norway,Gaming,2018,0.0,0,True,investment,False
Norway,Gaming,2024,0.0,0,True,investment,False
Norway,Gaming,2025,0.0,0,False,investment,False
Norway,General purpose,2015,0.0,0,True,investment,False
Norway,General purpose,2016,1.0,13,True,investment,False
Norway,General purpose,2017,28.0,41,True,investment,False
Norway,General purpose,2018,11.0,41,True,investment,False
Norway,General purpose,2019,31.0,48,True,investment,False
Norway,General purpose,2020,339.0,339,True,investment,False
Norway,General purpose,2021,245.0,319,True,investment,False
Norway,General purpose,2022,149.0,156,True,investment,False
Norway,General purpose,2023,67.0,72,True,investment,False
Norway,General purpose,2024,123.0,169,True,investment,False
Norway,General purpose,2025,45.0,141,False,investment,False
Norway,Hardware,2016,,12,True,investment,False
Norway,Hardware,2017,12.0,12,True,investment,False
Norway,Hardware,2018,3.0,8,True,investment,False
Norway,Hardware,2019,14.0,14,True,investment,False
Norway,Hardware,2020,14.0,44,True,investment,False
Norway,Hardware,2021,49.0,66,True,investment,False
Norway,Hardware,2022,16.0,20,True,investment,False
Norway,Hardware,2023,12.0,13,True,investment,False
Norway,Hardware,2024,108.0,109,True,investment,False
Norway,Hardware,2025,3.0,47,False,investment,False
Norway,Healthcare and Life Sciences,2015,1.0,1,True,investment,False
Norway,Healthcare and Life Sciences,2016,0.0,0,True,investment,False
Norway,Healthcare and Life Sciences,2017,1.0,3,True,investment,False
Norway,Healthcare and Life Sciences,2018,0.0,0,True,investment,False
Norway,Healthcare and Life Sciences,2019,2.0,19,True,investment,False
Norway,Healthcare and Life Sciences,2020,2.0,2,True,investment,False
Norway,Healthcare and Life Sciences,2021,2.0,4,True,investment,False
Norway,Healthcare and Life Sciences,2022,8.0,8,True,investment,False
Norway,Healthcare and Life Sciences,2023,19.0,22,True,investment,False
Norway,Healthcare and Life Sciences,2024,4.0,7,True,investment,False
Norway,Healthcare and Life Sciences,2025,0.0,17,False,investment,False
Norway,Information Technology,2016,0.0,0,True,investment,False
Norway,Information Technology,2017,13.0,28,True,investment,False
Norway,Information Technology,2018,9.0,13,True,investment,False
Norway,Information Technology,2019,21.0,39,True,investment,False
Norway,Information Technology,2020,332.0,361,True,investment,False
Norway,Information Technology,2021,176.0,180,True,investment,False
Norway,Information Technology,2022,130.0,133,True,investment,False
Norway,Information Technology,2023,52.0,56,True,investment,False
Norway,Information Technology,2024,14.0,14,True,investment,False
Norway,Information Technology,2025,4.0,60,False,investment,False
Norway,Lending and Investments,2017,2.0,2,True,investment,False
Norway,Manufacturing,2016,,12,True,investment,False
Norway,Manufacturing,2017,1.0,3,True,investment,False
Norway,Manufacturing,2018,,5,True,investment,False
Norway,Manufacturing,2019,2.0,2,True,investment,False
Norway,Manufacturing,2020,75.0,75,True,investment,False
Norway,Manufacturing,2021,157.0,172,True,investment,False
Norway,Manufacturing,2022,113.0,113,True,investment,False
Norway,Manufacturing,2023,5.0,5,True,investment,False
Norway,Manufacturing,2024,101.0,102,True,investment,False
Norway,Manufacturing,2025,,25,False,investment,False
Norway,Media and Entertainment,2018,0.0,7,True,investment,False
Norway,Media and Entertainment,2019,0.0,0,True,investment,False
Norway,Media and Entertainment,2021,1.0,1,True,investment,False
Norway,Media and Entertainment,2023,0.0,0,True,investment,False
Norway,Media and Entertainment,2024,0.0,0,True,investment,False
Norway,Media and Entertainment,2025,,2,False,investment,False
Norway,"Military, public safety and government",2019,0.0,0,True,investment,False
Norway,"Military, public safety and government",2020,0.0,0,True,investment,False
Norway,"Military, public safety and government",2021,0.0,0,True,investment,False
Norway,"Military, public safety and government",2022,0.0,0,True,investment,False
Norway,"Military, public safety and government",2023,0.0,0,True,investment,False
Norway,"Military, public safety and government",2024,0.0,0,True,investment,False
Norway,"Mobile, platforms & Internet services",2016,1.0,1,True,investment,False
Norway,"Mobile, platforms & Internet services",2017,20.0,20,True,investment,False
Norway,"Mobile, platforms & Internet services",2018,1.0,1,True,investment,False
Norway,"Mobile, platforms & Internet services",2019,7.0,7,True,investment,False
Norway,"Mobile, platforms & Internet services",2020,5.0,5,True,investment,False
Norway,"Mobile, platforms & Internet services",2021,43.0,43,True,investment,False
Norway,"Mobile, platforms & Internet services",2022,7.0,7,True,investment,False
Norway,"Mobile, platforms & Internet services",2023,31.0,31,True,investment,False
Norway,"Mobile, platforms & Internet services",2024,5.0,22,True,investment,False
Norway,"Mobile, platforms & Internet services",2025,0.0,37,False,investment,False
Norway,NLP,2017,8.0,8,True,investment,False
Norway,NLP,2018,0.0,0,True,investment,False
Norway,NLP,2021,,54,True,investment,False
Norway,NLP,2024,0.0,0,True,investment,False
Norway,Navigation and mapping,2021,7.0,7,True,investment,False
Norway,Other,2017,8.0,8,True,investment,False
Norway,Other,2018,5.0,5,True,investment,False
Norway,Other,2019,0.0,0,True,investment,False
Norway,Other,2021,54.0,54,True,investment,False
Norway,Other,2022,0.0,3,True,investment,False
Norway,Other,2023,0.0,3,True,investment,False
Norway,Other,2024,2.0,2,True,investment,False
Norway,Other,2025,1.0,1,False,investment,False
Norway,Privacy and Security,2015,0.0,0,True,investment,False
Norway,Privacy and Security,2022,0.0,0,True,investment,False
Norway,Privacy and Security,2023,2.0,3,True,investment,False
Norway,Privacy and Security,2025,3.0,3,False,investment,False
Norway,Professional services,2017,0.0,0,True,investment,False
Norway,Professional services,2018,8.0,8,True,investment,False
Norway,Professional services,2019,1.0,1,True,investment,False
Norway,Professional services,2020,11.0,11,True,investment,False
Norway,Professional services,2021,31.0,31,True,investment,False
Norway,Professional services,2022,3.0,3,True,investment,False
Norway,Professional services,2023,7.0,7,True,investment,False
Norway,Professional services,2024,,17,True,investment,False
Norway,Professional services,2025,,54,False,investment,False
Norway,Real estate,2015,0.0,0,True,investment,False
Norway,Real estate,2019,4.0,4,True,investment,False
Norway,Real estate,2020,242.0,242,True,investment,False
Norway,Real estate,2021,35.0,35,True,investment,False
Norway,Real estate,2022,1.0,1,True,investment,False
Norway,Real estate,2023,1.0,2,True,investment,False
Norway,Real estate,2024,3.0,5,True,investment,False
Norway,Real estate,2025,0.0,0,False,investment,False
Norway,Robotics,2017,0.0,0,True,investment,False
Norway,Robotics,2018,3.0,8,True,investment,False
Norway,Robotics,2019,3.0,3,True,investment,False
Norway,Robotics,2020,11.0,11,True,investment,False
Norway,Robotics,2021,18.0,33,True,investment,False
Norway,Robotics,2022,3.0,4,True,investment,False
Norway,Robotics,2023,11.0,11,True,investment,False
Norway,Robotics,2024,101.0,102,True,investment,False
Norway,Robotics,2025,,42,False,investment,False
Norway,"Sales, retail, commerce, marketing",2017,3.0,3,True,investment,False
Norway,"Sales, retail, commerce, marketing",2018,,2,True,investment,False
Norway,"Sales, retail, commerce, marketing",2019,1.0,1,True,investment,False
Norway,"Sales, retail, commerce, marketing",2020,10.0,10,True,investment,False
Norway,"Sales, retail, commerce, marketing",2021,7.0,7,True,investment,False
Norway,"Sales, retail, commerce, marketing",2022,2.0,2,True,investment,False
Norway,"Sales, retail, commerce, marketing",2023,7.0,7,True,investment,False
Norway,"Sales, retail, commerce, marketing",2024,0.0,0,True,investment,False
Norway,"Sales, retail, commerce, marketing",2025,2.0,2,False,investment,False
Norway,Software,2015,1.0,1,True,investment,False
Norway,Software,2016,1.0,13,True,investment,False
Norway,Software,2017,29.0,47,True,investment,False
Norway,Software,2018,12.0,48,True,investment,False
Norway,Software,2019,33.0,51,True,investment,False
Norway,Software,2020,353.0,412,True,investment,False
Norway,Software,2021,276.0,390,True,investment,False
Norway,Software,2022,152.0,159,True,investment,False
Norway,Software,2023,68.0,115,True,investment,False
Norway,Software,2024,125.0,174,True,investment,False
Norway,Software,2025,46.0,160,False,investment,False
Norway,Sports,2018,,7,True,investment,False
Norway,Sports,2024,1.0,1,True,investment,False
Norway,Sports,2025,1.0,1,False,investment,False
Norway,Telecommunications,2019,,1,True,investment,False
Norway,Telecommunications,2020,,30,True,investment,False
Norway,Telecommunications,2021,30.0,30,True,investment,False
Norway,Transportation,2019,4.0,4,True,investment,False
Norway,Transportation,2022,,1,True,investment,False
Norway,Transportation,2023,0.0,0,True,investment,False
Norway,Transportation,2024,0.0,0,True,investment,False
Norway,Transportation,2025,1.0,1,False,investment,False
Oman,All,2019,,0,True,investment,False
Oman,All,2024,3.0,3,True,investment,False
Oman,All,2025,1.0,1,False,investment,False
Oman,Community and Lifestyle,2024,3.0,3,True,investment,False
Oman,Data and analytics,2019,,0,True,investment,False
Oman,Data and analytics,2025,1.0,1,False,investment,False
Oman,Education,2025,1.0,1,False,investment,False
Oman,Finance,2025,1.0,1,False,investment,False
Oman,General purpose,2019,,0,True,investment,False
Oman,General purpose,2025,0.0,0,False,investment,False
Oman,Information Technology,2019,,0,True,investment,False
Oman,"Mobile, platforms & Internet services",2025,1.0,1,False,investment,False
Oman,Other,2025,1.0,1,False,investment,False
Oman,Professional services,2019,,0,True,investment,False
Oman,"Sales, retail, commerce, marketing",2025,1.0,1,False,investment,False
Oman,Software,2019,,0,True,investment,False
Oman,Software,2024,3.0,3,True,investment,False
Oman,Software,2025,1.0,1,False,investment,False
Oman,Transportation,2024,3.0,3,True,investment,False
Pakistan,Agriculture,2022,,0,True,investment,False
Pakistan,All,2015,1.0,1,True,investment,False
Pakistan,All,2016,,0,True,investment,False
Pakistan,All,2017,1.0,1,True,investment,False
Pakistan,All,2018,0.0,0,True,investment,False
Pakistan,All,2019,0.0,1,True,investment,False
Pakistan,All,2020,0.0,0,True,investment,False
Pakistan,All,2021,3.0,7,True,investment,False
Pakistan,All,2022,4.0,8,True,investment,False
Pakistan,All,2024,0.0,3,True,investment,False
Pakistan,Community and Lifestyle,2016,,0,True,investment,False
Pakistan,Community and Lifestyle,2022,0.0,1,True,investment,False
Pakistan,Community and Lifestyle,2024,0.0,0,True,investment,False
Pakistan,Computer Vision,2015,0.0,0,True,investment,False
Pakistan,Data and analytics,2015,0.0,0,True,investment,False
Pakistan,Data and analytics,2016,,0,True,investment,False
Pakistan,Data and analytics,2017,0.0,0,True,investment,False
Pakistan,Data and analytics,2018,0.0,0,True,investment,False
Pakistan,Data and analytics,2019,0.0,0,True,investment,False
Pakistan,Data and analytics,2020,0.0,0,True,investment,False
Pakistan,Data and analytics,2021,3.0,4,True,investment,False
Pakistan,Data and analytics,2022,1.0,3,True,investment,False
Pakistan,Data and analytics,2024,0.0,3,True,investment,False
Pakistan,Education,2018,,0,True,investment,False
Pakistan,Education,2019,0.0,0,True,investment,False
Pakistan,Education,2022,1.0,1,True,investment,False
Pakistan,Finance,2021,,2,True,investment,False
Pakistan,General purpose,2015,0.0,0,True,investment,False
Pakistan,General purpose,2016,,0,True,investment,False
Pakistan,General purpose,2017,0.0,0,True,investment,False
Pakistan,General purpose,2018,0.0,0,True,investment,False
Pakistan,General purpose,2019,0.0,0,True,investment,False
Pakistan,General purpose,2020,0.0,0,True,investment,False
Pakistan,General purpose,2021,3.0,4,True,investment,False
Pakistan,General purpose,2022,1.0,3,True,investment,False
Pakistan,General purpose,2024,0.0,3,True,investment,False
Pakistan,Hardware,2015,0.0,0,True,investment,False
Pakistan,Hardware,2018,,0,True,investment,False
Pakistan,Hardware,2019,0.0,0,True,investment,False
Pakistan,Hardware,2022,1.0,1,True,investment,False
Pakistan,Healthcare and Life Sciences,2022,,2,True,investment,False
Pakistan,Healthcare and Life Sciences,2024,0.0,0,True,investment,False
Pakistan,Information Technology,2016,,0,True,investment,False
Pakistan,Information Technology,2017,0.0,0,True,investment,False
Pakistan,Information Technology,2019,0.0,1,True,investment,False
Pakistan,Information Technology,2020,0.0,0,True,investment,False
Pakistan,Information Technology,2021,3.0,3,True,investment,False
Pakistan,Information Technology,2022,0.0,3,True,investment,False
Pakistan,Information Technology,2024,0.0,0,True,investment,False
Pakistan,Media and Entertainment,2021,3.0,3,True,investment,False
Pakistan,"Mobile, platforms & Internet services",2016,,0,True,investment,False
Pakistan,"Mobile, platforms & Internet services",2017,0.0,0,True,investment,False
Pakistan,"Mobile, platforms & Internet services",2020,0.0,0,True,investment,False
Pakistan,"Mobile, platforms & Internet services",2022,,3,True,investment,False
Pakistan,"Mobile, platforms & Internet services",2024,0.0,0,True,investment,False
Pakistan,Other,2017,0.0,0,True,investment,False
Pakistan,Other,2020,0.0,0,True,investment,False
Pakistan,Other,2021,0.0,0,True,investment,False
Pakistan,Professional services,2022,0.0,0,True,investment,False
Pakistan,"Sales, retail, commerce, marketing",2017,0.0,0,True,investment,False
Pakistan,"Sales, retail, commerce, marketing",2018,0.0,0,True,investment,False
Pakistan,"Sales, retail, commerce, marketing",2019,0.0,0,True,investment,False
Pakistan,"Sales, retail, commerce, marketing",2020,0.0,0,True,investment,False
Pakistan,"Sales, retail, commerce, marketing",2021,3.0,3,True,investment,False
Pakistan,"Sales, retail, commerce, marketing",2022,,1,True,investment,False
Pakistan,"Sales, retail, commerce, marketing",2024,,3,True,investment,False
Pakistan,Software,2015,0.0,0,True,investment,False
Pakistan,Software,2016,,0,True,investment,False
Pakistan,Software,2017,0.0,0,True,investment,False
Pakistan,Software,2018,0.0,0,True,investment,False
Pakistan,Software,2019,0.0,0,True,investment,False
Pakistan,Software,2020,0.0,0,True,investment,False
Pakistan,Software,2021,3.0,4,True,investment,False
Pakistan,Software,2022,1.0,4,True,investment,False
Pakistan,Software,2024,0.0,3,True,investment,False
Pakistan,Telecommunications,2022,,1,True,investment,False
Pakistan,Transportation,2021,,0,True,investment,False
Pakistan,Transportation,2022,0.0,0,True,investment,False
Pakistan,Transportation,2024,,3,True,investment,False
Panama,All,2021,,1,True,investment,False
Panama,All,2023,0.0,0,True,investment,False
Panama,All,2024,1.0,1,True,investment,False
Panama,All,2025,15.0,15,False,investment,False
Panama,Data and analytics,2021,,1,True,investment,False
Panama,Data and analytics,2023,0.0,0,True,investment,False
Panama,Data and analytics,2024,0.0,0,True,investment,False
Panama,Data and analytics,2025,15.0,15,False,investment,False
Panama,Finance,2021,,1,True,investment,False
Panama,Finance,2023,0.0,0,True,investment,False
Panama,Finance,2024,0.0,0,True,investment,False
Panama,Finance,2025,10.0,10,False,investment,False
Panama,Gaming,2023,0.0,0,True,investment,False
Panama,Gaming,2024,0.0,0,True,investment,False
Panama,Gaming,2025,0.0,0,False,investment,False
Panama,General purpose,2021,,1,True,investment,False
Panama,General purpose,2023,0.0,0,True,investment,False
Panama,General purpose,2024,0.0,0,True,investment,False
Panama,General purpose,2025,15.0,15,False,investment,False
Panama,Media and Entertainment,2023,0.0,0,True,investment,False
Panama,Media and Entertainment,2024,0.0,0,True,investment,False
Panama,Media and Entertainment,2025,0.0,0,False,investment,False
Panama,"Mobile, platforms & Internet services",2023,0.0,0,True,investment,False
Panama,"Mobile, platforms & Internet services",2024,0.0,0,True,investment,False
Panama,"Mobile, platforms & Internet services",2025,5.0,5,False,investment,False
Panama,Other,2021,,1,True,investment,False
Panama,Other,2023,0.0,0,True,investment,False
Panama,Other,2024,0.0,0,True,investment,False
Panama,Other,2025,5.0,5,False,investment,False
Panama,"Sales, retail, commerce, marketing",2023,0.0,0,True,investment,False
Panama,"Sales, retail, commerce, marketing",2024,0.0,0,True,investment,False
Panama,"Sales, retail, commerce, marketing",2025,0.0,0,False,investment,False
Panama,Software,2021,,1,True,investment,False
Panama,Software,2023,0.0,0,True,investment,False
Panama,Software,2024,0.0,0,True,investment,False
Panama,Software,2025,15.0,15,False,investment,False
Paraguay,Agriculture,2024,0.0,0,True,investment,False
Paraguay,All,2021,,0,True,investment,False
Paraguay,All,2024,0.0,0,True,investment,False
Paraguay,Community and Lifestyle,2021,,0,True,investment,False
Paraguay,Data and analytics,2021,,0,True,investment,False
Paraguay,Data and analytics,2024,0.0,0,True,investment,False
Paraguay,General purpose,2021,,0,True,investment,False
Paraguay,General purpose,2024,0.0,0,True,investment,False
Paraguay,Healthcare and Life Sciences,2021,,0,True,investment,False
Paraguay,Software,2021,,0,True,investment,False
Paraguay,Software,2024,0.0,0,True,investment,False
Paraguay,Sports,2021,,0,True,investment,False
Peru,Agriculture,2021,1.0,1,True,investment,False
Peru,Agriculture,2022,0.0,0,True,investment,False
Peru,All,2015,0.0,0,True,investment,False
Peru,All,2017,0.0,0,True,investment,False
Peru,All,2018,0.0,0,True,investment,False
Peru,All,2019,1.0,1,True,investment,False
Peru,All,2020,3.0,3,True,investment,False
Peru,All,2021,1.0,2,True,investment,False
Peru,All,2022,0.0,4,True,investment,False
Peru,All,2023,1.0,1,True,investment,False
Peru,All,2024,0.0,0,True,investment,False
Peru,All,2025,0.0,0,False,investment,False
Peru,Biotechnology,2021,0.0,0,True,investment,False
Peru,Biotechnology,2022,0.0,0,True,investment,False
Peru,Computer Vision,2022,0.0,0,True,investment,False
Peru,Data and analytics,2015,0.0,0,True,investment,False
Peru,Data and analytics,2017,0.0,0,True,investment,False
Peru,Data and analytics,2018,0.0,0,True,investment,False
Peru,Data and analytics,2019,1.0,1,True,investment,False
Peru,Data and analytics,2020,3.0,3,True,investment,False
Peru,Data and analytics,2021,1.0,1,True,investment,False
Peru,Data and analytics,2022,0.0,3,True,investment,False
Peru,Data and analytics,2023,1.0,1,True,investment,False
Peru,Education,2018,0.0,0,True,investment,False
Peru,Education,2019,1.0,1,True,investment,False
Peru,Education,2020,3.0,3,True,investment,False
Peru,Education,2023,0.0,0,True,investment,False
Peru,Energy and natural resources,2020,,0,True,investment,False
Peru,Energy and natural resources,2021,,0,True,investment,False
Peru,Finance,2021,,1,True,investment,False
Peru,General purpose,2017,0.0,0,True,investment,False
Peru,General purpose,2018,0.0,0,True,investment,False
Peru,General purpose,2019,1.0,1,True,investment,False
Peru,General purpose,2020,3.0,3,True,investment,False
Peru,General purpose,2021,1.0,1,True,investment,False
Peru,General purpose,2022,0.0,3,True,investment,False
Peru,General purpose,2023,1.0,1,True,investment,False
Peru,Hardware,2017,,0,True,investment,False
Peru,Hardware,2020,,0,True,investment,False
Peru,Hardware,2021,0.0,0,True,investment,False
Peru,Hardware,2022,0.0,0,True,investment,False
Peru,Hardware,2023,0.0,0,True,investment,False
Peru,Healthcare and Life Sciences,2017,,0,True,investment,False
Peru,Healthcare and Life Sciences,2021,0.0,0,True,investment,False
Peru,Healthcare and Life Sciences,2024,0.0,0,True,investment,False
Peru,Information Technology,2021,0.0,0,True,investment,False
Peru,Information Technology,2022,,3,True,investment,False
Peru,Lending and Investments,2021,,0,True,investment,False
Peru,Media and Entertainment,2015,0.0,0,True,investment,False
Peru,Media and Entertainment,2017,0.0,0,True,investment,False
Peru,Media and Entertainment,2021,,1,True,investment,False
Peru,"Mobile, platforms & Internet services",2015,0.0,0,True,investment,False
Peru,"Mobile, platforms & Internet services",2017,0.0,0,True,investment,False
Peru,"Mobile, platforms & Internet services",2021,,0,True,investment,False
Peru,"Mobile, platforms & Internet services",2022,,3,True,investment,False
Peru,Other,2021,,1,True,investment,False
Peru,Professional services,2023,0.0,0,True,investment,False
Peru,Real estate,2025,0.0,0,False,investment,False
Peru,Robotics,2020,,0,True,investment,False
Peru,Robotics,2021,0.0,0,True,investment,False
Peru,Robotics,2022,0.0,0,True,investment,False
Peru,"Sales, retail, commerce, marketing",2021,,0,True,investment,False
Peru,"Sales, retail, commerce, marketing",2023,0.0,0,True,investment,False
Peru,Software,2017,0.0,0,True,investment,False
Peru,Software,2018,0.0,0,True,investment,False
Peru,Software,2019,1.0,1,True,investment,False
Peru,Software,2020,3.0,3,True,investment,False
Peru,Software,2021,1.0,1,True,investment,False
Peru,Software,2022,0.0,3,True,investment,False
Peru,Software,2023,1.0,1,True,investment,False
Peru,Software,2025,0.0,0,False,investment,False
Peru,Transportation,2022,0.0,0,True,investment,False
Philippines,Agriculture,2025,,22,False,investment,False
Philippines,All,2015,,2,True,investment,False
Philippines,All,2016,1.0,1,True,investment,False
Philippines,All,2018,1.0,3,True,investment,False
Philippines,All,2020,1.0,1,True,investment,False
Philippines,All,2021,5.0,5,True,investment,False
Philippines,All,2022,62.0,66,True,investment,False
Philippines,All,2023,7.0,9,True,investment,False
Philippines,All,2024,37.0,75,True,investment,False
Philippines,All,2025,118.0,150,False,investment,False
Philippines,Community and Lifestyle,2023,,0,True,investment,False
Philippines,Computer Vision,2022,0.0,0,True,investment,False
Philippines,Data and analytics,2015,,2,True,investment,False
Philippines,Data and analytics,2016,0.0,0,True,investment,False
Philippines,Data and analytics,2018,1.0,3,True,investment,False
Philippines,Data and analytics,2020,0.0,0,True,investment,False
Philippines,Data and analytics,2021,1.0,1,True,investment,False
Philippines,Data and analytics,2022,24.0,24,True,investment,False
Philippines,Data and analytics,2023,7.0,7,True,investment,False
Philippines,Data and analytics,2024,16.0,51,True,investment,False
Philippines,Data and analytics,2025,97.0,127,False,investment,False
Philippines,Education,2024,,31,True,investment,False
Philippines,Energy and natural resources,2024,0.0,0,True,investment,False
Philippines,Energy and natural resources,2025,1.0,1,False,investment,False
Philippines,Finance,2020,0.0,0,True,investment,False
Philippines,Finance,2021,1.0,1,True,investment,False
Philippines,Finance,2022,24.0,24,True,investment,False
Philippines,Finance,2023,6.0,6,True,investment,False
Philippines,Finance,2024,16.0,18,True,investment,False
Philippines,Finance,2025,90.0,93,False,investment,False
Philippines,General purpose,2018,1.0,3,True,investment,False
Philippines,General purpose,2021,0.0,0,True,investment,False
Philippines,General purpose,2022,24.0,24,True,investment,False
Philippines,General purpose,2023,1.0,1,True,investment,False
Philippines,General purpose,2024,16.0,51,True,investment,False
Philippines,General purpose,2025,96.0,126,False,investment,False
Philippines,Hardware,2022,0.0,0,True,investment,False
Philippines,Healthcare and Life Sciences,2018,0.0,0,True,investment,False
Philippines,Information Technology,2015,,2,True,investment,False
Philippines,Information Technology,2016,1.0,1,True,investment,False
Philippines,Information Technology,2018,0.0,3,True,investment,False
Philippines,Information Technology,2022,0.0,0,True,investment,False
Philippines,Information Technology,2025,,2,False,investment,False
Philippines,Lending and Investments,2020,0.0,0,True,investment,False
Philippines,Lending and Investments,2021,1.0,1,True,investment,False
Philippines,Lending and Investments,2022,2.0,3,True,investment,False
Philippines,Lending and Investments,2023,6.0,6,True,investment,False
Philippines,Lending and Investments,2024,11.0,11,True,investment,False
Philippines,"Mobile, platforms & Internet services",2015,,2,True,investment,False
Philippines,"Mobile, platforms & Internet services",2016,1.0,1,True,investment,False
Philippines,"Mobile, platforms & Internet services",2018,0.0,0,True,investment,False
Philippines,"Mobile, platforms & Internet services",2021,0.0,0,True,investment,False
Philippines,"Mobile, platforms & Internet services",2022,2.0,2,True,investment,False
Philippines,"Mobile, platforms & Internet services",2023,0.0,0,True,investment,False
Philippines,"Mobile, platforms & Internet services",2024,11.0,11,True,investment,False
Philippines,"Mobile, platforms & Internet services",2025,6.0,8,False,investment,False
Philippines,Other,2021,0.0,0,True,investment,False
Philippines,Other,2022,0.0,0,True,investment,False
Philippines,Other,2023,0.0,0,True,investment,False
Philippines,Other,2025,6.0,6,False,investment,False
Philippines,Privacy and Security,2022,0.0,0,True,investment,False
Philippines,Professional services,2015,,2,True,investment,False
Philippines,Professional services,2016,0.0,0,True,investment,False
Philippines,Professional services,2021,0.0,0,True,investment,False
Philippines,Professional services,2022,0.0,0,True,investment,False
Philippines,Professional services,2023,0.0,0,True,investment,False
Philippines,Real estate,2024,0.0,0,True,investment,False
Philippines,Robotics,2022,0.0,0,True,investment,False
Philippines,"Sales, retail, commerce, marketing",2021,0.0,0,True,investment,False
Philippines,Software,2015,,2,True,investment,False
Philippines,Software,2016,1.0,1,True,investment,False
Philippines,Software,2018,1.0,3,True,investment,False
Philippines,Software,2020,0.0,0,True,investment,False
Philippines,Software,2021,1.0,1,True,investment,False
Philippines,Software,2022,24.0,28,True,investment,False
Philippines,Software,2023,7.0,7,True,investment,False
Philippines,Software,2024,16.0,51,True,investment,False
Philippines,Software,2025,97.0,129,False,investment,False
Philippines,Transportation,2022,,4,True,investment,False
Poland,Agriculture,2021,,1,True,investment,False
Poland,Agriculture,2022,0.0,0,True,investment,False
Poland,Agriculture,2023,0.0,0,True,investment,False
Poland,Agriculture,2024,0.0,0,True,investment,False
Poland,Agriculture,2025,,5,False,investment,False
Poland,All,2015,3.0,18,True,investment,False
Poland,All,2016,11.0,19,True,investment,False
Poland,All,2017,42.0,59,True,investment,False
Poland,All,2018,17.0,26,True,investment,False
Poland,All,2019,26.0,108,True,investment,False
Poland,All,2020,99.0,141,True,investment,False
Poland,All,2021,53.0,129,True,investment,False
Poland,All,2022,118.0,190,True,investment,False
Poland,All,2023,26.0,134,True,investment,False
Poland,All,2024,46.0,121,True,investment,False
Poland,All,2025,84.0,559,False,investment,False
Poland,Biotechnology,2017,2.0,2,True,investment,False
Poland,Biotechnology,2018,1.0,1,True,investment,False
Poland,Biotechnology,2019,1.0,1,True,investment,False
Poland,Biotechnology,2020,2.0,2,True,investment,False
Poland,Biotechnology,2021,4.0,5,True,investment,False
Poland,Biotechnology,2022,1.0,1,True,investment,False
Poland,Biotechnology,2023,2.0,2,True,investment,False
Poland,Biotechnology,2024,1.0,1,True,investment,False
Poland,Biotechnology,2025,6.0,9,False,investment,False
Poland,Community and Lifestyle,2020,0.0,0,True,investment,False
Poland,Community and Lifestyle,2021,2.0,2,True,investment,False
Poland,Community and Lifestyle,2023,1.0,2,True,investment,False
Poland,Community and Lifestyle,2024,0.0,0,True,investment,False
Poland,Community and Lifestyle,2025,1.0,1,False,investment,False
Poland,Computer Vision,2018,1.0,2,True,investment,False
Poland,Computer Vision,2019,0.0,0,True,investment,False
Poland,Computer Vision,2020,1.0,1,True,investment,False
Poland,Computer Vision,2021,3.0,23,True,investment,False
Poland,Computer Vision,2022,1.0,1,True,investment,False
Poland,Computer Vision,2023,1.0,2,True,investment,False
Poland,Computer Vision,2024,1.0,1,True,investment,False
Poland,Computer Vision,2025,3.0,3,False,investment,False
Poland,Consumer goods,2016,,1,True,investment,False
Poland,Consumer goods,2017,2.0,6,True,investment,False
Poland,Consumer goods,2018,2.0,2,True,investment,False
Poland,Consumer goods,2019,1.0,1,True,investment,False
Poland,Consumer goods,2020,1.0,2,True,investment,False
Poland,Consumer goods,2021,1.0,1,True,investment,False
Poland,Consumer goods,2022,,1,True,investment,False
Poland,Consumer goods,2023,2.0,2,True,investment,False
Poland,Consumer goods,2024,0.0,18,True,investment,False
Poland,Consumer goods,2025,4.0,4,False,investment,False
Poland,Cyber Security,2017,2.0,2,True,investment,False
Poland,Cyber Security,2018,3.0,3,True,investment,False
Poland,Cyber Security,2019,1.0,1,True,investment,False
Poland,Cyber Security,2021,1.0,1,True,investment,False
Poland,Cyber Security,2022,,20,True,investment,False
Poland,Cyber Security,2025,,5,False,investment,False
Poland,Data and analytics,2015,2.0,18,True,investment,False
Poland,Data and analytics,2016,11.0,14,True,investment,False
Poland,Data and analytics,2017,37.0,55,True,investment,False
Poland,Data and analytics,2018,12.0,20,True,investment,False
Poland,Data and analytics,2019,13.0,93,True,investment,False
Poland,Data and analytics,2020,68.0,110,True,investment,False
Poland,Data and analytics,2021,23.0,78,True,investment,False
Poland,Data and analytics,2022,53.0,118,True,investment,False
Poland,Data and analytics,2023,11.0,93,True,investment,False
Poland,Data and analytics,2024,16.0,48,True,investment,False
Poland,Data and analytics,2025,27.0,492,False,investment,False
Poland,Education,2016,0.0,0,True,investment,False
Poland,Education,2018,0.0,0,True,investment,False
Poland,Education,2019,2.0,3,True,investment,False
Poland,Education,2020,3.0,3,True,investment,False
Poland,Education,2021,2.0,3,True,investment,False
Poland,Education,2022,0.0,0,True,investment,False
Poland,Education,2023,0.0,1,True,investment,False
Poland,Education,2024,10.0,29,True,investment,False
Poland,Education,2025,2.0,2,False,investment,False
Poland,Energy and natural resources,2017,0.0,4,True,investment,False
Poland,Energy and natural resources,2018,1.0,1,True,investment,False
Poland,Energy and natural resources,2019,1.0,1,True,investment,False
Poland,Energy and natural resources,2020,0.0,0,True,investment,False
Poland,Energy and natural resources,2021,0.0,3,True,investment,False
Poland,Energy and natural resources,2022,3.0,3,True,investment,False
Poland,Energy and natural resources,2023,0.0,0,True,investment,False
Poland,Energy and natural resources,2024,,2,True,investment,False
Poland,Energy and natural resources,2025,,12,False,investment,False
Poland,Facial Recognition,2019,0.0,0,True,investment,False
Poland,Finance,2016,1.0,3,True,investment,False
Poland,Finance,2017,27.0,30,True,investment,False
Poland,Finance,2018,3.0,6,True,investment,False
Poland,Finance,2019,2.0,2,True,investment,False
Poland,Finance,2020,5.0,7,True,investment,False
Poland,Finance,2021,4.0,25,True,investment,False
Poland,Finance,2022,8.0,28,True,investment,False
Poland,Finance,2023,0.0,3,True,investment,False
Poland,Finance,2024,0.0,5,True,investment,False
Poland,Finance,2025,,12,False,investment,False
Poland,Gaming,2015,0.0,0,True,investment,False
Poland,Gaming,2016,0.0,0,True,investment,False
Poland,Gaming,2017,0.0,0,True,investment,False
Poland,Gaming,2018,0.0,0,True,investment,False
Poland,Gaming,2019,3.0,3,True,investment,False
Poland,Gaming,2020,3.0,5,True,investment,False
Poland,Gaming,2021,2.0,2,True,investment,False
Poland,Gaming,2022,0.0,0,True,investment,False
Poland,General purpose,2015,2.0,3,True,investment,False
Poland,General purpose,2016,10.0,16,True,investment,False
Poland,General purpose,2017,12.0,19,True,investment,False
Poland,General purpose,2018,14.0,20,True,investment,False
Poland,General purpose,2019,11.0,91,True,investment,False
Poland,General purpose,2020,27.0,33,True,investment,False
Poland,General purpose,2021,21.0,73,True,investment,False
Poland,General purpose,2022,53.0,120,True,investment,False
Poland,General purpose,2023,12.0,97,True,investment,False
Poland,General purpose,2024,17.0,68,True,investment,False
Poland,General purpose,2025,24.0,492,False,investment,False
Poland,Hardware,2015,0.0,0,True,investment,False
Poland,Hardware,2016,0.0,1,True,investment,False
Poland,Hardware,2017,3.0,6,True,investment,False
Poland,Hardware,2018,3.0,3,True,investment,False
Poland,Hardware,2019,2.0,2,True,investment,False
Poland,Hardware,2020,6.0,8,True,investment,False
Poland,Hardware,2021,9.0,14,True,investment,False
Poland,Hardware,2022,7.0,11,True,investment,False
Poland,Hardware,2023,4.0,13,True,investment,False
Poland,Hardware,2024,1.0,25,True,investment,False
Poland,Hardware,2025,18.0,444,False,investment,False
Poland,Healthcare and Life Sciences,2015,0.0,0,True,investment,False
Poland,Healthcare and Life Sciences,2016,,3,True,investment,False
Poland,Healthcare and Life Sciences,2017,3.0,7,True,investment,False
Poland,Healthcare and Life Sciences,2018,2.0,3,True,investment,False
Poland,Healthcare and Life Sciences,2019,3.0,3,True,investment,False
Poland,Healthcare and Life Sciences,2020,6.0,7,True,investment,False
Poland,Healthcare and Life Sciences,2021,10.0,11,True,investment,False
Poland,Healthcare and Life Sciences,2022,9.0,10,True,investment,False
Poland,Healthcare and Life Sciences,2023,4.0,32,True,investment,False
Poland,Healthcare and Life Sciences,2024,2.0,2,True,investment,False
Poland,Healthcare and Life Sciences,2025,11.0,13,False,investment,False
Poland,Information Technology,2015,2.0,4,True,investment,False
Poland,Information Technology,2016,10.0,10,True,investment,False
Poland,Information Technology,2017,5.0,15,True,investment,False
Poland,Information Technology,2018,5.0,9,True,investment,False
Poland,Information Technology,2019,5.0,7,True,investment,False
Poland,Information Technology,2020,12.0,13,True,investment,False
Poland,Information Technology,2021,6.0,12,True,investment,False
Poland,Information Technology,2022,4.0,46,True,investment,False
Poland,Information Technology,2023,6.0,101,True,investment,False
Poland,Information Technology,2024,2.0,28,True,investment,False
Poland,Information Technology,2025,5.0,14,False,investment,False
Poland,Lending and Investments,2019,0.0,0,True,investment,False
Poland,Lending and Investments,2020,,0,True,investment,False
Poland,Lending and Investments,2021,,18,True,investment,False
Poland,Manufacturing,2016,,3,True,investment,False
Poland,Manufacturing,2017,0.0,0,True,investment,False
Poland,Manufacturing,2018,2.0,2,True,investment,False
Poland,Manufacturing,2019,0.0,0,True,investment,False
Poland,Manufacturing,2020,2.0,2,True,investment,False
Poland,Manufacturing,2021,,36,True,investment,False
Poland,Manufacturing,2022,0.0,2,True,investment,False
Poland,Manufacturing,2023,,6,True,investment,False
Poland,Manufacturing,2024,1.0,19,True,investment,False
Poland,Manufacturing,2025,4.0,12,False,investment,False
Poland,Media and Entertainment,2016,0.0,0,True,investment,False
Poland,Media and Entertainment,2017,,0,True,investment,False
Poland,Media and Entertainment,2019,0.0,0,True,investment,False
Poland,Media and Entertainment,2020,0.0,0,True,investment,False
Poland,Media and Entertainment,2021,0.0,0,True,investment,False
Poland,Media and Entertainment,2022,0.0,1,True,investment,False
Poland,Media and Entertainment,2023,,1,True,investment,False
Poland,"Military, public safety and government",2019,0.0,0,True,investment,False
Poland,"Military, public safety and government",2020,2.0,2,True,investment,False
Poland,"Military, public safety and government",2021,0.0,0,True,investment,False
Poland,"Military, public safety and government",2022,3.0,3,True,investment,False
Poland,"Military, public safety and government",2023,1.0,1,True,investment,False
Poland,"Military, public safety and government",2024,1.0,1,True,investment,False
Poland,"Military, public safety and government",2025,1.0,1,False,investment,False
Poland,"Mobile, platforms & Internet services",2015,1.0,1,True,investment,False
Poland,"Mobile, platforms & Internet services",2016,10.0,11,True,investment,False
Poland,"Mobile, platforms & Internet services",2017,1.0,8,True,investment,False
Poland,"Mobile, platforms & Internet services",2018,1.0,5,True,investment,False
Poland,"Mobile, platforms & Internet services",2019,4.0,4,True,investment,False
Poland,"Mobile, platforms & Internet services",2020,8.0,10,True,investment,False
Poland,"Mobile, platforms & Internet services",2021,2.0,9,True,investment,False
Poland,"Mobile, platforms & Internet services",2022,11.0,12,True,investment,False
Poland,"Mobile, platforms & Internet services",2023,3.0,7,True,investment,False
Poland,"Mobile, platforms & Internet services",2024,1.0,3,True,investment,False
Poland,"Mobile, platforms & Internet services",2025,19.0,463,False,investment,False
Poland,NLP,2015,1.0,1,True,investment,False
Poland,NLP,2016,3.0,3,True,investment,False
Poland,NLP,2017,2.0,2,True,investment,False
Poland,NLP,2018,0.0,0,True,investment,False
Poland,NLP,2020,9.0,9,True,investment,False
Poland,NLP,2021,1.0,4,True,investment,False
Poland,NLP,2022,8.0,26,True,investment,False
Poland,NLP,2023,0.0,18,True,investment,False
Poland,Navigation and mapping,2018,,0,True,investment,False
Poland,Navigation and mapping,2021,1.0,1,True,investment,False
Poland,Navigation and mapping,2023,0.0,1,True,investment,False
Poland,Navigation and mapping,2024,,5,True,investment,False
Poland,Other,2015,2.0,2,True,investment,False
Poland,Other,2016,3.0,7,True,investment,False
Poland,Other,2018,0.0,0,True,investment,False
Poland,Other,2019,1.0,1,True,investment,False
Poland,Other,2020,0.0,0,True,investment,False
Poland,Other,2021,2.0,28,True,investment,False
Poland,Other,2022,3.0,4,True,investment,False
Poland,Other,2023,0.0,4,True,investment,False
Poland,Other,2024,1.0,6,True,investment,False
Poland,Other,2025,,29,False,investment,False
Poland,Privacy and Security,2017,2.0,2,True,investment,False
Poland,Privacy and Security,2018,3.0,3,True,investment,False
Poland,Privacy and Security,2019,1.0,1,True,investment,False
Poland,Privacy and Security,2020,0.0,1,True,investment,False
Poland,Privacy and Security,2021,1.0,1,True,investment,False
Poland,Privacy and Security,2022,0.0,20,True,investment,False
Poland,Privacy and Security,2023,,0,True,investment,False
Poland,Privacy and Security,2024,1.0,1,True,investment,False
Poland,Privacy and Security,2025,1.0,6,False,investment,False
Poland,Professional services,2015,1.0,1,True,investment,False
Poland,Professional services,2016,3.0,3,True,investment,False
Poland,Professional services,2017,4.0,4,True,investment,False
Poland,Professional services,2018,3.0,4,True,investment,False
Poland,Professional services,2019,1.0,83,True,investment,False
Poland,Professional services,2020,4.0,5,True,investment,False
Poland,Professional services,2021,2.0,6,True,investment,False
Poland,Professional services,2022,0.0,21,True,investment,False
Poland,Professional services,2023,0.0,40,True,investment,False
Poland,Professional services,2024,1.0,6,True,investment,False
Poland,Real estate,2018,1.0,1,True,investment,False
Poland,Real estate,2019,1.0,1,True,investment,False
Poland,Real estate,2020,1.0,1,True,investment,False
Poland,Real estate,2021,1.0,21,True,investment,False
Poland,Real estate,2022,3.0,3,True,investment,False
Poland,Real estate,2023,0.0,0,True,investment,False
Poland,Real estate,2024,0.0,2,True,investment,False
Poland,Real estate,2025,0.0,17,False,investment,False
Poland,Robotics,2016,0.0,0,True,investment,False
Poland,Robotics,2018,1.0,1,True,investment,False
Poland,Robotics,2019,1.0,1,True,investment,False
Poland,Robotics,2020,2.0,3,True,investment,False
Poland,Robotics,2021,2.0,5,True,investment,False
Poland,Robotics,2022,3.0,3,True,investment,False
Poland,Robotics,2023,2.0,2,True,investment,False
Poland,Robotics,2025,11.0,432,False,investment,False
Poland,"Sales, retail, commerce, marketing",2015,0.0,14,True,investment,False
Poland,"Sales, retail, commerce, marketing",2016,6.0,6,True,investment,False
Poland,"Sales, retail, commerce, marketing",2017,4.0,4,True,investment,False
Poland,"Sales, retail, commerce, marketing",2018,6.0,9,True,investment,False
Poland,"Sales, retail, commerce, marketing",2019,4.0,4,True,investment,False
Poland,"Sales, retail, commerce, marketing",2020,42.0,43,True,investment,False
Poland,"Sales, retail, commerce, marketing",2021,3.0,42,True,investment,False
Poland,"Sales, retail, commerce, marketing",2022,23.0,46,True,investment,False
Poland,"Sales, retail, commerce, marketing",2023,1.0,28,True,investment,False
Poland,"Sales, retail, commerce, marketing",2024,4.0,4,True,investment,False
Poland,Simulation,2017,0.0,0,True,investment,False
Poland,Simulation,2020,0.0,0,True,investment,False
Poland,Simulation,2022,0.0,0,True,investment,False
Poland,Simulation,2023,0.0,0,True,investment,False
Poland,Simulation,2024,,1,True,investment,False
Poland,Software,2015,2.0,18,True,investment,False
Poland,Software,2016,11.0,14,True,investment,False
Poland,Software,2017,38.0,55,True,investment,False
Poland,Software,2018,13.0,21,True,investment,False
Poland,Software,2019,14.0,96,True,investment,False
Poland,Software,2020,71.0,113,True,investment,False
Poland,Software,2021,25.0,82,True,investment,False
Poland,Software,2022,54.0,122,True,investment,False
Poland,Software,2023,12.0,120,True,investment,False
Poland,Software,2024,17.0,68,True,investment,False
Poland,Software,2025,27.0,492,False,investment,False
Poland,Speech Recognition,2015,0.0,0,True,investment,False
Poland,Speech Recognition,2023,0.0,0,True,investment,False
Poland,Sports,2015,0.0,0,True,investment,False
Poland,Sports,2017,1.0,1,True,investment,False
Poland,Sports,2018,0.0,0,True,investment,False
Poland,Sports,2019,2.0,2,True,investment,False
Poland,Sports,2020,3.0,4,True,investment,False
Poland,Sports,2021,3.0,4,True,investment,False
Poland,Sports,2022,0.0,0,True,investment,False
Poland,Sports,2025,6.0,6,False,investment,False
Poland,Telecommunications,2015,0.0,0,True,investment,False
Poland,Telecommunications,2016,3.0,3,True,investment,False
Poland,Telecommunications,2020,1.0,1,True,investment,False
Poland,Telecommunications,2021,,2,True,investment,False
Poland,Telecommunications,2022,0.0,0,True,investment,False
Poland,Transportation,2018,2.0,2,True,investment,False
Poland,Transportation,2019,0.0,0,True,investment,False
Poland,Transportation,2020,4.0,5,True,investment,False
Poland,Transportation,2021,1.0,21,True,investment,False
Poland,Transportation,2022,4.0,4,True,investment,False
Poland,Transportation,2023,2.0,4,True,investment,False
Poland,Transportation,2024,0.0,18,True,investment,False
Poland,Transportation,2025,11.0,425,False,investment,False
Portugal,Agriculture,2018,,0,True,investment,False
Portugal,Agriculture,2020,0.0,0,True,investment,False
Portugal,All,2015,20.0,23,True,investment,False
Portugal,All,2016,12.0,17,True,investment,False
Portugal,All,2017,53.0,195,True,investment,False
Portugal,All,2018,30.0,150,True,investment,False
Portugal,All,2019,93.0,106,True,investment,False
Portugal,All,2020,16.0,24,True,investment,False
Portugal,All,2021,261.0,278,True,investment,False
Portugal,All,2022,66.0,164,True,investment,False
Portugal,All,2023,51.0,89,True,investment,False
Portugal,All,2024,52.0,69,True,investment,False
Portugal,All,2025,90.0,273,False,investment,False
Portugal,Biotechnology,2016,0.0,0,True,investment,False
Portugal,Biotechnology,2017,,1,True,investment,False
Portugal,Biotechnology,2018,0.0,0,True,investment,False
Portugal,Biotechnology,2019,2.0,3,True,investment,False
Portugal,Biotechnology,2020,5.0,5,True,investment,False
Portugal,Biotechnology,2021,1.0,3,True,investment,False
Portugal,Biotechnology,2023,6.0,6,True,investment,False
Portugal,Biotechnology,2025,,1,False,investment,False
Portugal,Community and Lifestyle,2016,0.0,0,True,investment,False
Portugal,Community and Lifestyle,2018,0.0,0,True,investment,False
Portugal,Community and Lifestyle,2019,,1,True,investment,False
Portugal,Community and Lifestyle,2020,0.0,0,True,investment,False
Portugal,Community and Lifestyle,2021,0.0,0,True,investment,False
Portugal,Community and Lifestyle,2022,1.0,6,True,investment,False
Portugal,Community and Lifestyle,2023,,4,True,investment,False
Portugal,Community and Lifestyle,2024,2.0,4,True,investment,False
Portugal,Community and Lifestyle,2025,,5,False,investment,False
Portugal,Computer Vision,2015,,2,True,investment,False
Portugal,Computer Vision,2017,0.0,0,True,investment,False
Portugal,Computer Vision,2018,0.0,1,True,investment,False
Portugal,Computer Vision,2019,1.0,6,True,investment,False
Portugal,Computer Vision,2020,0.0,0,True,investment,False
Portugal,Computer Vision,2021,2.0,3,True,investment,False
Portugal,Computer Vision,2022,2.0,3,True,investment,False
Portugal,Computer Vision,2024,2.0,4,True,investment,False
Portugal,Computer Vision,2025,2.0,8,False,investment,False
Portugal,Consumer goods,2016,0.0,0,True,investment,False
Portugal,Consumer goods,2017,1.0,3,True,investment,False
Portugal,Consumer goods,2018,,1,True,investment,False
Portugal,Consumer goods,2019,3.0,6,True,investment,False
Portugal,Consumer goods,2020,0.0,0,True,investment,False
Portugal,Consumer goods,2021,0.0,0,True,investment,False
Portugal,Consumer goods,2022,2.0,2,True,investment,False
Portugal,Consumer goods,2024,2.0,2,True,investment,False
Portugal,Consumer goods,2025,,15,False,investment,False
Portugal,Cyber Security,2020,,2,True,investment,False
Portugal,Cyber Security,2021,,0,True,investment,False
Portugal,Cyber Security,2022,2.0,4,True,investment,False
Portugal,Cyber Security,2023,0.0,0,True,investment,False
Portugal,Cyber Security,2024,1.0,1,True,investment,False
Portugal,Data and analytics,2015,5.0,7,True,investment,False
Portugal,Data and analytics,2016,3.0,5,True,investment,False
Portugal,Data and analytics,2017,17.0,159,True,investment,False
Portugal,Data and analytics,2018,8.0,126,True,investment,False
Portugal,Data and analytics,2019,19.0,29,True,investment,False
Portugal,Data and analytics,2020,7.0,11,True,investment,False
Portugal,Data and analytics,2021,64.0,72,True,investment,False
Portugal,Data and analytics,2022,14.0,104,True,investment,False
Portugal,Data and analytics,2023,13.0,31,True,investment,False
Portugal,Data and analytics,2024,15.0,26,True,investment,False
Portugal,Data and analytics,2025,21.0,202,False,investment,False
Portugal,Education,2022,0.0,0,True,investment,False
Portugal,Education,2023,,2,True,investment,False
Portugal,Education,2024,1.0,1,True,investment,False
Portugal,Education,2025,0.0,0,False,investment,False
Portugal,Energy and natural resources,2015,0.0,0,True,investment,False
Portugal,Energy and natural resources,2017,,5,True,investment,False
Portugal,Energy and natural resources,2018,1.0,1,True,investment,False
Portugal,Energy and natural resources,2019,1.0,1,True,investment,False
Portugal,Energy and natural resources,2020,1.0,1,True,investment,False
Portugal,Energy and natural resources,2021,0.0,4,True,investment,False
Portugal,Energy and natural resources,2022,1.0,1,True,investment,False
Portugal,Energy and natural resources,2023,,2,True,investment,False
Portugal,Energy and natural resources,2024,3.0,5,True,investment,False
Portugal,Energy and natural resources,2025,0.0,0,False,investment,False
Portugal,Finance,2015,4.0,4,True,investment,False
Portugal,Finance,2016,0.0,2,True,investment,False
Portugal,Finance,2017,17.0,17,True,investment,False
Portugal,Finance,2018,0.0,0,True,investment,False
Portugal,Finance,2019,1.0,1,True,investment,False
Portugal,Finance,2020,1.0,2,True,investment,False
Portugal,Finance,2021,54.0,54,True,investment,False
Portugal,Finance,2022,1.0,1,True,investment,False
Portugal,Finance,2023,2.0,2,True,investment,False
Portugal,Finance,2024,1.0,4,True,investment,False
Portugal,Finance,2025,15.0,30,False,investment,False
Portugal,Gaming,2022,0.0,2,True,investment,False
Portugal,Gaming,2023,5.0,7,True,investment,False
Portugal,Gaming,2025,,6,False,investment,False
Portugal,General purpose,2015,5.0,7,True,investment,False
Portugal,General purpose,2016,3.0,6,True,investment,False
Portugal,General purpose,2017,17.0,158,True,investment,False
Portugal,General purpose,2018,8.0,9,True,investment,False
Portugal,General purpose,2019,20.0,31,True,investment,False
Portugal,General purpose,2020,7.0,11,True,investment,False
Portugal,General purpose,2021,66.0,75,True,investment,False
Portugal,General purpose,2022,12.0,103,True,investment,False
Portugal,General purpose,2023,19.0,36,True,investment,False
Portugal,General purpose,2024,13.0,24,True,investment,False
Portugal,General purpose,2025,21.0,184,False,investment,False
Portugal,Hardware,2015,1.0,2,True,investment,False
Portugal,Hardware,2016,0.0,0,True,investment,False
Portugal,Hardware,2017,2.0,9,True,investment,False
Portugal,Hardware,2018,1.0,1,True,investment,False
Portugal,Hardware,2019,5.0,11,True,investment,False
Portugal,Hardware,2020,2.0,2,True,investment,False
Portugal,Hardware,2021,2.0,6,True,investment,False
Portugal,Hardware,2022,6.0,11,True,investment,False
Portugal,Hardware,2023,2.0,3,True,investment,False
Portugal,Hardware,2024,6.0,8,True,investment,False
Portugal,Hardware,2025,,21,False,investment,False
Portugal,Healthcare and Life Sciences,2015,1.0,1,True,investment,False
Portugal,Healthcare and Life Sciences,2016,,0,True,investment,False
Portugal,Healthcare and Life Sciences,2017,1.0,1,True,investment,False
Portugal,Healthcare and Life Sciences,2018,0.0,0,True,investment,False
Portugal,Healthcare and Life Sciences,2019,2.0,3,True,investment,False
Portugal,Healthcare and Life Sciences,2020,1.0,2,True,investment,False
Portugal,Healthcare and Life Sciences,2021,3.0,5,True,investment,False
Portugal,Healthcare and Life Sciences,2022,,75,True,investment,False
Portugal,Healthcare and Life Sciences,2023,6.0,6,True,investment,False
Portugal,Healthcare and Life Sciences,2024,,4,True,investment,False
Portugal,Healthcare and Life Sciences,2025,1.0,18,False,investment,False
Portugal,Information Technology,2015,4.0,5,True,investment,False
Portugal,Information Technology,2016,0.0,2,True,investment,False
Portugal,Information Technology,2017,17.0,20,True,investment,False
Portugal,Information Technology,2018,0.0,118,True,investment,False
Portugal,Information Technology,2019,5.0,8,True,investment,False
Portugal,Information Technology,2020,6.0,8,True,investment,False
Portugal,Information Technology,2021,55.0,59,True,investment,False
Portugal,Information Technology,2022,5.0,14,True,investment,False
Portugal,Information Technology,2023,2.0,4,True,investment,False
Portugal,Information Technology,2024,7.0,8,True,investment,False
Portugal,Information Technology,2025,18.0,138,False,investment,False
Portugal,Lending and Investments,2022,1.0,1,True,investment,False
Portugal,Manufacturing,2017,,5,True,investment,False
Portugal,Manufacturing,2018,,0,True,investment,False
Portugal,Manufacturing,2019,0.0,3,True,investment,False
Portugal,Manufacturing,2021,,0,True,investment,False
Portugal,Manufacturing,2022,2.0,3,True,investment,False
Portugal,Manufacturing,2024,,2,True,investment,False
Portugal,Media and Entertainment,2015,,1,True,investment,False
Portugal,Media and Entertainment,2016,0.0,0,True,investment,False
Portugal,Media and Entertainment,2017,1.0,130,True,investment,False
Portugal,Media and Entertainment,2018,,0,True,investment,False
Portugal,Media and Entertainment,2019,3.0,6,True,investment,False
Portugal,Media and Entertainment,2020,0.0,0,True,investment,False
Portugal,Media and Entertainment,2022,3.0,3,True,investment,False
Portugal,Media and Entertainment,2024,,4,True,investment,False
Portugal,Media and Entertainment,2025,,3,False,investment,False
Portugal,"Mobile, platforms & Internet services",2015,0.0,0,True,investment,False
Portugal,"Mobile, platforms & Internet services",2017,0.0,6,True,investment,False
Portugal,"Mobile, platforms & Internet services",2018,1.0,118,True,investment,False
Portugal,"Mobile, platforms & Internet services",2019,3.0,3,True,investment,False
Portugal,"Mobile, platforms & Internet services",2020,2.0,4,True,investment,False
Portugal,"Mobile, platforms & Internet services",2021,4.0,10,True,investment,False
Portugal,"Mobile, platforms & Internet services",2022,2.0,4,True,investment,False
Portugal,"Mobile, platforms & Internet services",2023,1.0,1,True,investment,False
Portugal,"Mobile, platforms & Internet services",2024,3.0,6,True,investment,False
Portugal,"Mobile, platforms & Internet services",2025,,6,False,investment,False
Portugal,NLP,2015,0.0,0,True,investment,False
Portugal,NLP,2016,1.0,1,True,investment,False
Portugal,NLP,2018,3.0,3,True,investment,False
Portugal,NLP,2019,5.0,5,True,investment,False
Portugal,NLP,2022,0.0,0,True,investment,False
Portugal,NLP,2023,3.0,3,True,investment,False
Portugal,NLP,2025,,2,False,investment,False
Portugal,Other,2015,0.0,0,True,investment,False
Portugal,Other,2016,1.0,1,True,investment,False
Portugal,Other,2017,0.0,1,True,investment,False
Portugal,Other,2018,3.0,3,True,investment,False
Portugal,Other,2019,5.0,5,True,investment,False
Portugal,Other,2020,0.0,1,True,investment,False
Portugal,Other,2021,2.0,4,True,investment,False
Portugal,Other,2022,3.0,3,True,investment,False
Portugal,Other,2023,5.0,5,True,investment,False
Portugal,Other,2024,5.0,7,True,investment,False
Portugal,Other,2025,,5,False,investment,False
Portugal,Privacy and Security,2015,4.0,4,True,investment,False
Portugal,Privacy and Security,2016,0.0,3,True,investment,False
Portugal,Privacy and Security,2017,17.0,18,True,investment,False
Portugal,Privacy and Security,2018,0.0,0,True,investment,False
Portugal,Privacy and Security,2019,1.0,1,True,investment,False
Portugal,Privacy and Security,2020,2.0,4,True,investment,False
Portugal,Privacy and Security,2021,52.0,52,True,investment,False
Portugal,Privacy and Security,2022,2.0,4,True,investment,False
Portugal,Privacy and Security,2023,0.0,0,True,investment,False
Portugal,Privacy and Security,2024,1.0,1,True,investment,False
Portugal,Privacy and Security,2025,15.0,15,False,investment,False
Portugal,Professional services,2015,0.0,0,True,investment,False
Portugal,Professional services,2016,1.0,1,True,investment,False
Portugal,Professional services,2017,0.0,1,True,investment,False
Portugal,Professional services,2018,3.0,3,True,investment,False
Portugal,Professional services,2019,5.0,5,True,investment,False
Portugal,Professional services,2020,0.0,0,True,investment,False
Portugal,Professional services,2021,,2,True,investment,False
Portugal,Professional services,2022,1.0,7,True,investment,False
Portugal,Professional services,2023,6.0,8,True,investment,False
Portugal,Professional services,2024,0.0,4,True,investment,False
Portugal,Professional services,2025,,6,False,investment,False
Portugal,Real estate,2015,0.0,0,True,investment,False
Portugal,Real estate,2016,2.0,2,True,investment,False
Portugal,Real estate,2018,,1,True,investment,False
Portugal,Real estate,2019,2.0,2,True,investment,False
Portugal,Real estate,2021,2.0,6,True,investment,False
Portugal,Real estate,2022,0.0,0,True,investment,False
Portugal,Real estate,2024,6.0,6,True,investment,False
Portugal,Real estate,2025,0.0,101,False,investment,False
Portugal,Robotics,2015,,2,True,investment,False
Portugal,Robotics,2017,0.0,0,True,investment,False
Portugal,Robotics,2022,,5,True,investment,False
Portugal,"Sales, retail, commerce, marketing",2015,,1,True,investment,False
Portugal,"Sales, retail, commerce, marketing",2017,0.0,127,True,investment,False
Portugal,"Sales, retail, commerce, marketing",2018,3.0,3,True,investment,False
Portugal,"Sales, retail, commerce, marketing",2019,7.0,7,True,investment,False
Portugal,"Sales, retail, commerce, marketing",2020,0.0,1,True,investment,False
Portugal,"Sales, retail, commerce, marketing",2021,4.0,7,True,investment,False
Portugal,"Sales, retail, commerce, marketing",2022,1.0,4,True,investment,False
Portugal,"Sales, retail, commerce, marketing",2023,3.0,4,True,investment,False
Portugal,"Sales, retail, commerce, marketing",2024,10.0,13,True,investment,False
Portugal,"Sales, retail, commerce, marketing",2025,1.0,7,False,investment,False
Portugal,Software,2015,6.0,8,True,investment,False
Portugal,Software,2016,3.0,5,True,investment,False
Portugal,Software,2017,19.0,161,True,investment,False
Portugal,Software,2018,8.0,127,True,investment,False
Portugal,Software,2019,19.0,29,True,investment,False
Portugal,Software,2020,5.0,10,True,investment,False
Portugal,Software,2021,65.0,74,True,investment,False
Portugal,Software,2022,14.0,105,True,investment,False
Portugal,Software,2023,13.0,33,True,investment,False
Portugal,Software,2024,16.0,29,True,investment,False
Portugal,Software,2025,22.0,202,False,investment,False
Portugal,Speech Recognition,2023,0.0,0,True,investment,False
Portugal,Speech Recognition,2024,0.0,2,True,investment,False
Portugal,Sports,2022,0.0,4,True,investment,False
Portugal,Sports,2023,5.0,7,True,investment,False
Portugal,Sports,2024,0.0,0,True,investment,False
Portugal,Sports,2025,,6,False,investment,False
Portugal,Telecommunications,2023,0.0,0,True,investment,False
Portugal,Transportation,2016,0.0,0,True,investment,False
Portugal,Transportation,2017,,1,True,investment,False
Portugal,Transportation,2018,3.0,3,True,investment,False
Portugal,Transportation,2019,8.0,8,True,investment,False
Portugal,Transportation,2020,0.0,0,True,investment,False
Portugal,Transportation,2021,6.0,8,True,investment,False
Portugal,Transportation,2024,,4,True,investment,False
Qatar,All,2018,0.0,0,True,investment,False
Qatar,All,2019,,1,True,investment,False
Qatar,All,2020,0.0,0,True,investment,False
Qatar,All,2021,13.0,13,True,investment,False
Qatar,All,2022,2.0,2,True,investment,False
Qatar,All,2023,0.0,2,True,investment,False
Qatar,All,2024,4.0,4,True,investment,False
Qatar,All,2025,0.0,2,False,investment,False
Qatar,Data and analytics,2019,,1,True,investment,False
Qatar,Data and analytics,2020,0.0,0,True,investment,False
Qatar,Data and analytics,2021,4.0,4,True,investment,False
Qatar,Data and analytics,2023,0.0,0,True,investment,False
Qatar,Data and analytics,2024,0.0,0,True,investment,False
Qatar,Data and analytics,2025,0.0,0,False,investment,False
Qatar,Finance,2020,0.0,0,True,investment,False
Qatar,Finance,2021,4.0,4,True,investment,False
Qatar,Finance,2022,2.0,2,True,investment,False
Qatar,Finance,2023,,1,True,investment,False
Qatar,General purpose,2019,,1,True,investment,False
Qatar,General purpose,2020,0.0,0,True,investment,False
Qatar,General purpose,2021,4.0,4,True,investment,False
Qatar,General purpose,2023,0.0,0,True,investment,False
Qatar,General purpose,2024,0.0,0,True,investment,False
Qatar,General purpose,2025,0.0,0,False,investment,False
Qatar,Hardware,2023,0.0,0,True,investment,False
Qatar,Hardware,2024,0.0,0,True,investment,False
Qatar,Hardware,2025,,0,False,investment,False
Qatar,Healthcare and Life Sciences,2019,,1,True,investment,False
Qatar,Healthcare and Life Sciences,2024,,0,True,investment,False
Qatar,Information Technology,2023,0.0,0,True,investment,False
Qatar,Information Technology,2024,0.0,0,True,investment,False
Qatar,Information Technology,2025,,0,False,investment,False
Qatar,Lending and Investments,2022,2.0,2,True,investment,False
Qatar,Lending and Investments,2023,,1,True,investment,False
Qatar,NLP,2023,0.0,0,True,investment,False
Qatar,NLP,2024,0.0,0,True,investment,False
Qatar,Robotics,2023,0.0,0,True,investment,False
Qatar,Robotics,2024,0.0,0,True,investment,False
Qatar,"Sales, retail, commerce, marketing",2020,0.0,0,True,investment,False
Qatar,"Sales, retail, commerce, marketing",2021,4.0,4,True,investment,False
Qatar,Software,2018,0.0,0,True,investment,False
Qatar,Software,2019,,1,True,investment,False
Qatar,Software,2020,0.0,0,True,investment,False
Qatar,Software,2021,4.0,4,True,investment,False
Qatar,Software,2022,2.0,2,True,investment,False
Qatar,Software,2023,0.0,2,True,investment,False
Qatar,Software,2024,4.0,4,True,investment,False
Qatar,Software,2025,0.0,1,False,investment,False
Qatar,Transportation,2020,0.0,0,True,investment,False
Qatar,Transportation,2021,4.0,4,True,investment,False
Qatar,Transportation,2025,0.0,0,False,investment,False
Romania,All,2016,1.0,1,True,investment,False
Romania,All,2017,0.0,0,True,investment,False
Romania,All,2018,0.0,1,True,investment,False
Romania,All,2019,4.0,5,True,investment,False
Romania,All,2020,4.0,6,True,investment,False
Romania,All,2021,28.0,40,True,investment,False
Romania,All,2022,20.0,29,True,investment,False
Romania,All,2023,76.0,78,True,investment,False
Romania,All,2024,17.0,19,True,investment,False
Romania,All,2025,63.0,63,False,investment,False
Romania,Biotechnology,2018,,1,True,investment,False
Romania,Biotechnology,2020,1.0,1,True,investment,False
Romania,Biotechnology,2021,14.0,14,True,investment,False
Romania,Biotechnology,2024,2.0,2,True,investment,False
Romania,Biotechnology,2025,14.0,14,False,investment,False
Romania,Community and Lifestyle,2018,0.0,0,True,investment,False
Romania,Community and Lifestyle,2019,0.0,1,True,investment,False
Romania,Community and Lifestyle,2020,0.0,0,True,investment,False
Romania,Community and Lifestyle,2024,1.0,1,True,investment,False
Romania,Computer Vision,2019,,0,True,investment,False
Romania,Computer Vision,2020,0.0,0,True,investment,False
Romania,Computer Vision,2022,0.0,0,True,investment,False
Romania,Consumer goods,2023,1.0,1,True,investment,False
Romania,Consumer goods,2025,3.0,3,False,investment,False
Romania,Cyber Security,2020,1.0,1,True,investment,False
Romania,Cyber Security,2021,4.0,4,True,investment,False
Romania,Data and analytics,2016,1.0,1,True,investment,False
Romania,Data and analytics,2017,0.0,0,True,investment,False
Romania,Data and analytics,2018,0.0,1,True,investment,False
Romania,Data and analytics,2019,3.0,3,True,investment,False
Romania,Data and analytics,2020,2.0,2,True,investment,False
Romania,Data and analytics,2021,15.0,26,True,investment,False
Romania,Data and analytics,2022,5.0,13,True,investment,False
Romania,Data and analytics,2023,8.0,8,True,investment,False
Romania,Data and analytics,2024,5.0,6,True,investment,False
Romania,Data and analytics,2025,26.0,26,False,investment,False
Romania,Education,2017,0.0,0,True,investment,False
Romania,Education,2019,0.0,0,True,investment,False
Romania,Education,2020,1.0,1,True,investment,False
Romania,Education,2021,4.0,4,True,investment,False
Romania,Education,2022,0.0,3,True,investment,False
Romania,Education,2023,,1,True,investment,False
Romania,Education,2024,0.0,0,True,investment,False
Romania,Energy and natural resources,2019,0.0,0,True,investment,False
Romania,Energy and natural resources,2022,1.0,1,True,investment,False
Romania,Energy and natural resources,2023,1.0,1,True,investment,False
Romania,Energy and natural resources,2024,1.0,1,True,investment,False
Romania,Energy and natural resources,2025,0.0,0,False,investment,False
Romania,Finance,2019,0.0,0,True,investment,False
Romania,Finance,2020,1.0,1,True,investment,False
Romania,Finance,2021,6.0,7,True,investment,False
Romania,Finance,2022,0.0,0,True,investment,False
Romania,Finance,2023,11.0,12,True,investment,False
Romania,Finance,2024,1.0,1,True,investment,False
Romania,Gaming,2019,0.0,1,True,investment,False
Romania,Gaming,2020,0.0,0,True,investment,False
Romania,Gaming,2024,1.0,1,True,investment,False
Romania,General purpose,2016,0.0,0,True,investment,False
Romania,General purpose,2017,0.0,0,True,investment,False
Romania,General purpose,2018,0.0,1,True,investment,False
Romania,General purpose,2019,3.0,3,True,investment,False
Romania,General purpose,2020,2.0,2,True,investment,False
Romania,General purpose,2021,15.0,26,True,investment,False
Romania,General purpose,2022,5.0,10,True,investment,False
Romania,General purpose,2023,8.0,8,True,investment,False
Romania,General purpose,2024,5.0,6,True,investment,False
Romania,General purpose,2025,26.0,26,False,investment,False
Romania,Hardware,2018,,0,True,investment,False
Romania,Hardware,2019,1.0,1,True,investment,False
Romania,Hardware,2020,1.0,1,True,investment,False
Romania,Hardware,2021,0.0,1,True,investment,False
Romania,Hardware,2022,1.0,3,True,investment,False
Romania,Hardware,2023,1.0,2,True,investment,False
Romania,Hardware,2024,1.0,2,True,investment,False
Romania,Hardware,2025,3.0,3,False,investment,False
Romania,Healthcare and Life Sciences,2019,0.0,0,True,investment,False
Romania,Healthcare and Life Sciences,2021,11.0,11,True,investment,False
Romania,Healthcare and Life Sciences,2022,0.0,1,True,investment,False
Romania,Healthcare and Life Sciences,2023,1.0,1,True,investment,False
Romania,Healthcare and Life Sciences,2024,2.0,2,True,investment,False
Romania,Healthcare and Life Sciences,2025,14.0,14,False,investment,False
Romania,Information Technology,2016,0.0,0,True,investment,False
Romania,Information Technology,2019,1.0,1,True,investment,False
Romania,Information Technology,2020,1.0,1,True,investment,False
Romania,Information Technology,2021,4.0,14,True,investment,False
Romania,Information Technology,2022,4.0,7,True,investment,False
Romania,Information Technology,2023,5.0,6,True,investment,False
Romania,Information Technology,2024,2.0,2,True,investment,False
Romania,Information Technology,2025,10.0,10,False,investment,False
Romania,Lending and Investments,2021,,1,True,investment,False
Romania,Manufacturing,2019,,0,True,investment,False
Romania,Manufacturing,2020,0.0,0,True,investment,False
Romania,Manufacturing,2022,0.0,0,True,investment,False
Romania,Media and Entertainment,2017,0.0,0,True,investment,False
Romania,Media and Entertainment,2018,0.0,0,True,investment,False
Romania,Media and Entertainment,2019,0.0,0,True,investment,False
Romania,Media and Entertainment,2020,0.0,0,True,investment,False
Romania,Media and Entertainment,2021,0.0,0,True,investment,False
Romania,Media and Entertainment,2022,0.0,0,True,investment,False
Romania,Media and Entertainment,2023,0.0,0,True,investment,False
Romania,Media and Entertainment,2024,,1,True,investment,False
Romania,Media and Entertainment,2025,1.0,1,False,investment,False
Romania,"Military, public safety and government",2023,1.0,1,True,investment,False
Romania,"Military, public safety and government",2025,3.0,3,False,investment,False
Romania,"Mobile, platforms & Internet services",2016,1.0,1,True,investment,False
Romania,"Mobile, platforms & Internet services",2018,0.0,1,True,investment,False
Romania,"Mobile, platforms & Internet services",2019,1.0,1,True,investment,False
Romania,"Mobile, platforms & Internet services",2020,1.0,1,True,investment,False
Romania,"Mobile, platforms & Internet services",2021,6.0,7,True,investment,False
Romania,"Mobile, platforms & Internet services",2022,1.0,5,True,investment,False
Romania,"Mobile, platforms & Internet services",2023,10.0,11,True,investment,False
Romania,"Mobile, platforms & Internet services",2024,1.0,2,True,investment,False
Romania,"Mobile, platforms & Internet services",2025,1.0,1,False,investment,False
Romania,NLP,2025,0.0,0,False,investment,False
Romania,Navigation and mapping,2025,0.0,0,False,investment,False
Romania,Other,2018,0.0,0,True,investment,False
Romania,Other,2019,0.0,0,True,investment,False
Romania,Other,2020,1.0,1,True,investment,False
Romania,Other,2021,3.0,4,True,investment,False
Romania,Other,2022,0.0,0,True,investment,False
Romania,Other,2023,10.0,10,True,investment,False
Romania,Other,2025,2.0,2,False,investment,False
Romania,Privacy and Security,2017,0.0,0,True,investment,False
Romania,Privacy and Security,2020,1.0,1,True,investment,False
Romania,Privacy and Security,2021,4.0,4,True,investment,False
Romania,Privacy and Security,2023,1.0,1,True,investment,False
Romania,Privacy and Security,2025,3.0,3,False,investment,False
Romania,Professional services,2017,0.0,0,True,investment,False
Romania,Professional services,2019,1.0,1,True,investment,False
Romania,Professional services,2020,0.0,0,True,investment,False
Romania,Professional services,2022,0.0,0,True,investment,False
Romania,Professional services,2024,1.0,1,True,investment,False
Romania,Real estate,2020,1.0,1,True,investment,False
Romania,Real estate,2021,4.0,5,True,investment,False
Romania,Real estate,2022,0.0,0,True,investment,False
Romania,Real estate,2023,0.0,0,True,investment,False
Romania,Robotics,2019,1.0,1,True,investment,False
Romania,Robotics,2020,1.0,1,True,investment,False
Romania,Robotics,2021,,0,True,investment,False
Romania,Robotics,2024,1.0,1,True,investment,False
Romania,"Sales, retail, commerce, marketing",2016,1.0,1,True,investment,False
Romania,"Sales, retail, commerce, marketing",2018,0.0,1,True,investment,False
Romania,"Sales, retail, commerce, marketing",2019,0.0,0,True,investment,False
Romania,"Sales, retail, commerce, marketing",2021,,1,True,investment,False
Romania,"Sales, retail, commerce, marketing",2022,0.0,0,True,investment,False
Romania,"Sales, retail, commerce, marketing",2023,,1,True,investment,False
Romania,"Sales, retail, commerce, marketing",2024,,1,True,investment,False
Romania,"Sales, retail, commerce, marketing",2025,1.0,1,False,investment,False
Romania,Software,2016,1.0,1,True,investment,False
Romania,Software,2017,0.0,0,True,investment,False
Romania,Software,2018,0.0,1,True,investment,False
Romania,Software,2019,3.0,4,True,investment,False
Romania,Software,2020,2.0,3,True,investment,False
Romania,Software,2021,18.0,28,True,investment,False
Romania,Software,2022,6.0,14,True,investment,False
Romania,Software,2023,18.0,19,True,investment,False
Romania,Software,2024,7.0,9,True,investment,False
Romania,Software,2025,26.0,26,False,investment,False
Romania,Speech Recognition,2019,0.0,0,True,investment,False
Romania,Speech Recognition,2021,0.0,0,True,investment,False
Romania,Speech Recognition,2022,0.0,3,True,investment,False
Romania,Speech Recognition,2023,0.0,0,True,investment,False
Romania,Sports,2021,0.0,0,True,investment,False
Romania,Sports,2022,0.0,0,True,investment,False
Romania,Sports,2023,0.0,0,True,investment,False
Romania,Telecommunications,2021,,0,True,investment,False
Romania,Telecommunications,2025,1.0,1,False,investment,False
Romania,Transportation,2025,0.0,0,False,investment,False
Russia,Agriculture,2019,,0,True,investment,False
Russia,All,2015,4.0,5,True,investment,False
Russia,All,2016,6.0,8,True,investment,False
Russia,All,2017,11.0,14,True,investment,False
Russia,All,2018,20.0,48,True,investment,False
Russia,All,2019,25.0,29,True,investment,False
Russia,All,2020,28.0,29,True,investment,False
Russia,All,2021,6.0,24,True,investment,False
Russia,All,2022,,1,True,investment,False
Russia,All,2023,1.0,117,True,investment,False
Russia,All,2024,4.0,130,True,investment,False
Russia,All,2025,,1,False,investment,False
Russia,Biotechnology,2019,0.0,1,True,investment,False
Russia,Community and Lifestyle,2020,3.0,3,True,investment,False
Russia,Computer Vision,2015,0.0,0,True,investment,False
Russia,Computer Vision,2016,,1,True,investment,False
Russia,Computer Vision,2017,0.0,0,True,investment,False
Russia,Computer Vision,2018,1.0,1,True,investment,False
Russia,Computer Vision,2019,,1,True,investment,False
Russia,Computer Vision,2020,1.0,1,True,investment,False
Russia,Computer Vision,2021,0.0,0,True,investment,False
Russia,Consumer goods,2019,1.0,1,True,investment,False
Russia,Consumer goods,2024,0.0,0,True,investment,False
Russia,Data and analytics,2015,1.0,2,True,investment,False
Russia,Data and analytics,2016,3.0,5,True,investment,False
Russia,Data and analytics,2017,7.0,10,True,investment,False
Russia,Data and analytics,2018,8.0,35,True,investment,False
Russia,Data and analytics,2019,21.0,24,True,investment,False
Russia,Data and analytics,2020,13.0,13,True,investment,False
Russia,Data and analytics,2021,3.0,21,True,investment,False
Russia,Data and analytics,2022,,1,True,investment,False
Russia,Data and analytics,2023,1.0,116,True,investment,False
Russia,Data and analytics,2024,3.0,130,True,investment,False
Russia,Energy and natural resources,2017,2.0,2,True,investment,False
Russia,Energy and natural resources,2019,5.0,5,True,investment,False
Russia,Facial Recognition,2017,2.0,2,True,investment,False
Russia,Facial Recognition,2018,1.0,1,True,investment,False
Russia,Facial Recognition,2020,8.0,8,True,investment,False
Russia,Facial Recognition,2021,1.0,1,True,investment,False
Russia,Finance,2016,3.0,3,True,investment,False
Russia,Finance,2017,4.0,4,True,investment,False
Russia,Finance,2018,4.0,4,True,investment,False
Russia,Finance,2019,5.0,5,True,investment,False
Russia,Finance,2021,2.0,2,True,investment,False
Russia,General purpose,2015,1.0,2,True,investment,False
Russia,General purpose,2016,1.0,2,True,investment,False
Russia,General purpose,2017,5.0,8,True,investment,False
Russia,General purpose,2018,6.0,31,True,investment,False
Russia,General purpose,2019,24.0,27,True,investment,False
Russia,General purpose,2020,13.0,13,True,investment,False
Russia,General purpose,2021,2.0,2,True,investment,False
Russia,General purpose,2022,,1,True,investment,False
Russia,General purpose,2023,1.0,116,True,investment,False
Russia,General purpose,2024,3.0,130,True,investment,False
Russia,Hardware,2015,1.0,1,True,investment,False
Russia,Hardware,2016,,1,True,investment,False
Russia,Hardware,2017,0.0,3,True,investment,False
Russia,Hardware,2018,2.0,4,True,investment,False
Russia,Hardware,2019,8.0,9,True,investment,False
Russia,Hardware,2020,1.0,1,True,investment,False
Russia,Hardware,2021,2.0,2,True,investment,False
Russia,Hardware,2024,0.0,0,True,investment,False
Russia,Healthcare and Life Sciences,2016,3.0,3,True,investment,False
Russia,Healthcare and Life Sciences,2017,3.0,3,True,investment,False
Russia,Healthcare and Life Sciences,2018,5.0,5,True,investment,False
Russia,Healthcare and Life Sciences,2019,2.0,2,True,investment,False
Russia,Healthcare and Life Sciences,2020,5.0,5,True,investment,False
Russia,Healthcare and Life Sciences,2023,,116,True,investment,False
Russia,Healthcare and Life Sciences,2024,0.0,0,True,investment,False
Russia,Information Technology,2015,1.0,1,True,investment,False
Russia,Information Technology,2016,0.0,1,True,investment,False
Russia,Information Technology,2017,2.0,5,True,investment,False
Russia,Information Technology,2018,2.0,4,True,investment,False
Russia,Information Technology,2019,10.0,10,True,investment,False
Russia,Information Technology,2020,1.0,1,True,investment,False
Russia,Information Technology,2021,2.0,2,True,investment,False
Russia,Information Technology,2022,,1,True,investment,False
Russia,Information Technology,2023,1.0,1,True,investment,False
Russia,Information Technology,2024,0.0,127,True,investment,False
Russia,Information Technology,2025,,1,False,investment,False
Russia,Lending and Investments,2016,,0,True,investment,False
Russia,Lending and Investments,2017,1.0,1,True,investment,False
Russia,Lending and Investments,2021,,0,True,investment,False
Russia,Manufacturing,2018,0.0,25,True,investment,False
Russia,Manufacturing,2019,2.0,3,True,investment,False
Russia,Manufacturing,2021,,0,True,investment,False
Russia,Media and Entertainment,2015,0.0,0,True,investment,False
Russia,Media and Entertainment,2016,0.0,1,True,investment,False
Russia,Media and Entertainment,2017,,0,True,investment,False
Russia,Media and Entertainment,2019,,1,True,investment,False
Russia,Media and Entertainment,2021,,16,True,investment,False
Russia,Media and Entertainment,2025,,1,False,investment,False
Russia,"Mobile, platforms & Internet services",2016,3.0,3,True,investment,False
Russia,"Mobile, platforms & Internet services",2017,3.0,3,True,investment,False
Russia,"Mobile, platforms & Internet services",2018,4.0,4,True,investment,False
Russia,"Mobile, platforms & Internet services",2019,0.0,1,True,investment,False
Russia,"Mobile, platforms & Internet services",2021,0.0,0,True,investment,False
Russia,"Mobile, platforms & Internet services",2023,1.0,1,True,investment,False
Russia,"Mobile, platforms & Internet services",2024,0.0,0,True,investment,False
Russia,NLP,2018,1.0,1,True,investment,False
Russia,NLP,2020,0.0,0,True,investment,False
Russia,Other,2015,0.0,0,True,investment,False
Russia,Other,2016,0.0,1,True,investment,False
Russia,Other,2017,1.0,1,True,investment,False
Russia,Other,2018,1.0,1,True,investment,False
Russia,Other,2019,,1,True,investment,False
Russia,Other,2023,0.0,0,True,investment,False
Russia,Other,2024,0.0,0,True,investment,False
Russia,Other,2025,,1,False,investment,False
Russia,Privacy and Security,2019,0.0,0,True,investment,False
Russia,Professional services,2017,,0,True,investment,False
Russia,Professional services,2018,1.0,1,True,investment,False
Russia,Professional services,2019,,1,True,investment,False
Russia,Professional services,2021,1.0,1,True,investment,False
Russia,Real estate,2021,,0,True,investment,False
Russia,Real estate,2024,1.0,1,True,investment,False
Russia,Robotics,2015,1.0,1,True,investment,False
Russia,Robotics,2017,,3,True,investment,False
Russia,Robotics,2019,,1,True,investment,False
Russia,"Sales, retail, commerce, marketing",2015,0.0,1,True,investment,False
Russia,"Sales, retail, commerce, marketing",2016,,1,True,investment,False
Russia,"Sales, retail, commerce, marketing",2017,2.0,2,True,investment,False
Russia,"Sales, retail, commerce, marketing",2018,1.0,3,True,investment,False
Russia,"Sales, retail, commerce, marketing",2019,5.0,6,True,investment,False
Russia,"Sales, retail, commerce, marketing",2020,4.0,4,True,investment,False
Russia,"Sales, retail, commerce, marketing",2021,2.0,18,True,investment,False
Russia,"Sales, retail, commerce, marketing",2023,0.0,0,True,investment,False
Russia,"Sales, retail, commerce, marketing",2024,0.0,0,True,investment,False
Russia,Software,2015,1.0,2,True,investment,False
Russia,Software,2016,1.0,3,True,investment,False
Russia,Software,2017,5.0,8,True,investment,False
Russia,Software,2018,6.0,33,True,investment,False
Russia,Software,2019,24.0,27,True,investment,False
Russia,Software,2020,16.0,16,True,investment,False
Russia,Software,2021,4.0,21,True,investment,False
Russia,Software,2022,,1,True,investment,False
Russia,Software,2023,1.0,117,True,investment,False
Russia,Software,2024,4.0,130,True,investment,False
Russia,Software,2025,,1,False,investment,False
Russia,Speech Recognition,2018,1.0,1,True,investment,False
Russia,Sports,2019,,1,True,investment,False
Russia,Sports,2024,0.0,0,True,investment,False
Russia,Telecommunications,2019,0.0,0,True,investment,False
Russia,Transportation,2015,1.0,1,True,investment,False
Russia,Transportation,2018,1.0,26,True,investment,False
Russia,Transportation,2019,1.0,1,True,investment,False
Russia,Transportation,2020,3.0,3,True,investment,False
Saint Kitts and Nevis,All,2021,3.0,3,True,investment,False
Saint Kitts and Nevis,All,2023,0.0,1,True,investment,False
Saint Kitts and Nevis,Consumer goods,2021,0.0,0,True,investment,False
Saint Kitts and Nevis,Data and analytics,2021,0.0,0,True,investment,False
Saint Kitts and Nevis,Data and analytics,2023,0.0,1,True,investment,False
Saint Kitts and Nevis,Gaming,2021,0.0,0,True,investment,False
Saint Kitts and Nevis,General purpose,2021,0.0,0,True,investment,False
Saint Kitts and Nevis,General purpose,2023,0.0,1,True,investment,False
Saint Kitts and Nevis,Hardware,2021,0.0,0,True,investment,False
Saint Kitts and Nevis,Media and Entertainment,2021,0.0,0,True,investment,False
Saint Kitts and Nevis,Other,2021,0.0,0,True,investment,False
Saint Kitts and Nevis,Other,2023,0.0,1,True,investment,False
Saint Kitts and Nevis,"Sales, retail, commerce, marketing",2021,0.0,0,True,investment,False
Saint Kitts and Nevis,"Sales, retail, commerce, marketing",2023,0.0,1,True,investment,False
Saint Kitts and Nevis,Software,2021,0.0,0,True,investment,False
Saint Kitts and Nevis,Software,2023,0.0,1,True,investment,False
Saudi Arabia,Agriculture,2017,0.0,0,True,investment,False
Saudi Arabia,Agriculture,2018,0.0,0,True,investment,False
Saudi Arabia,Agriculture,2019,1.0,1,True,investment,False
Saudi Arabia,Agriculture,2020,4.0,4,True,investment,False
Saudi Arabia,Agriculture,2021,6.0,6,True,investment,False
Saudi Arabia,Agriculture,2022,5.0,7,True,investment,False
Saudi Arabia,All,2015,2.0,4,True,investment,False
Saudi Arabia,All,2016,1.0,60,True,investment,False
Saudi Arabia,All,2017,18.0,22,True,investment,False
Saudi Arabia,All,2018,3.0,1056,True,investment,False
Saudi Arabia,All,2019,39.0,204,True,investment,False
Saudi Arabia,All,2020,84.0,14911,True,investment,False
Saudi Arabia,All,2021,440.0,513,True,investment,False
Saudi Arabia,All,2022,1792.0,1911,True,investment,False
Saudi Arabia,All,2023,2182.0,2544,True,investment,False
Saudi Arabia,All,2024,277.0,1399,True,investment,False
Saudi Arabia,All,2025,2159.0,3803,False,investment,False
Saudi Arabia,Biotechnology,2017,1.0,1,True,investment,False
Saudi Arabia,Biotechnology,2019,2.0,2,True,investment,False
Saudi Arabia,Community and Lifestyle,2015,,0,True,investment,False
Saudi Arabia,Community and Lifestyle,2016,,57,True,investment,False
Saudi Arabia,Community and Lifestyle,2017,1.0,3,True,investment,False
Saudi Arabia,Community and Lifestyle,2018,1.0,1,True,investment,False
Saudi Arabia,Community and Lifestyle,2019,1.0,81,True,investment,False
Saudi Arabia,Community and Lifestyle,2021,9.0,9,True,investment,False
Saudi Arabia,Community and Lifestyle,2022,1025.0,1026,True,investment,False
Saudi Arabia,Community and Lifestyle,2023,,2,True,investment,False
Saudi Arabia,Community and Lifestyle,2025,64.0,105,False,investment,False
Saudi Arabia,Computer Vision,2015,1.0,1,True,investment,False
Saudi Arabia,Computer Vision,2018,0.0,0,True,investment,False
Saudi Arabia,Computer Vision,2019,1.0,1,True,investment,False
Saudi Arabia,Computer Vision,2020,1.0,1,True,investment,False
Saudi Arabia,Computer Vision,2021,1.0,3,True,investment,False
Saudi Arabia,Computer Vision,2022,1.0,2,True,investment,False
Saudi Arabia,Computer Vision,2023,,1,True,investment,False
Saudi Arabia,Computer Vision,2024,2.0,4,True,investment,False
Saudi Arabia,Computer Vision,2025,,500,False,investment,False
Saudi Arabia,Consumer goods,2016,,2,True,investment,False
Saudi Arabia,Consumer goods,2018,0.0,0,True,investment,False
Saudi Arabia,Consumer goods,2019,2.0,2,True,investment,False
Saudi Arabia,Consumer goods,2020,,1,True,investment,False
Saudi Arabia,Consumer goods,2021,0.0,1,True,investment,False
Saudi Arabia,Consumer goods,2022,0.0,0,True,investment,False
Saudi Arabia,Consumer goods,2023,2.0,2,True,investment,False
Saudi Arabia,Consumer goods,2024,0.0,0,True,investment,False
Saudi Arabia,Cyber Security,2022,40.0,42,True,investment,False
Saudi Arabia,Cyber Security,2025,3.0,3,False,investment,False
Saudi Arabia,Data and analytics,2015,2.0,4,True,investment,False
Saudi Arabia,Data and analytics,2016,1.0,60,True,investment,False
Saudi Arabia,Data and analytics,2017,14.0,17,True,investment,False
Saudi Arabia,Data and analytics,2018,2.0,1054,True,investment,False
Saudi Arabia,Data and analytics,2019,16.0,180,True,investment,False
Saudi Arabia,Data and analytics,2020,29.0,14855,True,investment,False
Saudi Arabia,Data and analytics,2021,228.0,289,True,investment,False
Saudi Arabia,Data and analytics,2022,1238.0,1350,True,investment,False
Saudi Arabia,Data and analytics,2023,1202.0,1560,True,investment,False
Saudi Arabia,Data and analytics,2024,75.0,1182,True,investment,False
Saudi Arabia,Data and analytics,2025,687.0,1715,False,investment,False
Saudi Arabia,Education,2019,,80,True,investment,False
Saudi Arabia,Education,2020,,1,True,investment,False
Saudi Arabia,Education,2021,0.0,0,True,investment,False
Saudi Arabia,Education,2022,0.0,2,True,investment,False
Saudi Arabia,Education,2023,1.0,1,True,investment,False
Saudi Arabia,Education,2024,2.0,2,True,investment,False
Saudi Arabia,Education,2025,65.0,65,False,investment,False
Saudi Arabia,Energy and natural resources,2018,0.0,0,True,investment,False
Saudi Arabia,Energy and natural resources,2019,0.0,0,True,investment,False
Saudi Arabia,Energy and natural resources,2020,1.0,1,True,investment,False
Saudi Arabia,Energy and natural resources,2023,0.0,0,True,investment,False
Saudi Arabia,Energy and natural resources,2024,0.0,0,True,investment,False
Saudi Arabia,Energy and natural resources,2025,2.0,6,False,investment,False
Saudi Arabia,Facial Recognition,2021,,3,True,investment,False
Saudi Arabia,Facial Recognition,2023,,1,True,investment,False
Saudi Arabia,Facial Recognition,2024,,2,True,investment,False
Saudi Arabia,Facial Recognition,2025,,500,False,investment,False
Saudi Arabia,Finance,2015,,1,True,investment,False
Saudi Arabia,Finance,2017,10.0,10,True,investment,False
Saudi Arabia,Finance,2018,1.0,1053,True,investment,False
Saudi Arabia,Finance,2019,4.0,5,True,investment,False
Saudi Arabia,Finance,2020,7.0,9,True,investment,False
Saudi Arabia,Finance,2021,175.0,226,True,investment,False
Saudi Arabia,Finance,2022,136.0,173,True,investment,False
Saudi Arabia,Finance,2023,1193.0,1196,True,investment,False
Saudi Arabia,Finance,2024,19.0,63,True,investment,False
Saudi Arabia,Finance,2025,603.0,976,False,investment,False
Saudi Arabia,Gaming,2020,1.0,1,True,investment,False
Saudi Arabia,Gaming,2022,1.0,1,True,investment,False
Saudi Arabia,Gaming,2024,,9,True,investment,False
Saudi Arabia,General purpose,2015,2.0,3,True,investment,False
Saudi Arabia,General purpose,2016,0.0,59,True,investment,False
Saudi Arabia,General purpose,2017,2.0,5,True,investment,False
Saudi Arabia,General purpose,2018,1.0,1,True,investment,False
Saudi Arabia,General purpose,2019,10.0,13,True,investment,False
Saudi Arabia,General purpose,2020,12.0,22,True,investment,False
Saudi Arabia,General purpose,2021,199.0,258,True,investment,False
Saudi Arabia,General purpose,2022,193.0,261,True,investment,False
Saudi Arabia,General purpose,2023,1194.0,1198,True,investment,False
Saudi Arabia,General purpose,2024,39.0,1127,True,investment,False
Saudi Arabia,General purpose,2025,665.0,1552,False,investment,False
Saudi Arabia,Hardware,2015,2.0,2,True,investment,False
Saudi Arabia,Hardware,2016,,2,True,investment,False
Saudi Arabia,Hardware,2017,2.0,2,True,investment,False
Saudi Arabia,Hardware,2018,0.0,0,True,investment,False
Saudi Arabia,Hardware,2019,3.0,3,True,investment,False
Saudi Arabia,Hardware,2020,1.0,3,True,investment,False
Saudi Arabia,Hardware,2021,1.0,5,True,investment,False
Saudi Arabia,Hardware,2022,1.0,4,True,investment,False
Saudi Arabia,Hardware,2023,4.0,5,True,investment,False
Saudi Arabia,Hardware,2024,8.0,13,True,investment,False
Saudi Arabia,Hardware,2025,3.0,504,False,investment,False
Saudi Arabia,Healthcare and Life Sciences,2016,,1,True,investment,False
Saudi Arabia,Healthcare and Life Sciences,2017,1.0,1,True,investment,False
Saudi Arabia,Healthcare and Life Sciences,2018,0.0,0,True,investment,False
Saudi Arabia,Healthcare and Life Sciences,2019,3.0,3,True,investment,False
Saudi Arabia,Healthcare and Life Sciences,2020,,0,True,investment,False
Saudi Arabia,Healthcare and Life Sciences,2021,2.0,2,True,investment,False
Saudi Arabia,Healthcare and Life Sciences,2022,,1,True,investment,False
Saudi Arabia,Healthcare and Life Sciences,2023,,280,True,investment,False
Saudi Arabia,Healthcare and Life Sciences,2024,,2,True,investment,False
Saudi Arabia,Healthcare and Life Sciences,2025,11.0,14,False,investment,False
Saudi Arabia,Information Technology,2015,2.0,4,True,investment,False
Saudi Arabia,Information Technology,2016,0.0,3,True,investment,False
Saudi Arabia,Information Technology,2017,13.0,13,True,investment,False
Saudi Arabia,Information Technology,2018,1.0,1053,True,investment,False
Saudi Arabia,Information Technology,2019,7.0,89,True,investment,False
Saudi Arabia,Information Technology,2020,5.0,14811,True,investment,False
Saudi Arabia,Information Technology,2021,15.0,23,True,investment,False
Saudi Arabia,Information Technology,2022,93.0,134,True,investment,False
Saudi Arabia,Information Technology,2023,6.0,6,True,investment,False
Saudi Arabia,Information Technology,2024,22.0,1078,True,investment,False
Saudi Arabia,Information Technology,2025,32.0,607,False,investment,False
Saudi Arabia,Lending and Investments,2018,,15,True,investment,False
Saudi Arabia,Lending and Investments,2021,,3,True,investment,False
Saudi Arabia,Lending and Investments,2022,1.0,1,True,investment,False
Saudi Arabia,Lending and Investments,2024,,31,True,investment,False
Saudi Arabia,Lending and Investments,2025,60.0,60,False,investment,False
Saudi Arabia,Manufacturing,2015,2.0,2,True,investment,False
Saudi Arabia,Manufacturing,2020,1.0,1,True,investment,False
Saudi Arabia,Manufacturing,2021,,2,True,investment,False
Saudi Arabia,Manufacturing,2023,,1,True,investment,False
Saudi Arabia,Media and Entertainment,2017,10.0,10,True,investment,False
Saudi Arabia,Media and Entertainment,2018,0.0,0,True,investment,False
Saudi Arabia,Media and Entertainment,2021,,0,True,investment,False
Saudi Arabia,Media and Entertainment,2022,,1,True,investment,False
Saudi Arabia,"Military, public safety and government",2025,1.0,1,False,investment,False
Saudi Arabia,"Mobile, platforms & Internet services",2015,,2,True,investment,False
Saudi Arabia,"Mobile, platforms & Internet services",2016,1.0,57,True,investment,False
Saudi Arabia,"Mobile, platforms & Internet services",2017,1.0,4,True,investment,False
Saudi Arabia,"Mobile, platforms & Internet services",2018,1.0,1,True,investment,False
Saudi Arabia,"Mobile, platforms & Internet services",2019,7.0,7,True,investment,False
Saudi Arabia,"Mobile, platforms & Internet services",2020,9.0,27,True,investment,False
Saudi Arabia,"Mobile, platforms & Internet services",2021,4.0,7,True,investment,False
Saudi Arabia,"Mobile, platforms & Internet services",2022,61.0,88,True,investment,False
Saudi Arabia,"Mobile, platforms & Internet services",2023,5.0,75,True,investment,False
Saudi Arabia,"Mobile, platforms & Internet services",2024,52.0,94,True,investment,False
Saudi Arabia,"Mobile, platforms & Internet services",2025,82.0,127,False,investment,False
Saudi Arabia,NLP,2019,,1,True,investment,False
Saudi Arabia,NLP,2020,0.0,0,True,investment,False
Saudi Arabia,NLP,2021,,2,True,investment,False
Saudi Arabia,NLP,2022,1.0,1,True,investment,False
Saudi Arabia,NLP,2023,,4,True,investment,False
Saudi Arabia,NLP,2024,6.0,12,True,investment,False
Saudi Arabia,NLP,2025,2.0,502,False,investment,False
Saudi Arabia,Navigation and mapping,2015,1.0,1,True,investment,False
Saudi Arabia,Navigation and mapping,2017,0.0,0,True,investment,False
Saudi Arabia,Navigation and mapping,2018,0.0,0,True,investment,False
Saudi Arabia,Navigation and mapping,2019,,0,True,investment,False
Saudi Arabia,Navigation and mapping,2020,,15,True,investment,False
Saudi Arabia,Navigation and mapping,2021,0.0,0,True,investment,False
Saudi Arabia,Other,2019,1.0,2,True,investment,False
Saudi Arabia,Other,2020,3.0,8,True,investment,False
Saudi Arabia,Other,2021,23.0,23,True,investment,False
Saudi Arabia,Other,2022,13.0,17,True,investment,False
Saudi Arabia,Other,2023,3.0,6,True,investment,False
Saudi Arabia,Other,2024,0.0,0,True,investment,False
Saudi Arabia,Other,2025,3.0,36,False,investment,False
Saudi Arabia,Privacy and Security,2018,,15,True,investment,False
Saudi Arabia,Privacy and Security,2022,40.0,42,True,investment,False
Saudi Arabia,Privacy and Security,2025,3.0,4,False,investment,False
Saudi Arabia,Professional services,2017,0.0,0,True,investment,False
Saudi Arabia,Professional services,2018,0.0,15,True,investment,False
Saudi Arabia,Professional services,2019,0.0,1,True,investment,False
Saudi Arabia,Professional services,2020,2.0,2,True,investment,False
Saudi Arabia,Professional services,2021,1.0,1,True,investment,False
Saudi Arabia,Professional services,2022,3.0,6,True,investment,False
Saudi Arabia,Professional services,2023,0.0,0,True,investment,False
Saudi Arabia,Professional services,2024,0.0,1000,True,investment,False
Saudi Arabia,Professional services,2025,4.0,4,False,investment,False
Saudi Arabia,Real estate,2015,1.0,1,True,investment,False
Saudi Arabia,Real estate,2016,0.0,0,True,investment,False
Saudi Arabia,Real estate,2017,1.0,1,True,investment,False
Saudi Arabia,Real estate,2018,,0,True,investment,False
Saudi Arabia,Real estate,2019,1.0,1,True,investment,False
Saudi Arabia,Real estate,2020,0.0,0,True,investment,False
Saudi Arabia,Real estate,2021,0.0,0,True,investment,False
Saudi Arabia,Real estate,2022,42.0,43,True,investment,False
Saudi Arabia,Real estate,2023,0.0,0,True,investment,False
Saudi Arabia,Real estate,2024,0.0,5,True,investment,False
Saudi Arabia,Real estate,2025,0.0,0,False,investment,False
Saudi Arabia,Robotics,2023,,1,True,investment,False
Saudi Arabia,"Sales, retail, commerce, marketing",2015,,2,True,investment,False
Saudi Arabia,"Sales, retail, commerce, marketing",2016,,56,True,investment,False
Saudi Arabia,"Sales, retail, commerce, marketing",2017,0.0,3,True,investment,False
Saudi Arabia,"Sales, retail, commerce, marketing",2018,0.0,0,True,investment,False
Saudi Arabia,"Sales, retail, commerce, marketing",2019,6.0,8,True,investment,False
Saudi Arabia,"Sales, retail, commerce, marketing",2020,11.0,13,True,investment,False
Saudi Arabia,"Sales, retail, commerce, marketing",2021,135.0,183,True,investment,False
Saudi Arabia,"Sales, retail, commerce, marketing",2022,58.0,104,True,investment,False
Saudi Arabia,"Sales, retail, commerce, marketing",2023,323.0,393,True,investment,False
Saudi Arabia,"Sales, retail, commerce, marketing",2024,34.0,39,True,investment,False
Saudi Arabia,"Sales, retail, commerce, marketing",2025,480.0,739,False,investment,False
Saudi Arabia,Software,2015,2.0,4,True,investment,False
Saudi Arabia,Software,2016,1.0,60,True,investment,False
Saudi Arabia,Software,2017,14.0,17,True,investment,False
Saudi Arabia,Software,2018,1.0,1054,True,investment,False
Saudi Arabia,Software,2019,13.0,177,True,investment,False
Saudi Arabia,Software,2020,25.0,14852,True,investment,False
Saudi Arabia,Software,2021,221.0,282,True,investment,False
Saudi Arabia,Software,2022,1233.0,1345,True,investment,False
Saudi Arabia,Software,2023,1202.0,1563,True,investment,False
Saudi Arabia,Software,2024,77.0,1184,True,investment,False
Saudi Arabia,Software,2025,684.0,1714,False,investment,False
Saudi Arabia,Speech Recognition,2021,,3,True,investment,False
Saudi Arabia,Speech Recognition,2022,0.0,0,True,investment,False
Saudi Arabia,Speech Recognition,2023,,1,True,investment,False
Saudi Arabia,Speech Recognition,2024,5.0,7,True,investment,False
Saudi Arabia,Speech Recognition,2025,3.0,503,False,investment,False
Saudi Arabia,Sports,2016,,1,True,investment,False
Saudi Arabia,Sports,2018,0.0,0,True,investment,False
Saudi Arabia,Sports,2020,1.0,2,True,investment,False
Saudi Arabia,Sports,2021,0.0,0,True,investment,False
Saudi Arabia,Sports,2022,1.0,1,True,investment,False
Saudi Arabia,Sports,2023,0.0,0,True,investment,False
Saudi Arabia,Sports,2024,0.0,9,True,investment,False
Saudi Arabia,Sports,2025,,2,False,investment,False
Saudi Arabia,Telecommunications,2020,,1,True,investment,False
Saudi Arabia,Telecommunications,2021,,1,True,investment,False
Saudi Arabia,Transportation,2015,2.0,2,True,investment,False
Saudi Arabia,Transportation,2016,1.0,56,True,investment,False
Saudi Arabia,Transportation,2017,0.0,0,True,investment,False
Saudi Arabia,Transportation,2018,,1,True,investment,False
Saudi Arabia,Transportation,2019,0.0,0,True,investment,False
Saudi Arabia,Transportation,2020,9.0,9,True,investment,False
Saudi Arabia,Transportation,2021,7.0,7,True,investment,False
Saudi Arabia,Transportation,2022,2.0,24,True,investment,False
Saudi Arabia,Transportation,2023,1.0,5,True,investment,False
Saudi Arabia,Transportation,2024,1.0,1,True,investment,False
Saudi Arabia,Transportation,2025,70.0,112,False,investment,False
Senegal,All,2021,,0,True,investment,False
Senegal,All,2023,,0,True,investment,False
Senegal,All,2024,,5,True,investment,False
Senegal,Consumer goods,2021,,0,True,investment,False
Senegal,Consumer goods,2023,,0,True,investment,False
Senegal,Consumer goods,2024,,5,True,investment,False
Senegal,Data and analytics,2021,,0,True,investment,False
Senegal,Data and analytics,2023,,0,True,investment,False
Senegal,Data and analytics,2024,,5,True,investment,False
Senegal,General purpose,2021,,0,True,investment,False
Senegal,General purpose,2023,,0,True,investment,False
Senegal,General purpose,2024,,5,True,investment,False
Senegal,Information Technology,2021,,0,True,investment,False
Senegal,Information Technology,2023,,0,True,investment,False
Senegal,Information Technology,2024,,5,True,investment,False
Senegal,Software,2021,,0,True,investment,False
Senegal,Software,2023,,0,True,investment,False
Senegal,Software,2024,,5,True,investment,False
Serbia,Agriculture,2015,0.0,0,True,investment,False
Serbia,Agriculture,2018,0.0,0,True,investment,False
Serbia,Agriculture,2022,0.0,0,True,investment,False
Serbia,All,2015,0.0,0,True,investment,False
Serbia,All,2017,0.0,0,True,investment,False
Serbia,All,2018,1.0,1,True,investment,False
Serbia,All,2019,0.0,0,True,investment,False
Serbia,All,2020,0.0,0,True,investment,False
Serbia,All,2021,0.0,0,True,investment,False
Serbia,All,2022,8.0,8,True,investment,False
Serbia,All,2023,43.0,44,True,investment,False
Serbia,All,2024,1.0,44,True,investment,False
Serbia,Computer Vision,2015,0.0,0,True,investment,False
Serbia,Computer Vision,2018,0.0,0,True,investment,False
Serbia,Computer Vision,2022,0.0,0,True,investment,False
Serbia,Data and analytics,2015,0.0,0,True,investment,False
Serbia,Data and analytics,2018,0.0,0,True,investment,False
Serbia,Data and analytics,2019,0.0,0,True,investment,False
Serbia,Data and analytics,2020,0.0,0,True,investment,False
Serbia,Data and analytics,2021,0.0,0,True,investment,False
Serbia,Data and analytics,2022,0.0,0,True,investment,False
Serbia,Data and analytics,2023,,0,True,investment,False
Serbia,Data and analytics,2024,1.0,44,True,investment,False
Serbia,Finance,2019,0.0,0,True,investment,False
Serbia,Finance,2021,0.0,0,True,investment,False
Serbia,General purpose,2015,0.0,0,True,investment,False
Serbia,General purpose,2018,0.0,0,True,investment,False
Serbia,General purpose,2019,0.0,0,True,investment,False
Serbia,General purpose,2020,0.0,0,True,investment,False
Serbia,General purpose,2021,0.0,0,True,investment,False
Serbia,General purpose,2022,0.0,0,True,investment,False
Serbia,General purpose,2023,43.0,44,True,investment,False
Serbia,Hardware,2015,0.0,0,True,investment,False
Serbia,Hardware,2018,0.0,0,True,investment,False
Serbia,Hardware,2020,0.0,0,True,investment,False
Serbia,Hardware,2022,0.0,0,True,investment,False
Serbia,Hardware,2023,43.0,43,True,investment,False
Serbia,Information Technology,2019,0.0,0,True,investment,False
Serbia,Information Technology,2021,0.0,0,True,investment,False
Serbia,Information Technology,2023,,0,True,investment,False
Serbia,Information Technology,2024,,43,True,investment,False
Serbia,Media and Entertainment,2017,0.0,0,True,investment,False
Serbia,Media and Entertainment,2022,4.0,4,True,investment,False
Serbia,"Mobile, platforms & Internet services",2018,0.0,0,True,investment,False
Serbia,"Mobile, platforms & Internet services",2019,0.0,0,True,investment,False
Serbia,"Mobile, platforms & Internet services",2020,0.0,0,True,investment,False
Serbia,"Mobile, platforms & Internet services",2022,0.0,0,True,investment,False
Serbia,"Mobile, platforms & Internet services",2023,43.0,43,True,investment,False
Serbia,NLP,2018,0.0,0,True,investment,False
Serbia,NLP,2020,0.0,0,True,investment,False
Serbia,NLP,2022,0.0,0,True,investment,False
Serbia,Navigation and mapping,2019,0.0,0,True,investment,False
Serbia,Privacy and Security,2021,0.0,0,True,investment,False
Serbia,Privacy and Security,2023,,0,True,investment,False
Serbia,Professional services,2019,0.0,0,True,investment,False
Serbia,Professional services,2021,0.0,0,True,investment,False
Serbia,Professional services,2023,,0,True,investment,False
Serbia,"Sales, retail, commerce, marketing",2017,0.0,0,True,investment,False
Serbia,"Sales, retail, commerce, marketing",2019,0.0,0,True,investment,False
Serbia,"Sales, retail, commerce, marketing",2022,4.0,4,True,investment,False
Serbia,Software,2015,0.0,0,True,investment,False
Serbia,Software,2018,0.0,0,True,investment,False
Serbia,Software,2019,0.0,0,True,investment,False
Serbia,Software,2020,0.0,0,True,investment,False
Serbia,Software,2021,0.0,0,True,investment,False
Serbia,Software,2022,0.0,0,True,investment,False
Serbia,Software,2023,43.0,44,True,investment,False
Serbia,Software,2024,,43,True,investment,False
Serbia,Speech Recognition,2018,0.0,0,True,investment,False
Serbia,Speech Recognition,2020,0.0,0,True,investment,False
Serbia,Speech Recognition,2022,0.0,0,True,investment,False
Serbia,Transportation,2023,43.0,43,True,investment,False
Seychelles,All,2015,0.0,0,True,investment,False
Seychelles,All,2016,1.0,1,True,investment,False
Seychelles,All,2017,1.0,1,True,investment,False
Seychelles,All,2021,1.0,1,True,investment,False
Seychelles,All,2022,,10,True,investment,False
Seychelles,All,2023,,50,True,investment,False
Seychelles,All,2024,2.0,2,True,investment,False
Seychelles,Data and analytics,2021,1.0,1,True,investment,False
Seychelles,Data and analytics,2022,,10,True,investment,False
Seychelles,Data and analytics,2023,,25,True,investment,False
Seychelles,Data and analytics,2024,0.0,0,True,investment,False
Seychelles,Finance,2015,0.0,0,True,investment,False
Seychelles,Finance,2016,0.0,0,True,investment,False
Seychelles,Finance,2017,1.0,1,True,investment,False
Seychelles,Finance,2021,1.0,1,True,investment,False
Seychelles,Finance,2022,,10,True,investment,False
Seychelles,Finance,2023,,25,True,investment,False
Seychelles,Gaming,2024,0.0,0,True,investment,False
Seychelles,General purpose,2021,1.0,1,True,investment,False
Seychelles,General purpose,2022,,10,True,investment,False
Seychelles,General purpose,2023,,25,True,investment,False
Seychelles,General purpose,2024,0.0,0,True,investment,False
Seychelles,Information Technology,2015,0.0,0,True,investment,False
Seychelles,Information Technology,2016,0.0,0,True,investment,False
Seychelles,Information Technology,2017,1.0,1,True,investment,False
Seychelles,Lending and Investments,2021,1.0,1,True,investment,False
Seychelles,Media and Entertainment,2024,0.0,0,True,investment,False
Seychelles,"Mobile, platforms & Internet services",2022,,10,True,investment,False
Seychelles,"Mobile, platforms & Internet services",2023,,25,True,investment,False
Seychelles,Other,2022,,10,True,investment,False
Seychelles,Other,2023,,25,True,investment,False
Seychelles,Privacy and Security,2015,0.0,0,True,investment,False
Seychelles,Privacy and Security,2016,0.0,0,True,investment,False
Seychelles,Privacy and Security,2017,1.0,1,True,investment,False
Seychelles,Software,2015,0.0,0,True,investment,False
Seychelles,Software,2016,0.0,0,True,investment,False
Seychelles,Software,2017,1.0,1,True,investment,False
Seychelles,Software,2021,1.0,1,True,investment,False
Seychelles,Software,2022,,10,True,investment,False
Seychelles,Software,2023,,25,True,investment,False
Seychelles,Software,2024,0.0,0,True,investment,False
Singapore,Agriculture,2017,,3,True,investment,False
Singapore,Agriculture,2018,5.0,10,True,investment,False
Singapore,Agriculture,2019,,1,True,investment,False
Singapore,Agriculture,2020,14.0,30,True,investment,False
Singapore,Agriculture,2021,7.0,12,True,investment,False
Singapore,Agriculture,2022,3.0,1980,True,investment,False
Singapore,Agriculture,2024,2.0,2,True,investment,False
Singapore,All,2015,109.0,150,True,investment,False
Singapore,All,2016,90.0,159,True,investment,False
Singapore,All,2017,222.0,313,True,investment,False
Singapore,All,2018,710.0,1033,True,investment,False
Singapore,All,2019,1946.0,2049,True,investment,False
Singapore,All,2020,772.0,853,True,investment,False
Singapore,All,2021,2378.0,3079,True,investment,False
Singapore,All,2022,1309.0,3978,True,investment,False
Singapore,All,2023,1017.0,1575,True,investment,False
Singapore,All,2024,3116.0,3529,True,investment,False
Singapore,All,2025,912.0,1223,False,investment,False
Singapore,Biotechnology,2015,,1,True,investment,False
Singapore,Biotechnology,2016,0.0,0,True,investment,False
Singapore,Biotechnology,2017,0.0,1,True,investment,False
Singapore,Biotechnology,2018,2.0,6,True,investment,False
Singapore,Biotechnology,2019,2.0,2,True,investment,False
Singapore,Biotechnology,2020,7.0,9,True,investment,False
Singapore,Biotechnology,2021,4.0,14,True,investment,False
Singapore,Biotechnology,2022,2.0,6,True,investment,False
Singapore,Biotechnology,2023,21.0,21,True,investment,False
Singapore,Biotechnology,2024,1.0,2,True,investment,False
Singapore,Biotechnology,2025,,24,False,investment,False
Singapore,Community and Lifestyle,2015,5.0,8,True,investment,False
Singapore,Community and Lifestyle,2016,1.0,1,True,investment,False
Singapore,Community and Lifestyle,2017,1.0,6,True,investment,False
Singapore,Community and Lifestyle,2018,10.0,13,True,investment,False
Singapore,Community and Lifestyle,2019,49.0,88,True,investment,False
Singapore,Community and Lifestyle,2020,1.0,3,True,investment,False
Singapore,Community and Lifestyle,2021,3.0,7,True,investment,False
Singapore,Community and Lifestyle,2022,1.0,11,True,investment,False
Singapore,Community and Lifestyle,2023,5.0,21,True,investment,False
Singapore,Community and Lifestyle,2024,7.0,8,True,investment,False
Singapore,Community and Lifestyle,2025,12.0,13,False,investment,False
Singapore,Computer Vision,2016,40.0,40,True,investment,False
Singapore,Computer Vision,2017,84.0,84,True,investment,False
Singapore,Computer Vision,2018,63.0,66,True,investment,False
Singapore,Computer Vision,2019,100.0,101,True,investment,False
Singapore,Computer Vision,2020,3.0,3,True,investment,False
Singapore,Computer Vision,2021,72.0,74,True,investment,False
Singapore,Computer Vision,2022,5.0,5,True,investment,False
Singapore,Computer Vision,2023,50.0,50,True,investment,False
Singapore,Computer Vision,2024,1.0,1,True,investment,False
Singapore,Consumer goods,2015,12.0,13,True,investment,False
Singapore,Consumer goods,2016,0.0,0,True,investment,False
Singapore,Consumer goods,2017,1.0,1,True,investment,False
Singapore,Consumer goods,2018,11.0,13,True,investment,False
Singapore,Consumer goods,2019,4.0,4,True,investment,False
Singapore,Consumer goods,2020,6.0,8,True,investment,False
Singapore,Consumer goods,2021,12.0,157,True,investment,False
Singapore,Consumer goods,2022,24.0,24,True,investment,False
Singapore,Consumer goods,2024,1386.0,1388,True,investment,False
Singapore,Consumer goods,2025,,6,False,investment,False
Singapore,Cyber Security,2015,0.0,0,True,investment,False
Singapore,Cyber Security,2016,0.0,0,True,investment,False
Singapore,Cyber Security,2017,5.0,5,True,investment,False
Singapore,Cyber Security,2018,4.0,11,True,investment,False
Singapore,Cyber Security,2019,3.0,4,True,investment,False
Singapore,Cyber Security,2020,5.0,8,True,investment,False
Singapore,Cyber Security,2021,20.0,27,True,investment,False
Singapore,Cyber Security,2022,,108,True,investment,False
Singapore,Cyber Security,2023,2.0,2,True,investment,False
Singapore,Cyber Security,2024,3.0,6,True,investment,False
Singapore,Cyber Security,2025,5.0,5,False,investment,False
Singapore,Data and analytics,2015,30.0,69,True,investment,False
Singapore,Data and analytics,2016,67.0,97,True,investment,False
Singapore,Data and analytics,2017,126.0,176,True,investment,False
Singapore,Data and analytics,2018,325.0,532,True,investment,False
Singapore,Data and analytics,2019,1654.0,1729,True,investment,False
Singapore,Data and analytics,2020,535.0,588,True,investment,False
Singapore,Data and analytics,2021,919.0,1394,True,investment,False
Singapore,Data and analytics,2022,507.0,3009,True,investment,False
Singapore,Data and analytics,2023,700.0,1174,True,investment,False
Singapore,Data and analytics,2024,2032.0,2298,True,investment,False
Singapore,Data and analytics,2025,564.0,773,False,investment,False
Singapore,Education,2018,1.0,1,True,investment,False
Singapore,Education,2019,2.0,2,True,investment,False
Singapore,Education,2020,0.0,0,True,investment,False
Singapore,Education,2021,7.0,7,True,investment,False
Singapore,Education,2022,30.0,30,True,investment,False
Singapore,Education,2023,8.0,8,True,investment,False
Singapore,Education,2024,21.0,21,True,investment,False
Singapore,Education,2025,0.0,10,False,investment,False
Singapore,Energy and natural resources,2015,7.0,7,True,investment,False
Singapore,Energy and natural resources,2017,1.0,2,True,investment,False
Singapore,Energy and natural resources,2018,1.0,3,True,investment,False
Singapore,Energy and natural resources,2019,1.0,2,True,investment,False
Singapore,Energy and natural resources,2020,1.0,4,True,investment,False
Singapore,Energy and natural resources,2021,6.0,157,True,investment,False
Singapore,Energy and natural resources,2022,123.0,124,True,investment,False
Singapore,Energy and natural resources,2023,4.0,144,True,investment,False
Singapore,Energy and natural resources,2024,5.0,23,True,investment,False
Singapore,Energy and natural resources,2025,4.0,27,False,investment,False
Singapore,Finance,2015,5.0,6,True,investment,False
Singapore,Finance,2016,9.0,14,True,investment,False
Singapore,Finance,2017,11.0,11,True,investment,False
Singapore,Finance,2018,23.0,47,True,investment,False
Singapore,Finance,2019,38.0,51,True,investment,False
Singapore,Finance,2020,95.0,113,True,investment,False
Singapore,Finance,2021,628.0,656,True,investment,False
Singapore,Finance,2022,209.0,288,True,investment,False
Singapore,Finance,2023,203.0,338,True,investment,False
Singapore,Finance,2024,374.0,436,True,investment,False
Singapore,Finance,2025,133.0,167,False,investment,False
Singapore,Gaming,2015,1.0,2,True,investment,False
Singapore,Gaming,2019,1.0,1,True,investment,False
Singapore,Gaming,2021,2.0,2,True,investment,False
Singapore,Gaming,2022,16.0,27,True,investment,False
Singapore,Gaming,2023,5.0,6,True,investment,False
Singapore,Gaming,2024,4.0,20,True,investment,False
Singapore,Gaming,2025,14.0,14,False,investment,False
Singapore,General purpose,2015,29.0,67,True,investment,False
Singapore,General purpose,2016,61.0,90,True,investment,False
Singapore,General purpose,2017,124.0,170,True,investment,False
Singapore,General purpose,2018,310.0,508,True,investment,False
Singapore,General purpose,2019,1653.0,1725,True,investment,False
Singapore,General purpose,2020,602.0,647,True,investment,False
Singapore,General purpose,2021,892.0,1353,True,investment,False
Singapore,General purpose,2022,516.0,1008,True,investment,False
Singapore,General purpose,2023,698.0,1098,True,investment,False
Singapore,General purpose,2024,2033.0,2172,True,investment,False
Singapore,General purpose,2025,567.0,766,False,investment,False
Singapore,Hardware,2015,12.0,13,True,investment,False
Singapore,Hardware,2016,45.0,46,True,investment,False
Singapore,Hardware,2017,88.0,91,True,investment,False
Singapore,Hardware,2018,81.0,117,True,investment,False
Singapore,Hardware,2019,110.0,118,True,investment,False
Singapore,Hardware,2020,32.0,49,True,investment,False
Singapore,Hardware,2021,99.0,255,True,investment,False
Singapore,Hardware,2022,78.0,2107,True,investment,False
Singapore,Hardware,2023,64.0,121,True,investment,False
Singapore,Hardware,2024,1400.0,1503,True,investment,False
Singapore,Hardware,2025,22.0,58,False,investment,False
Singapore,Healthcare and Life Sciences,2015,8.0,9,True,investment,False
Singapore,Healthcare and Life Sciences,2016,0.0,2,True,investment,False
Singapore,Healthcare and Life Sciences,2017,6.0,12,True,investment,False
Singapore,Healthcare and Life Sciences,2018,27.0,38,True,investment,False
Singapore,Healthcare and Life Sciences,2019,5.0,6,True,investment,False
Singapore,Healthcare and Life Sciences,2020,21.0,23,True,investment,False
Singapore,Healthcare and Life Sciences,2021,5.0,18,True,investment,False
Singapore,Healthcare and Life Sciences,2022,15.0,116,True,investment,False
Singapore,Healthcare and Life Sciences,2023,63.0,65,True,investment,False
Singapore,Healthcare and Life Sciences,2024,1.0,6,True,investment,False
Singapore,Healthcare and Life Sciences,2025,1.0,21,False,investment,False
Singapore,Information Technology,2015,16.0,35,True,investment,False
Singapore,Information Technology,2016,10.0,10,True,investment,False
Singapore,Information Technology,2017,28.0,33,True,investment,False
Singapore,Information Technology,2018,71.0,118,True,investment,False
Singapore,Information Technology,2019,68.0,84,True,investment,False
Singapore,Information Technology,2020,468.0,488,True,investment,False
Singapore,Information Technology,2021,126.0,369,True,investment,False
Singapore,Information Technology,2022,190.0,621,True,investment,False
Singapore,Information Technology,2023,69.0,353,True,investment,False
Singapore,Information Technology,2024,41.0,84,True,investment,False
Singapore,Information Technology,2025,39.0,124,False,investment,False
Singapore,Lending and Investments,2016,1.0,1,True,investment,False
Singapore,Lending and Investments,2017,3.0,3,True,investment,False
Singapore,Lending and Investments,2018,4.0,9,True,investment,False
Singapore,Lending and Investments,2019,7.0,7,True,investment,False
Singapore,Lending and Investments,2020,5.0,5,True,investment,False
Singapore,Lending and Investments,2021,25.0,32,True,investment,False
Singapore,Lending and Investments,2022,5.0,28,True,investment,False
Singapore,Lending and Investments,2023,1.0,1,True,investment,False
Singapore,Lending and Investments,2024,6.0,15,True,investment,False
Singapore,Lending and Investments,2025,6.0,8,False,investment,False
Singapore,Manufacturing,2015,,15,True,investment,False
Singapore,Manufacturing,2017,,1,True,investment,False
Singapore,Manufacturing,2018,1.0,3,True,investment,False
Singapore,Manufacturing,2019,1.0,2,True,investment,False
Singapore,Manufacturing,2020,14.0,27,True,investment,False
Singapore,Manufacturing,2021,12.0,19,True,investment,False
Singapore,Manufacturing,2022,27.0,33,True,investment,False
Singapore,Manufacturing,2023,3.0,4,True,investment,False
Singapore,Manufacturing,2024,1393.0,1410,True,investment,False
Singapore,Manufacturing,2025,6.0,39,False,investment,False
Singapore,Media and Entertainment,2015,,13,True,investment,False
Singapore,Media and Entertainment,2016,9.0,10,True,investment,False
Singapore,Media and Entertainment,2017,2.0,32,True,investment,False
Singapore,Media and Entertainment,2018,138.0,153,True,investment,False
Singapore,Media and Entertainment,2019,1500.0,1502,True,investment,False
Singapore,Media and Entertainment,2020,0.0,0,True,investment,False
Singapore,Media and Entertainment,2021,37.0,52,True,investment,False
Singapore,Media and Entertainment,2022,12.0,46,True,investment,False
Singapore,Media and Entertainment,2023,18.0,28,True,investment,False
Singapore,Media and Entertainment,2024,19.0,125,True,investment,False
Singapore,Media and Entertainment,2025,2.0,2,False,investment,False
Singapore,"Military, public safety and government",2015,7.0,7,True,investment,False
Singapore,"Military, public safety and government",2017,1.0,1,True,investment,False
Singapore,"Military, public safety and government",2020,0.0,1,True,investment,False
Singapore,"Military, public safety and government",2021,3.0,7,True,investment,False
Singapore,"Military, public safety and government",2022,2.0,2,True,investment,False
Singapore,"Mobile, platforms & Internet services",2015,47.0,64,True,investment,False
Singapore,"Mobile, platforms & Internet services",2016,14.0,15,True,investment,False
Singapore,"Mobile, platforms & Internet services",2017,22.0,62,True,investment,False
Singapore,"Mobile, platforms & Internet services",2018,165.0,183,True,investment,False
Singapore,"Mobile, platforms & Internet services",2019,1482.0,1487,True,investment,False
Singapore,"Mobile, platforms & Internet services",2020,467.0,480,True,investment,False
Singapore,"Mobile, platforms & Internet services",2021,566.0,645,True,investment,False
Singapore,"Mobile, platforms & Internet services",2022,326.0,2388,True,investment,False
Singapore,"Mobile, platforms & Internet services",2023,390.0,751,True,investment,False
Singapore,"Mobile, platforms & Internet services",2024,546.0,575,True,investment,False
Singapore,"Mobile, platforms & Internet services",2025,455.0,501,False,investment,False
Singapore,NLP,2015,0.0,0,True,investment,False
Singapore,NLP,2017,0.0,3,True,investment,False
Singapore,NLP,2018,0.0,3,True,investment,False
Singapore,NLP,2019,0.0,5,True,investment,False
Singapore,NLP,2020,6.0,7,True,investment,False
Singapore,NLP,2021,2.0,8,True,investment,False
Singapore,NLP,2022,6.0,107,True,investment,False
Singapore,NLP,2023,5.0,7,True,investment,False
Singapore,NLP,2024,0.0,0,True,investment,False
Singapore,NLP,2025,0.0,15,False,investment,False
Singapore,Navigation and mapping,2015,1.0,1,True,investment,False
Singapore,Navigation and mapping,2016,1.0,1,True,investment,False
Singapore,Navigation and mapping,2017,,1,True,investment,False
Singapore,Navigation and mapping,2018,,0,True,investment,False
Singapore,Navigation and mapping,2019,6.0,7,True,investment,False
Singapore,Navigation and mapping,2020,7.0,7,True,investment,False
Singapore,Navigation and mapping,2021,31.0,32,True,investment,False
Singapore,Navigation and mapping,2022,13.0,13,True,investment,False
Singapore,Navigation and mapping,2023,,4,True,investment,False
Singapore,Navigation and mapping,2024,,3,True,investment,False
Singapore,Navigation and mapping,2025,,5,False,investment,False
Singapore,Other,2015,1.0,5,True,investment,False
Singapore,Other,2016,2.0,2,True,investment,False
Singapore,Other,2017,8.0,8,True,investment,False
Singapore,Other,2018,6.0,20,True,investment,False
Singapore,Other,2019,4.0,8,True,investment,False
Singapore,Other,2020,539.0,552,True,investment,False
Singapore,Other,2021,110.0,162,True,investment,False
Singapore,Other,2022,44.0,110,True,investment,False
Singapore,Other,2023,19.0,109,True,investment,False
Singapore,Other,2024,45.0,84,True,investment,False
Singapore,Other,2025,43.0,87,False,investment,False
Singapore,Privacy and Security,2015,0.0,1,True,investment,False
Singapore,Privacy and Security,2016,0.0,0,True,investment,False
Singapore,Privacy and Security,2017,9.0,9,True,investment,False
Singapore,Privacy and Security,2018,5.0,12,True,investment,False
Singapore,Privacy and Security,2019,8.0,16,True,investment,False
Singapore,Privacy and Security,2020,8.0,13,True,investment,False
Singapore,Privacy and Security,2021,23.0,43,True,investment,False
Singapore,Privacy and Security,2022,27.0,154,True,investment,False
Singapore,Privacy and Security,2023,7.0,153,True,investment,False
Singapore,Privacy and Security,2024,5.0,21,True,investment,False
Singapore,Privacy and Security,2025,17.0,21,False,investment,False
Singapore,Professional services,2015,1.0,18,True,investment,False
Singapore,Professional services,2016,3.0,8,True,investment,False
Singapore,Professional services,2017,4.0,38,True,investment,False
Singapore,Professional services,2018,145.0,170,True,investment,False
Singapore,Professional services,2019,1456.0,1460,True,investment,False
Singapore,Professional services,2020,455.0,465,True,investment,False
Singapore,Professional services,2021,29.0,83,True,investment,False
Singapore,Professional services,2022,15.0,42,True,investment,False
Singapore,Professional services,2023,5.0,90,True,investment,False
Singapore,Professional services,2024,10.0,19,True,investment,False
Singapore,Professional services,2025,15.0,17,False,investment,False
Singapore,Real estate,2017,,1,True,investment,False
Singapore,Real estate,2018,0.0,1,True,investment,False
Singapore,Real estate,2019,1.0,1,True,investment,False
Singapore,Real estate,2020,0.0,0,True,investment,False
Singapore,Real estate,2021,4.0,7,True,investment,False
Singapore,Real estate,2022,12.0,12,True,investment,False
Singapore,Real estate,2023,2.0,2,True,investment,False
Singapore,Real estate,2024,1.0,1,True,investment,False
Singapore,Real estate,2025,0.0,0,False,investment,False
Singapore,Robotics,2015,5.0,5,True,investment,False
Singapore,Robotics,2017,,0,True,investment,False
Singapore,Robotics,2018,8.0,21,True,investment,False
Singapore,Robotics,2019,2.0,3,True,investment,False
Singapore,Robotics,2020,20.0,34,True,investment,False
Singapore,Robotics,2021,1.0,1,True,investment,False
Singapore,Robotics,2022,19.0,39,True,investment,False
Singapore,Robotics,2023,7.0,7,True,investment,False
Singapore,Robotics,2024,2.0,2,True,investment,False
Singapore,Robotics,2025,6.0,13,False,investment,False
Singapore,"Sales, retail, commerce, marketing",2015,45.0,49,True,investment,False
Singapore,"Sales, retail, commerce, marketing",2016,52.0,56,True,investment,False
Singapore,"Sales, retail, commerce, marketing",2017,90.0,94,True,investment,False
Singapore,"Sales, retail, commerce, marketing",2018,79.0,114,True,investment,False
Singapore,"Sales, retail, commerce, marketing",2019,121.0,135,True,investment,False
Singapore,"Sales, retail, commerce, marketing",2020,84.0,97,True,investment,False
Singapore,"Sales, retail, commerce, marketing",2021,645.0,683,True,investment,False
Singapore,"Sales, retail, commerce, marketing",2022,170.0,316,True,investment,False
Singapore,"Sales, retail, commerce, marketing",2023,185.0,198,True,investment,False
Singapore,"Sales, retail, commerce, marketing",2024,193.0,207,True,investment,False
Singapore,"Sales, retail, commerce, marketing",2025,115.0,147,False,investment,False
Singapore,Semiconductor,2016,2.0,2,True,investment,False
Singapore,Semiconductor,2019,1.0,1,True,investment,False
Singapore,Semiconductor,2021,9.0,9,True,investment,False
Singapore,Semiconductor,2022,25.0,25,True,investment,False
Singapore,Semiconductor,2023,2.0,2,True,investment,False
Singapore,Semiconductor,2024,1385.0,1385,True,investment,False
Singapore,Semiconductor,2025,3.0,3,False,investment,False
Singapore,Software,2015,72.0,96,True,investment,False
Singapore,Software,2016,68.0,99,True,investment,False
Singapore,Software,2017,128.0,178,True,investment,False
Singapore,Software,2018,339.0,552,True,investment,False
Singapore,Software,2019,1658.0,1734,True,investment,False
Singapore,Software,2020,535.0,593,True,investment,False
Singapore,Software,2021,932.0,1411,True,investment,False
Singapore,Software,2022,547.0,3070,True,investment,False
Singapore,Software,2023,709.0,1243,True,investment,False
Singapore,Software,2024,2060.0,2331,True,investment,False
Singapore,Software,2025,569.0,778,False,investment,False
Singapore,Speech Recognition,2019,,1,True,investment,False
Singapore,Speech Recognition,2020,2.0,2,True,investment,False
Singapore,Speech Recognition,2022,3.0,3,True,investment,False
Singapore,Speech Recognition,2023,5.0,5,True,investment,False
Singapore,Speech Recognition,2025,,15,False,investment,False
Singapore,Sports,2015,3.0,3,True,investment,False
Singapore,Sports,2017,6.0,6,True,investment,False
Singapore,Sports,2018,,1,True,investment,False
Singapore,Sports,2019,2.0,2,True,investment,False
Singapore,Sports,2020,1.0,1,True,investment,False
Singapore,Sports,2022,2.0,2,True,investment,False
Singapore,Sports,2023,0.0,1,True,investment,False
Singapore,Sports,2024,,4,True,investment,False
Singapore,Telecommunications,2015,0.0,0,True,investment,False
Singapore,Telecommunications,2016,0.0,0,True,investment,False
Singapore,Telecommunications,2017,,1,True,investment,False
Singapore,Telecommunications,2018,0.0,3,True,investment,False
Singapore,Telecommunications,2019,1.0,3,True,investment,False
Singapore,Telecommunications,2020,,0,True,investment,False
Singapore,Telecommunications,2021,1.0,5,True,investment,False
Singapore,Telecommunications,2022,,20,True,investment,False
Singapore,Telecommunications,2024,1.0,1,True,investment,False
Singapore,Transportation,2015,7.0,7,True,investment,False
Singapore,Transportation,2016,0.0,0,True,investment,False
Singapore,Transportation,2017,1.0,2,True,investment,False
Singapore,Transportation,2018,2.0,7,True,investment,False
Singapore,Transportation,2019,5.0,14,True,investment,False
Singapore,Transportation,2020,2.0,9,True,investment,False
Singapore,Transportation,2021,22.0,92,True,investment,False
Singapore,Transportation,2022,8.0,8,True,investment,False
Singapore,Transportation,2023,6.0,12,True,investment,False
Singapore,Transportation,2024,5.0,36,True,investment,False
Singapore,Transportation,2025,4.0,9,False,investment,False
Slovakia,All,2015,0.0,2,True,investment,False
Slovakia,All,2016,,1,True,investment,False
Slovakia,All,2017,25.0,25,True,investment,False
Slovakia,All,2018,4.0,4,True,investment,False
Slovakia,All,2019,12.0,12,True,investment,False
Slovakia,All,2020,7.0,10,True,investment,False
Slovakia,All,2021,9.0,9,True,investment,False
Slovakia,All,2022,4.0,28,True,investment,False
Slovakia,All,2023,23.0,23,True,investment,False
Slovakia,All,2024,29.0,30,True,investment,False
Slovakia,All,2025,13.0,14,False,investment,False
Slovakia,Biotechnology,2015,0.0,0,True,investment,False
Slovakia,Biotechnology,2016,,1,True,investment,False
Slovakia,Community and Lifestyle,2020,0.0,0,True,investment,False
Slovakia,Consumer goods,2020,1.0,1,True,investment,False
Slovakia,Consumer goods,2023,1.0,1,True,investment,False
Slovakia,Data and analytics,2015,0.0,2,True,investment,False
Slovakia,Data and analytics,2016,,1,True,investment,False
Slovakia,Data and analytics,2018,2.0,2,True,investment,False
Slovakia,Data and analytics,2019,2.0,2,True,investment,False
Slovakia,Data and analytics,2020,7.0,9,True,investment,False
Slovakia,Data and analytics,2021,1.0,1,True,investment,False
Slovakia,Data and analytics,2022,2.0,5,True,investment,False
Slovakia,Data and analytics,2023,22.0,22,True,investment,False
Slovakia,Data and analytics,2024,0.0,1,True,investment,False
Slovakia,Data and analytics,2025,9.0,10,False,investment,False
Slovakia,Education,2015,0.0,0,True,investment,False
Slovakia,Education,2016,,1,True,investment,False
Slovakia,Education,2021,,0,True,investment,False
Slovakia,Energy and natural resources,2023,17.0,17,True,investment,False
Slovakia,Finance,2020,5.0,5,True,investment,False
Slovakia,Finance,2021,1.0,1,True,investment,False
Slovakia,Finance,2025,9.0,9,False,investment,False
Slovakia,General purpose,2015,0.0,2,True,investment,False
Slovakia,General purpose,2016,,1,True,investment,False
Slovakia,General purpose,2017,6.0,6,True,investment,False
Slovakia,General purpose,2018,1.0,1,True,investment,False
Slovakia,General purpose,2019,5.0,5,True,investment,False
Slovakia,General purpose,2020,7.0,10,True,investment,False
Slovakia,General purpose,2021,5.0,5,True,investment,False
Slovakia,General purpose,2022,1.0,24,True,investment,False
Slovakia,General purpose,2023,22.0,22,True,investment,False
Slovakia,General purpose,2024,5.0,5,True,investment,False
Slovakia,General purpose,2025,9.0,10,False,investment,False
Slovakia,Hardware,2018,1.0,1,True,investment,False
Slovakia,Hardware,2019,1.0,1,True,investment,False
Slovakia,Hardware,2020,1.0,1,True,investment,False
Slovakia,Hardware,2021,4.0,4,True,investment,False
Slovakia,Hardware,2022,,21,True,investment,False
Slovakia,Hardware,2023,1.0,1,True,investment,False
Slovakia,Hardware,2024,5.0,5,True,investment,False
Slovakia,Healthcare and Life Sciences,2020,0.0,0,True,investment,False
Slovakia,Healthcare and Life Sciences,2023,1.0,1,True,investment,False
Slovakia,Information Technology,2015,0.0,0,True,investment,False
Slovakia,Information Technology,2016,,1,True,investment,False
Slovakia,Information Technology,2018,2.0,2,True,investment,False
Slovakia,Information Technology,2019,3.0,3,True,investment,False
Slovakia,Information Technology,2020,7.0,7,True,investment,False
Slovakia,Information Technology,2021,4.0,4,True,investment,False
Slovakia,Information Technology,2022,1.0,24,True,investment,False
Slovakia,Information Technology,2023,1.0,1,True,investment,False
Slovakia,Information Technology,2024,5.0,5,True,investment,False
Slovakia,Information Technology,2025,10.0,10,False,investment,False
Slovakia,Manufacturing,2017,6.0,6,True,investment,False
Slovakia,Manufacturing,2019,3.0,3,True,investment,False
Slovakia,Manufacturing,2020,,0,True,investment,False
Slovakia,Media and Entertainment,2023,1.0,1,True,investment,False
Slovakia,"Military, public safety and government",2020,1.0,1,True,investment,False
Slovakia,"Military, public safety and government",2023,1.0,1,True,investment,False
Slovakia,"Mobile, platforms & Internet services",2019,1.0,1,True,investment,False
Slovakia,"Mobile, platforms & Internet services",2020,0.0,2,True,investment,False
Slovakia,"Mobile, platforms & Internet services",2021,4.0,4,True,investment,False
Slovakia,"Mobile, platforms & Internet services",2022,,21,True,investment,False
Slovakia,"Mobile, platforms & Internet services",2024,5.0,5,True,investment,False
Slovakia,NLP,2015,0.0,0,True,investment,False
Slovakia,NLP,2016,,1,True,investment,False
Slovakia,Navigation and mapping,2018,1.0,1,True,investment,False
Slovakia,Navigation and mapping,2020,1.0,1,True,investment,False
Slovakia,Navigation and mapping,2023,1.0,1,True,investment,False
Slovakia,Other,2019,1.0,1,True,investment,False
Slovakia,Other,2020,1.0,1,True,investment,False
Slovakia,Other,2021,4.0,4,True,investment,False
Slovakia,Other,2022,,21,True,investment,False
Slovakia,Other,2024,5.0,5,True,investment,False
Slovakia,Professional services,2015,,1,True,investment,False
Slovakia,Professional services,2020,1.0,2,True,investment,False
Slovakia,Professional services,2021,1.0,1,True,investment,False
Slovakia,Professional services,2023,1.0,1,True,investment,False
Slovakia,Real estate,2023,0.0,0,True,investment,False
Slovakia,Real estate,2024,,0,True,investment,False
Slovakia,Robotics,2020,,0,True,investment,False
Slovakia,"Sales, retail, commerce, marketing",2019,1.0,1,True,investment,False
Slovakia,"Sales, retail, commerce, marketing",2020,1.0,2,True,investment,False
Slovakia,"Sales, retail, commerce, marketing",2021,4.0,4,True,investment,False
Slovakia,"Sales, retail, commerce, marketing",2022,1.0,23,True,investment,False
Slovakia,"Sales, retail, commerce, marketing",2023,1.0,1,True,investment,False
Slovakia,"Sales, retail, commerce, marketing",2024,5.0,5,True,investment,False
Slovakia,"Sales, retail, commerce, marketing",2025,1.0,1,False,investment,False
Slovakia,Semiconductor,2018,1.0,1,True,investment,False
Slovakia,Simulation,2022,0.0,0,True,investment,False
Slovakia,Software,2015,0.0,2,True,investment,False
Slovakia,Software,2016,,1,True,investment,False
Slovakia,Software,2018,2.0,2,True,investment,False
Slovakia,Software,2019,3.0,3,True,investment,False
Slovakia,Software,2020,7.0,10,True,investment,False
Slovakia,Software,2021,5.0,5,True,investment,False
Slovakia,Software,2022,3.0,27,True,investment,False
Slovakia,Software,2023,22.0,22,True,investment,False
Slovakia,Software,2024,5.0,6,True,investment,False
Slovakia,Software,2025,10.0,12,False,investment,False
Slovakia,Telecommunications,2019,1.0,1,True,investment,False
Slovakia,Telecommunications,2020,,0,True,investment,False
Slovakia,Telecommunications,2021,4.0,4,True,investment,False
Slovakia,Telecommunications,2022,,21,True,investment,False
Slovakia,Telecommunications,2024,5.0,5,True,investment,False
Slovakia,Transportation,2015,,1,True,investment,False
Slovakia,Transportation,2017,6.0,6,True,investment,False
Slovakia,Transportation,2019,3.0,3,True,investment,False
Slovakia,Transportation,2020,,1,True,investment,False
Slovakia,Transportation,2021,0.0,0,True,investment,False
Slovakia,Transportation,2023,1.0,1,True,investment,False
Slovenia,Agriculture,2020,1.0,1,True,investment,False
Slovenia,Agriculture,2022,3.0,3,True,investment,False
Slovenia,All,2015,0.0,0,True,investment,False
Slovenia,All,2016,0.0,0,True,investment,False
Slovenia,All,2017,0.0,0,True,investment,False
Slovenia,All,2018,,0,True,investment,False
Slovenia,All,2019,0.0,0,True,investment,False
Slovenia,All,2020,4.0,5,True,investment,False
Slovenia,All,2021,,0,True,investment,False
Slovenia,All,2022,10.0,10,True,investment,False
Slovenia,All,2023,20.0,20,True,investment,False
Slovenia,All,2025,9.0,9,False,investment,False
Slovenia,Biotechnology,2015,0.0,0,True,investment,False
Slovenia,Biotechnology,2016,0.0,0,True,investment,False
Slovenia,Biotechnology,2017,0.0,0,True,investment,False
Slovenia,Biotechnology,2018,,0,True,investment,False
Slovenia,Computer Vision,2020,1.0,1,True,investment,False
Slovenia,Computer Vision,2022,3.0,3,True,investment,False
Slovenia,Consumer goods,2016,,0,True,investment,False
Slovenia,Data and analytics,2015,0.0,0,True,investment,False
Slovenia,Data and analytics,2016,0.0,0,True,investment,False
Slovenia,Data and analytics,2017,0.0,0,True,investment,False
Slovenia,Data and analytics,2018,,0,True,investment,False
Slovenia,Data and analytics,2019,0.0,0,True,investment,False
Slovenia,Data and analytics,2020,1.0,2,True,investment,False
Slovenia,Data and analytics,2021,,0,True,investment,False
Slovenia,Data and analytics,2022,3.0,3,True,investment,False
Slovenia,Data and analytics,2023,20.0,20,True,investment,False
Slovenia,Data and analytics,2025,2.0,2,False,investment,False
Slovenia,Finance,2015,0.0,0,True,investment,False
Slovenia,Finance,2016,0.0,0,True,investment,False
Slovenia,Finance,2017,0.0,0,True,investment,False
Slovenia,Finance,2018,,0,True,investment,False
Slovenia,General purpose,2015,0.0,0,True,investment,False
Slovenia,General purpose,2016,0.0,0,True,investment,False
Slovenia,General purpose,2017,0.0,0,True,investment,False
Slovenia,General purpose,2018,,0,True,investment,False
Slovenia,General purpose,2019,0.0,0,True,investment,False
Slovenia,General purpose,2020,1.0,2,True,investment,False
Slovenia,General purpose,2021,,0,True,investment,False
Slovenia,General purpose,2022,3.0,3,True,investment,False
Slovenia,General purpose,2023,20.0,20,True,investment,False
Slovenia,General purpose,2025,2.0,2,False,investment,False
Slovenia,Hardware,2015,0.0,0,True,investment,False
Slovenia,Hardware,2016,0.0,0,True,investment,False
Slovenia,Hardware,2017,0.0,0,True,investment,False
Slovenia,Hardware,2018,,0,True,investment,False
Slovenia,Hardware,2025,2.0,2,False,investment,False
Slovenia,Healthcare and Life Sciences,2015,0.0,0,True,investment,False
Slovenia,Healthcare and Life Sciences,2016,0.0,0,True,investment,False
Slovenia,Healthcare and Life Sciences,2017,0.0,0,True,investment,False
Slovenia,Healthcare and Life Sciences,2018,,0,True,investment,False
Slovenia,Healthcare and Life Sciences,2021,,0,True,investment,False
Slovenia,Healthcare and Life Sciences,2023,20.0,20,True,investment,False
Slovenia,Information Technology,2015,0.0,0,True,investment,False
Slovenia,Information Technology,2016,0.0,0,True,investment,False
Slovenia,Information Technology,2017,0.0,0,True,investment,False
Slovenia,Information Technology,2018,,0,True,investment,False
Slovenia,Information Technology,2020,,0,True,investment,False
Slovenia,Manufacturing,2016,,0,True,investment,False
Slovenia,Manufacturing,2017,,0,True,investment,False
Slovenia,Media and Entertainment,2017,,0,True,investment,False
Slovenia,"Mobile, platforms & Internet services",2016,,0,True,investment,False
Slovenia,"Mobile, platforms & Internet services",2020,1.0,1,True,investment,False
Slovenia,"Mobile, platforms & Internet services",2022,3.0,3,True,investment,False
Slovenia,NLP,2017,,0,True,investment,False
Slovenia,Other,2017,,0,True,investment,False
Slovenia,Other,2018,,0,True,investment,False
Slovenia,Other,2019,0.0,0,True,investment,False
Slovenia,Other,2020,,0,True,investment,False
Slovenia,Privacy and Security,2015,0.0,0,True,investment,False
Slovenia,Privacy and Security,2016,0.0,0,True,investment,False
Slovenia,Privacy and Security,2017,0.0,0,True,investment,False
Slovenia,Privacy and Security,2018,,0,True,investment,False
Slovenia,Professional services,2016,,0,True,investment,False
Slovenia,Professional services,2017,,0,True,investment,False
Slovenia,Robotics,2017,,0,True,investment,False
Slovenia,Robotics,2025,2.0,2,False,investment,False
Slovenia,"Sales, retail, commerce, marketing",2016,,0,True,investment,False
Slovenia,Simulation,2015,0.0,0,True,investment,False
Slovenia,Simulation,2016,0.0,0,True,investment,False
Slovenia,Simulation,2017,0.0,0,True,investment,False
Slovenia,Simulation,2018,,0,True,investment,False
Slovenia,Software,2015,0.0,0,True,investment,False
Slovenia,Software,2016,0.0,0,True,investment,False
Slovenia,Software,2017,0.0,0,True,investment,False
Slovenia,Software,2018,,0,True,investment,False
Slovenia,Software,2019,0.0,0,True,investment,False
Slovenia,Software,2020,1.0,2,True,investment,False
Slovenia,Software,2021,,0,True,investment,False
Slovenia,Software,2022,3.0,3,True,investment,False
Slovenia,Software,2023,20.0,20,True,investment,False
Slovenia,Software,2025,2.0,2,False,investment,False
Slovenia,Transportation,2015,0.0,0,True,investment,False
Slovenia,Transportation,2016,0.0,0,True,investment,False
Slovenia,Transportation,2017,0.0,0,True,investment,False
Slovenia,Transportation,2018,,0,True,investment,False
Slovenia,Transportation,2020,,0,True,investment,False
South Africa,Agriculture,2017,0.0,0,True,investment,False
South Africa,Agriculture,2018,1.0,1,True,investment,False
South Africa,Agriculture,2019,2.0,2,True,investment,False
South Africa,Agriculture,2020,8.0,8,True,investment,False
South Africa,Agriculture,2022,1.0,1,True,investment,False
South Africa,Agriculture,2023,0.0,0,True,investment,False
South Africa,All,2015,18.0,20,True,investment,False
South Africa,All,2016,1.0,53,True,investment,False
South Africa,All,2017,73.0,73,True,investment,False
South Africa,All,2018,59.0,66,True,investment,False
South Africa,All,2019,15.0,166,True,investment,False
South Africa,All,2020,91.0,148,True,investment,False
South Africa,All,2021,140.0,143,True,investment,False
South Africa,All,2022,126.0,185,True,investment,False
South Africa,All,2023,51.0,77,True,investment,False
South Africa,All,2024,9.0,238,True,investment,False
South Africa,All,2025,15.0,203,False,investment,False
South Africa,Biotechnology,2022,4.0,4,True,investment,False
South Africa,Community and Lifestyle,2016,,52,True,investment,False
South Africa,Community and Lifestyle,2020,0.0,0,True,investment,False
South Africa,Community and Lifestyle,2021,,0,True,investment,False
South Africa,Community and Lifestyle,2022,0.0,0,True,investment,False
South Africa,Community and Lifestyle,2023,1.0,1,True,investment,False
South Africa,Community and Lifestyle,2024,0.0,0,True,investment,False
South Africa,Computer Vision,2017,,0,True,investment,False
South Africa,Computer Vision,2024,,53,True,investment,False
South Africa,Consumer goods,2017,0.0,0,True,investment,False
South Africa,Consumer goods,2018,1.0,1,True,investment,False
South Africa,Consumer goods,2019,2.0,2,True,investment,False
South Africa,Consumer goods,2020,14.0,14,True,investment,False
South Africa,Consumer goods,2021,,0,True,investment,False
South Africa,Data and analytics,2015,18.0,18,True,investment,False
South Africa,Data and analytics,2016,0.0,52,True,investment,False
South Africa,Data and analytics,2017,29.0,29,True,investment,False
South Africa,Data and analytics,2018,14.0,20,True,investment,False
South Africa,Data and analytics,2019,5.0,155,True,investment,False
South Africa,Data and analytics,2020,34.0,90,True,investment,False
South Africa,Data and analytics,2021,36.0,38,True,investment,False
South Africa,Data and analytics,2022,110.0,169,True,investment,False
South Africa,Data and analytics,2023,14.0,37,True,investment,False
South Africa,Data and analytics,2024,7.0,211,True,investment,False
South Africa,Data and analytics,2025,3.0,68,False,investment,False
South Africa,Education,2017,4.0,4,True,investment,False
South Africa,Education,2019,0.0,0,True,investment,False
South Africa,Education,2021,1.0,1,True,investment,False
South Africa,Education,2023,0.0,15,True,investment,False
South Africa,Education,2025,0.0,2,False,investment,False
South Africa,Energy and natural resources,2019,,123,True,investment,False
South Africa,Energy and natural resources,2020,0.0,0,True,investment,False
South Africa,Energy and natural resources,2021,,0,True,investment,False
South Africa,Energy and natural resources,2025,0.0,0,False,investment,False
South Africa,Finance,2015,18.0,18,True,investment,False
South Africa,Finance,2016,0.0,0,True,investment,False
South Africa,Finance,2017,23.0,23,True,investment,False
South Africa,Finance,2018,13.0,15,True,investment,False
South Africa,Finance,2019,2.0,2,True,investment,False
South Africa,Finance,2020,18.0,73,True,investment,False
South Africa,Finance,2021,33.0,33,True,investment,False
South Africa,Finance,2022,0.0,0,True,investment,False
South Africa,Finance,2023,3.0,4,True,investment,False
South Africa,Finance,2024,0.0,25,True,investment,False
South Africa,General purpose,2017,6.0,6,True,investment,False
South Africa,General purpose,2018,1.0,5,True,investment,False
South Africa,General purpose,2019,5.0,32,True,investment,False
South Africa,General purpose,2020,18.0,70,True,investment,False
South Africa,General purpose,2021,4.0,7,True,investment,False
South Africa,General purpose,2022,112.0,170,True,investment,False
South Africa,General purpose,2023,13.0,20,True,investment,False
South Africa,General purpose,2024,6.0,211,True,investment,False
South Africa,General purpose,2025,3.0,66,False,investment,False
South Africa,Hardware,2015,,2,True,investment,False
South Africa,Hardware,2017,0.0,0,True,investment,False
South Africa,Hardware,2018,1.0,1,True,investment,False
South Africa,Hardware,2019,2.0,4,True,investment,False
South Africa,Hardware,2020,16.0,68,True,investment,False
South Africa,Hardware,2021,1.0,1,True,investment,False
South Africa,Hardware,2022,6.0,6,True,investment,False
South Africa,Hardware,2023,0.0,1,True,investment,False
South Africa,Hardware,2024,,53,True,investment,False
South Africa,Hardware,2025,0.0,0,False,investment,False
South Africa,Healthcare and Life Sciences,2017,,0,True,investment,False
South Africa,Healthcare and Life Sciences,2019,2.0,2,True,investment,False
South Africa,Healthcare and Life Sciences,2021,2.0,2,True,investment,False
South Africa,Healthcare and Life Sciences,2022,0.0,2,True,investment,False
South Africa,Healthcare and Life Sciences,2023,1.0,3,True,investment,False
South Africa,Healthcare and Life Sciences,2024,0.0,0,True,investment,False
South Africa,Healthcare and Life Sciences,2025,0.0,3,False,investment,False
South Africa,Information Technology,2017,6.0,6,True,investment,False
South Africa,Information Technology,2018,0.0,3,True,investment,False
South Africa,Information Technology,2019,1.0,26,True,investment,False
South Africa,Information Technology,2020,8.0,61,True,investment,False
South Africa,Information Technology,2021,3.0,3,True,investment,False
South Africa,Information Technology,2022,108.0,163,True,investment,False
South Africa,Information Technology,2023,1.0,6,True,investment,False
South Africa,Information Technology,2024,6.0,58,True,investment,False
South Africa,Information Technology,2025,0.0,61,False,investment,False
South Africa,Lending and Investments,2015,18.0,18,True,investment,False
South Africa,Lending and Investments,2017,22.0,22,True,investment,False
South Africa,Lending and Investments,2018,13.0,15,True,investment,False
South Africa,Lending and Investments,2020,18.0,20,True,investment,False
South Africa,Lending and Investments,2021,31.0,31,True,investment,False
South Africa,Lending and Investments,2023,,0,True,investment,False
South Africa,Manufacturing,2015,,2,True,investment,False
South Africa,Manufacturing,2018,,2,True,investment,False
South Africa,Manufacturing,2019,,126,True,investment,False
South Africa,Manufacturing,2020,3.0,3,True,investment,False
South Africa,Manufacturing,2021,,0,True,investment,False
South Africa,Manufacturing,2022,9.0,9,True,investment,False
South Africa,Manufacturing,2023,1.0,1,True,investment,False
South Africa,Manufacturing,2024,,1,True,investment,False
South Africa,Media and Entertainment,2018,0.0,0,True,investment,False
South Africa,Media and Entertainment,2020,,1,True,investment,False
South Africa,Media and Entertainment,2021,0.0,0,True,investment,False
South Africa,"Military, public safety and government",2021,0.0,0,True,investment,False
South Africa,"Military, public safety and government",2022,,1,True,investment,False
South Africa,"Mobile, platforms & Internet services",2015,18.0,18,True,investment,False
South Africa,"Mobile, platforms & Internet services",2016,,52,True,investment,False
South Africa,"Mobile, platforms & Internet services",2017,22.0,22,True,investment,False
South Africa,"Mobile, platforms & Internet services",2018,9.0,10,True,investment,False
South Africa,"Mobile, platforms & Internet services",2019,2.0,25,True,investment,False
South Africa,"Mobile, platforms & Internet services",2020,18.0,20,True,investment,False
South Africa,"Mobile, platforms & Internet services",2021,33.0,33,True,investment,False
South Africa,"Mobile, platforms & Internet services",2022,0.0,3,True,investment,False
South Africa,"Mobile, platforms & Internet services",2023,1.0,2,True,investment,False
South Africa,"Mobile, platforms & Internet services",2024,0.0,0,True,investment,False
South Africa,"Mobile, platforms & Internet services",2025,11.0,13,False,investment,False
South Africa,NLP,2020,,52,True,investment,False
South Africa,NLP,2021,,0,True,investment,False
South Africa,NLP,2022,1.0,1,True,investment,False
South Africa,NLP,2024,,150,True,investment,False
South Africa,Navigation and mapping,2016,,52,True,investment,False
South Africa,Navigation and mapping,2022,0.0,0,True,investment,False
South Africa,Navigation and mapping,2023,1.0,1,True,investment,False
South Africa,Navigation and mapping,2024,0.0,0,True,investment,False
South Africa,Other,2017,0.0,0,True,investment,False
South Africa,Other,2018,0.0,0,True,investment,False
South Africa,Other,2019,2.0,2,True,investment,False
South Africa,Other,2020,0.0,0,True,investment,False
South Africa,Other,2021,3.0,3,True,investment,False
South Africa,Other,2022,101.0,101,True,investment,False
South Africa,Other,2023,3.0,4,True,investment,False
South Africa,Other,2024,,1,True,investment,False
South Africa,Other,2025,,61,False,investment,False
South Africa,Privacy and Security,2021,0.0,0,True,investment,False
South Africa,Privacy and Security,2022,,1,True,investment,False
South Africa,Privacy and Security,2024,,52,True,investment,False
South Africa,Professional services,2017,0.0,0,True,investment,False
South Africa,Professional services,2019,,2,True,investment,False
South Africa,Professional services,2021,1.0,1,True,investment,False
South Africa,Professional services,2022,102.0,106,True,investment,False
South Africa,Professional services,2024,3.0,3,True,investment,False
South Africa,Professional services,2025,1.0,62,False,investment,False
South Africa,Real estate,2019,1.0,124,True,investment,False
South Africa,Real estate,2020,0.0,0,True,investment,False
South Africa,Real estate,2023,1.0,1,True,investment,False
South Africa,Real estate,2025,0.0,0,False,investment,False
South Africa,Robotics,2020,,52,True,investment,False
South Africa,Robotics,2022,4.0,4,True,investment,False
South Africa,"Sales, retail, commerce, marketing",2018,0.0,1,True,investment,False
South Africa,"Sales, retail, commerce, marketing",2020,0.0,0,True,investment,False
South Africa,"Sales, retail, commerce, marketing",2021,0.0,0,True,investment,False
South Africa,"Sales, retail, commerce, marketing",2022,101.0,104,True,investment,False
South Africa,"Sales, retail, commerce, marketing",2023,1.0,1,True,investment,False
South Africa,"Sales, retail, commerce, marketing",2024,0.0,25,True,investment,False
South Africa,"Sales, retail, commerce, marketing",2025,,61,False,investment,False
South Africa,Software,2015,18.0,20,True,investment,False
South Africa,Software,2016,0.0,52,True,investment,False
South Africa,Software,2017,29.0,29,True,investment,False
South Africa,Software,2018,14.0,20,True,investment,False
South Africa,Software,2019,5.0,157,True,investment,False
South Africa,Software,2020,34.0,90,True,investment,False
South Africa,Software,2021,36.0,38,True,investment,False
South Africa,Software,2022,111.0,169,True,investment,False
South Africa,Software,2023,14.0,37,True,investment,False
South Africa,Software,2024,7.0,211,True,investment,False
South Africa,Software,2025,14.0,77,False,investment,False
South Africa,Speech Recognition,2022,1.0,1,True,investment,False
South Africa,Telecommunications,2018,,1,True,investment,False
South Africa,Transportation,2016,,52,True,investment,False
South Africa,Transportation,2018,0.0,0,True,investment,False
South Africa,Transportation,2020,,1,True,investment,False
South Africa,Transportation,2021,0.0,0,True,investment,False
South Africa,Transportation,2022,0.0,0,True,investment,False
South Africa,Transportation,2023,1.0,1,True,investment,False
South Africa,Transportation,2024,0.0,0,True,investment,False
South Korea,Agriculture,2018,,0,True,investment,False
South Korea,Agriculture,2019,,1,True,investment,False
South Korea,Agriculture,2020,4.0,6,True,investment,False
South Korea,Agriculture,2021,1.0,4,True,investment,False
South Korea,Agriculture,2022,1.0,53,True,investment,False
South Korea,Agriculture,2023,3.0,7,True,investment,False
South Korea,Agriculture,2024,1.0,2,True,investment,False
South Korea,Agriculture,2025,6.0,6,False,investment,False
South Korea,All,2015,17.0,281,True,investment,False
South Korea,All,2016,72.0,167,True,investment,False
South Korea,All,2017,101.0,144,True,investment,False
South Korea,All,2018,178.0,238,True,investment,False
South Korea,All,2019,499.0,748,True,investment,False
South Korea,All,2020,371.0,1115,True,investment,False
South Korea,All,2021,3199.0,5272,True,investment,False
South Korea,All,2022,1706.0,2697,True,investment,False
South Korea,All,2023,1692.0,3002,True,investment,False
South Korea,All,2024,1416.0,2820,True,investment,False
South Korea,All,2025,936.0,1141,False,investment,False
South Korea,Biotechnology,2015,0.0,0,True,investment,False
South Korea,Biotechnology,2016,1.0,2,True,investment,False
South Korea,Biotechnology,2017,,1,True,investment,False
South Korea,Biotechnology,2018,2.0,4,True,investment,False
South Korea,Biotechnology,2019,15.0,20,True,investment,False
South Korea,Biotechnology,2020,6.0,31,True,investment,False
South Korea,Biotechnology,2021,34.0,46,True,investment,False
South Korea,Biotechnology,2022,42.0,43,True,investment,False
South Korea,Biotechnology,2023,42.0,53,True,investment,False
South Korea,Biotechnology,2024,7.0,33,True,investment,False
South Korea,Biotechnology,2025,5.0,17,False,investment,False
South Korea,Community and Lifestyle,2015,4.0,4,True,investment,False
South Korea,Community and Lifestyle,2016,,0,True,investment,False
South Korea,Community and Lifestyle,2017,1.0,1,True,investment,False
South Korea,Community and Lifestyle,2018,1.0,2,True,investment,False
South Korea,Community and Lifestyle,2019,3.0,6,True,investment,False
South Korea,Community and Lifestyle,2020,1.0,2,True,investment,False
South Korea,Community and Lifestyle,2021,1735.0,1744,True,investment,False
South Korea,Community and Lifestyle,2022,6.0,16,True,investment,False
South Korea,Community and Lifestyle,2023,11.0,31,True,investment,False
South Korea,Community and Lifestyle,2024,3.0,5,True,investment,False
South Korea,Community and Lifestyle,2025,2.0,5,False,investment,False
South Korea,Computer Vision,2015,0.0,1,True,investment,False
South Korea,Computer Vision,2016,0.0,0,True,investment,False
South Korea,Computer Vision,2017,1.0,2,True,investment,False
South Korea,Computer Vision,2018,6.0,8,True,investment,False
South Korea,Computer Vision,2019,4.0,4,True,investment,False
South Korea,Computer Vision,2020,20.0,46,True,investment,False
South Korea,Computer Vision,2021,24.0,25,True,investment,False
South Korea,Computer Vision,2022,62.0,435,True,investment,False
South Korea,Computer Vision,2023,6.0,11,True,investment,False
South Korea,Computer Vision,2024,36.0,37,True,investment,False
South Korea,Computer Vision,2025,1.0,1,False,investment,False
South Korea,Consumer goods,2015,1.0,1,True,investment,False
South Korea,Consumer goods,2016,1.0,1,True,investment,False
South Korea,Consumer goods,2017,3.0,5,True,investment,False
South Korea,Consumer goods,2018,2.0,6,True,investment,False
South Korea,Consumer goods,2019,179.0,358,True,investment,False
South Korea,Consumer goods,2020,10.0,23,True,investment,False
South Korea,Consumer goods,2021,9.0,11,True,investment,False
South Korea,Consumer goods,2022,14.0,25,True,investment,False
South Korea,Consumer goods,2023,7.0,272,True,investment,False
South Korea,Consumer goods,2024,44.0,365,True,investment,False
South Korea,Consumer goods,2025,15.0,18,False,investment,False
South Korea,Cyber Security,2018,1.0,1,True,investment,False
South Korea,Cyber Security,2019,3.0,3,True,investment,False
South Korea,Cyber Security,2022,4.0,4,True,investment,False
South Korea,Cyber Security,2024,2.0,2,True,investment,False
South Korea,Data and analytics,2015,10.0,12,True,investment,False
South Korea,Data and analytics,2016,11.0,60,True,investment,False
South Korea,Data and analytics,2017,34.0,62,True,investment,False
South Korea,Data and analytics,2018,43.0,88,True,investment,False
South Korea,Data and analytics,2019,260.0,322,True,investment,False
South Korea,Data and analytics,2020,123.0,794,True,investment,False
South Korea,Data and analytics,2021,2136.0,4143,True,investment,False
South Korea,Data and analytics,2022,828.0,1747,True,investment,False
South Korea,Data and analytics,2023,654.0,1300,True,investment,False
South Korea,Data and analytics,2024,490.0,1544,True,investment,False
South Korea,Data and analytics,2025,172.0,308,False,investment,False
South Korea,Education,2015,,260,True,investment,False
South Korea,Education,2016,2.0,2,True,investment,False
South Korea,Education,2017,4.0,5,True,investment,False
South Korea,Education,2018,8.0,9,True,investment,False
South Korea,Education,2019,22.0,24,True,investment,False
South Korea,Education,2020,14.0,46,True,investment,False
South Korea,Education,2021,202.0,221,True,investment,False
South Korea,Education,2022,13.0,88,True,investment,False
South Korea,Education,2023,13.0,100,True,investment,False
South Korea,Education,2024,23.0,39,True,investment,False
South Korea,Education,2025,3.0,9,False,investment,False
South Korea,Energy and natural resources,2015,1.0,1,True,investment,False
South Korea,Energy and natural resources,2016,0.0,0,True,investment,False
South Korea,Energy and natural resources,2018,1.0,1,True,investment,False
South Korea,Energy and natural resources,2019,1.0,2,True,investment,False
South Korea,Energy and natural resources,2020,4.0,12,True,investment,False
South Korea,Energy and natural resources,2021,5.0,5,True,investment,False
South Korea,Energy and natural resources,2022,8.0,10,True,investment,False
South Korea,Energy and natural resources,2023,12.0,12,True,investment,False
South Korea,Energy and natural resources,2024,,9,True,investment,False
South Korea,Energy and natural resources,2025,1.0,10,False,investment,False
South Korea,Facial Recognition,2019,,1,True,investment,False
South Korea,Facial Recognition,2021,0.0,0,True,investment,False
South Korea,Facial Recognition,2022,1.0,1,True,investment,False
South Korea,Finance,2015,0.0,1,True,investment,False
South Korea,Finance,2016,2.0,2,True,investment,False
South Korea,Finance,2017,2.0,10,True,investment,False
South Korea,Finance,2018,5.0,5,True,investment,False
South Korea,Finance,2019,8.0,8,True,investment,False
South Korea,Finance,2020,10.0,19,True,investment,False
South Korea,Finance,2021,13.0,20,True,investment,False
South Korea,Finance,2022,170.0,282,True,investment,False
South Korea,Finance,2023,26.0,36,True,investment,False
South Korea,Finance,2024,10.0,26,True,investment,False
South Korea,Finance,2025,4.0,28,False,investment,False
South Korea,Gaming,2018,0.0,1,True,investment,False
South Korea,Gaming,2019,1.0,1,True,investment,False
South Korea,Gaming,2020,1.0,2,True,investment,False
South Korea,Gaming,2021,1.0,2,True,investment,False
South Korea,Gaming,2022,2.0,2,True,investment,False
South Korea,Gaming,2023,1.0,3,True,investment,False
South Korea,Gaming,2024,1.0,2,True,investment,False
South Korea,Gaming,2025,,2,False,investment,False
South Korea,General purpose,2015,10.0,13,True,investment,False
South Korea,General purpose,2016,10.0,59,True,investment,False
South Korea,General purpose,2017,34.0,66,True,investment,False
South Korea,General purpose,2018,37.0,81,True,investment,False
South Korea,General purpose,2019,262.0,325,True,investment,False
South Korea,General purpose,2020,122.0,781,True,investment,False
South Korea,General purpose,2021,2132.0,2415,True,investment,False
South Korea,General purpose,2022,847.0,1419,True,investment,False
South Korea,General purpose,2023,619.0,1536,True,investment,False
South Korea,General purpose,2024,494.0,1531,True,investment,False
South Korea,General purpose,2025,179.0,315,False,investment,False
South Korea,Hardware,2015,2.0,5,True,investment,False
South Korea,Hardware,2016,4.0,51,True,investment,False
South Korea,Hardware,2017,9.0,17,True,investment,False
South Korea,Hardware,2018,13.0,19,True,investment,False
South Korea,Hardware,2019,198.0,387,True,investment,False
South Korea,Hardware,2020,48.0,99,True,investment,False
South Korea,Hardware,2021,196.0,1944,True,investment,False
South Korea,Hardware,2022,132.0,291,True,investment,False
South Korea,Hardware,2023,73.0,450,True,investment,False
South Korea,Hardware,2024,148.0,480,True,investment,False
South Korea,Hardware,2025,86.0,103,False,investment,False
South Korea,Healthcare and Life Sciences,2015,0.0,1,True,investment,False
South Korea,Healthcare and Life Sciences,2016,2.0,49,True,investment,False
South Korea,Healthcare and Life Sciences,2017,1.0,4,True,investment,False
South Korea,Healthcare and Life Sciences,2018,10.0,18,True,investment,False
South Korea,Healthcare and Life Sciences,2019,19.0,44,True,investment,False
South Korea,Healthcare and Life Sciences,2020,49.0,111,True,investment,False
South Korea,Healthcare and Life Sciences,2021,57.0,90,True,investment,False
South Korea,Healthcare and Life Sciences,2022,94.0,173,True,investment,False
South Korea,Healthcare and Life Sciences,2023,59.0,91,True,investment,False
South Korea,Healthcare and Life Sciences,2024,59.0,101,True,investment,False
South Korea,Healthcare and Life Sciences,2025,14.0,63,False,investment,False
South Korea,Information Technology,2015,3.0,5,True,investment,False
South Korea,Information Technology,2016,50.0,96,True,investment,False
South Korea,Information Technology,2017,19.0,31,True,investment,False
South Korea,Information Technology,2018,34.0,49,True,investment,False
South Korea,Information Technology,2019,25.0,213,True,investment,False
South Korea,Information Technology,2020,58.0,375,True,investment,False
South Korea,Information Technology,2021,192.0,2111,True,investment,False
South Korea,Information Technology,2022,96.0,254,True,investment,False
South Korea,Information Technology,2023,231.0,353,True,investment,False
South Korea,Information Technology,2024,101.0,720,True,investment,False
South Korea,Information Technology,2025,72.0,110,False,investment,False
South Korea,Lending and Investments,2016,0.0,0,True,investment,False
South Korea,Lending and Investments,2018,1.0,1,True,investment,False
South Korea,Lending and Investments,2020,1.0,1,True,investment,False
South Korea,Lending and Investments,2021,2.0,3,True,investment,False
South Korea,Lending and Investments,2022,1.0,2,True,investment,False
South Korea,Lending and Investments,2023,2.0,2,True,investment,False
South Korea,Lending and Investments,2024,,6,True,investment,False
South Korea,Lending and Investments,2025,,15,False,investment,False
South Korea,Manufacturing,2015,1.0,2,True,investment,False
South Korea,Manufacturing,2016,1.0,2,True,investment,False
South Korea,Manufacturing,2017,3.0,3,True,investment,False
South Korea,Manufacturing,2018,2.0,3,True,investment,False
South Korea,Manufacturing,2019,5.0,5,True,investment,False
South Korea,Manufacturing,2020,9.0,10,True,investment,False
South Korea,Manufacturing,2021,5.0,23,True,investment,False
South Korea,Manufacturing,2022,13.0,22,True,investment,False
South Korea,Manufacturing,2023,6.0,356,True,investment,False
South Korea,Manufacturing,2024,24.0,48,True,investment,False
South Korea,Manufacturing,2025,40.0,52,False,investment,False
South Korea,Media and Entertainment,2015,5.0,5,True,investment,False
South Korea,Media and Entertainment,2016,45.0,45,True,investment,False
South Korea,Media and Entertainment,2017,0.0,0,True,investment,False
South Korea,Media and Entertainment,2018,19.0,22,True,investment,False
South Korea,Media and Entertainment,2019,2.0,185,True,investment,False
South Korea,Media and Entertainment,2020,2.0,245,True,investment,False
South Korea,Media and Entertainment,2021,1741.0,1762,True,investment,False
South Korea,Media and Entertainment,2022,49.0,423,True,investment,False
South Korea,Media and Entertainment,2023,11.0,22,True,investment,False
South Korea,Media and Entertainment,2024,49.0,333,True,investment,False
South Korea,Media and Entertainment,2025,16.0,22,False,investment,False
South Korea,"Military, public safety and government",2015,0.0,0,True,investment,False
South Korea,"Military, public safety and government",2016,0.0,0,True,investment,False
South Korea,"Military, public safety and government",2017,,4,True,investment,False
South Korea,"Military, public safety and government",2018,1.0,1,True,investment,False
South Korea,"Military, public safety and government",2019,1.0,1,True,investment,False
South Korea,"Military, public safety and government",2020,1.0,9,True,investment,False
South Korea,"Military, public safety and government",2021,,2,True,investment,False
South Korea,"Military, public safety and government",2022,7.0,8,True,investment,False
South Korea,"Military, public safety and government",2023,4.0,4,True,investment,False
South Korea,"Military, public safety and government",2024,,2,True,investment,False
South Korea,"Military, public safety and government",2025,3.0,5,False,investment,False
South Korea,"Mobile, platforms & Internet services",2015,5.0,7,True,investment,False
South Korea,"Mobile, platforms & Internet services",2016,49.0,51,True,investment,False
South Korea,"Mobile, platforms & Internet services",2017,4.0,11,True,investment,False
South Korea,"Mobile, platforms & Internet services",2018,24.0,27,True,investment,False
South Korea,"Mobile, platforms & Internet services",2019,16.0,197,True,investment,False
South Korea,"Mobile, platforms & Internet services",2020,24.0,100,True,investment,False
South Korea,"Mobile, platforms & Internet services",2021,1874.0,2051,True,investment,False
South Korea,"Mobile, platforms & Internet services",2022,66.0,132,True,investment,False
South Korea,"Mobile, platforms & Internet services",2023,137.0,222,True,investment,False
South Korea,"Mobile, platforms & Internet services",2024,78.0,668,True,investment,False
South Korea,"Mobile, platforms & Internet services",2025,25.0,44,False,investment,False
South Korea,NLP,2017,,1,True,investment,False
South Korea,NLP,2018,3.0,5,True,investment,False
South Korea,NLP,2019,4.0,5,True,investment,False
South Korea,NLP,2020,2.0,20,True,investment,False
South Korea,NLP,2021,6.0,12,True,investment,False
South Korea,NLP,2022,5.0,6,True,investment,False
South Korea,NLP,2023,12.0,12,True,investment,False
South Korea,NLP,2024,32.0,294,True,investment,False
South Korea,NLP,2025,15.0,15,False,investment,False
South Korea,Navigation and mapping,2015,1.0,2,True,investment,False
South Korea,Navigation and mapping,2017,1.0,1,True,investment,False
South Korea,Navigation and mapping,2018,1.0,1,True,investment,False
South Korea,Navigation and mapping,2019,1.0,2,True,investment,False
South Korea,Navigation and mapping,2020,,17,True,investment,False
South Korea,Navigation and mapping,2021,13.0,1738,True,investment,False
South Korea,Navigation and mapping,2022,1.0,26,True,investment,False
South Korea,Navigation and mapping,2023,10.0,12,True,investment,False
South Korea,Navigation and mapping,2024,16.0,16,True,investment,False
South Korea,Navigation and mapping,2025,4.0,8,False,investment,False
South Korea,Other,2015,0.0,1,True,investment,False
South Korea,Other,2016,2.0,2,True,investment,False
South Korea,Other,2017,4.0,4,True,investment,False
South Korea,Other,2018,4.0,4,True,investment,False
South Korea,Other,2019,4.0,6,True,investment,False
South Korea,Other,2020,12.0,17,True,investment,False
South Korea,Other,2021,25.0,38,True,investment,False
South Korea,Other,2022,167.0,209,True,investment,False
South Korea,Other,2023,25.0,35,True,investment,False
South Korea,Other,2024,21.0,319,True,investment,False
South Korea,Other,2025,1.0,6,False,investment,False
South Korea,Privacy and Security,2015,0.0,0,True,investment,False
South Korea,Privacy and Security,2017,,4,True,investment,False
South Korea,Privacy and Security,2018,1.0,2,True,investment,False
South Korea,Privacy and Security,2019,6.0,6,True,investment,False
South Korea,Privacy and Security,2020,1.0,2,True,investment,False
South Korea,Privacy and Security,2021,,11,True,investment,False
South Korea,Privacy and Security,2022,16.0,19,True,investment,False
South Korea,Privacy and Security,2023,4.0,13,True,investment,False
South Korea,Privacy and Security,2024,7.0,9,True,investment,False
South Korea,Privacy and Security,2025,26.0,28,False,investment,False
South Korea,Professional services,2015,0.0,0,True,investment,False
South Korea,Professional services,2016,1.0,1,True,investment,False
South Korea,Professional services,2017,1.0,7,True,investment,False
South Korea,Professional services,2018,4.0,5,True,investment,False
South Korea,Professional services,2019,10.0,16,True,investment,False
South Korea,Professional services,2020,7.0,19,True,investment,False
South Korea,Professional services,2021,9.0,17,True,investment,False
South Korea,Professional services,2022,16.0,121,True,investment,False
South Korea,Professional services,2023,50.0,330,True,investment,False
South Korea,Professional services,2024,9.0,22,True,investment,False
South Korea,Professional services,2025,22.0,47,False,investment,False
South Korea,Real estate,2015,0.0,1,True,investment,False
South Korea,Real estate,2017,4.0,9,True,investment,False
South Korea,Real estate,2018,0.0,0,True,investment,False
South Korea,Real estate,2019,2.0,2,True,investment,False
South Korea,Real estate,2020,6.0,9,True,investment,False
South Korea,Real estate,2021,24.0,26,True,investment,False
South Korea,Real estate,2022,9.0,37,True,investment,False
South Korea,Real estate,2023,5.0,275,True,investment,False
South Korea,Real estate,2024,17.0,50,True,investment,False
South Korea,Real estate,2025,1.0,3,False,investment,False
South Korea,Robotics,2015,0.0,1,True,investment,False
South Korea,Robotics,2016,2.0,47,True,investment,False
South Korea,Robotics,2017,1.0,1,True,investment,False
South Korea,Robotics,2018,3.0,4,True,investment,False
South Korea,Robotics,2019,3.0,5,True,investment,False
South Korea,Robotics,2020,4.0,6,True,investment,False
South Korea,Robotics,2021,7.0,18,True,investment,False
South Korea,Robotics,2022,17.0,25,True,investment,False
South Korea,Robotics,2023,4.0,86,True,investment,False
South Korea,Robotics,2024,56.0,93,True,investment,False
South Korea,Robotics,2025,22.0,25,False,investment,False
South Korea,"Sales, retail, commerce, marketing",2015,1.0,1,True,investment,False
South Korea,"Sales, retail, commerce, marketing",2016,0.0,1,True,investment,False
South Korea,"Sales, retail, commerce, marketing",2017,15.0,16,True,investment,False
South Korea,"Sales, retail, commerce, marketing",2018,,8,True,investment,False
South Korea,"Sales, retail, commerce, marketing",2019,3.0,10,True,investment,False
South Korea,"Sales, retail, commerce, marketing",2020,7.0,8,True,investment,False
South Korea,"Sales, retail, commerce, marketing",2021,15.0,28,True,investment,False
South Korea,"Sales, retail, commerce, marketing",2022,9.0,122,True,investment,False
South Korea,"Sales, retail, commerce, marketing",2023,41.0,336,True,investment,False
South Korea,"Sales, retail, commerce, marketing",2024,7.0,279,True,investment,False
South Korea,"Sales, retail, commerce, marketing",2025,24.0,42,False,investment,False
South Korea,Semiconductor,2017,,0,True,investment,False
South Korea,Semiconductor,2019,1.0,2,True,investment,False
South Korea,Semiconductor,2020,1.0,1,True,investment,False
South Korea,Semiconductor,2021,12.0,13,True,investment,False
South Korea,Semiconductor,2022,7.0,9,True,investment,False
South Korea,Semiconductor,2023,36.0,36,True,investment,False
South Korea,Semiconductor,2024,17.0,277,True,investment,False
South Korea,Semiconductor,2025,44.0,49,False,investment,False
South Korea,Simulation,2024,0.0,0,True,investment,False
South Korea,Simulation,2025,,3,False,investment,False
South Korea,Software,2015,11.0,274,True,investment,False
South Korea,Software,2016,57.0,106,True,investment,False
South Korea,Software,2017,34.0,65,True,investment,False
South Korea,Software,2018,62.0,109,True,investment,False
South Korea,Software,2019,268.0,338,True,investment,False
South Korea,Software,2020,148.0,836,True,investment,False
South Korea,Software,2021,2287.0,4303,True,investment,False
South Korea,Software,2022,858.0,1787,True,investment,False
South Korea,Software,2023,738.0,1740,True,investment,False
South Korea,Software,2024,499.0,1819,True,investment,False
South Korea,Software,2025,180.0,318,False,investment,False
South Korea,Speech Recognition,2025,0.0,0,False,investment,False
South Korea,Sports,2018,,0,True,investment,False
South Korea,Sports,2019,0.0,1,True,investment,False
South Korea,Sports,2020,0.0,0,True,investment,False
South Korea,Sports,2021,7.0,9,True,investment,False
South Korea,Sports,2022,2.0,2,True,investment,False
South Korea,Sports,2023,2.0,71,True,investment,False
South Korea,Sports,2024,3.0,6,True,investment,False
South Korea,Sports,2025,0.0,7,False,investment,False
South Korea,Telecommunications,2016,45.0,45,True,investment,False
South Korea,Telecommunications,2018,17.0,17,True,investment,False
South Korea,Telecommunications,2020,0.0,1,True,investment,False
South Korea,Telecommunications,2021,,153,True,investment,False
South Korea,Telecommunications,2023,,2,True,investment,False
South Korea,Telecommunications,2024,2.0,4,True,investment,False
South Korea,Transportation,2016,0.0,0,True,investment,False
South Korea,Transportation,2017,1.0,4,True,investment,False
South Korea,Transportation,2018,7.0,9,True,investment,False
South Korea,Transportation,2019,16.0,18,True,investment,False
South Korea,Transportation,2020,9.0,33,True,investment,False
South Korea,Transportation,2021,29.0,1756,True,investment,False
South Korea,Transportation,2022,429.0,434,True,investment,False
South Korea,Transportation,2023,495.0,762,True,investment,False
South Korea,Transportation,2024,185.0,189,True,investment,False
South Korea,Transportation,2025,27.0,30,False,investment,False
Spain,Agriculture,2015,0.0,1,True,investment,False
Spain,Agriculture,2016,2.0,2,True,investment,False
Spain,Agriculture,2017,0.0,1,True,investment,False
Spain,Agriculture,2019,,0,True,investment,False
Spain,Agriculture,2020,,6,True,investment,False
Spain,Agriculture,2021,1.0,22,True,investment,False
Spain,Agriculture,2022,,2,True,investment,False
Spain,Agriculture,2023,2.0,4,True,investment,False
Spain,Agriculture,2024,4.0,4,True,investment,False
Spain,Agriculture,2025,2.0,2,False,investment,False
Spain,All,2015,26.0,47,True,investment,False
Spain,All,2016,51.0,167,True,investment,False
Spain,All,2017,115.0,231,True,investment,False
Spain,All,2018,84.0,171,True,investment,False
Spain,All,2019,109.0,331,True,investment,False
Spain,All,2020,133.0,341,True,investment,False
Spain,All,2021,271.0,786,True,investment,False
Spain,All,2022,512.0,736,True,investment,False
Spain,All,2023,321.0,813,True,investment,False
Spain,All,2024,377.0,822,True,investment,False
Spain,All,2025,1642.0,9295,False,investment,False
Spain,Biotechnology,2015,1.0,2,True,investment,False
Spain,Biotechnology,2016,1.0,1,True,investment,False
Spain,Biotechnology,2017,20.0,21,True,investment,False
Spain,Biotechnology,2018,1.0,1,True,investment,False
Spain,Biotechnology,2019,1.0,1,True,investment,False
Spain,Biotechnology,2020,4.0,5,True,investment,False
Spain,Biotechnology,2021,22.0,27,True,investment,False
Spain,Biotechnology,2022,23.0,24,True,investment,False
Spain,Biotechnology,2023,29.0,33,True,investment,False
Spain,Biotechnology,2024,8.0,13,True,investment,False
Spain,Biotechnology,2025,14.0,1015,False,investment,False
Spain,Community and Lifestyle,2015,5.0,5,True,investment,False
Spain,Community and Lifestyle,2016,1.0,1,True,investment,False
Spain,Community and Lifestyle,2017,0.0,4,True,investment,False
Spain,Community and Lifestyle,2018,3.0,24,True,investment,False
Spain,Community and Lifestyle,2019,3.0,8,True,investment,False
Spain,Community and Lifestyle,2020,5.0,7,True,investment,False
Spain,Community and Lifestyle,2021,5.0,5,True,investment,False
Spain,Community and Lifestyle,2022,6.0,25,True,investment,False
Spain,Community and Lifestyle,2023,6.0,7,True,investment,False
Spain,Community and Lifestyle,2024,0.0,21,True,investment,False
Spain,Community and Lifestyle,2025,1.0,1312,False,investment,False
Spain,Computer Vision,2015,0.0,0,True,investment,False
Spain,Computer Vision,2016,0.0,0,True,investment,False
Spain,Computer Vision,2017,1.0,1,True,investment,False
Spain,Computer Vision,2018,2.0,3,True,investment,False
Spain,Computer Vision,2019,1.0,123,True,investment,False
Spain,Computer Vision,2020,11.0,31,True,investment,False
Spain,Computer Vision,2021,1.0,2,True,investment,False
Spain,Computer Vision,2022,3.0,3,True,investment,False
Spain,Computer Vision,2023,1.0,18,True,investment,False
Spain,Computer Vision,2024,1.0,3,True,investment,False
Spain,Consumer goods,2015,3.0,3,True,investment,False
Spain,Consumer goods,2016,,21,True,investment,False
Spain,Consumer goods,2017,1.0,2,True,investment,False
Spain,Consumer goods,2018,0.0,1,True,investment,False
Spain,Consumer goods,2019,2.0,2,True,investment,False
Spain,Consumer goods,2020,5.0,8,True,investment,False
Spain,Consumer goods,2021,2.0,2,True,investment,False
Spain,Consumer goods,2022,1.0,1,True,investment,False
Spain,Consumer goods,2023,4.0,5,True,investment,False
Spain,Consumer goods,2024,0.0,3,True,investment,False
Spain,Consumer goods,2025,0.0,2,False,investment,False
Spain,Cyber Security,2015,,0,True,investment,False
Spain,Cyber Security,2016,0.0,0,True,investment,False
Spain,Cyber Security,2017,0.0,0,True,investment,False
Spain,Cyber Security,2018,2.0,2,True,investment,False
Spain,Cyber Security,2019,1.0,1,True,investment,False
Spain,Cyber Security,2020,3.0,4,True,investment,False
Spain,Cyber Security,2021,,99,True,investment,False
Spain,Cyber Security,2022,0.0,0,True,investment,False
Spain,Cyber Security,2023,0.0,0,True,investment,False
Spain,Cyber Security,2024,1.0,69,True,investment,False
Spain,Cyber Security,2025,10.0,17,False,investment,False
Spain,Data and analytics,2015,11.0,24,True,investment,False
Spain,Data and analytics,2016,39.0,111,True,investment,False
Spain,Data and analytics,2017,48.0,149,True,investment,False
Spain,Data and analytics,2018,31.0,92,True,investment,False
Spain,Data and analytics,2019,31.0,208,True,investment,False
Spain,Data and analytics,2020,46.0,195,True,investment,False
Spain,Data and analytics,2021,85.0,546,True,investment,False
Spain,Data and analytics,2022,370.0,584,True,investment,False
Spain,Data and analytics,2023,58.0,503,True,investment,False
Spain,Data and analytics,2024,55.0,420,True,investment,False
Spain,Data and analytics,2025,1172.0,7803,False,investment,False
Spain,Education,2015,3.0,3,True,investment,False
Spain,Education,2016,0.0,21,True,investment,False
Spain,Education,2017,0.0,3,True,investment,False
Spain,Education,2018,0.0,1,True,investment,False
Spain,Education,2019,0.0,0,True,investment,False
Spain,Education,2020,1.0,2,True,investment,False
Spain,Education,2021,1.0,1,True,investment,False
Spain,Education,2022,1.0,1,True,investment,False
Spain,Education,2023,8.0,39,True,investment,False
Spain,Education,2024,3.0,5,True,investment,False
Spain,Education,2025,2.0,2002,False,investment,False
Spain,Energy and natural resources,2015,1.0,1,True,investment,False
Spain,Energy and natural resources,2016,18.0,18,True,investment,False
Spain,Energy and natural resources,2017,1.0,1,True,investment,False
Spain,Energy and natural resources,2018,4.0,4,True,investment,False
Spain,Energy and natural resources,2019,5.0,5,True,investment,False
Spain,Energy and natural resources,2020,1.0,23,True,investment,False
Spain,Energy and natural resources,2021,3.0,5,True,investment,False
Spain,Energy and natural resources,2022,2.0,60,True,investment,False
Spain,Energy and natural resources,2023,6.0,7,True,investment,False
Spain,Energy and natural resources,2024,4.0,8,True,investment,False
Spain,Energy and natural resources,2025,2.0,2,False,investment,False
Spain,Facial Recognition,2015,,1,True,investment,False
Spain,Facial Recognition,2016,0.0,0,True,investment,False
Spain,Facial Recognition,2021,,21,True,investment,False
Spain,Facial Recognition,2022,0.0,0,True,investment,False
Spain,Finance,2015,7.0,7,True,investment,False
Spain,Finance,2016,0.0,1,True,investment,False
Spain,Finance,2017,58.0,59,True,investment,False
Spain,Finance,2018,1.0,1,True,investment,False
Spain,Finance,2019,12.0,14,True,investment,False
Spain,Finance,2020,3.0,3,True,investment,False
Spain,Finance,2021,7.0,53,True,investment,False
Spain,Finance,2022,5.0,7,True,investment,False
Spain,Finance,2023,50.0,274,True,investment,False
Spain,Finance,2024,158.0,318,True,investment,False
Spain,Finance,2025,18.0,323,False,investment,False
Spain,Gaming,2015,0.0,0,True,investment,False
Spain,Gaming,2016,0.0,0,True,investment,False
Spain,Gaming,2017,0.0,0,True,investment,False
Spain,Gaming,2019,,0,True,investment,False
Spain,Gaming,2020,4.0,4,True,investment,False
Spain,Gaming,2021,0.0,5,True,investment,False
Spain,Gaming,2022,0.0,0,True,investment,False
Spain,Gaming,2023,4.0,4,True,investment,False
Spain,Gaming,2025,3.0,3,False,investment,False
Spain,General purpose,2015,12.0,24,True,investment,False
Spain,General purpose,2016,39.0,65,True,investment,False
Spain,General purpose,2017,47.0,146,True,investment,False
Spain,General purpose,2018,32.0,54,True,investment,False
Spain,General purpose,2019,30.0,184,True,investment,False
Spain,General purpose,2020,42.0,199,True,investment,False
Spain,General purpose,2021,78.0,332,True,investment,False
Spain,General purpose,2022,355.0,572,True,investment,False
Spain,General purpose,2023,90.0,507,True,investment,False
Spain,General purpose,2024,62.0,417,True,investment,False
Spain,General purpose,2025,183.0,4808,False,investment,False
Spain,Hardware,2015,6.0,7,True,investment,False
Spain,Hardware,2016,3.0,47,True,investment,False
Spain,Hardware,2017,7.0,25,True,investment,False
Spain,Hardware,2018,15.0,17,True,investment,False
Spain,Hardware,2019,7.0,154,True,investment,False
Spain,Hardware,2020,18.0,49,True,investment,False
Spain,Hardware,2021,16.0,57,True,investment,False
Spain,Hardware,2022,11.0,25,True,investment,False
Spain,Hardware,2023,14.0,33,True,investment,False
Spain,Hardware,2024,6.0,18,True,investment,False
Spain,Hardware,2025,13.0,321,False,investment,False
Spain,Healthcare and Life Sciences,2015,2.0,5,True,investment,False
Spain,Healthcare and Life Sciences,2016,1.0,3,True,investment,False
Spain,Healthcare and Life Sciences,2017,16.0,17,True,investment,False
Spain,Healthcare and Life Sciences,2018,14.0,17,True,investment,False
Spain,Healthcare and Life Sciences,2019,2.0,3,True,investment,False
Spain,Healthcare and Life Sciences,2020,14.0,119,True,investment,False
Spain,Healthcare and Life Sciences,2021,40.0,46,True,investment,False
Spain,Healthcare and Life Sciences,2022,40.0,121,True,investment,False
Spain,Healthcare and Life Sciences,2023,41.0,46,True,investment,False
Spain,Healthcare and Life Sciences,2024,21.0,28,True,investment,False
Spain,Healthcare and Life Sciences,2025,21.0,29,False,investment,False
Spain,Information Technology,2015,6.0,14,True,investment,False
Spain,Information Technology,2016,5.0,53,True,investment,False
Spain,Information Technology,2017,33.0,126,True,investment,False
Spain,Information Technology,2018,11.0,34,True,investment,False
Spain,Information Technology,2019,13.0,18,True,investment,False
Spain,Information Technology,2020,15.0,22,True,investment,False
Spain,Information Technology,2021,14.0,314,True,investment,False
Spain,Information Technology,2022,41.0,182,True,investment,False
Spain,Information Technology,2023,30.0,230,True,investment,False
Spain,Information Technology,2024,18.0,221,True,investment,False
Spain,Information Technology,2025,45.0,1054,False,investment,False
Spain,Lending and Investments,2016,,0,True,investment,False
Spain,Lending and Investments,2017,1.0,1,True,investment,False
Spain,Lending and Investments,2018,1.0,1,True,investment,False
Spain,Lending and Investments,2019,3.0,4,True,investment,False
Spain,Lending and Investments,2020,1.0,1,True,investment,False
Spain,Lending and Investments,2021,1.0,42,True,investment,False
Spain,Lending and Investments,2022,0.0,0,True,investment,False
Spain,Lending and Investments,2023,6.0,33,True,investment,False
Spain,Lending and Investments,2024,2.0,2,True,investment,False
Spain,Lending and Investments,2025,0.0,0,False,investment,False
Spain,Manufacturing,2015,3.0,3,True,investment,False
Spain,Manufacturing,2016,14.0,14,True,investment,False
Spain,Manufacturing,2017,1.0,1,True,investment,False
Spain,Manufacturing,2018,2.0,2,True,investment,False
Spain,Manufacturing,2019,2.0,146,True,investment,False
Spain,Manufacturing,2020,3.0,3,True,investment,False
Spain,Manufacturing,2021,1.0,1,True,investment,False
Spain,Manufacturing,2022,7.0,7,True,investment,False
Spain,Manufacturing,2023,4.0,4,True,investment,False
Spain,Manufacturing,2024,3.0,12,True,investment,False
Spain,Manufacturing,2025,6.0,7,False,investment,False
Spain,Media and Entertainment,2015,1.0,1,True,investment,False
Spain,Media and Entertainment,2016,0.0,2,True,investment,False
Spain,Media and Entertainment,2017,0.0,0,True,investment,False
Spain,Media and Entertainment,2018,3.0,15,True,investment,False
Spain,Media and Entertainment,2019,17.0,60,True,investment,False
Spain,Media and Entertainment,2020,12.0,54,True,investment,False
Spain,Media and Entertainment,2021,0.0,5,True,investment,False
Spain,Media and Entertainment,2022,6.0,6,True,investment,False
Spain,Media and Entertainment,2023,4.0,7,True,investment,False
Spain,Media and Entertainment,2024,1.0,89,True,investment,False
Spain,Media and Entertainment,2025,10.0,10,False,investment,False
Spain,"Military, public safety and government",2015,0.0,1,True,investment,False
Spain,"Military, public safety and government",2016,1.0,1,True,investment,False
Spain,"Military, public safety and government",2017,2.0,2,True,investment,False
Spain,"Military, public safety and government",2018,,0,True,investment,False
Spain,"Military, public safety and government",2019,0.0,0,True,investment,False
Spain,"Military, public safety and government",2020,0.0,0,True,investment,False
Spain,"Military, public safety and government",2021,1.0,21,True,investment,False
Spain,"Military, public safety and government",2024,,21,True,investment,False
Spain,"Mobile, platforms & Internet services",2015,7.0,7,True,investment,False
Spain,"Mobile, platforms & Internet services",2016,10.0,12,True,investment,False
Spain,"Mobile, platforms & Internet services",2017,16.0,34,True,investment,False
Spain,"Mobile, platforms & Internet services",2018,25.0,60,True,investment,False
Spain,"Mobile, platforms & Internet services",2019,30.0,58,True,investment,False
Spain,"Mobile, platforms & Internet services",2020,17.0,52,True,investment,False
Spain,"Mobile, platforms & Internet services",2021,20.0,130,True,investment,False
Spain,"Mobile, platforms & Internet services",2022,48.0,143,True,investment,False
Spain,"Mobile, platforms & Internet services",2023,12.0,237,True,investment,False
Spain,"Mobile, platforms & Internet services",2024,34.0,36,True,investment,False
Spain,"Mobile, platforms & Internet services",2025,1025.0,1637,False,investment,False
Spain,NLP,2015,0.0,0,True,investment,False
Spain,NLP,2016,7.0,8,True,investment,False
Spain,NLP,2017,3.0,3,True,investment,False
Spain,NLP,2018,0.0,4,True,investment,False
Spain,NLP,2019,4.0,4,True,investment,False
Spain,NLP,2020,4.0,5,True,investment,False
Spain,NLP,2021,8.0,29,True,investment,False
Spain,NLP,2022,6.0,6,True,investment,False
Spain,NLP,2023,3.0,31,True,investment,False
Spain,NLP,2024,,41,True,investment,False
Spain,NLP,2025,1000.0,2304,False,investment,False
Spain,Navigation and mapping,2017,1.0,1,True,investment,False
Spain,Navigation and mapping,2019,1.0,1,True,investment,False
Spain,Navigation and mapping,2021,,99,True,investment,False
Spain,Navigation and mapping,2025,0.0,0,False,investment,False
Spain,Other,2015,1.0,2,True,investment,False
Spain,Other,2016,0.0,1,True,investment,False
Spain,Other,2017,12.0,13,True,investment,False
Spain,Other,2018,5.0,7,True,investment,False
Spain,Other,2019,6.0,10,True,investment,False
Spain,Other,2020,4.0,4,True,investment,False
Spain,Other,2021,2.0,101,True,investment,False
Spain,Other,2022,4.0,42,True,investment,False
Spain,Other,2023,7.0,8,True,investment,False
Spain,Other,2024,2.0,48,True,investment,False
Spain,Other,2025,19.0,1022,False,investment,False
Spain,Privacy and Security,2015,,0,True,investment,False
Spain,Privacy and Security,2016,7.0,7,True,investment,False
Spain,Privacy and Security,2017,18.0,18,True,investment,False
Spain,Privacy and Security,2018,2.0,2,True,investment,False
Spain,Privacy and Security,2019,2.0,2,True,investment,False
Spain,Privacy and Security,2020,5.0,7,True,investment,False
Spain,Privacy and Security,2021,7.0,105,True,investment,False
Spain,Privacy and Security,2022,0.0,0,True,investment,False
Spain,Privacy and Security,2023,5.0,204,True,investment,False
Spain,Privacy and Security,2024,2.0,160,True,investment,False
Spain,Privacy and Security,2025,11.0,1026,False,investment,False
Spain,Professional services,2015,2.0,2,True,investment,False
Spain,Professional services,2016,0.0,1,True,investment,False
Spain,Professional services,2017,15.0,15,True,investment,False
Spain,Professional services,2018,3.0,24,True,investment,False
Spain,Professional services,2019,7.0,27,True,investment,False
Spain,Professional services,2020,4.0,4,True,investment,False
Spain,Professional services,2021,11.0,309,True,investment,False
Spain,Professional services,2022,2.0,139,True,investment,False
Spain,Professional services,2023,7.0,230,True,investment,False
Spain,Professional services,2024,4.0,97,True,investment,False
Spain,Professional services,2025,1012.0,2012,False,investment,False
Spain,Real estate,2015,0.0,0,True,investment,False
Spain,Real estate,2016,3.0,3,True,investment,False
Spain,Real estate,2017,1.0,1,True,investment,False
Spain,Real estate,2018,4.0,5,True,investment,False
Spain,Real estate,2019,11.0,12,True,investment,False
Spain,Real estate,2020,1.0,1,True,investment,False
Spain,Real estate,2021,0.0,101,True,investment,False
Spain,Real estate,2022,3.0,60,True,investment,False
Spain,Real estate,2023,5.0,5,True,investment,False
Spain,Real estate,2024,11.0,55,True,investment,False
Spain,Real estate,2025,20.0,20,False,investment,False
Spain,Robotics,2015,0.0,0,True,investment,False
Spain,Robotics,2016,1.0,22,True,investment,False
Spain,Robotics,2017,2.0,3,True,investment,False
Spain,Robotics,2018,,1,True,investment,False
Spain,Robotics,2019,1.0,1,True,investment,False
Spain,Robotics,2020,4.0,4,True,investment,False
Spain,Robotics,2021,2.0,2,True,investment,False
Spain,Robotics,2022,0.0,0,True,investment,False
Spain,Robotics,2023,2.0,3,True,investment,False
Spain,Robotics,2025,,2,False,investment,False
Spain,"Sales, retail, commerce, marketing",2015,4.0,13,True,investment,False
Spain,"Sales, retail, commerce, marketing",2016,7.0,12,True,investment,False
Spain,"Sales, retail, commerce, marketing",2017,7.0,86,True,investment,False
Spain,"Sales, retail, commerce, marketing",2018,14.0,17,True,investment,False
Spain,"Sales, retail, commerce, marketing",2019,31.0,40,True,investment,False
Spain,"Sales, retail, commerce, marketing",2020,4.0,27,True,investment,False
Spain,"Sales, retail, commerce, marketing",2021,22.0,49,True,investment,False
Spain,"Sales, retail, commerce, marketing",2022,301.0,362,True,investment,False
Spain,"Sales, retail, commerce, marketing",2023,6.0,23,True,investment,False
Spain,"Sales, retail, commerce, marketing",2024,14.0,36,True,investment,False
Spain,"Sales, retail, commerce, marketing",2025,21.0,2328,False,investment,False
Spain,Simulation,2020,3.0,3,True,investment,False
Spain,Software,2015,15.0,27,True,investment,False
Spain,Software,2016,25.0,139,True,investment,False
Spain,Software,2017,48.0,164,True,investment,False
Spain,Software,2018,36.0,121,True,investment,False
Spain,Software,2019,38.0,236,True,investment,False
Spain,Software,2020,50.0,151,True,investment,False
Spain,Software,2021,90.0,572,True,investment,False
Spain,Software,2022,378.0,599,True,investment,False
Spain,Software,2023,75.0,340,True,investment,False
Spain,Software,2024,72.0,385,True,investment,False
Spain,Software,2025,1179.0,6812,False,investment,False
Spain,Speech Recognition,2017,1.0,1,True,investment,False
Spain,Speech Recognition,2018,,0,True,investment,False
Spain,Speech Recognition,2021,,21,True,investment,False
Spain,Speech Recognition,2022,0.0,0,True,investment,False
Spain,Speech Recognition,2023,2.0,2,True,investment,False
Spain,Speech Recognition,2024,,21,True,investment,False
Spain,Speech Recognition,2025,,1000,False,investment,False
Spain,Sports,2018,0.0,0,True,investment,False
Spain,Sports,2019,0.0,0,True,investment,False
Spain,Sports,2020,0.0,0,True,investment,False
Spain,Sports,2021,0.0,6,True,investment,False
Spain,Sports,2022,,0,True,investment,False
Spain,Sports,2023,1.0,1,True,investment,False
Spain,Sports,2024,1.0,1,True,investment,False
Spain,Sports,2025,,310,False,investment,False
Spain,Telecommunications,2016,,1,True,investment,False
Spain,Telecommunications,2017,,15,True,investment,False
Spain,Telecommunications,2018,1.0,1,True,investment,False
Spain,Telecommunications,2019,0.0,0,True,investment,False
Spain,Telecommunications,2021,2.0,2,True,investment,False
Spain,Telecommunications,2022,0.0,3,True,investment,False
Spain,Telecommunications,2025,,304,False,investment,False
Spain,Transportation,2015,0.0,1,True,investment,False
Spain,Transportation,2016,0.0,1,True,investment,False
Spain,Transportation,2017,1.0,3,True,investment,False
Spain,Transportation,2018,1.0,1,True,investment,False
Spain,Transportation,2019,2.0,26,True,investment,False
Spain,Transportation,2020,5.0,12,True,investment,False
Spain,Transportation,2021,0.0,6,True,investment,False
Spain,Transportation,2022,1.0,16,True,investment,False
Spain,Transportation,2023,2.0,2,True,investment,False
Spain,Transportation,2024,2.0,2,True,investment,False
Spain,Transportation,2025,2.0,3,False,investment,False
Sri Lanka,Agriculture,2018,0.0,0,True,investment,False
Sri Lanka,Agriculture,2020,0.0,0,True,investment,False
Sri Lanka,All,2017,2.0,2,True,investment,False
Sri Lanka,All,2018,2.0,2,True,investment,False
Sri Lanka,All,2019,1.0,1,True,investment,False
Sri Lanka,All,2020,0.0,0,True,investment,False
Sri Lanka,All,2021,0.0,0,True,investment,False
Sri Lanka,All,2022,0.0,0,True,investment,False
Sri Lanka,All,2023,5.0,5,True,investment,False
Sri Lanka,All,2024,11.0,11,True,investment,False
Sri Lanka,All,2025,5.0,5,False,investment,False
Sri Lanka,Biotechnology,2024,0.0,0,True,investment,False
Sri Lanka,Biotechnology,2025,0.0,0,False,investment,False
Sri Lanka,Community and Lifestyle,2023,0.0,0,True,investment,False
Sri Lanka,Computer Vision,2024,0.0,0,True,investment,False
Sri Lanka,Consumer goods,2021,0.0,0,True,investment,False
Sri Lanka,Consumer goods,2023,0.0,0,True,investment,False
Sri Lanka,Consumer goods,2024,1.0,1,True,investment,False
Sri Lanka,Consumer goods,2025,0.0,0,False,investment,False
Sri Lanka,Cyber Security,2022,0.0,0,True,investment,False
Sri Lanka,Cyber Security,2023,0.0,0,True,investment,False
Sri Lanka,Cyber Security,2024,0.0,0,True,investment,False
Sri Lanka,Data and analytics,2017,2.0,2,True,investment,False
Sri Lanka,Data and analytics,2018,2.0,2,True,investment,False
Sri Lanka,Data and analytics,2019,1.0,1,True,investment,False
Sri Lanka,Data and analytics,2021,0.0,0,True,investment,False
Sri Lanka,Data and analytics,2022,0.0,0,True,investment,False
Sri Lanka,Data and analytics,2023,4.0,4,True,investment,False
Sri Lanka,Data and analytics,2024,6.0,6,True,investment,False
Sri Lanka,Data and analytics,2025,1.0,1,False,investment,False
Sri Lanka,Education,2021,0.0,0,True,investment,False
Sri Lanka,Education,2023,0.0,0,True,investment,False
Sri Lanka,Education,2024,1.0,1,True,investment,False
Sri Lanka,Education,2025,0.0,0,False,investment,False
Sri Lanka,Energy and natural resources,2024,0.0,0,True,investment,False
Sri Lanka,Energy and natural resources,2025,0.0,0,False,investment,False
Sri Lanka,Finance,2024,0.0,0,True,investment,False
Sri Lanka,Finance,2025,0.0,0,False,investment,False
Sri Lanka,Gaming,2017,2.0,2,True,investment,False
Sri Lanka,Gaming,2019,1.0,1,True,investment,False
Sri Lanka,General purpose,2017,2.0,2,True,investment,False
Sri Lanka,General purpose,2018,2.0,2,True,investment,False
Sri Lanka,General purpose,2019,1.0,1,True,investment,False
Sri Lanka,General purpose,2021,0.0,0,True,investment,False
Sri Lanka,General purpose,2022,0.0,0,True,investment,False
Sri Lanka,General purpose,2023,4.0,4,True,investment,False
Sri Lanka,General purpose,2024,7.0,7,True,investment,False
Sri Lanka,General purpose,2025,2.0,2,False,investment,False
Sri Lanka,Hardware,2017,2.0,2,True,investment,False
Sri Lanka,Hardware,2018,2.0,2,True,investment,False
Sri Lanka,Hardware,2019,1.0,1,True,investment,False
Sri Lanka,Hardware,2021,0.0,0,True,investment,False
Sri Lanka,Hardware,2023,0.0,0,True,investment,False
Sri Lanka,Hardware,2024,0.0,0,True,investment,False
Sri Lanka,Hardware,2025,0.0,0,False,investment,False
Sri Lanka,Healthcare and Life Sciences,2019,0.0,0,True,investment,False
Sri Lanka,Healthcare and Life Sciences,2022,0.0,0,True,investment,False
Sri Lanka,Healthcare and Life Sciences,2023,0.0,0,True,investment,False
Sri Lanka,Healthcare and Life Sciences,2024,1.0,1,True,investment,False
Sri Lanka,Information Technology,2017,2.0,2,True,investment,False
Sri Lanka,Information Technology,2018,0.0,0,True,investment,False
Sri Lanka,Information Technology,2019,1.0,1,True,investment,False
Sri Lanka,Information Technology,2020,0.0,0,True,investment,False
Sri Lanka,Information Technology,2021,0.0,0,True,investment,False
Sri Lanka,Information Technology,2022,0.0,0,True,investment,False
Sri Lanka,Information Technology,2023,3.0,3,True,investment,False
Sri Lanka,Information Technology,2024,5.0,5,True,investment,False
Sri Lanka,Information Technology,2025,3.0,3,False,investment,False
Sri Lanka,Manufacturing,2024,0.0,0,True,investment,False
Sri Lanka,Manufacturing,2025,0.0,0,False,investment,False
Sri Lanka,Media and Entertainment,2017,2.0,2,True,investment,False
Sri Lanka,Media and Entertainment,2019,1.0,1,True,investment,False
Sri Lanka,Media and Entertainment,2023,1.0,1,True,investment,False
Sri Lanka,Media and Entertainment,2024,0.0,0,True,investment,False
Sri Lanka,Media and Entertainment,2025,0.0,0,False,investment,False
Sri Lanka,"Mobile, platforms & Internet services",2017,0.0,0,True,investment,False
Sri Lanka,"Mobile, platforms & Internet services",2018,0.0,0,True,investment,False
Sri Lanka,"Mobile, platforms & Internet services",2020,0.0,0,True,investment,False
Sri Lanka,"Mobile, platforms & Internet services",2022,0.0,0,True,investment,False
Sri Lanka,"Mobile, platforms & Internet services",2023,2.0,2,True,investment,False
Sri Lanka,"Mobile, platforms & Internet services",2024,1.0,1,True,investment,False
Sri Lanka,"Mobile, platforms & Internet services",2025,1.0,1,False,investment,False
Sri Lanka,Other,2023,0.0,0,True,investment,False
Sri Lanka,Other,2024,1.0,1,True,investment,False
Sri Lanka,Other,2025,0.0,0,False,investment,False
Sri Lanka,Privacy and Security,2022,0.0,0,True,investment,False
Sri Lanka,Privacy and Security,2023,0.0,0,True,investment,False
Sri Lanka,Privacy and Security,2024,1.0,1,True,investment,False
Sri Lanka,Professional services,2023,0.0,0,True,investment,False
Sri Lanka,Professional services,2024,1.0,1,True,investment,False
Sri Lanka,Professional services,2025,,0,False,investment,False
Sri Lanka,Real estate,2023,0.0,0,True,investment,False
Sri Lanka,Real estate,2024,1.0,1,True,investment,False
Sri Lanka,Real estate,2025,0.0,0,False,investment,False
Sri Lanka,Robotics,2017,2.0,2,True,investment,False
Sri Lanka,Robotics,2019,1.0,1,True,investment,False
Sri Lanka,Robotics,2021,0.0,0,True,investment,False
Sri Lanka,"Sales, retail, commerce, marketing",2017,2.0,2,True,investment,False
Sri Lanka,"Sales, retail, commerce, marketing",2019,1.0,1,True,investment,False
Sri Lanka,"Sales, retail, commerce, marketing",2021,0.0,0,True,investment,False
Sri Lanka,"Sales, retail, commerce, marketing",2022,0.0,0,True,investment,False
Sri Lanka,"Sales, retail, commerce, marketing",2023,1.0,1,True,investment,False
Sri Lanka,"Sales, retail, commerce, marketing",2024,1.0,1,True,investment,False
Sri Lanka,"Sales, retail, commerce, marketing",2025,1.0,1,False,investment,False
Sri Lanka,Software,2017,2.0,2,True,investment,False
Sri Lanka,Software,2018,2.0,2,True,investment,False
Sri Lanka,Software,2019,1.0,1,True,investment,False
Sri Lanka,Software,2021,0.0,0,True,investment,False
Sri Lanka,Software,2022,0.0,0,True,investment,False
Sri Lanka,Software,2023,4.0,4,True,investment,False
Sri Lanka,Software,2024,7.0,7,True,investment,False
Sri Lanka,Software,2025,2.0,2,False,investment,False
Sri Lanka,Sports,2022,0.0,0,True,investment,False
Sri Lanka,Sports,2024,1.0,1,True,investment,False
Sri Lanka,Sports,2025,0.0,0,False,investment,False
Sri Lanka,Telecommunications,2023,0.0,0,True,investment,False
Sweden,Agriculture,2018,,2,True,investment,False
Sweden,Agriculture,2019,2.0,2,True,investment,False
Sweden,Agriculture,2020,1.0,1,True,investment,False
Sweden,Agriculture,2021,2.0,2,True,investment,False
Sweden,Agriculture,2022,5.0,8,True,investment,False
Sweden,Agriculture,2023,3.0,3,True,investment,False
Sweden,Agriculture,2024,1.0,13,True,investment,False
Sweden,Agriculture,2025,1.0,1,False,investment,False
Sweden,All,2015,22.0,45,True,investment,False
Sweden,All,2016,42.0,70,True,investment,False
Sweden,All,2017,39.0,381,True,investment,False
Sweden,All,2018,93.0,120,True,investment,False
Sweden,All,2019,92.0,121,True,investment,False
Sweden,All,2020,3509.0,3592,True,investment,False
Sweden,All,2021,5146.0,18454,True,investment,False
Sweden,All,2022,1058.0,8028,True,investment,False
Sweden,All,2023,215.0,3713,True,investment,False
Sweden,All,2024,5428.0,5450,True,investment,False
Sweden,All,2025,3962.0,9644,False,investment,False
Sweden,Biotechnology,2016,1.0,1,True,investment,False
Sweden,Biotechnology,2017,0.0,0,True,investment,False
Sweden,Biotechnology,2018,1.0,1,True,investment,False
Sweden,Biotechnology,2019,4.0,4,True,investment,False
Sweden,Biotechnology,2020,3.0,13,True,investment,False
Sweden,Biotechnology,2021,3.0,3,True,investment,False
Sweden,Biotechnology,2022,3.0,3,True,investment,False
Sweden,Biotechnology,2023,2.0,2,True,investment,False
Sweden,Biotechnology,2024,0.0,1,True,investment,False
Sweden,Biotechnology,2025,4.0,4,False,investment,False
Sweden,Community and Lifestyle,2017,9.0,9,True,investment,False
Sweden,Community and Lifestyle,2018,8.0,10,True,investment,False
Sweden,Community and Lifestyle,2019,1.0,1,True,investment,False
Sweden,Community and Lifestyle,2020,1.0,13,True,investment,False
Sweden,Community and Lifestyle,2021,7.0,10,True,investment,False
Sweden,Community and Lifestyle,2022,5.0,14,True,investment,False
Sweden,Community and Lifestyle,2023,3.0,3,True,investment,False
Sweden,Community and Lifestyle,2024,1.0,1,True,investment,False
Sweden,Computer Vision,2015,1.0,3,True,investment,False
Sweden,Computer Vision,2016,2.0,2,True,investment,False
Sweden,Computer Vision,2017,0.0,0,True,investment,False
Sweden,Computer Vision,2018,5.0,5,True,investment,False
Sweden,Computer Vision,2019,0.0,0,True,investment,False
Sweden,Computer Vision,2020,0.0,24,True,investment,False
Sweden,Computer Vision,2021,0.0,0,True,investment,False
Sweden,Computer Vision,2022,1.0,1,True,investment,False
Sweden,Computer Vision,2023,2.0,2,True,investment,False
Sweden,Computer Vision,2024,2.0,2,True,investment,False
Sweden,Computer Vision,2025,2.0,2,False,investment,False
Sweden,Consumer goods,2015,,2,True,investment,False
Sweden,Consumer goods,2017,1.0,1,True,investment,False
Sweden,Consumer goods,2019,3.0,3,True,investment,False
Sweden,Consumer goods,2020,1.0,1,True,investment,False
Sweden,Consumer goods,2021,6.0,6,True,investment,False
Sweden,Consumer goods,2022,1.0,1,True,investment,False
Sweden,Consumer goods,2024,0.0,0,True,investment,False
Sweden,Cyber Security,2020,0.0,0,True,investment,False
Sweden,Cyber Security,2021,2.0,2,True,investment,False
Sweden,Cyber Security,2022,0.0,0,True,investment,False
Sweden,Data and analytics,2015,7.0,29,True,investment,False
Sweden,Data and analytics,2016,16.0,31,True,investment,False
Sweden,Data and analytics,2017,28.0,204,True,investment,False
Sweden,Data and analytics,2018,51.0,66,True,investment,False
Sweden,Data and analytics,2019,34.0,50,True,investment,False
Sweden,Data and analytics,2020,3447.0,3519,True,investment,False
Sweden,Data and analytics,2021,345.0,10224,True,investment,False
Sweden,Data and analytics,2022,74.0,3578,True,investment,False
Sweden,Data and analytics,2023,68.0,126,True,investment,False
Sweden,Data and analytics,2024,98.0,116,True,investment,False
Sweden,Data and analytics,2025,1270.0,4652,False,investment,False
Sweden,Education,2016,1.0,1,True,investment,False
Sweden,Education,2017,3.0,3,True,investment,False
Sweden,Education,2018,0.0,3,True,investment,False
Sweden,Education,2019,10.0,10,True,investment,False
Sweden,Education,2020,1.0,1,True,investment,False
Sweden,Education,2021,26.0,2400,True,investment,False
Sweden,Education,2023,5.0,5,True,investment,False
Sweden,Education,2024,0.0,0,True,investment,False
Sweden,Education,2025,1.0,1,False,investment,False
Sweden,Energy and natural resources,2015,0.0,3,True,investment,False
Sweden,Energy and natural resources,2016,1.0,1,True,investment,False
Sweden,Energy and natural resources,2017,4.0,4,True,investment,False
Sweden,Energy and natural resources,2018,0.0,0,True,investment,False
Sweden,Energy and natural resources,2019,1.0,2,True,investment,False
Sweden,Energy and natural resources,2020,3.0,3,True,investment,False
Sweden,Energy and natural resources,2021,9.0,12,True,investment,False
Sweden,Energy and natural resources,2022,31.0,31,True,investment,False
Sweden,Energy and natural resources,2023,9.0,15,True,investment,False
Sweden,Energy and natural resources,2024,980.0,980,True,investment,False
Sweden,Energy and natural resources,2025,43.0,44,False,investment,False
Sweden,Finance,2015,,14,True,investment,False
Sweden,Finance,2016,0.0,0,True,investment,False
Sweden,Finance,2017,,170,True,investment,False
Sweden,Finance,2018,0.0,0,True,investment,False
Sweden,Finance,2019,0.0,0,True,investment,False
Sweden,Finance,2020,3423.0,3431,True,investment,False
Sweden,Finance,2021,1.0,2392,True,investment,False
Sweden,Finance,2022,6.0,3441,True,investment,False
Sweden,Finance,2023,2.0,12,True,investment,False
Sweden,Finance,2024,2.0,2,True,investment,False
Sweden,Finance,2025,25.0,1169,False,investment,False
Sweden,Gaming,2016,0.0,0,True,investment,False
Sweden,Gaming,2017,1.0,1,True,investment,False
Sweden,Gaming,2018,2.0,2,True,investment,False
Sweden,Gaming,2020,1.0,1,True,investment,False
Sweden,Gaming,2021,30.0,32,True,investment,False
Sweden,Gaming,2024,0.0,0,True,investment,False
Sweden,Gaming,2025,3.0,3,False,investment,False
Sweden,General purpose,2015,6.0,26,True,investment,False
Sweden,General purpose,2016,14.0,27,True,investment,False
Sweden,General purpose,2017,25.0,200,True,investment,False
Sweden,General purpose,2018,52.0,68,True,investment,False
Sweden,General purpose,2019,38.0,51,True,investment,False
Sweden,General purpose,2020,3452.0,3510,True,investment,False
Sweden,General purpose,2021,358.0,13606,True,investment,False
Sweden,General purpose,2022,67.0,3571,True,investment,False
Sweden,General purpose,2023,52.0,110,True,investment,False
Sweden,General purpose,2024,93.0,111,True,investment,False
Sweden,General purpose,2025,1269.0,3551,False,investment,False
Sweden,Hardware,2015,1.0,5,True,investment,False
Sweden,Hardware,2016,2.0,14,True,investment,False
Sweden,Hardware,2017,9.0,9,True,investment,False
Sweden,Hardware,2018,13.0,21,True,investment,False
Sweden,Hardware,2019,12.0,18,True,investment,False
Sweden,Hardware,2020,9.0,34,True,investment,False
Sweden,Hardware,2021,4543.0,9278,True,investment,False
Sweden,Hardware,2022,13.0,18,True,investment,False
Sweden,Hardware,2023,2.0,32,True,investment,False
Sweden,Hardware,2024,14.0,14,True,investment,False
Sweden,Hardware,2025,13.0,14,False,investment,False
Sweden,Healthcare and Life Sciences,2015,7.0,7,True,investment,False
Sweden,Healthcare and Life Sciences,2016,1.0,1,True,investment,False
Sweden,Healthcare and Life Sciences,2017,6.0,7,True,investment,False
Sweden,Healthcare and Life Sciences,2018,6.0,6,True,investment,False
Sweden,Healthcare and Life Sciences,2019,10.0,10,True,investment,False
Sweden,Healthcare and Life Sciences,2020,4.0,26,True,investment,False
Sweden,Healthcare and Life Sciences,2021,10.0,2379,True,investment,False
Sweden,Healthcare and Life Sciences,2022,5.0,50,True,investment,False
Sweden,Healthcare and Life Sciences,2023,32.0,32,True,investment,False
Sweden,Healthcare and Life Sciences,2024,9.0,12,True,investment,False
Sweden,Healthcare and Life Sciences,2025,69.0,81,False,investment,False
Sweden,Information Technology,2015,2.0,10,True,investment,False
Sweden,Information Technology,2016,2.0,3,True,investment,False
Sweden,Information Technology,2017,7.0,174,True,investment,False
Sweden,Information Technology,2018,2.0,7,True,investment,False
Sweden,Information Technology,2019,4.0,16,True,investment,False
Sweden,Information Technology,2020,3431.0,3441,True,investment,False
Sweden,Information Technology,2021,29.0,403,True,investment,False
Sweden,Information Technology,2022,18.0,3462,True,investment,False
Sweden,Information Technology,2023,7.0,24,True,investment,False
Sweden,Information Technology,2024,24.0,25,True,investment,False
Sweden,Information Technology,2025,9.0,3373,False,investment,False
Sweden,Lending and Investments,2017,,1,True,investment,False
Sweden,Lending and Investments,2021,0.0,0,True,investment,False
Sweden,Lending and Investments,2022,4.0,4,True,investment,False
Sweden,Lending and Investments,2023,,3,True,investment,False
Sweden,Lending and Investments,2024,2.0,2,True,investment,False
Sweden,Manufacturing,2015,,2,True,investment,False
Sweden,Manufacturing,2016,0.0,0,True,investment,False
Sweden,Manufacturing,2017,0.0,3,True,investment,False
Sweden,Manufacturing,2018,3.0,6,True,investment,False
Sweden,Manufacturing,2019,4.0,5,True,investment,False
Sweden,Manufacturing,2020,4.0,4,True,investment,False
Sweden,Manufacturing,2021,4538.0,4538,True,investment,False
Sweden,Manufacturing,2022,21.0,40,True,investment,False
Sweden,Manufacturing,2023,9.0,9,True,investment,False
Sweden,Manufacturing,2024,11.0,14,True,investment,False
Sweden,Manufacturing,2025,3.0,15,False,investment,False
Sweden,Media and Entertainment,2015,4.0,4,True,investment,False
Sweden,Media and Entertainment,2016,3.0,3,True,investment,False
Sweden,Media and Entertainment,2017,8.0,9,True,investment,False
Sweden,Media and Entertainment,2018,5.0,5,True,investment,False
Sweden,Media and Entertainment,2019,2.0,2,True,investment,False
Sweden,Media and Entertainment,2020,4.0,16,True,investment,False
Sweden,Media and Entertainment,2021,247.0,2631,True,investment,False
Sweden,Media and Entertainment,2022,3.0,3,True,investment,False
Sweden,Media and Entertainment,2023,1.0,8,True,investment,False
Sweden,Media and Entertainment,2025,3.0,3,False,investment,False
Sweden,"Military, public safety and government",2020,,10,True,investment,False
Sweden,"Mobile, platforms & Internet services",2015,1.0,4,True,investment,False
Sweden,"Mobile, platforms & Internet services",2016,9.0,36,True,investment,False
Sweden,"Mobile, platforms & Internet services",2017,2.0,7,True,investment,False
Sweden,"Mobile, platforms & Internet services",2018,15.0,24,True,investment,False
Sweden,"Mobile, platforms & Internet services",2019,15.0,15,True,investment,False
Sweden,"Mobile, platforms & Internet services",2020,9.0,34,True,investment,False
Sweden,"Mobile, platforms & Internet services",2021,50.0,3486,True,investment,False
Sweden,"Mobile, platforms & Internet services",2022,18.0,47,True,investment,False
Sweden,"Mobile, platforms & Internet services",2023,11.0,52,True,investment,False
Sweden,"Mobile, platforms & Internet services",2024,10.0,10,True,investment,False
Sweden,"Mobile, platforms & Internet services",2025,8.0,1110,False,investment,False
Sweden,NLP,2015,,1,True,investment,False
Sweden,NLP,2016,,0,True,investment,False
Sweden,NLP,2019,,2,True,investment,False
Sweden,NLP,2020,1.0,11,True,investment,False
Sweden,NLP,2021,3.0,3,True,investment,False
Sweden,NLP,2022,0.0,5,True,investment,False
Sweden,NLP,2023,0.0,0,True,investment,False
Sweden,NLP,2024,0.0,0,True,investment,False
Sweden,Navigation and mapping,2015,0.0,2,True,investment,False
Sweden,Navigation and mapping,2016,2.0,2,True,investment,False
Sweden,Navigation and mapping,2017,0.0,0,True,investment,False
Sweden,Navigation and mapping,2018,1.0,1,True,investment,False
Sweden,Navigation and mapping,2020,,12,True,investment,False
Sweden,Navigation and mapping,2021,3.0,3,True,investment,False
Sweden,Navigation and mapping,2024,4.0,4,True,investment,False
Sweden,Other,2015,0.0,0,True,investment,False
Sweden,Other,2016,5.0,5,True,investment,False
Sweden,Other,2017,,1,True,investment,False
Sweden,Other,2018,4.0,4,True,investment,False
Sweden,Other,2019,5.0,5,True,investment,False
Sweden,Other,2020,6.0,9,True,investment,False
Sweden,Other,2021,21.0,35,True,investment,False
Sweden,Other,2022,9.0,9,True,investment,False
Sweden,Other,2023,7.0,26,True,investment,False
Sweden,Other,2024,18.0,23,True,investment,False
Sweden,Other,2025,2.0,14,False,investment,False
Sweden,Privacy and Security,2017,1.0,1,True,investment,False
Sweden,Privacy and Security,2018,1.0,1,True,investment,False
Sweden,Privacy and Security,2020,4.0,4,True,investment,False
Sweden,Privacy and Security,2021,2.0,2,True,investment,False
Sweden,Privacy and Security,2022,4.0,10,True,investment,False
Sweden,Professional services,2015,,8,True,investment,False
Sweden,Professional services,2016,,0,True,investment,False
Sweden,Professional services,2017,0.0,7,True,investment,False
Sweden,Professional services,2018,0.0,2,True,investment,False
Sweden,Professional services,2019,3.0,5,True,investment,False
Sweden,Professional services,2020,5.0,23,True,investment,False
Sweden,Professional services,2021,27.0,2395,True,investment,False
Sweden,Professional services,2022,30.0,50,True,investment,False
Sweden,Professional services,2023,9.0,16,True,investment,False
Sweden,Professional services,2024,47.0,47,True,investment,False
Sweden,Professional services,2025,1146.0,1158,False,investment,False
Sweden,Real estate,2019,3.0,3,True,investment,False
Sweden,Real estate,2020,1.0,4,True,investment,False
Sweden,Real estate,2021,4.0,4,True,investment,False
Sweden,Real estate,2022,2.0,2,True,investment,False
Sweden,Real estate,2023,0.0,3,True,investment,False
Sweden,Real estate,2024,0.0,0,True,investment,False
Sweden,Real estate,2025,21.0,23,False,investment,False
Sweden,Robotics,2016,1.0,1,True,investment,False
Sweden,Robotics,2017,1.0,1,True,investment,False
Sweden,Robotics,2018,2.0,2,True,investment,False
Sweden,Robotics,2019,7.0,14,True,investment,False
Sweden,Robotics,2020,1.0,2,True,investment,False
Sweden,Robotics,2021,30.0,2398,True,investment,False
Sweden,"Sales, retail, commerce, marketing",2015,4.0,6,True,investment,False
Sweden,"Sales, retail, commerce, marketing",2016,9.0,9,True,investment,False
Sweden,"Sales, retail, commerce, marketing",2017,6.0,8,True,investment,False
Sweden,"Sales, retail, commerce, marketing",2018,24.0,33,True,investment,False
Sweden,"Sales, retail, commerce, marketing",2019,4.0,6,True,investment,False
Sweden,"Sales, retail, commerce, marketing",2020,13.0,13,True,investment,False
Sweden,"Sales, retail, commerce, marketing",2021,252.0,604,True,investment,False
Sweden,"Sales, retail, commerce, marketing",2022,12.0,16,True,investment,False
Sweden,"Sales, retail, commerce, marketing",2023,3.0,9,True,investment,False
Sweden,"Sales, retail, commerce, marketing",2024,13.0,13,True,investment,False
Sweden,"Sales, retail, commerce, marketing",2025,2.0,1103,False,investment,False
Sweden,Semiconductor,2016,1.0,1,True,investment,False
Sweden,Software,2015,8.0,31,True,investment,False
Sweden,Software,2016,19.0,34,True,investment,False
Sweden,Software,2017,30.0,205,True,investment,False
Sweden,Software,2018,58.0,79,True,investment,False
Sweden,Software,2019,40.0,57,True,investment,False
Sweden,Software,2020,3460.0,3532,True,investment,False
Sweden,Software,2021,368.0,10242,True,investment,False
Sweden,Software,2022,87.0,3601,True,investment,False
Sweden,Software,2023,74.0,132,True,investment,False
Sweden,Software,2024,100.0,119,True,investment,False
Sweden,Software,2025,1275.0,4656,False,investment,False
Sweden,Sports,2016,0.0,0,True,investment,False
Sweden,Sports,2019,5.0,5,True,investment,False
Sweden,Sports,2021,,2368,True,investment,False
Sweden,Telecommunications,2021,0.0,0,True,investment,False
Sweden,Telecommunications,2022,0.0,0,True,investment,False
Sweden,Telecommunications,2024,0.0,0,True,investment,False
Sweden,Transportation,2015,0.0,3,True,investment,False
Sweden,Transportation,2016,0.0,0,True,investment,False
Sweden,Transportation,2017,1.0,1,True,investment,False
Sweden,Transportation,2018,0.0,0,True,investment,False
Sweden,Transportation,2019,7.0,7,True,investment,False
Sweden,Transportation,2020,8.0,19,True,investment,False
Sweden,Transportation,2021,29.0,3452,True,investment,False
Sweden,Transportation,2022,335.0,3763,True,investment,False
Sweden,Transportation,2023,6.0,3429,True,investment,False
Sweden,Transportation,2024,5.0,5,True,investment,False
Sweden,Transportation,2025,1834.0,1837,False,investment,False
Switzerland,Agriculture,2015,0.0,0,True,investment,False
Switzerland,Agriculture,2016,2.0,2,True,investment,False
Switzerland,Agriculture,2017,5.0,5,True,investment,False
Switzerland,Agriculture,2018,4.0,4,True,investment,False
Switzerland,Agriculture,2019,8.0,8,True,investment,False
Switzerland,Agriculture,2020,,1,True,investment,False
Switzerland,Agriculture,2021,6.0,9,True,investment,False
Switzerland,Agriculture,2022,3.0,7,True,investment,False
Switzerland,Agriculture,2023,7.0,7,True,investment,False
Switzerland,Agriculture,2024,0.0,0,True,investment,False
Switzerland,Agriculture,2025,35.0,35,False,investment,False
Switzerland,All,2015,6.0,512,True,investment,False
Switzerland,All,2016,14.0,381,True,investment,False
Switzerland,All,2017,109.0,724,True,investment,False
Switzerland,All,2018,255.0,1047,True,investment,False
Switzerland,All,2019,291.0,879,True,investment,False
Switzerland,All,2020,250.0,2467,True,investment,False
Switzerland,All,2021,634.0,1045,True,investment,False
Switzerland,All,2022,813.0,1879,True,investment,False
Switzerland,All,2023,344.0,980,True,investment,False
Switzerland,All,2024,446.0,1972,True,investment,False
Switzerland,All,2025,1073.0,2995,False,investment,False
Switzerland,Biotechnology,2015,0.0,4,True,investment,False
Switzerland,Biotechnology,2016,0.0,0,True,investment,False
Switzerland,Biotechnology,2017,7.0,10,True,investment,False
Switzerland,Biotechnology,2018,8.0,8,True,investment,False
Switzerland,Biotechnology,2019,3.0,3,True,investment,False
Switzerland,Biotechnology,2020,2.0,522,True,investment,False
Switzerland,Biotechnology,2021,19.0,19,True,investment,False
Switzerland,Biotechnology,2022,5.0,5,True,investment,False
Switzerland,Biotechnology,2023,2.0,2,True,investment,False
Switzerland,Biotechnology,2024,5.0,6,True,investment,False
Switzerland,Biotechnology,2025,2.0,19,False,investment,False
Switzerland,Community and Lifestyle,2016,0.0,0,True,investment,False
Switzerland,Community and Lifestyle,2017,0.0,0,True,investment,False
Switzerland,Community and Lifestyle,2018,18.0,47,True,investment,False
Switzerland,Community and Lifestyle,2019,4.0,4,True,investment,False
Switzerland,Community and Lifestyle,2020,2.0,3,True,investment,False
Switzerland,Community and Lifestyle,2021,3.0,6,True,investment,False
Switzerland,Community and Lifestyle,2022,0.0,139,True,investment,False
Switzerland,Community and Lifestyle,2024,,139,True,investment,False
Switzerland,Community and Lifestyle,2025,1.0,1,False,investment,False
Switzerland,Computer Vision,2015,1.0,351,True,investment,False
Switzerland,Computer Vision,2016,1.0,2,True,investment,False
Switzerland,Computer Vision,2017,12.0,153,True,investment,False
Switzerland,Computer Vision,2018,10.0,11,True,investment,False
Switzerland,Computer Vision,2019,8.0,150,True,investment,False
Switzerland,Computer Vision,2020,30.0,30,True,investment,False
Switzerland,Computer Vision,2021,3.0,164,True,investment,False
Switzerland,Computer Vision,2022,33.0,35,True,investment,False
Switzerland,Computer Vision,2023,2.0,141,True,investment,False
Switzerland,Computer Vision,2024,3.0,6,True,investment,False
Switzerland,Computer Vision,2025,223.0,225,False,investment,False
Switzerland,Consumer goods,2015,,2,True,investment,False
Switzerland,Consumer goods,2016,1.0,1,True,investment,False
Switzerland,Consumer goods,2017,7.0,19,True,investment,False
Switzerland,Consumer goods,2018,7.0,187,True,investment,False
Switzerland,Consumer goods,2019,7.0,147,True,investment,False
Switzerland,Consumer goods,2020,15.0,40,True,investment,False
Switzerland,Consumer goods,2021,19.0,20,True,investment,False
Switzerland,Consumer goods,2022,15.0,23,True,investment,False
Switzerland,Consumer goods,2023,44.0,44,True,investment,False
Switzerland,Consumer goods,2024,22.0,163,True,investment,False
Switzerland,Consumer goods,2025,58.0,316,False,investment,False
Switzerland,Cyber Security,2015,0.0,0,True,investment,False
Switzerland,Cyber Security,2016,0.0,8,True,investment,False
Switzerland,Cyber Security,2017,6.0,6,True,investment,False
Switzerland,Cyber Security,2018,3.0,3,True,investment,False
Switzerland,Cyber Security,2019,150.0,150,True,investment,False
Switzerland,Cyber Security,2020,1.0,139,True,investment,False
Switzerland,Cyber Security,2021,85.0,135,True,investment,False
Switzerland,Cyber Security,2022,126.0,128,True,investment,False
Switzerland,Cyber Security,2023,0.0,1,True,investment,False
Switzerland,Cyber Security,2024,2.0,134,True,investment,False
Switzerland,Cyber Security,2025,0.0,228,False,investment,False
Switzerland,Data and analytics,2015,3.0,358,True,investment,False
Switzerland,Data and analytics,2016,4.0,155,True,investment,False
Switzerland,Data and analytics,2017,92.0,542,True,investment,False
Switzerland,Data and analytics,2018,65.0,688,True,investment,False
Switzerland,Data and analytics,2019,216.0,512,True,investment,False
Switzerland,Data and analytics,2020,97.0,1372,True,investment,False
Switzerland,Data and analytics,2021,182.0,569,True,investment,False
Switzerland,Data and analytics,2022,257.0,871,True,investment,False
Switzerland,Data and analytics,2023,63.0,372,True,investment,False
Switzerland,Data and analytics,2024,119.0,1195,True,investment,False
Switzerland,Data and analytics,2025,496.0,2104,False,investment,False
Switzerland,Education,2016,0.0,0,True,investment,False
Switzerland,Education,2022,5.0,5,True,investment,False
Switzerland,Education,2023,2.0,2,True,investment,False
Switzerland,Education,2024,3.0,29,True,investment,False
Switzerland,Energy and natural resources,2017,0.0,0,True,investment,False
Switzerland,Energy and natural resources,2018,0.0,0,True,investment,False
Switzerland,Energy and natural resources,2019,0.0,3,True,investment,False
Switzerland,Energy and natural resources,2020,0.0,1,True,investment,False
Switzerland,Energy and natural resources,2021,4.0,58,True,investment,False
Switzerland,Energy and natural resources,2022,3.0,20,True,investment,False
Switzerland,Energy and natural resources,2023,2.0,11,True,investment,False
Switzerland,Energy and natural resources,2024,4.0,13,True,investment,False
Switzerland,Energy and natural resources,2025,23.0,24,False,investment,False
Switzerland,Facial Recognition,2015,,350,True,investment,False
Switzerland,Finance,2015,,4,True,investment,False
Switzerland,Finance,2016,0.0,0,True,investment,False
Switzerland,Finance,2017,11.0,153,True,investment,False
Switzerland,Finance,2018,10.0,16,True,investment,False
Switzerland,Finance,2019,1.0,3,True,investment,False
Switzerland,Finance,2020,51.0,330,True,investment,False
Switzerland,Finance,2021,10.0,16,True,investment,False
Switzerland,Finance,2022,16.0,161,True,investment,False
Switzerland,Finance,2023,3.0,3,True,investment,False
Switzerland,Finance,2024,5.0,283,True,investment,False
Switzerland,Finance,2025,16.0,461,False,investment,False
Switzerland,Gaming,2019,0.0,0,True,investment,False
Switzerland,Gaming,2020,0.0,0,True,investment,False
Switzerland,Gaming,2021,1.0,1,True,investment,False
Switzerland,Gaming,2022,0.0,0,True,investment,False
Switzerland,Gaming,2024,1.0,1,True,investment,False
Switzerland,Gaming,2025,1.0,1,False,investment,False
Switzerland,General purpose,2015,5.0,357,True,investment,False
Switzerland,General purpose,2016,5.0,17,True,investment,False
Switzerland,General purpose,2017,80.0,393,True,investment,False
Switzerland,General purpose,2018,55.0,558,True,investment,False
Switzerland,General purpose,2019,235.0,526,True,investment,False
Switzerland,General purpose,2020,104.0,1755,True,investment,False
Switzerland,General purpose,2021,179.0,564,True,investment,False
Switzerland,General purpose,2022,244.0,983,True,investment,False
Switzerland,General purpose,2023,91.0,399,True,investment,False
Switzerland,General purpose,2024,146.0,943,True,investment,False
Switzerland,General purpose,2025,516.0,2125,False,investment,False
Switzerland,Hardware,2015,4.0,356,True,investment,False
Switzerland,Hardware,2016,4.0,6,True,investment,False
Switzerland,Hardware,2017,24.0,329,True,investment,False
Switzerland,Hardware,2018,27.0,223,True,investment,False
Switzerland,Hardware,2019,37.0,458,True,investment,False
Switzerland,Hardware,2020,57.0,739,True,investment,False
Switzerland,Hardware,2021,34.0,198,True,investment,False
Switzerland,Hardware,2022,54.0,346,True,investment,False
Switzerland,Hardware,2023,68.0,232,True,investment,False
Switzerland,Hardware,2024,52.0,197,True,investment,False
Switzerland,Hardware,2025,357.0,421,False,investment,False
Switzerland,Healthcare and Life Sciences,2015,0.0,4,True,investment,False
Switzerland,Healthcare and Life Sciences,2016,2.0,3,True,investment,False
Switzerland,Healthcare and Life Sciences,2017,8.0,13,True,investment,False
Switzerland,Healthcare and Life Sciences,2018,9.0,9,True,investment,False
Switzerland,Healthcare and Life Sciences,2019,9.0,13,True,investment,False
Switzerland,Healthcare and Life Sciences,2020,10.0,37,True,investment,False
Switzerland,Healthcare and Life Sciences,2021,19.0,96,True,investment,False
Switzerland,Healthcare and Life Sciences,2022,16.0,158,True,investment,False
Switzerland,Healthcare and Life Sciences,2023,12.0,153,True,investment,False
Switzerland,Healthcare and Life Sciences,2024,26.0,214,True,investment,False
Switzerland,Healthcare and Life Sciences,2025,9.0,429,False,investment,False
Switzerland,Information Technology,2015,0.0,352,True,investment,False
Switzerland,Information Technology,2016,2.0,209,True,investment,False
Switzerland,Information Technology,2017,58.0,208,True,investment,False
Switzerland,Information Technology,2018,19.0,89,True,investment,False
Switzerland,Information Technology,2019,212.0,493,True,investment,False
Switzerland,Information Technology,2020,5.0,843,True,investment,False
Switzerland,Information Technology,2021,135.0,296,True,investment,False
Switzerland,Information Technology,2022,185.0,778,True,investment,False
Switzerland,Information Technology,2023,38.0,188,True,investment,False
Switzerland,Information Technology,2024,62.0,382,True,investment,False
Switzerland,Information Technology,2025,108.0,878,False,investment,False
Switzerland,Lending and Investments,2017,,139,True,investment,False
Switzerland,Lending and Investments,2020,,139,True,investment,False
Switzerland,Lending and Investments,2021,1.0,6,True,investment,False
Switzerland,Lending and Investments,2022,0.0,143,True,investment,False
Switzerland,Lending and Investments,2024,2.0,140,True,investment,False
Switzerland,Manufacturing,2015,,2,True,investment,False
Switzerland,Manufacturing,2016,,0,True,investment,False
Switzerland,Manufacturing,2017,1.0,19,True,investment,False
Switzerland,Manufacturing,2018,0.0,20,True,investment,False
Switzerland,Manufacturing,2019,4.0,284,True,investment,False
Switzerland,Manufacturing,2020,19.0,41,True,investment,False
Switzerland,Manufacturing,2021,4.0,7,True,investment,False
Switzerland,Manufacturing,2022,6.0,148,True,investment,False
Switzerland,Manufacturing,2023,35.0,36,True,investment,False
Switzerland,Manufacturing,2024,40.0,182,True,investment,False
Switzerland,Manufacturing,2025,39.0,264,False,investment,False
Switzerland,Media and Entertainment,2015,1.0,490,True,investment,False
Switzerland,Media and Entertainment,2016,0.0,0,True,investment,False
Switzerland,Media and Entertainment,2017,0.0,7,True,investment,False
Switzerland,Media and Entertainment,2018,2.0,145,True,investment,False
Switzerland,Media and Entertainment,2019,12.0,153,True,investment,False
Switzerland,Media and Entertainment,2020,4.0,143,True,investment,False
Switzerland,Media and Entertainment,2021,58.0,116,True,investment,False
Switzerland,Media and Entertainment,2022,5.0,141,True,investment,False
Switzerland,Media and Entertainment,2023,,139,True,investment,False
Switzerland,Media and Entertainment,2024,4.0,4,True,investment,False
Switzerland,Media and Entertainment,2025,3.0,3,False,investment,False
Switzerland,"Military, public safety and government",2015,1.0,1,True,investment,False
Switzerland,"Military, public safety and government",2017,6.0,13,True,investment,False
Switzerland,"Military, public safety and government",2018,4.0,8,True,investment,False
Switzerland,"Military, public safety and government",2019,8.0,8,True,investment,False
Switzerland,"Military, public safety and government",2020,,3,True,investment,False
Switzerland,"Military, public safety and government",2021,1.0,1,True,investment,False
Switzerland,"Military, public safety and government",2022,3.0,3,True,investment,False
Switzerland,"Military, public safety and government",2024,4.0,4,True,investment,False
Switzerland,"Mobile, platforms & Internet services",2015,3.0,6,True,investment,False
Switzerland,"Mobile, platforms & Internet services",2016,1.0,4,True,investment,False
Switzerland,"Mobile, platforms & Internet services",2017,45.0,349,True,investment,False
Switzerland,"Mobile, platforms & Internet services",2018,53.0,365,True,investment,False
Switzerland,"Mobile, platforms & Internet services",2019,197.0,340,True,investment,False
Switzerland,"Mobile, platforms & Internet services",2020,12.0,291,True,investment,False
Switzerland,"Mobile, platforms & Internet services",2021,167.0,230,True,investment,False
Switzerland,"Mobile, platforms & Internet services",2022,196.0,620,True,investment,False
Switzerland,"Mobile, platforms & Internet services",2023,20.0,29,True,investment,False
Switzerland,"Mobile, platforms & Internet services",2024,19.0,590,True,investment,False
Switzerland,"Mobile, platforms & Internet services",2025,110.0,373,False,investment,False
Switzerland,NLP,2018,2.0,2,True,investment,False
Switzerland,NLP,2019,0.0,0,True,investment,False
Switzerland,NLP,2021,4.0,4,True,investment,False
Switzerland,NLP,2022,0.0,0,True,investment,False
Switzerland,Navigation and mapping,2017,0.0,0,True,investment,False
Switzerland,Navigation and mapping,2018,0.0,12,True,investment,False
Switzerland,Navigation and mapping,2019,5.0,5,True,investment,False
Switzerland,Navigation and mapping,2020,1.0,1,True,investment,False
Switzerland,Navigation and mapping,2021,1.0,1,True,investment,False
Switzerland,Navigation and mapping,2022,7.0,148,True,investment,False
Switzerland,Navigation and mapping,2023,0.0,0,True,investment,False
Switzerland,Navigation and mapping,2024,0.0,0,True,investment,False
Switzerland,Navigation and mapping,2025,0.0,0,False,investment,False
Switzerland,Other,2015,0.0,0,True,investment,False
Switzerland,Other,2016,1.0,1,True,investment,False
Switzerland,Other,2017,5.0,6,True,investment,False
Switzerland,Other,2018,28.0,63,True,investment,False
Switzerland,Other,2019,7.0,11,True,investment,False
Switzerland,Other,2020,52.0,847,True,investment,False
Switzerland,Other,2021,8.0,14,True,investment,False
Switzerland,Other,2022,2.0,9,True,investment,False
Switzerland,Other,2023,2.0,2,True,investment,False
Switzerland,Other,2024,5.0,22,True,investment,False
Switzerland,Other,2025,53.0,278,False,investment,False
Switzerland,Privacy and Security,2015,0.0,0,True,investment,False
Switzerland,Privacy and Security,2016,0.0,8,True,investment,False
Switzerland,Privacy and Security,2017,8.0,8,True,investment,False
Switzerland,Privacy and Security,2018,3.0,3,True,investment,False
Switzerland,Privacy and Security,2019,150.0,152,True,investment,False
Switzerland,Privacy and Security,2020,2.0,280,True,investment,False
Switzerland,Privacy and Security,2021,95.0,146,True,investment,False
Switzerland,Privacy and Security,2022,126.0,130,True,investment,False
Switzerland,Privacy and Security,2023,0.0,1,True,investment,False
Switzerland,Privacy and Security,2024,2.0,134,True,investment,False
Switzerland,Privacy and Security,2025,0.0,228,False,investment,False
Switzerland,Professional services,2015,0.0,0,True,investment,False
Switzerland,Professional services,2016,0.0,0,True,investment,False
Switzerland,Professional services,2017,1.0,1,True,investment,False
Switzerland,Professional services,2018,2.0,2,True,investment,False
Switzerland,Professional services,2019,2.0,2,True,investment,False
Switzerland,Professional services,2020,2.0,142,True,investment,False
Switzerland,Professional services,2021,4.0,9,True,investment,False
Switzerland,Professional services,2022,1.0,147,True,investment,False
Switzerland,Professional services,2023,19.0,20,True,investment,False
Switzerland,Professional services,2024,17.0,149,True,investment,False
Switzerland,Professional services,2025,28.0,28,False,investment,False
Switzerland,Real estate,2015,2.0,2,True,investment,False
Switzerland,Real estate,2017,,2,True,investment,False
Switzerland,Real estate,2018,0.0,6,True,investment,False
Switzerland,Real estate,2019,0.0,0,True,investment,False
Switzerland,Real estate,2020,1.0,1,True,investment,False
Switzerland,Real estate,2021,8.0,24,True,investment,False
Switzerland,Real estate,2022,1.0,11,True,investment,False
Switzerland,Real estate,2023,2.0,2,True,investment,False
Switzerland,Real estate,2024,3.0,8,True,investment,False
Switzerland,Real estate,2025,25.0,25,False,investment,False
Switzerland,Robotics,2015,0.0,0,True,investment,False
Switzerland,Robotics,2016,2.0,2,True,investment,False
Switzerland,Robotics,2017,5.0,12,True,investment,False
Switzerland,Robotics,2018,7.0,7,True,investment,False
Switzerland,Robotics,2019,5.0,144,True,investment,False
Switzerland,Robotics,2020,9.0,549,True,investment,False
Switzerland,Robotics,2021,8.0,11,True,investment,False
Switzerland,Robotics,2022,6.0,9,True,investment,False
Switzerland,Robotics,2023,12.0,151,True,investment,False
Switzerland,Robotics,2024,13.0,152,True,investment,False
Switzerland,Robotics,2025,123.0,124,False,investment,False
Switzerland,"Sales, retail, commerce, marketing",2015,1.0,1,True,investment,False
Switzerland,"Sales, retail, commerce, marketing",2016,0.0,1,True,investment,False
Switzerland,"Sales, retail, commerce, marketing",2017,4.0,6,True,investment,False
Switzerland,"Sales, retail, commerce, marketing",2018,2.0,170,True,investment,False
Switzerland,"Sales, retail, commerce, marketing",2019,2.0,145,True,investment,False
Switzerland,"Sales, retail, commerce, marketing",2020,20.0,159,True,investment,False
Switzerland,"Sales, retail, commerce, marketing",2021,66.0,183,True,investment,False
Switzerland,"Sales, retail, commerce, marketing",2022,2.0,412,True,investment,False
Switzerland,"Sales, retail, commerce, marketing",2023,11.0,13,True,investment,False
Switzerland,"Sales, retail, commerce, marketing",2024,3.0,144,True,investment,False
Switzerland,"Sales, retail, commerce, marketing",2025,5.0,227,False,investment,False
Switzerland,Semiconductor,2018,0.0,0,True,investment,False
Switzerland,Semiconductor,2020,1.0,2,True,investment,False
Switzerland,Semiconductor,2021,,0,True,investment,False
Switzerland,Semiconductor,2022,4.0,4,True,investment,False
Switzerland,Semiconductor,2023,,15,True,investment,False
Switzerland,Semiconductor,2024,4.0,4,True,investment,False
Switzerland,Semiconductor,2025,,8,False,investment,False
Switzerland,Software,2015,5.0,360,True,investment,False
Switzerland,Software,2016,5.0,354,True,investment,False
Switzerland,Software,2017,93.0,689,True,investment,False
Switzerland,Software,2018,69.0,711,True,investment,False
Switzerland,Software,2019,237.0,812,True,investment,False
Switzerland,Software,2020,107.0,2177,True,investment,False
Switzerland,Software,2021,182.0,551,True,investment,False
Switzerland,Software,2022,262.0,1149,True,investment,False
Switzerland,Software,2023,70.0,517,True,investment,False
Switzerland,Software,2024,135.0,1632,True,investment,False
Switzerland,Software,2025,521.0,2353,False,investment,False
Switzerland,Sports,2016,0.0,0,True,investment,False
Switzerland,Sports,2020,0.0,0,True,investment,False
Switzerland,Sports,2021,0.0,12,True,investment,False
Switzerland,Sports,2022,,1,True,investment,False
Switzerland,Sports,2024,,11,True,investment,False
Switzerland,Telecommunications,2017,,0,True,investment,False
Switzerland,Telecommunications,2018,0.0,0,True,investment,False
Switzerland,Telecommunications,2019,1.0,1,True,investment,False
Switzerland,Telecommunications,2020,1.0,2,True,investment,False
Switzerland,Telecommunications,2021,2.0,5,True,investment,False
Switzerland,Telecommunications,2022,0.0,0,True,investment,False
Switzerland,Telecommunications,2023,0.0,0,True,investment,False
Switzerland,Telecommunications,2024,2.0,2,True,investment,False
Switzerland,Telecommunications,2025,,0,False,investment,False
Switzerland,Transportation,2015,0.0,0,True,investment,False
Switzerland,Transportation,2016,1.0,10,True,investment,False
Switzerland,Transportation,2017,28.0,173,True,investment,False
Switzerland,Transportation,2018,11.0,55,True,investment,False
Switzerland,Transportation,2019,56.0,195,True,investment,False
Switzerland,Transportation,2020,3.0,31,True,investment,False
Switzerland,Transportation,2021,20.0,137,True,investment,False
Switzerland,Transportation,2022,55.0,204,True,investment,False
Switzerland,Transportation,2023,0.0,1,True,investment,False
Switzerland,Transportation,2024,4.0,4,True,investment,False
Switzerland,Transportation,2025,225.0,225,False,investment,False
Taiwan,Agriculture,2019,,8,True,investment,False
Taiwan,Agriculture,2021,,2,True,investment,False
Taiwan,Agriculture,2022,,4,True,investment,False
Taiwan,Agriculture,2023,2.0,2,True,investment,False
Taiwan,All,2015,14.0,26,True,investment,False
Taiwan,All,2016,16.0,31,True,investment,False
Taiwan,All,2017,23.0,26,True,investment,False
Taiwan,All,2018,30.0,33,True,investment,False
Taiwan,All,2019,46.0,242,True,investment,False
Taiwan,All,2020,93.0,164,True,investment,False
Taiwan,All,2021,146.0,288,True,investment,False
Taiwan,All,2022,139.0,259,True,investment,False
Taiwan,All,2023,97.0,148,True,investment,False
Taiwan,All,2024,149.0,184,True,investment,False
Taiwan,All,2025,70.0,77,False,investment,False
Taiwan,Biotechnology,2017,,1,True,investment,False
Taiwan,Biotechnology,2018,0.0,0,True,investment,False
Taiwan,Biotechnology,2019,,13,True,investment,False
Taiwan,Biotechnology,2020,,15,True,investment,False
Taiwan,Biotechnology,2021,0.0,15,True,investment,False
Taiwan,Biotechnology,2022,,11,True,investment,False
Taiwan,Biotechnology,2023,7.0,9,True,investment,False
Taiwan,Biotechnology,2024,2.0,10,True,investment,False
Taiwan,Biotechnology,2025,3.0,3,False,investment,False
Taiwan,Community and Lifestyle,2015,10.0,10,True,investment,False
Taiwan,Community and Lifestyle,2017,2.0,2,True,investment,False
Taiwan,Community and Lifestyle,2018,1.0,1,True,investment,False
Taiwan,Community and Lifestyle,2019,,17,True,investment,False
Taiwan,Community and Lifestyle,2021,1.0,4,True,investment,False
Taiwan,Community and Lifestyle,2022,,3,True,investment,False
Taiwan,Community and Lifestyle,2023,2.0,2,True,investment,False
Taiwan,Computer Vision,2016,2.0,5,True,investment,False
Taiwan,Computer Vision,2019,,15,True,investment,False
Taiwan,Computer Vision,2021,,0,True,investment,False
Taiwan,Computer Vision,2023,,5,True,investment,False
Taiwan,Computer Vision,2025,13.0,13,False,investment,False
Taiwan,Consumer goods,2015,0.0,0,True,investment,False
Taiwan,Consumer goods,2016,6.0,6,True,investment,False
Taiwan,Consumer goods,2018,1.0,1,True,investment,False
Taiwan,Consumer goods,2019,1.0,8,True,investment,False
Taiwan,Consumer goods,2021,,12,True,investment,False
Taiwan,Consumer goods,2022,5.0,9,True,investment,False
Taiwan,Consumer goods,2023,,21,True,investment,False
Taiwan,Consumer goods,2024,4.0,4,True,investment,False
Taiwan,Consumer goods,2025,13.0,13,False,investment,False
Taiwan,Cyber Security,2018,3.0,3,True,investment,False
Taiwan,Cyber Security,2019,3.0,3,True,investment,False
Taiwan,Cyber Security,2023,,10,True,investment,False
Taiwan,Cyber Security,2024,20.0,20,True,investment,False
Taiwan,Cyber Security,2025,1.0,1,False,investment,False
Taiwan,Data and analytics,2015,12.0,23,True,investment,False
Taiwan,Data and analytics,2016,3.0,14,True,investment,False
Taiwan,Data and analytics,2017,9.0,12,True,investment,False
Taiwan,Data and analytics,2018,23.0,26,True,investment,False
Taiwan,Data and analytics,2019,22.0,184,True,investment,False
Taiwan,Data and analytics,2020,42.0,100,True,investment,False
Taiwan,Data and analytics,2021,68.0,176,True,investment,False
Taiwan,Data and analytics,2022,29.0,131,True,investment,False
Taiwan,Data and analytics,2023,34.0,85,True,investment,False
Taiwan,Data and analytics,2024,85.0,118,True,investment,False
Taiwan,Data and analytics,2025,39.0,43,False,investment,False
Taiwan,Education,2016,,1,True,investment,False
Taiwan,Education,2018,,1,True,investment,False
Taiwan,Education,2019,1.0,9,True,investment,False
Taiwan,Education,2020,,6,True,investment,False
Taiwan,Education,2021,,7,True,investment,False
Taiwan,Education,2022,2.0,8,True,investment,False
Taiwan,Education,2023,6.0,6,True,investment,False
Taiwan,Education,2025,0.0,0,False,investment,False
Taiwan,Energy and natural resources,2021,6.0,6,True,investment,False
Taiwan,Energy and natural resources,2022,,8,True,investment,False
Taiwan,Energy and natural resources,2023,3.0,3,True,investment,False
Taiwan,Energy and natural resources,2024,4.0,4,True,investment,False
Taiwan,Facial Recognition,2016,,8,True,investment,False
Taiwan,Facial Recognition,2018,,1,True,investment,False
Taiwan,Facial Recognition,2020,,2,True,investment,False
Taiwan,Finance,2016,1.0,1,True,investment,False
Taiwan,Finance,2017,,1,True,investment,False
Taiwan,Finance,2019,5.0,41,True,investment,False
Taiwan,Finance,2020,1.0,1,True,investment,False
Taiwan,Finance,2021,0.0,31,True,investment,False
Taiwan,Finance,2022,4.0,12,True,investment,False
Taiwan,Finance,2023,6.0,11,True,investment,False
Taiwan,Finance,2024,10.0,10,True,investment,False
Taiwan,Finance,2025,,3,False,investment,False
Taiwan,Gaming,2018,,1,True,investment,False
Taiwan,Gaming,2019,0.0,9,True,investment,False
Taiwan,Gaming,2024,,7,True,investment,False
Taiwan,General purpose,2015,12.0,23,True,investment,False
Taiwan,General purpose,2016,3.0,6,True,investment,False
Taiwan,General purpose,2017,9.0,12,True,investment,False
Taiwan,General purpose,2018,23.0,25,True,investment,False
Taiwan,General purpose,2019,22.0,190,True,investment,False
Taiwan,General purpose,2020,42.0,98,True,investment,False
Taiwan,General purpose,2021,68.0,176,True,investment,False
Taiwan,General purpose,2022,29.0,130,True,investment,False
Taiwan,General purpose,2023,34.0,85,True,investment,False
Taiwan,General purpose,2024,85.0,120,True,investment,False
Taiwan,General purpose,2025,52.0,55,False,investment,False
Taiwan,Hardware,2015,0.0,0,True,investment,False
Taiwan,Hardware,2016,8.0,10,True,investment,False
Taiwan,Hardware,2017,2.0,2,True,investment,False
Taiwan,Hardware,2018,19.0,19,True,investment,False
Taiwan,Hardware,2019,5.0,31,True,investment,False
Taiwan,Hardware,2020,20.0,35,True,investment,False
Taiwan,Hardware,2021,53.0,76,True,investment,False
Taiwan,Hardware,2022,16.0,45,True,investment,False
Taiwan,Hardware,2023,20.0,43,True,investment,False
Taiwan,Hardware,2024,29.0,29,True,investment,False
Taiwan,Hardware,2025,18.0,18,False,investment,False
Taiwan,Healthcare and Life Sciences,2017,2.0,3,True,investment,False
Taiwan,Healthcare and Life Sciences,2018,19.0,20,True,investment,False
Taiwan,Healthcare and Life Sciences,2019,5.0,38,True,investment,False
Taiwan,Healthcare and Life Sciences,2020,25.0,64,True,investment,False
Taiwan,Healthcare and Life Sciences,2021,22.0,54,True,investment,False
Taiwan,Healthcare and Life Sciences,2022,14.0,39,True,investment,False
Taiwan,Healthcare and Life Sciences,2023,21.0,48,True,investment,False
Taiwan,Healthcare and Life Sciences,2024,17.0,32,True,investment,False
Taiwan,Healthcare and Life Sciences,2025,4.0,4,False,investment,False
Taiwan,Information Technology,2015,,7,True,investment,False
Taiwan,Information Technology,2016,2.0,12,True,investment,False
Taiwan,Information Technology,2017,7.0,7,True,investment,False
Taiwan,Information Technology,2018,3.0,5,True,investment,False
Taiwan,Information Technology,2019,12.0,87,True,investment,False
Taiwan,Information Technology,2020,10.0,43,True,investment,False
Taiwan,Information Technology,2021,24.0,73,True,investment,False
Taiwan,Information Technology,2022,19.0,50,True,investment,False
Taiwan,Information Technology,2023,4.0,25,True,investment,False
Taiwan,Information Technology,2024,39.0,66,True,investment,False
Taiwan,Information Technology,2025,14.0,17,False,investment,False
Taiwan,Lending and Investments,2016,0.0,0,True,investment,False
Taiwan,Lending and Investments,2019,,10,True,investment,False
Taiwan,Lending and Investments,2021,,4,True,investment,False
Taiwan,Manufacturing,2017,,1,True,investment,False
Taiwan,Manufacturing,2019,,4,True,investment,False
Taiwan,Manufacturing,2021,,1,True,investment,False
Taiwan,Manufacturing,2022,,4,True,investment,False
Taiwan,Manufacturing,2023,2.0,2,True,investment,False
Taiwan,Manufacturing,2024,0.0,0,True,investment,False
Taiwan,Manufacturing,2025,15.0,15,False,investment,False
Taiwan,Media and Entertainment,2016,2.0,10,True,investment,False
Taiwan,Media and Entertainment,2017,0.0,0,True,investment,False
Taiwan,Media and Entertainment,2018,2.0,3,True,investment,False
Taiwan,Media and Entertainment,2019,0.0,32,True,investment,False
Taiwan,Media and Entertainment,2020,1.0,9,True,investment,False
Taiwan,Media and Entertainment,2021,2.0,14,True,investment,False
Taiwan,Media and Entertainment,2022,1.0,4,True,investment,False
Taiwan,Media and Entertainment,2023,0.0,0,True,investment,False
Taiwan,Media and Entertainment,2024,,7,True,investment,False
Taiwan,"Mobile, platforms & Internet services",2015,2.0,9,True,investment,False
Taiwan,"Mobile, platforms & Internet services",2016,4.0,5,True,investment,False
Taiwan,"Mobile, platforms & Internet services",2017,2.0,2,True,investment,False
Taiwan,"Mobile, platforms & Internet services",2018,2.0,3,True,investment,False
Taiwan,"Mobile, platforms & Internet services",2019,14.0,79,True,investment,False
Taiwan,"Mobile, platforms & Internet services",2020,6.0,9,True,investment,False
Taiwan,"Mobile, platforms & Internet services",2021,42.0,54,True,investment,False
Taiwan,"Mobile, platforms & Internet services",2022,7.0,26,True,investment,False
Taiwan,"Mobile, platforms & Internet services",2023,11.0,34,True,investment,False
Taiwan,"Mobile, platforms & Internet services",2024,24.0,38,True,investment,False
Taiwan,"Mobile, platforms & Internet services",2025,0.0,7,False,investment,False
Taiwan,NLP,2016,,1,True,investment,False
Taiwan,NLP,2017,2.0,2,True,investment,False
Taiwan,NLP,2018,18.0,18,True,investment,False
Taiwan,NLP,2020,21.0,28,True,investment,False
Taiwan,NLP,2021,35.0,39,True,investment,False
Taiwan,NLP,2022,13.0,13,True,investment,False
Taiwan,NLP,2023,6.0,6,True,investment,False
Taiwan,NLP,2024,1.0,1,True,investment,False
Taiwan,NLP,2025,,0,False,investment,False
Taiwan,Other,2017,2.0,3,True,investment,False
Taiwan,Other,2018,18.0,18,True,investment,False
Taiwan,Other,2019,,20,True,investment,False
Taiwan,Other,2020,21.0,27,True,investment,False
Taiwan,Other,2021,16.0,32,True,investment,False
Taiwan,Other,2022,15.0,33,True,investment,False
Taiwan,Other,2023,7.0,15,True,investment,False
Taiwan,Other,2025,,0,False,investment,False
Taiwan,Privacy and Security,2016,2.0,10,True,investment,False
Taiwan,Privacy and Security,2018,3.0,3,True,investment,False
Taiwan,Privacy and Security,2019,3.0,9,True,investment,False
Taiwan,Privacy and Security,2020,,2,True,investment,False
Taiwan,Privacy and Security,2022,,2,True,investment,False
Taiwan,Privacy and Security,2023,,10,True,investment,False
Taiwan,Privacy and Security,2024,20.0,20,True,investment,False
Taiwan,Privacy and Security,2025,1.0,1,False,investment,False
Taiwan,Professional services,2016,,8,True,investment,False
Taiwan,Professional services,2018,,1,True,investment,False
Taiwan,Professional services,2019,5.0,22,True,investment,False
Taiwan,Professional services,2020,,2,True,investment,False
Taiwan,Professional services,2021,,30,True,investment,False
Taiwan,Professional services,2022,0.0,7,True,investment,False
Taiwan,Professional services,2023,1.0,1,True,investment,False
Taiwan,Professional services,2024,11.0,11,True,investment,False
Taiwan,Professional services,2025,0.0,0,False,investment,False
Taiwan,Robotics,2021,,0,True,investment,False
Taiwan,Robotics,2022,,8,True,investment,False
Taiwan,Robotics,2023,6.0,6,True,investment,False
Taiwan,Robotics,2024,3.0,3,True,investment,False
Taiwan,"Sales, retail, commerce, marketing",2015,2.0,3,True,investment,False
Taiwan,"Sales, retail, commerce, marketing",2016,3.0,3,True,investment,False
Taiwan,"Sales, retail, commerce, marketing",2017,0.0,0,True,investment,False
Taiwan,"Sales, retail, commerce, marketing",2018,2.0,2,True,investment,False
Taiwan,"Sales, retail, commerce, marketing",2019,12.0,67,True,investment,False
Taiwan,"Sales, retail, commerce, marketing",2020,6.0,20,True,investment,False
Taiwan,"Sales, retail, commerce, marketing",2021,4.0,25,True,investment,False
Taiwan,"Sales, retail, commerce, marketing",2022,6.0,16,True,investment,False
Taiwan,"Sales, retail, commerce, marketing",2023,2.0,4,True,investment,False
Taiwan,"Sales, retail, commerce, marketing",2024,15.0,19,True,investment,False
Taiwan,"Sales, retail, commerce, marketing",2025,1.0,1,False,investment,False
Taiwan,Semiconductor,2017,2.0,2,True,investment,False
Taiwan,Semiconductor,2018,18.0,18,True,investment,False
Taiwan,Semiconductor,2020,20.0,26,True,investment,False
Taiwan,Semiconductor,2021,16.0,20,True,investment,False
Taiwan,Semiconductor,2022,15.0,21,True,investment,False
Taiwan,Semiconductor,2023,12.0,14,True,investment,False
Taiwan,Semiconductor,2024,2.0,2,True,investment,False
Taiwan,Semiconductor,2025,3.0,3,False,investment,False
Taiwan,Software,2015,12.0,23,True,investment,False
Taiwan,Software,2016,8.0,20,True,investment,False
Taiwan,Software,2017,10.0,13,True,investment,False
Taiwan,Software,2018,25.0,27,True,investment,False
Taiwan,Software,2019,25.0,209,True,investment,False
Taiwan,Software,2020,43.0,100,True,investment,False
Taiwan,Software,2021,72.0,180,True,investment,False
Taiwan,Software,2022,30.0,132,True,investment,False
Taiwan,Software,2023,35.0,86,True,investment,False
Taiwan,Software,2024,85.0,118,True,investment,False
Taiwan,Software,2025,52.0,58,False,investment,False
Taiwan,Speech Recognition,2021,0.0,0,True,investment,False
Taiwan,Sports,2019,1.0,1,True,investment,False
Taiwan,Telecommunications,2018,,0,True,investment,False
Taiwan,Telecommunications,2019,0.0,7,True,investment,False
Taiwan,Telecommunications,2021,0.0,0,True,investment,False
Taiwan,Telecommunications,2023,0.0,7,True,investment,False
Taiwan,Telecommunications,2024,,7,True,investment,False
Taiwan,Transportation,2019,5.0,5,True,investment,False
Taiwan,Transportation,2022,,8,True,investment,False
Taiwan,Transportation,2023,2.0,6,True,investment,False
Taiwan,Transportation,2024,15.0,15,True,investment,False
Taiwan,Transportation,2025,13.0,13,False,investment,False
Tajikistan,All,2022,1.0,1,True,investment,False
Tajikistan,All,2023,1.0,1,True,investment,False
Tajikistan,All,2024,1.0,2,True,investment,False
Tajikistan,Data and analytics,2022,0.0,0,True,investment,False
Tajikistan,Data and analytics,2023,0.0,0,True,investment,False
Tajikistan,Data and analytics,2024,1.0,2,True,investment,False
Tajikistan,General purpose,2022,0.0,0,True,investment,False
Tajikistan,General purpose,2023,0.0,0,True,investment,False
Tajikistan,General purpose,2024,1.0,2,True,investment,False
Tajikistan,Software,2022,0.0,0,True,investment,False
Tajikistan,Software,2023,0.0,0,True,investment,False
Tajikistan,Software,2024,1.0,2,True,investment,False
Tanzania,All,2017,0.0,0,True,investment,False
Tanzania,All,2023,0.0,0,True,investment,False
Tanzania,All,2024,,0,True,investment,False
Tanzania,All,2025,0.0,0,False,investment,False
Tanzania,Data and analytics,2017,0.0,0,True,investment,False
Tanzania,Education,2017,0.0,0,True,investment,False
Tanzania,General purpose,2017,0.0,0,True,investment,False
Tanzania,Healthcare and Life Sciences,2023,0.0,0,True,investment,False
Tanzania,Healthcare and Life Sciences,2024,,0,True,investment,False
Tanzania,Healthcare and Life Sciences,2025,0.0,0,False,investment,False
Tanzania,"Mobile, platforms & Internet services",2017,0.0,0,True,investment,False
Tanzania,"Sales, retail, commerce, marketing",2023,0.0,0,True,investment,False
Tanzania,"Sales, retail, commerce, marketing",2024,,0,True,investment,False
Tanzania,"Sales, retail, commerce, marketing",2025,0.0,0,False,investment,False
Tanzania,Software,2017,0.0,0,True,investment,False
Thailand,Agriculture,2019,0.0,0,True,investment,False
Thailand,Agriculture,2020,1.0,1,True,investment,False
Thailand,Agriculture,2022,,3,True,investment,False
Thailand,All,2015,0.0,1,True,investment,False
Thailand,All,2016,1.0,1,True,investment,False
Thailand,All,2017,3.0,3,True,investment,False
Thailand,All,2018,1.0,10,True,investment,False
Thailand,All,2019,4.0,6,True,investment,False
Thailand,All,2020,11.0,14,True,investment,False
Thailand,All,2021,17.0,23,True,investment,False
Thailand,All,2022,25.0,38,True,investment,False
Thailand,All,2023,22.0,56,True,investment,False
Thailand,All,2024,42.0,44,True,investment,False
Thailand,All,2025,2.0,2,False,investment,False
Thailand,Biotechnology,2020,0.0,0,True,investment,False
Thailand,Biotechnology,2021,1.0,1,True,investment,False
Thailand,Biotechnology,2023,2.0,2,True,investment,False
Thailand,Computer Vision,2018,0.0,0,True,investment,False
Thailand,Computer Vision,2019,0.0,0,True,investment,False
Thailand,Computer Vision,2022,0.0,0,True,investment,False
Thailand,Computer Vision,2024,0.0,0,True,investment,False
Thailand,Data and analytics,2015,0.0,0,True,investment,False
Thailand,Data and analytics,2016,0.0,0,True,investment,False
Thailand,Data and analytics,2018,0.0,1,True,investment,False
Thailand,Data and analytics,2019,3.0,5,True,investment,False
Thailand,Data and analytics,2020,1.0,3,True,investment,False
Thailand,Data and analytics,2021,5.0,10,True,investment,False
Thailand,Data and analytics,2022,3.0,13,True,investment,False
Thailand,Data and analytics,2023,7.0,10,True,investment,False
Thailand,Data and analytics,2024,42.0,43,True,investment,False
Thailand,Data and analytics,2025,0.0,0,False,investment,False
Thailand,Education,2022,,0,True,investment,False
Thailand,Education,2023,,7,True,investment,False
Thailand,Energy and natural resources,2018,0.0,0,True,investment,False
Thailand,Finance,2015,0.0,0,True,investment,False
Thailand,Finance,2016,0.0,0,True,investment,False
Thailand,Finance,2017,1.0,1,True,investment,False
Thailand,Finance,2018,1.0,1,True,investment,False
Thailand,Finance,2019,0.0,0,True,investment,False
Thailand,Finance,2020,2.0,2,True,investment,False
Thailand,Finance,2021,4.0,5,True,investment,False
Thailand,Finance,2022,5.0,5,True,investment,False
Thailand,Finance,2023,2.0,2,True,investment,False
Thailand,Finance,2024,,1,True,investment,False
Thailand,General purpose,2015,0.0,0,True,investment,False
Thailand,General purpose,2016,0.0,0,True,investment,False
Thailand,General purpose,2018,0.0,1,True,investment,False
Thailand,General purpose,2019,3.0,5,True,investment,False
Thailand,General purpose,2020,1.0,3,True,investment,False
Thailand,General purpose,2021,5.0,10,True,investment,False
Thailand,General purpose,2022,3.0,13,True,investment,False
Thailand,General purpose,2023,7.0,10,True,investment,False
Thailand,General purpose,2024,42.0,43,True,investment,False
Thailand,General purpose,2025,0.0,0,False,investment,False
Thailand,Hardware,2018,0.0,0,True,investment,False
Thailand,Hardware,2019,0.0,0,True,investment,False
Thailand,Hardware,2021,,1,True,investment,False
Thailand,Hardware,2022,0.0,0,True,investment,False
Thailand,Hardware,2024,0.0,0,True,investment,False
Thailand,Healthcare and Life Sciences,2019,3.0,3,True,investment,False
Thailand,Healthcare and Life Sciences,2021,4.0,4,True,investment,False
Thailand,Healthcare and Life Sciences,2025,0.0,0,False,investment,False
Thailand,Information Technology,2015,0.0,0,True,investment,False
Thailand,Information Technology,2016,0.0,0,True,investment,False
Thailand,Information Technology,2018,0.0,1,True,investment,False
Thailand,Information Technology,2020,1.0,2,True,investment,False
Thailand,Information Technology,2021,,1,True,investment,False
Thailand,Information Technology,2022,0.0,3,True,investment,False
Thailand,Information Technology,2023,,17,True,investment,False
Thailand,Information Technology,2024,42.0,44,True,investment,False
Thailand,Lending and Investments,2016,0.0,0,True,investment,False
Thailand,Manufacturing,2018,0.0,0,True,investment,False
Thailand,Manufacturing,2019,3.0,3,True,investment,False
Thailand,Manufacturing,2021,4.0,4,True,investment,False
Thailand,Manufacturing,2023,,14,True,investment,False
Thailand,Manufacturing,2024,,1,True,investment,False
Thailand,Media and Entertainment,2015,,0,True,investment,False
Thailand,Media and Entertainment,2018,,8,True,investment,False
Thailand,"Mobile, platforms & Internet services",2015,0.0,0,True,investment,False
Thailand,"Mobile, platforms & Internet services",2016,0.0,0,True,investment,False
Thailand,"Mobile, platforms & Internet services",2020,0.0,1,True,investment,False
Thailand,"Mobile, platforms & Internet services",2022,,0,True,investment,False
Thailand,"Mobile, platforms & Internet services",2024,,1,True,investment,False
Thailand,NLP,2021,,1,True,investment,False
Thailand,Other,2020,1.0,1,True,investment,False
Thailand,Other,2022,,3,True,investment,False
Thailand,Privacy and Security,2018,1.0,1,True,investment,False
Thailand,Privacy and Security,2019,0.0,0,True,investment,False
Thailand,Professional services,2016,0.0,0,True,investment,False
Thailand,Professional services,2023,,3,True,investment,False
Thailand,Real estate,2024,,0,True,investment,False
Thailand,Real estate,2025,0.0,0,False,investment,False
Thailand,Robotics,2021,,1,True,investment,False
Thailand,"Sales, retail, commerce, marketing",2015,,0,True,investment,False
Thailand,"Sales, retail, commerce, marketing",2018,,8,True,investment,False
Thailand,"Sales, retail, commerce, marketing",2021,,1,True,investment,False
Thailand,"Sales, retail, commerce, marketing",2022,,8,True,investment,False
Thailand,"Sales, retail, commerce, marketing",2025,0.0,0,False,investment,False
Thailand,Software,2015,0.0,0,True,investment,False
Thailand,Software,2016,0.0,0,True,investment,False
Thailand,Software,2018,1.0,2,True,investment,False
Thailand,Software,2019,3.0,5,True,investment,False
Thailand,Software,2020,1.0,3,True,investment,False
Thailand,Software,2021,5.0,11,True,investment,False
Thailand,Software,2022,3.0,13,True,investment,False
Thailand,Software,2023,7.0,24,True,investment,False
Thailand,Software,2024,42.0,44,True,investment,False
Thailand,Software,2025,0.0,0,False,investment,False
Thailand,Speech Recognition,2018,0.0,0,True,investment,False
Thailand,Speech Recognition,2022,0.0,0,True,investment,False
Thailand,Speech Recognition,2024,0.0,0,True,investment,False
Trinidad and Tobago,All,2018,,0,True,investment,False
Trinidad and Tobago,Consumer goods,2018,,0,True,investment,False
Trinidad and Tobago,Data and analytics,2018,,0,True,investment,False
Trinidad and Tobago,General purpose,2018,,0,True,investment,False
Trinidad and Tobago,Hardware,2018,,0,True,investment,False
Trinidad and Tobago,Software,2018,,0,True,investment,False
Tunisia,Agriculture,2019,0.0,0,True,investment,False
Tunisia,Agriculture,2021,0.0,0,True,investment,False
Tunisia,Agriculture,2022,0.0,0,True,investment,False
Tunisia,All,2018,1.0,1,True,investment,False
Tunisia,All,2019,0.0,0,True,investment,False
Tunisia,All,2020,0.0,1,True,investment,False
Tunisia,All,2021,0.0,0,True,investment,False
Tunisia,All,2022,2.0,2,True,investment,False
Tunisia,All,2023,2.0,2,True,investment,False
Tunisia,All,2024,5.0,5,True,investment,False
Tunisia,All,2025,1.0,1,False,investment,False
Tunisia,Community and Lifestyle,2019,0.0,0,True,investment,False
Tunisia,Community and Lifestyle,2021,0.0,0,True,investment,False
Tunisia,Community and Lifestyle,2022,0.0,0,True,investment,False
Tunisia,Community and Lifestyle,2023,0.0,0,True,investment,False
Tunisia,Community and Lifestyle,2024,0.0,0,True,investment,False
Tunisia,Computer Vision,2019,,0,True,investment,False
Tunisia,Data and analytics,2019,0.0,0,True,investment,False
Tunisia,Data and analytics,2020,,1,True,investment,False
Tunisia,Data and analytics,2021,0.0,0,True,investment,False
Tunisia,Data and analytics,2022,2.0,2,True,investment,False
Tunisia,Data and analytics,2023,0.0,0,True,investment,False
Tunisia,Data and analytics,2024,2.0,2,True,investment,False
Tunisia,Data and analytics,2025,0.0,0,False,investment,False
Tunisia,Education,2020,0.0,0,True,investment,False
Tunisia,Education,2021,0.0,0,True,investment,False
Tunisia,Education,2022,0.0,0,True,investment,False
Tunisia,Energy and natural resources,2019,0.0,0,True,investment,False
Tunisia,Energy and natural resources,2021,0.0,0,True,investment,False
Tunisia,Energy and natural resources,2022,0.0,0,True,investment,False
Tunisia,Finance,2019,0.0,0,True,investment,False
Tunisia,Finance,2020,,0,True,investment,False
Tunisia,Finance,2021,0.0,0,True,investment,False
Tunisia,Finance,2022,0.0,0,True,investment,False
Tunisia,Finance,2023,,0,True,investment,False
Tunisia,General purpose,2019,0.0,0,True,investment,False
Tunisia,General purpose,2020,,1,True,investment,False
Tunisia,General purpose,2021,0.0,0,True,investment,False
Tunisia,General purpose,2022,2.0,2,True,investment,False
Tunisia,General purpose,2023,0.0,0,True,investment,False
Tunisia,General purpose,2024,2.0,2,True,investment,False
Tunisia,General purpose,2025,0.0,0,False,investment,False
Tunisia,Healthcare and Life Sciences,2020,0.0,1,True,investment,False
Tunisia,Healthcare and Life Sciences,2021,0.0,0,True,investment,False
Tunisia,Healthcare and Life Sciences,2022,0.0,0,True,investment,False
Tunisia,Healthcare and Life Sciences,2023,0.0,0,True,investment,False
Tunisia,Healthcare and Life Sciences,2024,0.0,0,True,investment,False
Tunisia,Information Technology,2018,1.0,1,True,investment,False
Tunisia,Information Technology,2019,0.0,0,True,investment,False
Tunisia,Information Technology,2022,1.0,1,True,investment,False
Tunisia,Information Technology,2023,2.0,2,True,investment,False
Tunisia,Information Technology,2024,2.0,2,True,investment,False
Tunisia,Manufacturing,2020,,0,True,investment,False
Tunisia,"Mobile, platforms & Internet services",2018,1.0,1,True,investment,False
Tunisia,"Mobile, platforms & Internet services",2023,2.0,2,True,investment,False
Tunisia,NLP,2023,0.0,0,True,investment,False
Tunisia,Navigation and mapping,2024,0.0,0,True,investment,False
Tunisia,Other,2022,0.0,0,True,investment,False
Tunisia,Privacy and Security,2020,,0,True,investment,False
Tunisia,Privacy and Security,2021,0.0,0,True,investment,False
Tunisia,Privacy and Security,2023,,0,True,investment,False
Tunisia,Professional services,2019,,0,True,investment,False
Tunisia,Professional services,2022,0.0,0,True,investment,False
Tunisia,Professional services,2025,0.0,0,False,investment,False
Tunisia,"Sales, retail, commerce, marketing",2019,,0,True,investment,False
Tunisia,"Sales, retail, commerce, marketing",2022,1.0,1,True,investment,False
Tunisia,"Sales, retail, commerce, marketing",2024,2.0,2,True,investment,False
Tunisia,Software,2019,0.0,0,True,investment,False
Tunisia,Software,2020,0.0,1,True,investment,False
Tunisia,Software,2021,0.0,0,True,investment,False
Tunisia,Software,2022,2.0,2,True,investment,False
Tunisia,Software,2023,0.0,0,True,investment,False
Tunisia,Software,2024,2.0,2,True,investment,False
Tunisia,Software,2025,0.0,0,False,investment,False
Tunisia,Sports,2022,,0,True,investment,False
Tunisia,Transportation,2022,,0,True,investment,False
Tunisia,Transportation,2024,0.0,0,True,investment,False
Turkey,Agriculture,2018,,0,True,investment,False
Turkey,Agriculture,2019,0.0,0,True,investment,False
Turkey,Agriculture,2021,2.0,3,True,investment,False
Turkey,Agriculture,2022,0.0,1,True,investment,False
Turkey,Agriculture,2023,1.0,2,True,investment,False
Turkey,Agriculture,2024,1.0,2,True,investment,False
Turkey,Agriculture,2025,3.0,3,False,investment,False
Turkey,All,2015,100.0,100,True,investment,False
Turkey,All,2016,104.0,105,True,investment,False
Turkey,All,2017,179.0,179,True,investment,False
Turkey,All,2018,507.0,509,True,investment,False
Turkey,All,2019,10.0,12,True,investment,False
Turkey,All,2020,8.0,14,True,investment,False
Turkey,All,2021,31.0,99,True,investment,False
Turkey,All,2022,52.0,62,True,investment,False
Turkey,All,2023,49.0,58,True,investment,False
Turkey,All,2024,91.0,107,True,investment,False
Turkey,All,2025,58.0,90,False,investment,False
Turkey,Biotechnology,2016,,1,True,investment,False
Turkey,Biotechnology,2017,0.0,0,True,investment,False
Turkey,Biotechnology,2018,0.0,0,True,investment,False
Turkey,Biotechnology,2019,1.0,1,True,investment,False
Turkey,Biotechnology,2020,0.0,0,True,investment,False
Turkey,Biotechnology,2022,12.0,12,True,investment,False
Turkey,Biotechnology,2024,0.0,0,True,investment,False
Turkey,Biotechnology,2025,2.0,2,False,investment,False
Turkey,Community and Lifestyle,2017,0.0,0,True,investment,False
Turkey,Community and Lifestyle,2019,,0,True,investment,False
Turkey,Community and Lifestyle,2020,0.0,0,True,investment,False
Turkey,Community and Lifestyle,2021,2.0,2,True,investment,False
Turkey,Community and Lifestyle,2022,1.0,1,True,investment,False
Turkey,Community and Lifestyle,2023,1.0,1,True,investment,False
Turkey,Community and Lifestyle,2024,0.0,0,True,investment,False
Turkey,Community and Lifestyle,2025,,4,False,investment,False
Turkey,Computer Vision,2015,0.0,0,True,investment,False
Turkey,Computer Vision,2016,0.0,0,True,investment,False
Turkey,Computer Vision,2017,1.0,1,True,investment,False
Turkey,Computer Vision,2018,1.0,1,True,investment,False
Turkey,Computer Vision,2019,0.0,0,True,investment,False
Turkey,Computer Vision,2020,1.0,1,True,investment,False
Turkey,Computer Vision,2021,2.0,2,True,investment,False
Turkey,Computer Vision,2022,1.0,1,True,investment,False
Turkey,Computer Vision,2023,3.0,4,True,investment,False
Turkey,Computer Vision,2024,1.0,1,True,investment,False
Turkey,Computer Vision,2025,1.0,2,False,investment,False
Turkey,Consumer goods,2017,0.0,0,True,investment,False
Turkey,Consumer goods,2018,0.0,0,True,investment,False
Turkey,Consumer goods,2019,0.0,0,True,investment,False
Turkey,Consumer goods,2020,0.0,0,True,investment,False
Turkey,Consumer goods,2021,2.0,3,True,investment,False
Turkey,Consumer goods,2022,11.0,11,True,investment,False
Turkey,Consumer goods,2023,1.0,2,True,investment,False
Turkey,Consumer goods,2024,0.0,0,True,investment,False
Turkey,Consumer goods,2025,1.0,1,False,investment,False
Turkey,Cyber Security,2019,,0,True,investment,False
Turkey,Cyber Security,2020,0.0,0,True,investment,False
Turkey,Cyber Security,2021,0.0,0,True,investment,False
Turkey,Cyber Security,2023,,0,True,investment,False
Turkey,Cyber Security,2024,15.0,15,True,investment,False
Turkey,Cyber Security,2025,1.0,1,False,investment,False
Turkey,Data and analytics,2015,0.0,0,True,investment,False
Turkey,Data and analytics,2016,1.0,1,True,investment,False
Turkey,Data and analytics,2017,2.0,2,True,investment,False
Turkey,Data and analytics,2018,4.0,5,True,investment,False
Turkey,Data and analytics,2019,2.0,3,True,investment,False
Turkey,Data and analytics,2020,3.0,5,True,investment,False
Turkey,Data and analytics,2021,16.0,82,True,investment,False
Turkey,Data and analytics,2022,8.0,17,True,investment,False
Turkey,Data and analytics,2023,30.0,36,True,investment,False
Turkey,Data and analytics,2024,79.0,94,True,investment,False
Turkey,Data and analytics,2025,16.0,32,False,investment,False
Turkey,Education,2016,0.0,0,True,investment,False
Turkey,Education,2017,0.0,0,True,investment,False
Turkey,Education,2019,0.0,0,True,investment,False
Turkey,Education,2020,0.0,0,True,investment,False
Turkey,Education,2021,2.0,2,True,investment,False
Turkey,Education,2022,,0,True,investment,False
Turkey,Education,2023,0.0,0,True,investment,False
Turkey,Education,2024,1.0,1,True,investment,False
Turkey,Education,2025,1.0,1,False,investment,False
Turkey,Energy and natural resources,2015,0.0,0,True,investment,False
Turkey,Energy and natural resources,2017,0.0,0,True,investment,False
Turkey,Energy and natural resources,2018,0.0,0,True,investment,False
Turkey,Energy and natural resources,2019,0.0,0,True,investment,False
Turkey,Energy and natural resources,2020,1.0,1,True,investment,False
Turkey,Energy and natural resources,2021,1.0,1,True,investment,False
Turkey,Energy and natural resources,2022,1.0,1,True,investment,False
Turkey,Energy and natural resources,2023,13.0,13,True,investment,False
Turkey,Energy and natural resources,2024,1.0,1,True,investment,False
Turkey,Energy and natural resources,2025,,0,False,investment,False
Turkey,Finance,2016,3.0,3,True,investment,False
Turkey,Finance,2017,0.0,0,True,investment,False
Turkey,Finance,2018,0.0,0,True,investment,False
Turkey,Finance,2019,0.0,1,True,investment,False
Turkey,Finance,2020,0.0,1,True,investment,False
Turkey,Finance,2021,7.0,7,True,investment,False
Turkey,Finance,2022,10.0,10,True,investment,False
Turkey,Finance,2023,1.0,2,True,investment,False
Turkey,Finance,2024,5.0,6,True,investment,False
Turkey,Finance,2025,5.0,6,False,investment,False
Turkey,Gaming,2023,1.0,1,True,investment,False
Turkey,Gaming,2024,0.0,2,True,investment,False
Turkey,Gaming,2025,2.0,2,False,investment,False
Turkey,General purpose,2015,0.0,0,True,investment,False
Turkey,General purpose,2016,0.0,1,True,investment,False
Turkey,General purpose,2017,1.0,1,True,investment,False
Turkey,General purpose,2018,4.0,5,True,investment,False
Turkey,General purpose,2019,3.0,3,True,investment,False
Turkey,General purpose,2020,3.0,5,True,investment,False
Turkey,General purpose,2021,18.0,84,True,investment,False
Turkey,General purpose,2022,31.0,40,True,investment,False
Turkey,General purpose,2023,28.0,33,True,investment,False
Turkey,General purpose,2024,79.0,94,True,investment,False
Turkey,General purpose,2025,14.0,29,False,investment,False
Turkey,Hardware,2015,0.0,0,True,investment,False
Turkey,Hardware,2016,1.0,2,True,investment,False
Turkey,Hardware,2017,1.0,1,True,investment,False
Turkey,Hardware,2018,1.0,1,True,investment,False
Turkey,Hardware,2019,2.0,2,True,investment,False
Turkey,Hardware,2020,1.0,2,True,investment,False
Turkey,Hardware,2021,7.0,17,True,investment,False
Turkey,Hardware,2022,26.0,28,True,investment,False
Turkey,Hardware,2023,9.0,10,True,investment,False
Turkey,Hardware,2024,55.0,56,True,investment,False
Turkey,Hardware,2025,5.0,7,False,investment,False
Turkey,Healthcare and Life Sciences,2017,0.0,0,True,investment,False
Turkey,Healthcare and Life Sciences,2018,0.0,0,True,investment,False
Turkey,Healthcare and Life Sciences,2020,0.0,1,True,investment,False
Turkey,Healthcare and Life Sciences,2021,1.0,2,True,investment,False
Turkey,Healthcare and Life Sciences,2022,1.0,1,True,investment,False
Turkey,Healthcare and Life Sciences,2023,2.0,3,True,investment,False
Turkey,Healthcare and Life Sciences,2024,0.0,2,True,investment,False
Turkey,Healthcare and Life Sciences,2025,2.0,6,False,investment,False
Turkey,Information Technology,2015,0.0,0,True,investment,False
Turkey,Information Technology,2016,,1,True,investment,False
Turkey,Information Technology,2017,0.0,0,True,investment,False
Turkey,Information Technology,2018,2.0,3,True,investment,False
Turkey,Information Technology,2019,2.0,2,True,investment,False
Turkey,Information Technology,2020,0.0,1,True,investment,False
Turkey,Information Technology,2021,4.0,11,True,investment,False
Turkey,Information Technology,2022,27.0,29,True,investment,False
Turkey,Information Technology,2023,17.0,18,True,investment,False
Turkey,Information Technology,2024,71.0,74,True,investment,False
Turkey,Information Technology,2025,6.0,7,False,investment,False
Turkey,Lending and Investments,2016,2.0,2,True,investment,False
Turkey,Lending and Investments,2020,,0,True,investment,False
Turkey,Lending and Investments,2021,0.0,0,True,investment,False
Turkey,Lending and Investments,2023,,0,True,investment,False
Turkey,Lending and Investments,2025,0.0,0,False,investment,False
Turkey,Manufacturing,2020,0.0,1,True,investment,False
Turkey,Manufacturing,2021,0.0,0,True,investment,False
Turkey,Manufacturing,2022,1.0,1,True,investment,False
Turkey,Manufacturing,2023,4.0,5,True,investment,False
Turkey,Manufacturing,2024,1.0,1,True,investment,False
Turkey,Manufacturing,2025,2.0,2,False,investment,False
Turkey,Media and Entertainment,2018,0.0,0,True,investment,False
Turkey,Media and Entertainment,2019,0.0,0,True,investment,False
Turkey,Media and Entertainment,2020,0.0,0,True,investment,False
Turkey,Media and Entertainment,2021,0.0,0,True,investment,False
Turkey,Media and Entertainment,2022,0.0,0,True,investment,False
Turkey,Media and Entertainment,2023,1.0,2,True,investment,False
Turkey,Media and Entertainment,2024,0.0,1,True,investment,False
Turkey,Media and Entertainment,2025,1.0,6,False,investment,False
Turkey,"Military, public safety and government",2019,0.0,0,True,investment,False
Turkey,"Military, public safety and government",2022,0.0,0,True,investment,False
Turkey,"Military, public safety and government",2024,1.0,1,True,investment,False
Turkey,"Mobile, platforms & Internet services",2015,100.0,100,True,investment,False
Turkey,"Mobile, platforms & Internet services",2016,9.0,9,True,investment,False
Turkey,"Mobile, platforms & Internet services",2017,21.0,21,True,investment,False
Turkey,"Mobile, platforms & Internet services",2018,500.0,501,True,investment,False
Turkey,"Mobile, platforms & Internet services",2019,1.0,1,True,investment,False
Turkey,"Mobile, platforms & Internet services",2020,0.0,3,True,investment,False
Turkey,"Mobile, platforms & Internet services",2021,8.0,14,True,investment,False
Turkey,"Mobile, platforms & Internet services",2022,13.0,20,True,investment,False
Turkey,"Mobile, platforms & Internet services",2023,20.0,22,True,investment,False
Turkey,"Mobile, platforms & Internet services",2024,55.0,58,True,investment,False
Turkey,"Mobile, platforms & Internet services",2025,5.0,10,False,investment,False
Turkey,NLP,2020,0.0,0,True,investment,False
Turkey,NLP,2021,0.0,0,True,investment,False
Turkey,NLP,2022,0.0,0,True,investment,False
Turkey,NLP,2023,0.0,0,True,investment,False
Turkey,NLP,2025,0.0,0,False,investment,False
Turkey,Navigation and mapping,2022,1.0,1,True,investment,False
Turkey,Other,2017,0.0,0,True,investment,False
Turkey,Other,2018,0.0,0,True,investment,False
Turkey,Other,2019,0.0,1,True,investment,False
Turkey,Other,2020,0.0,2,True,investment,False
Turkey,Other,2021,1.0,2,True,investment,False
Turkey,Other,2022,11.0,12,True,investment,False
Turkey,Other,2023,1.0,1,True,investment,False
Turkey,Other,2024,1.0,1,True,investment,False
Turkey,Other,2025,,1,False,investment,False
Turkey,Privacy and Security,2018,2.0,2,True,investment,False
Turkey,Privacy and Security,2019,0.0,0,True,investment,False
Turkey,Privacy and Security,2020,0.0,0,True,investment,False
Turkey,Privacy and Security,2021,0.0,0,True,investment,False
Turkey,Privacy and Security,2022,2.0,2,True,investment,False
Turkey,Privacy and Security,2023,0.0,0,True,investment,False
Turkey,Privacy and Security,2024,56.0,57,True,investment,False
Turkey,Privacy and Security,2025,2.0,2,False,investment,False
Turkey,Professional services,2016,1.0,1,True,investment,False
Turkey,Professional services,2017,,0,True,investment,False
Turkey,Professional services,2018,0.0,0,True,investment,False
Turkey,Professional services,2019,0.0,0,True,investment,False
Turkey,Professional services,2020,0.0,0,True,investment,False
Turkey,Professional services,2021,1.0,7,True,investment,False
Turkey,Professional services,2022,10.0,10,True,investment,False
Turkey,Professional services,2023,3.0,4,True,investment,False
Turkey,Professional services,2024,0.0,3,True,investment,False
Turkey,Professional services,2025,0.0,2,False,investment,False
Turkey,Real estate,2017,0.0,0,True,investment,False
Turkey,Real estate,2018,0.0,0,True,investment,False
Turkey,Real estate,2020,0.0,0,True,investment,False
Turkey,Real estate,2022,0.0,0,True,investment,False
Turkey,Real estate,2023,0.0,0,True,investment,False
Turkey,Real estate,2024,0.0,0,True,investment,False
Turkey,Real estate,2025,,0,False,investment,False
Turkey,Robotics,2019,0.0,0,True,investment,False
Turkey,Robotics,2020,0.0,0,True,investment,False
Turkey,Robotics,2021,1.0,1,True,investment,False
Turkey,Robotics,2023,1.0,1,True,investment,False
Turkey,Robotics,2024,1.0,1,True,investment,False
Turkey,Robotics,2025,1.0,1,False,investment,False
Turkey,"Sales, retail, commerce, marketing",2015,100.0,100,True,investment,False
Turkey,"Sales, retail, commerce, marketing",2016,10.0,11,True,investment,False
Turkey,"Sales, retail, commerce, marketing",2017,20.0,20,True,investment,False
Turkey,"Sales, retail, commerce, marketing",2018,501.0,502,True,investment,False
Turkey,"Sales, retail, commerce, marketing",2019,2.0,2,True,investment,False
Turkey,"Sales, retail, commerce, marketing",2020,1.0,3,True,investment,False
Turkey,"Sales, retail, commerce, marketing",2021,1.0,7,True,investment,False
Turkey,"Sales, retail, commerce, marketing",2022,23.0,29,True,investment,False
Turkey,"Sales, retail, commerce, marketing",2023,4.0,6,True,investment,False
Turkey,"Sales, retail, commerce, marketing",2024,1.0,3,True,investment,False
Turkey,"Sales, retail, commerce, marketing",2025,0.0,9,False,investment,False
Turkey,Simulation,2021,,4,True,investment,False
Turkey,Simulation,2024,0.0,0,True,investment,False
Turkey,Software,2015,100.0,100,True,investment,False
Turkey,Software,2016,11.0,12,True,investment,False
Turkey,Software,2017,22.0,22,True,investment,False
Turkey,Software,2018,506.0,508,True,investment,False
Turkey,Software,2019,8.0,9,True,investment,False
Turkey,Software,2020,3.0,8,True,investment,False
Turkey,Software,2021,18.0,85,True,investment,False
Turkey,Software,2022,41.0,51,True,investment,False
Turkey,Software,2023,33.0,40,True,investment,False
Turkey,Software,2024,81.0,95,True,investment,False
Turkey,Software,2025,17.0,32,False,investment,False
Turkey,Sports,2017,0.0,0,True,investment,False
Turkey,Sports,2018,0.0,0,True,investment,False
Turkey,Sports,2020,0.0,0,True,investment,False
Turkey,Sports,2021,,0,True,investment,False
Turkey,Sports,2022,0.0,0,True,investment,False
Turkey,Sports,2023,0.0,0,True,investment,False
Turkey,Telecommunications,2021,4.0,4,True,investment,False
Turkey,Telecommunications,2023,1.0,1,True,investment,False
Turkey,Transportation,2015,0.0,0,True,investment,False
Turkey,Transportation,2017,1.0,1,True,investment,False
Turkey,Transportation,2018,0.0,1,True,investment,False
Turkey,Transportation,2020,0.0,0,True,investment,False
Turkey,Transportation,2021,3.0,4,True,investment,False
Turkey,Transportation,2022,2.0,2,True,investment,False
Turkey,Transportation,2023,2.0,3,True,investment,False
Turkey,Transportation,2024,0.0,0,True,investment,False
Turkey,Transportation,2025,1.0,2,False,investment,False
Uganda,Agriculture,2019,0.0,0,True,investment,False
Uganda,Agriculture,2020,0.0,0,True,investment,False
Uganda,Agriculture,2022,0.0,0,True,investment,False
Uganda,Agriculture,2023,0.0,0,True,investment,False
Uganda,All,2019,0.0,0,True,investment,False
Uganda,All,2020,0.0,0,True,investment,False
Uganda,All,2022,0.0,0,True,investment,False
Uganda,All,2023,0.0,0,True,investment,False
Uganda,Data and analytics,2019,0.0,0,True,investment,False
Uganda,Data and analytics,2020,0.0,0,True,investment,False
Uganda,Data and analytics,2022,0.0,0,True,investment,False
Uganda,Data and analytics,2023,0.0,0,True,investment,False
Uganda,Finance,2020,0.0,0,True,investment,False
Uganda,General purpose,2019,0.0,0,True,investment,False
Uganda,General purpose,2020,0.0,0,True,investment,False
Uganda,General purpose,2022,0.0,0,True,investment,False
Uganda,General purpose,2023,0.0,0,True,investment,False
Uganda,Healthcare and Life Sciences,2023,0.0,0,True,investment,False
Uganda,Information Technology,2019,0.0,0,True,investment,False
Uganda,Information Technology,2020,0.0,0,True,investment,False
Uganda,Information Technology,2022,0.0,0,True,investment,False
Uganda,Information Technology,2023,0.0,0,True,investment,False
Uganda,"Mobile, platforms & Internet services",2019,0.0,0,True,investment,False
Uganda,"Mobile, platforms & Internet services",2020,0.0,0,True,investment,False
Uganda,"Mobile, platforms & Internet services",2022,0.0,0,True,investment,False
Uganda,"Mobile, platforms & Internet services",2023,0.0,0,True,investment,False
Uganda,Other,2020,0.0,0,True,investment,False
Uganda,Software,2019,0.0,0,True,investment,False
Uganda,Software,2020,0.0,0,True,investment,False
Uganda,Software,2022,0.0,0,True,investment,False
Uganda,Software,2023,0.0,0,True,investment,False
Ukraine,Agriculture,2016,0.0,0,True,investment,False
Ukraine,Agriculture,2017,0.0,0,True,investment,False
Ukraine,Agriculture,2020,,0,True,investment,False
Ukraine,All,2015,,0,True,investment,False
Ukraine,All,2016,0.0,0,True,investment,False
Ukraine,All,2017,0.0,0,True,investment,False
Ukraine,All,2018,0.0,0,True,investment,False
Ukraine,All,2019,7.0,11,True,investment,False
Ukraine,All,2020,7.0,10,True,investment,False
Ukraine,All,2021,1.0,22,True,investment,False
Ukraine,All,2022,0.0,0,True,investment,False
Ukraine,All,2023,3.0,6,True,investment,False
Ukraine,All,2024,3.0,284,True,investment,False
Ukraine,All,2025,1.0,9,False,investment,False
Ukraine,Biotechnology,2018,0.0,0,True,investment,False
Ukraine,Computer Vision,2019,,0,True,investment,False
Ukraine,Consumer goods,2016,0.0,0,True,investment,False
Ukraine,Consumer goods,2017,0.0,0,True,investment,False
Ukraine,Consumer goods,2021,0.0,0,True,investment,False
Ukraine,Consumer goods,2022,,0,True,investment,False
Ukraine,Consumer goods,2024,0.0,0,True,investment,False
Ukraine,Consumer goods,2025,,1,False,investment,False
Ukraine,Data and analytics,2015,,0,True,investment,False
Ukraine,Data and analytics,2018,0.0,0,True,investment,False
Ukraine,Data and analytics,2019,4.0,6,True,investment,False
Ukraine,Data and analytics,2020,1.0,4,True,investment,False
Ukraine,Data and analytics,2021,0.0,21,True,investment,False
Ukraine,Data and analytics,2022,0.0,0,True,investment,False
Ukraine,Data and analytics,2023,2.0,5,True,investment,False
Ukraine,Data and analytics,2024,1.0,282,True,investment,False
Ukraine,Data and analytics,2025,0.0,3,False,investment,False
Ukraine,Education,2018,0.0,0,True,investment,False
Ukraine,Education,2020,0.0,0,True,investment,False
Ukraine,Education,2022,,0,True,investment,False
Ukraine,Finance,2019,3.0,3,True,investment,False
Ukraine,Finance,2022,0.0,0,True,investment,False
Ukraine,Finance,2025,,1,False,investment,False
Ukraine,General purpose,2015,,0,True,investment,False
Ukraine,General purpose,2018,0.0,0,True,investment,False
Ukraine,General purpose,2019,4.0,6,True,investment,False
Ukraine,General purpose,2020,1.0,4,True,investment,False
Ukraine,General purpose,2021,0.0,21,True,investment,False
Ukraine,General purpose,2022,0.0,0,True,investment,False
Ukraine,General purpose,2023,2.0,5,True,investment,False
Ukraine,General purpose,2024,1.0,282,True,investment,False
Ukraine,General purpose,2025,0.0,4,False,investment,False
Ukraine,Hardware,2015,,0,True,investment,False
Ukraine,Hardware,2016,0.0,0,True,investment,False
Ukraine,Hardware,2017,0.0,0,True,investment,False
Ukraine,Hardware,2019,,2,True,investment,False
Ukraine,Hardware,2020,0.0,0,True,investment,False
Ukraine,Hardware,2021,0.0,1,True,investment,False
Ukraine,Hardware,2022,,0,True,investment,False
Ukraine,Hardware,2023,2.0,4,True,investment,False
Ukraine,Hardware,2024,1.0,1,True,investment,False
Ukraine,Hardware,2025,0.0,3,False,investment,False
Ukraine,Healthcare and Life Sciences,2021,0.0,0,True,investment,False
Ukraine,Healthcare and Life Sciences,2024,0.0,0,True,investment,False
Ukraine,Healthcare and Life Sciences,2025,0.0,0,False,investment,False
Ukraine,Information Technology,2019,4.0,5,True,investment,False
Ukraine,Information Technology,2020,0.0,2,True,investment,False
Ukraine,Information Technology,2021,,21,True,investment,False
Ukraine,Information Technology,2022,,0,True,investment,False
Ukraine,Information Technology,2023,1.0,4,True,investment,False
Ukraine,Information Technology,2024,,280,True,investment,False
Ukraine,Information Technology,2025,,5,False,investment,False
Ukraine,Lending and Investments,2022,0.0,0,True,investment,False
Ukraine,Manufacturing,2020,,0,True,investment,False
Ukraine,Manufacturing,2023,2.0,2,True,investment,False
Ukraine,Manufacturing,2024,1.0,1,True,investment,False
Ukraine,Manufacturing,2025,0.0,1,False,investment,False
Ukraine,Media and Entertainment,2018,,0,True,investment,False
Ukraine,Media and Entertainment,2019,0.0,0,True,investment,False
Ukraine,Media and Entertainment,2020,1.0,2,True,investment,False
Ukraine,Media and Entertainment,2021,,0,True,investment,False
Ukraine,Media and Entertainment,2022,,0,True,investment,False
Ukraine,"Mobile, platforms & Internet services",2018,,0,True,investment,False
Ukraine,"Mobile, platforms & Internet services",2019,,0,True,investment,False
Ukraine,"Mobile, platforms & Internet services",2020,1.0,1,True,investment,False
Ukraine,"Mobile, platforms & Internet services",2021,0.0,20,True,investment,False
Ukraine,"Mobile, platforms & Internet services",2023,,3,True,investment,False
Ukraine,"Mobile, platforms & Internet services",2025,,4,False,investment,False
Ukraine,Other,2015,,0,True,investment,False
Ukraine,Other,2018,0.0,0,True,investment,False
Ukraine,Other,2020,,2,True,investment,False
Ukraine,Other,2021,,19,True,investment,False
Ukraine,Professional services,2018,0.0,0,True,investment,False
Ukraine,Professional services,2020,,2,True,investment,False
Ukraine,Professional services,2021,0.0,0,True,investment,False
Ukraine,Professional services,2022,0.0,0,True,investment,False
Ukraine,Professional services,2023,0.0,0,True,investment,False
Ukraine,Professional services,2024,0.0,0,True,investment,False
Ukraine,Professional services,2025,0.0,0,False,investment,False
Ukraine,Robotics,2020,,0,True,investment,False
Ukraine,Robotics,2023,2.0,2,True,investment,False
Ukraine,Robotics,2024,1.0,1,True,investment,False
Ukraine,Robotics,2025,0.0,1,False,investment,False
Ukraine,"Sales, retail, commerce, marketing",2019,4.0,4,True,investment,False
Ukraine,"Sales, retail, commerce, marketing",2020,,2,True,investment,False
Ukraine,"Sales, retail, commerce, marketing",2021,0.0,0,True,investment,False
Ukraine,"Sales, retail, commerce, marketing",2022,,0,True,investment,False
Ukraine,Semiconductor,2015,,0,True,investment,False
Ukraine,Simulation,2015,,0,True,investment,False
Ukraine,Software,2015,,0,True,investment,False
Ukraine,Software,2016,0.0,0,True,investment,False
Ukraine,Software,2017,0.0,0,True,investment,False
Ukraine,Software,2018,0.0,0,True,investment,False
Ukraine,Software,2019,7.0,9,True,investment,False
Ukraine,Software,2020,1.0,4,True,investment,False
Ukraine,Software,2021,0.0,21,True,investment,False
Ukraine,Software,2022,0.0,0,True,investment,False
Ukraine,Software,2023,2.0,5,True,investment,False
Ukraine,Software,2024,1.0,282,True,investment,False
Ukraine,Software,2025,0.0,4,False,investment,False
Ukraine,Sports,2019,0.0,0,True,investment,False
Ukraine,Sports,2020,,0,True,investment,False
Ukraine,Transportation,2023,2.0,4,True,investment,False
Ukraine,Transportation,2024,1.0,1,True,investment,False
Ukraine,Transportation,2025,0.0,0,False,investment,False
United Arab Emirates,Agriculture,2025,0.0,0,False,investment,False
United Arab Emirates,All,2015,0.0,1,True,investment,False
United Arab Emirates,All,2016,1.0,1,True,investment,False
United Arab Emirates,All,2017,12.0,16,True,investment,False
United Arab Emirates,All,2018,10.0,172,True,investment,False
United Arab Emirates,All,2019,18.0,80,True,investment,False
United Arab Emirates,All,2020,10.0,41,True,investment,False
United Arab Emirates,All,2021,828.0,875,True,investment,False
United Arab Emirates,All,2022,112.0,354,True,investment,False
United Arab Emirates,All,2023,432.0,501,True,investment,False
United Arab Emirates,All,2024,1911.0,2258,True,investment,False
United Arab Emirates,All,2025,568.0,1316,False,investment,False
United Arab Emirates,Community and Lifestyle,2015,0.0,0,True,investment,False
United Arab Emirates,Community and Lifestyle,2017,,1,True,investment,False
United Arab Emirates,Community and Lifestyle,2018,,5,True,investment,False
United Arab Emirates,Community and Lifestyle,2019,0.0,16,True,investment,False
United Arab Emirates,Community and Lifestyle,2021,2.0,4,True,investment,False
United Arab Emirates,Community and Lifestyle,2022,2.0,6,True,investment,False
United Arab Emirates,Community and Lifestyle,2023,5.0,5,True,investment,False
United Arab Emirates,Community and Lifestyle,2024,6.0,10,True,investment,False
United Arab Emirates,Community and Lifestyle,2025,0.0,0,False,investment,False
United Arab Emirates,Computer Vision,2018,1.0,1,True,investment,False
United Arab Emirates,Computer Vision,2019,,3,True,investment,False
United Arab Emirates,Computer Vision,2020,1.0,1,True,investment,False
United Arab Emirates,Computer Vision,2025,2.0,2,False,investment,False
United Arab Emirates,Data and analytics,2015,,0,True,investment,False
United Arab Emirates,Data and analytics,2016,0.0,0,True,investment,False
United Arab Emirates,Data and analytics,2017,7.0,11,True,investment,False
United Arab Emirates,Data and analytics,2018,8.0,170,True,investment,False
United Arab Emirates,Data and analytics,2019,12.0,39,True,investment,False
United Arab Emirates,Data and analytics,2020,5.0,35,True,investment,False
United Arab Emirates,Data and analytics,2021,806.0,829,True,investment,False
United Arab Emirates,Data and analytics,2022,32.0,240,True,investment,False
United Arab Emirates,Data and analytics,2023,214.0,273,True,investment,False
United Arab Emirates,Data and analytics,2024,1710.0,2042,True,investment,False
United Arab Emirates,Data and analytics,2025,378.0,1112,False,investment,False
United Arab Emirates,Education,2019,,5,True,investment,False
United Arab Emirates,Education,2021,1.0,1,True,investment,False
United Arab Emirates,Education,2022,1.0,1,True,investment,False
United Arab Emirates,Education,2023,0.0,0,True,investment,False
United Arab Emirates,Education,2024,1.0,4,True,investment,False
United Arab Emirates,Energy and natural resources,2018,,1,True,investment,False
United Arab Emirates,Energy and natural resources,2019,0.0,0,True,investment,False
United Arab Emirates,Energy and natural resources,2021,0.0,7,True,investment,False
United Arab Emirates,Energy and natural resources,2022,0.0,2,True,investment,False
United Arab Emirates,Energy and natural resources,2023,3.0,7,True,investment,False
United Arab Emirates,Energy and natural resources,2024,4.0,69,True,investment,False
United Arab Emirates,Energy and natural resources,2025,,6,False,investment,False
United Arab Emirates,Finance,2016,,0,True,investment,False
United Arab Emirates,Finance,2018,,1,True,investment,False
United Arab Emirates,Finance,2020,0.0,0,True,investment,False
United Arab Emirates,Finance,2021,1.0,12,True,investment,False
United Arab Emirates,Finance,2022,19.0,134,True,investment,False
United Arab Emirates,Finance,2023,173.0,175,True,investment,False
United Arab Emirates,Finance,2024,57.0,120,True,investment,False
United Arab Emirates,Finance,2025,32.0,694,False,investment,False
United Arab Emirates,Gaming,2021,0.0,0,True,investment,False
United Arab Emirates,Gaming,2024,0.0,4,True,investment,False
United Arab Emirates,Gaming,2025,2.0,5,False,investment,False
United Arab Emirates,General purpose,2015,,0,True,investment,False
United Arab Emirates,General purpose,2016,0.0,0,True,investment,False
United Arab Emirates,General purpose,2017,7.0,9,True,investment,False
United Arab Emirates,General purpose,2018,8.0,170,True,investment,False
United Arab Emirates,General purpose,2019,12.0,39,True,investment,False
United Arab Emirates,General purpose,2020,5.0,35,True,investment,False
United Arab Emirates,General purpose,2021,804.0,819,True,investment,False
United Arab Emirates,General purpose,2022,31.0,237,True,investment,False
United Arab Emirates,General purpose,2023,214.0,270,True,investment,False
United Arab Emirates,General purpose,2024,1710.0,1969,True,investment,False
United Arab Emirates,General purpose,2025,378.0,1109,False,investment,False
United Arab Emirates,Hardware,2017,5.0,7,True,investment,False
United Arab Emirates,Hardware,2018,8.0,8,True,investment,False
United Arab Emirates,Hardware,2019,,3,True,investment,False
United Arab Emirates,Hardware,2020,1.0,2,True,investment,False
United Arab Emirates,Hardware,2021,1.0,1,True,investment,False
United Arab Emirates,Hardware,2022,0.0,85,True,investment,False
United Arab Emirates,Hardware,2023,42.0,42,True,investment,False
United Arab Emirates,Hardware,2024,5.0,6,True,investment,False
United Arab Emirates,Hardware,2025,278.0,278,False,investment,False
United Arab Emirates,Healthcare and Life Sciences,2021,,7,True,investment,False
United Arab Emirates,Healthcare and Life Sciences,2022,,6,True,investment,False
United Arab Emirates,Healthcare and Life Sciences,2023,0.0,6,True,investment,False
United Arab Emirates,Healthcare and Life Sciences,2024,3.0,4,True,investment,False
United Arab Emirates,Healthcare and Life Sciences,2025,3.0,182,False,investment,False
United Arab Emirates,Information Technology,2016,0.0,0,True,investment,False
United Arab Emirates,Information Technology,2017,5.0,9,True,investment,False
United Arab Emirates,Information Technology,2018,8.0,8,True,investment,False
United Arab Emirates,Information Technology,2019,,6,True,investment,False
United Arab Emirates,Information Technology,2020,2.0,30,True,investment,False
United Arab Emirates,Information Technology,2021,803.0,814,True,investment,False
United Arab Emirates,Information Technology,2022,27.0,61,True,investment,False
United Arab Emirates,Information Technology,2023,52.0,93,True,investment,False
United Arab Emirates,Information Technology,2024,1560.0,1754,True,investment,False
United Arab Emirates,Information Technology,2025,278.0,858,False,investment,False
United Arab Emirates,Lending and Investments,2016,,0,True,investment,False
United Arab Emirates,Lending and Investments,2018,,1,True,investment,False
United Arab Emirates,Lending and Investments,2021,,4,True,investment,False
United Arab Emirates,Lending and Investments,2022,0.0,25,True,investment,False
United Arab Emirates,Lending and Investments,2023,5.0,5,True,investment,False
United Arab Emirates,Lending and Investments,2024,1.0,54,True,investment,False
United Arab Emirates,Lending and Investments,2025,3.0,528,False,investment,False
United Arab Emirates,Manufacturing,2016,,0,True,investment,False
United Arab Emirates,Manufacturing,2018,1.0,2,True,investment,False
United Arab Emirates,Manufacturing,2019,0.0,3,True,investment,False
United Arab Emirates,Manufacturing,2020,1.0,1,True,investment,False
United Arab Emirates,Manufacturing,2021,0.0,8,True,investment,False
United Arab Emirates,Manufacturing,2022,,2,True,investment,False
United Arab Emirates,Manufacturing,2023,,1,True,investment,False
United Arab Emirates,Manufacturing,2024,1.0,1,True,investment,False
United Arab Emirates,Media and Entertainment,2019,0.0,0,True,investment,False
United Arab Emirates,Media and Entertainment,2020,0.0,1,True,investment,False
United Arab Emirates,Media and Entertainment,2021,1.0,2,True,investment,False
United Arab Emirates,Media and Entertainment,2022,1.0,1,True,investment,False
United Arab Emirates,Media and Entertainment,2023,0.0,11,True,investment,False
United Arab Emirates,Media and Entertainment,2024,0.0,0,True,investment,False
United Arab Emirates,Media and Entertainment,2025,5.0,5,False,investment,False
United Arab Emirates,"Military, public safety and government",2018,,1,True,investment,False
United Arab Emirates,"Military, public safety and government",2024,0.0,0,True,investment,False
United Arab Emirates,"Mobile, platforms & Internet services",2015,0.0,0,True,investment,False
United Arab Emirates,"Mobile, platforms & Internet services",2016,0.0,0,True,investment,False
United Arab Emirates,"Mobile, platforms & Internet services",2017,1.0,2,True,investment,False
United Arab Emirates,"Mobile, platforms & Internet services",2018,2.0,156,True,investment,False
United Arab Emirates,"Mobile, platforms & Internet services",2019,0.0,2,True,investment,False
United Arab Emirates,"Mobile, platforms & Internet services",2020,4.0,34,True,investment,False
United Arab Emirates,"Mobile, platforms & Internet services",2021,805.0,808,True,investment,False
United Arab Emirates,"Mobile, platforms & Internet services",2022,11.0,207,True,investment,False
United Arab Emirates,"Mobile, platforms & Internet services",2023,11.0,21,True,investment,False
United Arab Emirates,"Mobile, platforms & Internet services",2024,1512.0,1583,True,investment,False
United Arab Emirates,"Mobile, platforms & Internet services",2025,46.0,592,False,investment,False
United Arab Emirates,NLP,2017,1.0,1,True,investment,False
United Arab Emirates,NLP,2020,,1,True,investment,False
United Arab Emirates,NLP,2022,0.0,0,True,investment,False
United Arab Emirates,NLP,2024,,67,True,investment,False
United Arab Emirates,NLP,2025,,1,False,investment,False
United Arab Emirates,Navigation and mapping,2019,0.0,0,True,investment,False
United Arab Emirates,Navigation and mapping,2021,1.0,1,True,investment,False
United Arab Emirates,Other,2019,7.0,7,True,investment,False
United Arab Emirates,Other,2021,3.0,4,True,investment,False
United Arab Emirates,Other,2022,13.0,16,True,investment,False
United Arab Emirates,Other,2023,16.0,16,True,investment,False
United Arab Emirates,Other,2024,9.0,11,True,investment,False
United Arab Emirates,Other,2025,32.0,38,False,investment,False
United Arab Emirates,Privacy and Security,2021,1.0,1,True,investment,False
United Arab Emirates,Privacy and Security,2022,10.0,12,True,investment,False
United Arab Emirates,Professional services,2015,,0,True,investment,False
United Arab Emirates,Professional services,2016,,0,True,investment,False
United Arab Emirates,Professional services,2017,1.0,1,True,investment,False
United Arab Emirates,Professional services,2018,1.0,153,True,investment,False
United Arab Emirates,Professional services,2019,5.0,5,True,investment,False
United Arab Emirates,Professional services,2020,1.0,1,True,investment,False
United Arab Emirates,Professional services,2021,0.0,7,True,investment,False
United Arab Emirates,Professional services,2022,5.0,89,True,investment,False
United Arab Emirates,Professional services,2023,11.0,14,True,investment,False
United Arab Emirates,Professional services,2024,47.0,109,True,investment,False
United Arab Emirates,Professional services,2025,44.0,46,False,investment,False
United Arab Emirates,Real estate,2016,,0,True,investment,False
United Arab Emirates,Real estate,2018,,2,True,investment,False
United Arab Emirates,Real estate,2019,0.0,0,True,investment,False
United Arab Emirates,Real estate,2021,,7,True,investment,False
United Arab Emirates,Real estate,2022,3.0,5,True,investment,False
United Arab Emirates,Real estate,2023,0.0,7,True,investment,False
United Arab Emirates,Real estate,2024,4.0,6,True,investment,False
United Arab Emirates,Real estate,2025,5.0,6,False,investment,False
United Arab Emirates,Robotics,2025,2.0,2,False,investment,False
United Arab Emirates,"Sales, retail, commerce, marketing",2016,0.0,0,True,investment,False
United Arab Emirates,"Sales, retail, commerce, marketing",2017,1.0,2,True,investment,False
United Arab Emirates,"Sales, retail, commerce, marketing",2018,1.0,8,True,investment,False
United Arab Emirates,"Sales, retail, commerce, marketing",2019,,18,True,investment,False
United Arab Emirates,"Sales, retail, commerce, marketing",2020,2.0,4,True,investment,False
United Arab Emirates,"Sales, retail, commerce, marketing",2021,4.0,7,True,investment,False
United Arab Emirates,"Sales, retail, commerce, marketing",2022,1.0,5,True,investment,False
United Arab Emirates,"Sales, retail, commerce, marketing",2023,3.0,14,True,investment,False
United Arab Emirates,"Sales, retail, commerce, marketing",2024,6.0,7,True,investment,False
United Arab Emirates,"Sales, retail, commerce, marketing",2025,73.0,73,False,investment,False
United Arab Emirates,Software,2015,,0,True,investment,False
United Arab Emirates,Software,2016,0.0,0,True,investment,False
United Arab Emirates,Software,2017,7.0,9,True,investment,False
United Arab Emirates,Software,2018,8.0,170,True,investment,False
United Arab Emirates,Software,2019,12.0,39,True,investment,False
United Arab Emirates,Software,2020,5.0,35,True,investment,False
United Arab Emirates,Software,2021,810.0,833,True,investment,False
United Arab Emirates,Software,2022,34.0,244,True,investment,False
United Arab Emirates,Software,2023,223.0,288,True,investment,False
United Arab Emirates,Software,2024,1716.0,2051,True,investment,False
United Arab Emirates,Software,2025,402.0,1137,False,investment,False
United Arab Emirates,Speech Recognition,2017,1.0,1,True,investment,False
United Arab Emirates,Sports,2019,0.0,0,True,investment,False
United Arab Emirates,Sports,2021,1.0,1,True,investment,False
United Arab Emirates,Telecommunications,2016,0.0,0,True,investment,False
United Arab Emirates,Telecommunications,2017,,1,True,investment,False
United Arab Emirates,Telecommunications,2018,,2,True,investment,False
United Arab Emirates,Telecommunications,2019,,2,True,investment,False
United Arab Emirates,Transportation,2015,0.0,0,True,investment,False
United Arab Emirates,Transportation,2017,1.0,1,True,investment,False
United Arab Emirates,Transportation,2018,1.0,3,True,investment,False
United Arab Emirates,Transportation,2019,0.0,0,True,investment,False
United Arab Emirates,Transportation,2020,2.0,3,True,investment,False
United Arab Emirates,Transportation,2021,1.0,5,True,investment,False
United Arab Emirates,Transportation,2022,6.0,8,True,investment,False
United Arab Emirates,Transportation,2023,12.0,17,True,investment,False
United Arab Emirates,Transportation,2024,54.0,54,True,investment,False
United Arab Emirates,Transportation,2025,42.0,42,False,investment,False
United Kingdom,Agriculture,2015,,1,True,investment,False
United Kingdom,Agriculture,2016,1.0,202,True,investment,False
United Kingdom,Agriculture,2017,2.0,6,True,investment,False
United Kingdom,Agriculture,2018,6.0,17,True,investment,False
United Kingdom,Agriculture,2019,3.0,13,True,investment,False
United Kingdom,Agriculture,2020,6.0,9,True,investment,False
United Kingdom,Agriculture,2021,12.0,15,True,investment,False
United Kingdom,Agriculture,2022,24.0,40,True,investment,False
United Kingdom,Agriculture,2023,8.0,23,True,investment,False
United Kingdom,Agriculture,2024,1.0,69,True,investment,False
United Kingdom,Agriculture,2025,6.0,8,False,investment,False
United Kingdom,All,2015,461.0,957,True,investment,False
United Kingdom,All,2016,952.0,3106,True,investment,False
United Kingdom,All,2017,918.0,1348,True,investment,False
United Kingdom,All,2018,1538.0,2317,True,investment,False
United Kingdom,All,2019,1449.0,2424,True,investment,False
United Kingdom,All,2020,2760.0,4595,True,investment,False
United Kingdom,All,2021,4454.0,6854,True,investment,False
United Kingdom,All,2022,5067.0,7235,True,investment,False
United Kingdom,All,2023,3773.0,5436,True,investment,False
United Kingdom,All,2024,4191.0,6666,True,investment,False
United Kingdom,All,2025,8413.0,11157,False,investment,False
United Kingdom,Biotechnology,2015,5.0,66,True,investment,False
United Kingdom,Biotechnology,2016,4.0,9,True,investment,False
United Kingdom,Biotechnology,2017,10.0,13,True,investment,False
United Kingdom,Biotechnology,2018,18.0,58,True,investment,False
United Kingdom,Biotechnology,2019,22.0,60,True,investment,False
United Kingdom,Biotechnology,2020,39.0,68,True,investment,False
United Kingdom,Biotechnology,2021,36.0,175,True,investment,False
United Kingdom,Biotechnology,2022,133.0,170,True,investment,False
United Kingdom,Biotechnology,2023,103.0,122,True,investment,False
United Kingdom,Biotechnology,2024,37.0,122,True,investment,False
United Kingdom,Biotechnology,2025,256.0,333,False,investment,False
United Kingdom,Community and Lifestyle,2015,6.0,7,True,investment,False
United Kingdom,Community and Lifestyle,2016,16.0,20,True,investment,False
United Kingdom,Community and Lifestyle,2017,10.0,57,True,investment,False
United Kingdom,Community and Lifestyle,2018,24.0,61,True,investment,False
United Kingdom,Community and Lifestyle,2019,21.0,30,True,investment,False
United Kingdom,Community and Lifestyle,2020,33.0,77,True,investment,False
United Kingdom,Community and Lifestyle,2021,40.0,136,True,investment,False
United Kingdom,Community and Lifestyle,2022,170.0,192,True,investment,False
United Kingdom,Community and Lifestyle,2023,82.0,128,True,investment,False
United Kingdom,Community and Lifestyle,2024,208.0,243,True,investment,False
United Kingdom,Community and Lifestyle,2025,16.0,17,False,investment,False
United Kingdom,Computer Vision,2015,62.0,63,True,investment,False
United Kingdom,Computer Vision,2016,211.0,223,True,investment,False
United Kingdom,Computer Vision,2017,10.0,12,True,investment,False
United Kingdom,Computer Vision,2018,33.0,109,True,investment,False
United Kingdom,Computer Vision,2019,55.0,105,True,investment,False
United Kingdom,Computer Vision,2020,23.0,38,True,investment,False
United Kingdom,Computer Vision,2021,57.0,166,True,investment,False
United Kingdom,Computer Vision,2022,69.0,92,True,investment,False
United Kingdom,Computer Vision,2023,109.0,153,True,investment,False
United Kingdom,Computer Vision,2024,22.0,147,True,investment,False
United Kingdom,Computer Vision,2025,11.0,86,False,investment,False
United Kingdom,Consumer goods,2015,12.0,12,True,investment,False
United Kingdom,Consumer goods,2016,8.0,473,True,investment,False
United Kingdom,Consumer goods,2017,15.0,27,True,investment,False
United Kingdom,Consumer goods,2018,41.0,98,True,investment,False
United Kingdom,Consumer goods,2019,29.0,121,True,investment,False
United Kingdom,Consumer goods,2020,369.0,532,True,investment,False
United Kingdom,Consumer goods,2021,42.0,259,True,investment,False
United Kingdom,Consumer goods,2022,62.0,119,True,investment,False
United Kingdom,Consumer goods,2023,21.0,64,True,investment,False
United Kingdom,Consumer goods,2024,15.0,74,True,investment,False
United Kingdom,Consumer goods,2025,8.0,39,False,investment,False
United Kingdom,Cyber Security,2015,0.0,1,True,investment,False
United Kingdom,Cyber Security,2016,2.0,12,True,investment,False
United Kingdom,Cyber Security,2017,6.0,7,True,investment,False
United Kingdom,Cyber Security,2018,14.0,18,True,investment,False
United Kingdom,Cyber Security,2019,16.0,29,True,investment,False
United Kingdom,Cyber Security,2020,19.0,85,True,investment,False
United Kingdom,Cyber Security,2021,27.0,105,True,investment,False
United Kingdom,Cyber Security,2022,5.0,41,True,investment,False
United Kingdom,Cyber Security,2023,14.0,155,True,investment,False
United Kingdom,Cyber Security,2024,11.0,143,True,investment,False
United Kingdom,Cyber Security,2025,1.0,98,False,investment,False
United Kingdom,Data and analytics,2015,154.0,609,True,investment,False
United Kingdom,Data and analytics,2016,625.0,2263,True,investment,False
United Kingdom,Data and analytics,2017,243.0,566,True,investment,False
United Kingdom,Data and analytics,2018,405.0,1023,True,investment,False
United Kingdom,Data and analytics,2019,565.0,1340,True,investment,False
United Kingdom,Data and analytics,2020,932.0,2420,True,investment,False
United Kingdom,Data and analytics,2021,1982.0,3804,True,investment,False
United Kingdom,Data and analytics,2022,1707.0,3495,True,investment,False
United Kingdom,Data and analytics,2023,1644.0,3109,True,investment,False
United Kingdom,Data and analytics,2024,1642.0,3730,True,investment,False
United Kingdom,Data and analytics,2025,4040.0,6249,False,investment,False
United Kingdom,Education,2015,1.0,4,True,investment,False
United Kingdom,Education,2016,4.0,9,True,investment,False
United Kingdom,Education,2017,4.0,13,True,investment,False
United Kingdom,Education,2018,20.0,64,True,investment,False
United Kingdom,Education,2019,17.0,139,True,investment,False
United Kingdom,Education,2020,11.0,268,True,investment,False
United Kingdom,Education,2021,53.0,116,True,investment,False
United Kingdom,Education,2022,44.0,128,True,investment,False
United Kingdom,Education,2023,52.0,69,True,investment,False
United Kingdom,Education,2024,10.0,104,True,investment,False
United Kingdom,Education,2025,42.0,145,False,investment,False
United Kingdom,Energy and natural resources,2015,5.0,12,True,investment,False
United Kingdom,Energy and natural resources,2016,14.0,14,True,investment,False
United Kingdom,Energy and natural resources,2017,11.0,54,True,investment,False
United Kingdom,Energy and natural resources,2018,17.0,39,True,investment,False
United Kingdom,Energy and natural resources,2019,34.0,64,True,investment,False
United Kingdom,Energy and natural resources,2020,13.0,91,True,investment,False
United Kingdom,Energy and natural resources,2021,34.0,119,True,investment,False
United Kingdom,Energy and natural resources,2022,60.0,107,True,investment,False
United Kingdom,Energy and natural resources,2023,28.0,99,True,investment,False
United Kingdom,Energy and natural resources,2024,121.0,255,True,investment,False
United Kingdom,Energy and natural resources,2025,21.0,123,False,investment,False
United Kingdom,Facial Recognition,2018,,1,True,investment,False
United Kingdom,Facial Recognition,2021,0.0,0,True,investment,False
United Kingdom,Facial Recognition,2023,1.0,1,True,investment,False
United Kingdom,Facial Recognition,2025,,66,False,investment,False
United Kingdom,Finance,2015,55.0,62,True,investment,False
United Kingdom,Finance,2016,35.0,73,True,investment,False
United Kingdom,Finance,2017,160.0,200,True,investment,False
United Kingdom,Finance,2018,200.0,301,True,investment,False
United Kingdom,Finance,2019,132.0,227,True,investment,False
United Kingdom,Finance,2020,379.0,461,True,investment,False
United Kingdom,Finance,2021,349.0,909,True,investment,False
United Kingdom,Finance,2022,413.0,652,True,investment,False
United Kingdom,Finance,2023,440.0,758,True,investment,False
United Kingdom,Finance,2024,252.0,613,True,investment,False
United Kingdom,Finance,2025,148.0,693,False,investment,False
United Kingdom,Gaming,2015,2.0,2,True,investment,False
United Kingdom,Gaming,2016,1.0,1,True,investment,False
United Kingdom,Gaming,2017,26.0,30,True,investment,False
United Kingdom,Gaming,2018,4.0,4,True,investment,False
United Kingdom,Gaming,2019,3.0,6,True,investment,False
United Kingdom,Gaming,2020,31.0,116,True,investment,False
United Kingdom,Gaming,2021,15.0,20,True,investment,False
United Kingdom,Gaming,2022,190.0,194,True,investment,False
United Kingdom,Gaming,2023,5.0,12,True,investment,False
United Kingdom,Gaming,2024,9.0,11,True,investment,False
United Kingdom,Gaming,2025,1.0,1,False,investment,False
United Kingdom,General purpose,2015,149.0,506,True,investment,False
United Kingdom,General purpose,2016,591.0,1541,True,investment,False
United Kingdom,General purpose,2017,234.0,461,True,investment,False
United Kingdom,General purpose,2018,410.0,989,True,investment,False
United Kingdom,General purpose,2019,479.0,1158,True,investment,False
United Kingdom,General purpose,2020,911.0,2267,True,investment,False
United Kingdom,General purpose,2021,1569.0,3273,True,investment,False
United Kingdom,General purpose,2022,1677.0,2887,True,investment,False
United Kingdom,General purpose,2023,1627.0,2722,True,investment,False
United Kingdom,General purpose,2024,1558.0,3543,True,investment,False
United Kingdom,General purpose,2025,3028.0,4984,False,investment,False
United Kingdom,Hardware,2015,80.0,115,True,investment,False
United Kingdom,Hardware,2016,227.0,514,True,investment,False
United Kingdom,Hardware,2017,67.0,92,True,investment,False
United Kingdom,Hardware,2018,131.0,325,True,investment,False
United Kingdom,Hardware,2019,128.0,335,True,investment,False
United Kingdom,Hardware,2020,463.0,927,True,investment,False
United Kingdom,Hardware,2021,112.0,430,True,investment,False
United Kingdom,Hardware,2022,222.0,439,True,investment,False
United Kingdom,Hardware,2023,143.0,462,True,investment,False
United Kingdom,Hardware,2024,268.0,650,True,investment,False
United Kingdom,Hardware,2025,1372.0,1632,False,investment,False
United Kingdom,Healthcare and Life Sciences,2015,18.0,25,True,investment,False
United Kingdom,Healthcare and Life Sciences,2016,18.0,38,True,investment,False
United Kingdom,Healthcare and Life Sciences,2017,50.0,60,True,investment,False
United Kingdom,Healthcare and Life Sciences,2018,72.0,150,True,investment,False
United Kingdom,Healthcare and Life Sciences,2019,53.0,117,True,investment,False
United Kingdom,Healthcare and Life Sciences,2020,90.0,418,True,investment,False
United Kingdom,Healthcare and Life Sciences,2021,129.0,292,True,investment,False
United Kingdom,Healthcare and Life Sciences,2022,344.0,457,True,investment,False
United Kingdom,Healthcare and Life Sciences,2023,117.0,214,True,investment,False
United Kingdom,Healthcare and Life Sciences,2024,288.0,488,True,investment,False
United Kingdom,Healthcare and Life Sciences,2025,454.0,626,False,investment,False
United Kingdom,Information Technology,2015,45.0,273,True,investment,False
United Kingdom,Information Technology,2016,68.0,987,True,investment,False
United Kingdom,Information Technology,2017,137.0,299,True,investment,False
United Kingdom,Information Technology,2018,143.0,387,True,investment,False
United Kingdom,Information Technology,2019,234.0,576,True,investment,False
United Kingdom,Information Technology,2020,713.0,1440,True,investment,False
United Kingdom,Information Technology,2021,1180.0,1889,True,investment,False
United Kingdom,Information Technology,2022,864.0,1617,True,investment,False
United Kingdom,Information Technology,2023,1046.0,1725,True,investment,False
United Kingdom,Information Technology,2024,633.0,1572,True,investment,False
United Kingdom,Information Technology,2025,2955.0,4154,False,investment,False
United Kingdom,Lending and Investments,2015,46.0,47,True,investment,False
United Kingdom,Lending and Investments,2016,13.0,15,True,investment,False
United Kingdom,Lending and Investments,2017,76.0,78,True,investment,False
United Kingdom,Lending and Investments,2018,108.0,112,True,investment,False
United Kingdom,Lending and Investments,2019,43.0,45,True,investment,False
United Kingdom,Lending and Investments,2020,68.0,82,True,investment,False
United Kingdom,Lending and Investments,2021,93.0,403,True,investment,False
United Kingdom,Lending and Investments,2022,138.0,158,True,investment,False
United Kingdom,Lending and Investments,2023,56.0,120,True,investment,False
United Kingdom,Lending and Investments,2024,46.0,110,True,investment,False
United Kingdom,Lending and Investments,2025,19.0,178,False,investment,False
United Kingdom,Manufacturing,2015,1.0,1,True,investment,False
United Kingdom,Manufacturing,2016,4.0,207,True,investment,False
United Kingdom,Manufacturing,2017,4.0,8,True,investment,False
United Kingdom,Manufacturing,2018,35.0,49,True,investment,False
United Kingdom,Manufacturing,2019,19.0,21,True,investment,False
United Kingdom,Manufacturing,2020,15.0,103,True,investment,False
United Kingdom,Manufacturing,2021,18.0,20,True,investment,False
United Kingdom,Manufacturing,2022,31.0,142,True,investment,False
United Kingdom,Manufacturing,2023,36.0,66,True,investment,False
United Kingdom,Manufacturing,2024,50.0,122,True,investment,False
United Kingdom,Manufacturing,2025,23.0,29,False,investment,False
United Kingdom,Media and Entertainment,2015,37.0,243,True,investment,False
United Kingdom,Media and Entertainment,2016,166.0,179,True,investment,False
United Kingdom,Media and Entertainment,2017,36.0,85,True,investment,False
United Kingdom,Media and Entertainment,2018,67.0,149,True,investment,False
United Kingdom,Media and Entertainment,2019,66.0,138,True,investment,False
United Kingdom,Media and Entertainment,2020,59.0,240,True,investment,False
United Kingdom,Media and Entertainment,2021,505.0,633,True,investment,False
United Kingdom,Media and Entertainment,2022,187.0,616,True,investment,False
United Kingdom,Media and Entertainment,2023,33.0,169,True,investment,False
United Kingdom,Media and Entertainment,2024,14.0,125,True,investment,False
United Kingdom,Media and Entertainment,2025,1631.0,1797,False,investment,False
United Kingdom,"Military, public safety and government",2016,1.0,1,True,investment,False
United Kingdom,"Military, public safety and government",2017,2.0,2,True,investment,False
United Kingdom,"Military, public safety and government",2018,,7,True,investment,False
United Kingdom,"Military, public safety and government",2019,8.0,8,True,investment,False
United Kingdom,"Military, public safety and government",2020,22.0,28,True,investment,False
United Kingdom,"Military, public safety and government",2021,8.0,8,True,investment,False
United Kingdom,"Military, public safety and government",2022,3.0,39,True,investment,False
United Kingdom,"Military, public safety and government",2023,9.0,12,True,investment,False
United Kingdom,"Military, public safety and government",2024,32.0,33,True,investment,False
United Kingdom,"Military, public safety and government",2025,5.0,36,False,investment,False
United Kingdom,"Mobile, platforms & Internet services",2015,115.0,157,True,investment,False
United Kingdom,"Mobile, platforms & Internet services",2016,304.0,1136,True,investment,False
United Kingdom,"Mobile, platforms & Internet services",2017,176.0,307,True,investment,False
United Kingdom,"Mobile, platforms & Internet services",2018,244.0,366,True,investment,False
United Kingdom,"Mobile, platforms & Internet services",2019,207.0,472,True,investment,False
United Kingdom,"Mobile, platforms & Internet services",2020,414.0,611,True,investment,False
United Kingdom,"Mobile, platforms & Internet services",2021,711.0,1116,True,investment,False
United Kingdom,"Mobile, platforms & Internet services",2022,366.0,1014,True,investment,False
United Kingdom,"Mobile, platforms & Internet services",2023,330.0,1019,True,investment,False
United Kingdom,"Mobile, platforms & Internet services",2024,459.0,892,True,investment,False
United Kingdom,"Mobile, platforms & Internet services",2025,1358.0,1824,False,investment,False
United Kingdom,NLP,2015,2.0,6,True,investment,False
United Kingdom,NLP,2016,5.0,17,True,investment,False
United Kingdom,NLP,2017,10.0,18,True,investment,False
United Kingdom,NLP,2018,10.0,49,True,investment,False
United Kingdom,NLP,2019,49.0,76,True,investment,False
United Kingdom,NLP,2020,31.0,181,True,investment,False
United Kingdom,NLP,2021,8.0,96,True,investment,False
United Kingdom,NLP,2022,31.0,301,True,investment,False
United Kingdom,NLP,2023,26.0,162,True,investment,False
United Kingdom,NLP,2024,9.0,128,True,investment,False
United Kingdom,NLP,2025,4.0,102,False,investment,False
United Kingdom,Navigation and mapping,2015,1.0,2,True,investment,False
United Kingdom,Navigation and mapping,2016,0.0,0,True,investment,False
United Kingdom,Navigation and mapping,2017,3.0,6,True,investment,False
United Kingdom,Navigation and mapping,2018,3.0,16,True,investment,False
United Kingdom,Navigation and mapping,2019,2.0,9,True,investment,False
United Kingdom,Navigation and mapping,2020,1.0,42,True,investment,False
United Kingdom,Navigation and mapping,2021,14.0,15,True,investment,False
United Kingdom,Navigation and mapping,2022,29.0,42,True,investment,False
United Kingdom,Navigation and mapping,2023,9.0,46,True,investment,False
United Kingdom,Navigation and mapping,2024,6.0,6,True,investment,False
United Kingdom,Navigation and mapping,2025,7.0,8,False,investment,False
United Kingdom,Other,2015,17.0,26,True,investment,False
United Kingdom,Other,2016,27.0,452,True,investment,False
United Kingdom,Other,2017,94.0,100,True,investment,False
United Kingdom,Other,2018,64.0,112,True,investment,False
United Kingdom,Other,2019,151.0,172,True,investment,False
United Kingdom,Other,2020,86.0,250,True,investment,False
United Kingdom,Other,2021,171.0,395,True,investment,False
United Kingdom,Other,2022,280.0,521,True,investment,False
United Kingdom,Other,2023,300.0,577,True,investment,False
United Kingdom,Other,2024,238.0,543,True,investment,False
United Kingdom,Other,2025,87.0,447,False,investment,False
United Kingdom,Privacy and Security,2015,2.0,58,True,investment,False
United Kingdom,Privacy and Security,2016,12.0,59,True,investment,False
United Kingdom,Privacy and Security,2017,11.0,15,True,investment,False
United Kingdom,Privacy and Security,2018,26.0,53,True,investment,False
United Kingdom,Privacy and Security,2019,37.0,74,True,investment,False
United Kingdom,Privacy and Security,2020,92.0,181,True,investment,False
United Kingdom,Privacy and Security,2021,199.0,404,True,investment,False
United Kingdom,Privacy and Security,2022,124.0,215,True,investment,False
United Kingdom,Privacy and Security,2023,20.0,198,True,investment,False
United Kingdom,Privacy and Security,2024,26.0,220,True,investment,False
United Kingdom,Privacy and Security,2025,15.0,208,False,investment,False
United Kingdom,Professional services,2015,11.0,94,True,investment,False
United Kingdom,Professional services,2016,42.0,716,True,investment,False
United Kingdom,Professional services,2017,97.0,122,True,investment,False
United Kingdom,Professional services,2018,62.0,196,True,investment,False
United Kingdom,Professional services,2019,179.0,288,True,investment,False
United Kingdom,Professional services,2020,111.0,473,True,investment,False
United Kingdom,Professional services,2021,199.0,745,True,investment,False
United Kingdom,Professional services,2022,141.0,516,True,investment,False
United Kingdom,Professional services,2023,92.0,357,True,investment,False
United Kingdom,Professional services,2024,174.0,733,True,investment,False
United Kingdom,Professional services,2025,181.0,725,False,investment,False
United Kingdom,Real estate,2015,2.0,33,True,investment,False
United Kingdom,Real estate,2016,2.0,4,True,investment,False
United Kingdom,Real estate,2017,3.0,7,True,investment,False
United Kingdom,Real estate,2018,15.0,19,True,investment,False
United Kingdom,Real estate,2019,24.0,25,True,investment,False
United Kingdom,Real estate,2020,190.0,198,True,investment,False
United Kingdom,Real estate,2021,16.0,25,True,investment,False
United Kingdom,Real estate,2022,25.0,49,True,investment,False
United Kingdom,Real estate,2023,157.0,294,True,investment,False
United Kingdom,Real estate,2024,12.0,17,True,investment,False
United Kingdom,Real estate,2025,19.0,120,False,investment,False
United Kingdom,Robotics,2015,6.0,7,True,investment,False
United Kingdom,Robotics,2016,9.0,11,True,investment,False
United Kingdom,Robotics,2017,10.0,16,True,investment,False
United Kingdom,Robotics,2018,37.0,87,True,investment,False
United Kingdom,Robotics,2019,17.0,74,True,investment,False
United Kingdom,Robotics,2020,12.0,111,True,investment,False
United Kingdom,Robotics,2021,10.0,18,True,investment,False
United Kingdom,Robotics,2022,25.0,78,True,investment,False
United Kingdom,Robotics,2023,24.0,44,True,investment,False
United Kingdom,Robotics,2024,23.0,92,True,investment,False
United Kingdom,Robotics,2025,15.0,18,False,investment,False
United Kingdom,"Sales, retail, commerce, marketing",2015,111.0,246,True,investment,False
United Kingdom,"Sales, retail, commerce, marketing",2016,104.0,336,True,investment,False
United Kingdom,"Sales, retail, commerce, marketing",2017,54.0,166,True,investment,False
United Kingdom,"Sales, retail, commerce, marketing",2018,110.0,228,True,investment,False
United Kingdom,"Sales, retail, commerce, marketing",2019,99.0,343,True,investment,False
United Kingdom,"Sales, retail, commerce, marketing",2020,129.0,531,True,investment,False
United Kingdom,"Sales, retail, commerce, marketing",2021,925.0,1254,True,investment,False
United Kingdom,"Sales, retail, commerce, marketing",2022,456.0,1304,True,investment,False
United Kingdom,"Sales, retail, commerce, marketing",2023,146.0,311,True,investment,False
United Kingdom,"Sales, retail, commerce, marketing",2024,38.0,318,True,investment,False
United Kingdom,"Sales, retail, commerce, marketing",2025,221.0,453,False,investment,False
United Kingdom,Semiconductor,2016,4.0,4,True,investment,False
United Kingdom,Semiconductor,2017,11.0,11,True,investment,False
United Kingdom,Semiconductor,2018,15.0,19,True,investment,False
United Kingdom,Semiconductor,2019,24.0,24,True,investment,False
United Kingdom,Semiconductor,2020,32.0,32,True,investment,False
United Kingdom,Semiconductor,2021,9.0,10,True,investment,False
United Kingdom,Semiconductor,2022,14.0,14,True,investment,False
United Kingdom,Semiconductor,2023,14.0,14,True,investment,False
United Kingdom,Semiconductor,2024,174.0,227,True,investment,False
United Kingdom,Semiconductor,2025,235.0,253,False,investment,False
United Kingdom,Simulation,2017,,2,True,investment,False
United Kingdom,Simulation,2019,4.0,29,True,investment,False
United Kingdom,Simulation,2020,0.0,0,True,investment,False
United Kingdom,Simulation,2021,,1,True,investment,False
United Kingdom,Simulation,2022,0.0,0,True,investment,False
United Kingdom,Simulation,2023,11.0,11,True,investment,False
United Kingdom,Simulation,2024,7.0,7,True,investment,False
United Kingdom,Simulation,2025,37.0,37,False,investment,False
United Kingdom,Software,2015,199.0,604,True,investment,False
United Kingdom,Software,2016,642.0,2519,True,investment,False
United Kingdom,Software,2017,414.0,728,True,investment,False
United Kingdom,Software,2018,568.0,1281,True,investment,False
United Kingdom,Software,2019,636.0,1405,True,investment,False
United Kingdom,Software,2020,1361.0,3029,True,investment,False
United Kingdom,Software,2021,2172.0,4068,True,investment,False
United Kingdom,Software,2022,1788.0,3421,True,investment,False
United Kingdom,Software,2023,1694.0,3081,True,investment,False
United Kingdom,Software,2024,1674.0,3900,True,investment,False
United Kingdom,Software,2025,4071.0,6502,False,investment,False
United Kingdom,Speech Recognition,2015,0.0,0,True,investment,False
United Kingdom,Speech Recognition,2017,0.0,3,True,investment,False
United Kingdom,Speech Recognition,2019,7.0,7,True,investment,False
United Kingdom,Speech Recognition,2020,3.0,3,True,investment,False
United Kingdom,Speech Recognition,2021,5.0,5,True,investment,False
United Kingdom,Speech Recognition,2022,31.0,32,True,investment,False
United Kingdom,Speech Recognition,2023,2.0,5,True,investment,False
United Kingdom,Speech Recognition,2024,11.0,11,True,investment,False
United Kingdom,Speech Recognition,2025,1.0,1,False,investment,False
United Kingdom,Sports,2015,,1,True,investment,False
United Kingdom,Sports,2016,1.0,6,True,investment,False
United Kingdom,Sports,2017,,11,True,investment,False
United Kingdom,Sports,2018,7.0,9,True,investment,False
United Kingdom,Sports,2019,1.0,25,True,investment,False
United Kingdom,Sports,2020,4.0,95,True,investment,False
United Kingdom,Sports,2021,0.0,1,True,investment,False
United Kingdom,Sports,2022,39.0,41,True,investment,False
United Kingdom,Sports,2023,2.0,47,True,investment,False
United Kingdom,Sports,2024,3.0,37,True,investment,False
United Kingdom,Sports,2025,4.0,18,False,investment,False
United Kingdom,Telecommunications,2015,0.0,0,True,investment,False
United Kingdom,Telecommunications,2016,1.0,202,True,investment,False
United Kingdom,Telecommunications,2017,4.0,4,True,investment,False
United Kingdom,Telecommunications,2018,6.0,6,True,investment,False
United Kingdom,Telecommunications,2019,16.0,31,True,investment,False
United Kingdom,Telecommunications,2020,0.0,1,True,investment,False
United Kingdom,Telecommunications,2021,18.0,136,True,investment,False
United Kingdom,Telecommunications,2022,,19,True,investment,False
United Kingdom,Telecommunications,2023,32.0,75,True,investment,False
United Kingdom,Telecommunications,2024,5.0,67,True,investment,False
United Kingdom,Telecommunications,2025,7.0,68,False,investment,False
United Kingdom,Transportation,2015,21.0,22,True,investment,False
United Kingdom,Transportation,2016,10.0,26,True,investment,False
United Kingdom,Transportation,2017,24.0,69,True,investment,False
United Kingdom,Transportation,2018,48.0,70,True,investment,False
United Kingdom,Transportation,2019,44.0,147,True,investment,False
United Kingdom,Transportation,2020,74.0,92,True,investment,False
United Kingdom,Transportation,2021,115.0,214,True,investment,False
United Kingdom,Transportation,2022,231.0,269,True,investment,False
United Kingdom,Transportation,2023,122.0,178,True,investment,False
United Kingdom,Transportation,2024,371.0,642,True,investment,False
United Kingdom,Transportation,2025,106.0,204,False,investment,False
United States,Agriculture,2015,6.0,17,True,investment,False
United States,Agriculture,2016,27.0,31,True,investment,False
United States,Agriculture,2017,44.0,60,True,investment,False
United States,Agriculture,2018,2148.0,2422,True,investment,False
United States,Agriculture,2019,130.0,320,True,investment,False
United States,Agriculture,2020,57.0,91,True,investment,False
United States,Agriculture,2021,506.0,936,True,investment,False
United States,Agriculture,2022,256.0,669,True,investment,False
United States,Agriculture,2023,54.0,5460,True,investment,False
United States,Agriculture,2024,102.0,604,True,investment,False
United States,Agriculture,2025,70.0,603,False,investment,False
United States,All,2015,13165.0,18527,True,investment,False
United States,All,2016,12592.0,21476,True,investment,False
United States,All,2017,13973.0,26446,True,investment,False
United States,All,2018,36471.0,57782,True,investment,False
United States,All,2019,33462.0,100392,True,investment,False
United States,All,2020,35977.0,73213,True,investment,False
United States,All,2021,92842.0,157810,True,investment,False
United States,All,2022,56603.0,91994,True,investment,False
United States,All,2023,55913.0,127583,True,investment,False
United States,All,2024,121699.0,174176,True,investment,False
United States,All,2025,243995.0,328134,False,investment,False
United States,Biotechnology,2015,102.0,122,True,investment,False
United States,Biotechnology,2016,261.0,477,True,investment,False
United States,Biotechnology,2017,388.0,531,True,investment,False
United States,Biotechnology,2018,312.0,1183,True,investment,False
United States,Biotechnology,2019,1346.0,2910,True,investment,False
United States,Biotechnology,2020,585.0,2512,True,investment,False
United States,Biotechnology,2021,2714.0,6873,True,investment,False
United States,Biotechnology,2022,1498.0,2430,True,investment,False
United States,Biotechnology,2023,873.0,2350,True,investment,False
United States,Biotechnology,2024,1029.0,3348,True,investment,False
United States,Biotechnology,2025,9709.0,11595,False,investment,False
United States,Community and Lifestyle,2015,23.0,219,True,investment,False
United States,Community and Lifestyle,2016,235.0,402,True,investment,False
United States,Community and Lifestyle,2017,118.0,403,True,investment,False
United States,Community and Lifestyle,2018,398.0,1288,True,investment,False
United States,Community and Lifestyle,2019,626.0,1991,True,investment,False
United States,Community and Lifestyle,2020,294.0,2687,True,investment,False
United States,Community and Lifestyle,2021,329.0,2248,True,investment,False
United States,Community and Lifestyle,2022,647.0,1210,True,investment,False
United States,Community and Lifestyle,2023,244.0,1188,True,investment,False
United States,Community and Lifestyle,2024,199.0,1542,True,investment,False
United States,Community and Lifestyle,2025,396.0,2063,False,investment,False
United States,Computer Vision,2015,46.0,152,True,investment,False
United States,Computer Vision,2016,182.0,300,True,investment,False
United States,Computer Vision,2017,270.0,484,True,investment,False
United States,Computer Vision,2018,299.0,896,True,investment,False
United States,Computer Vision,2019,749.0,3405,True,investment,False
United States,Computer Vision,2020,756.0,2520,True,investment,False
United States,Computer Vision,2021,654.0,2784,True,investment,False
United States,Computer Vision,2022,366.0,1256,True,investment,False
United States,Computer Vision,2023,1719.0,2690,True,investment,False
United States,Computer Vision,2024,797.0,1515,True,investment,False
United States,Computer Vision,2025,16160.0,16796,False,investment,False
United States,Consumer goods,2015,289.0,710,True,investment,False
United States,Consumer goods,2016,395.0,1149,True,investment,False
United States,Consumer goods,2017,937.0,2410,True,investment,False
United States,Consumer goods,2018,4232.0,5468,True,investment,False
United States,Consumer goods,2019,1251.0,7501,True,investment,False
United States,Consumer goods,2020,334.0,2246,True,investment,False
United States,Consumer goods,2021,3278.0,6849,True,investment,False
United States,Consumer goods,2022,971.0,2748,True,investment,False
United States,Consumer goods,2023,539.0,7008,True,investment,False
United States,Consumer goods,2024,968.0,2297,True,investment,False
United States,Consumer goods,2025,1583.0,3753,False,investment,False
United States,Cyber Security,2015,106.0,207,True,investment,False
United States,Cyber Security,2016,88.0,218,True,investment,False
United States,Cyber Security,2017,315.0,644,True,investment,False
United States,Cyber Security,2018,2575.0,3530,True,investment,False
United States,Cyber Security,2019,1408.0,2646,True,investment,False
United States,Cyber Security,2020,595.0,1301,True,investment,False
United States,Cyber Security,2021,1754.0,4151,True,investment,False
United States,Cyber Security,2022,884.0,2202,True,investment,False
United States,Cyber Security,2023,2007.0,10640,True,investment,False
United States,Cyber Security,2024,3737.0,5838,True,investment,False
United States,Cyber Security,2025,1006.0,4828,False,investment,False
United States,Data and analytics,2015,6934.0,11023,True,investment,False
United States,Data and analytics,2016,5038.0,11757,True,investment,False
United States,Data and analytics,2017,6164.0,16348,True,investment,False
United States,Data and analytics,2018,20759.0,37573,True,investment,False
United States,Data and analytics,2019,15600.0,68007,True,investment,False
United States,Data and analytics,2020,12287.0,42515,True,investment,False
United States,Data and analytics,2021,33754.0,85553,True,investment,False
United States,Data and analytics,2022,23264.0,51517,True,investment,False
United States,Data and analytics,2023,32048.0,89954,True,investment,False
United States,Data and analytics,2024,36299.0,79078,True,investment,False
United States,Data and analytics,2025,96229.0,164976,False,investment,False
United States,Education,2015,98.0,202,True,investment,False
United States,Education,2016,75.0,725,True,investment,False
United States,Education,2017,43.0,444,True,investment,False
United States,Education,2018,87.0,474,True,investment,False
United States,Education,2019,111.0,1975,True,investment,False
United States,Education,2020,335.0,1387,True,investment,False
United States,Education,2021,1636.0,4863,True,investment,False
United States,Education,2022,663.0,1949,True,investment,False
United States,Education,2023,86.0,750,True,investment,False
United States,Education,2024,284.0,2676,True,investment,False
United States,Education,2025,449.0,2267,False,investment,False
United States,Energy and natural resources,2015,75.0,182,True,investment,False
United States,Energy and natural resources,2016,90.0,358,True,investment,False
United States,Energy and natural resources,2017,142.0,365,True,investment,False
United States,Energy and natural resources,2018,136.0,277,True,investment,False
United States,Energy and natural resources,2019,545.0,3729,True,investment,False
United States,Energy and natural resources,2020,307.0,1336,True,investment,False
United States,Energy and natural resources,2021,402.0,1666,True,investment,False
United States,Energy and natural resources,2022,423.0,922,True,investment,False
United States,Energy and natural resources,2023,363.0,983,True,investment,False
United States,Energy and natural resources,2024,258.0,1307,True,investment,False
United States,Energy and natural resources,2025,1292.0,3981,False,investment,False
United States,Facial Recognition,2015,0.0,50,True,investment,False
United States,Facial Recognition,2016,20.0,85,True,investment,False
United States,Facial Recognition,2017,6.0,6,True,investment,False
United States,Facial Recognition,2018,37.0,46,True,investment,False
United States,Facial Recognition,2019,1.0,1,True,investment,False
United States,Facial Recognition,2020,6.0,6,True,investment,False
United States,Facial Recognition,2021,157.0,457,True,investment,False
United States,Facial Recognition,2022,9.0,15,True,investment,False
United States,Facial Recognition,2024,1.0,20,True,investment,False
United States,Facial Recognition,2025,3.0,3,False,investment,False
United States,Finance,2015,4266.0,4658,True,investment,False
United States,Finance,2016,316.0,1190,True,investment,False
United States,Finance,2017,438.0,1369,True,investment,False
United States,Finance,2018,656.0,2180,True,investment,False
United States,Finance,2019,1681.0,6228,True,investment,False
United States,Finance,2020,5359.0,9281,True,investment,False
United States,Finance,2021,6933.0,13862,True,investment,False
United States,Finance,2022,9472.0,12759,True,investment,False
United States,Finance,2023,2102.0,12535,True,investment,False
United States,Finance,2024,3551.0,8390,True,investment,False
United States,Finance,2025,6696.0,16681,False,investment,False
United States,Gaming,2015,24.0,73,True,investment,False
United States,Gaming,2016,25.0,29,True,investment,False
United States,Gaming,2017,17.0,26,True,investment,False
United States,Gaming,2018,34.0,133,True,investment,False
United States,Gaming,2019,176.0,193,True,investment,False
United States,Gaming,2020,36.0,64,True,investment,False
United States,Gaming,2021,56.0,309,True,investment,False
United States,Gaming,2022,53.0,76,True,investment,False
United States,Gaming,2023,20.0,396,True,investment,False
United States,Gaming,2024,62.0,522,True,investment,False
United States,Gaming,2025,19.0,34,False,investment,False
United States,General purpose,2015,5853.0,8353,True,investment,False
United States,General purpose,2016,4750.0,8698,True,investment,False
United States,General purpose,2017,5780.0,12618,True,investment,False
United States,General purpose,2018,18570.0,32439,True,investment,False
United States,General purpose,2019,14572.0,55059,True,investment,False
United States,General purpose,2020,9520.0,34869,True,investment,False
United States,General purpose,2021,27873.0,71692,True,investment,False
United States,General purpose,2022,21635.0,47653,True,investment,False
United States,General purpose,2023,31827.0,87288,True,investment,False
United States,General purpose,2024,34027.0,72638,True,investment,False
United States,General purpose,2025,96853.0,159644,False,investment,False
United States,Hardware,2015,580.0,1631,True,investment,False
United States,Hardware,2016,1716.0,2961,True,investment,False
United States,Hardware,2017,2396.0,5001,True,investment,False
United States,Hardware,2018,5700.0,10187,True,investment,False
United States,Hardware,2019,5929.0,21112,True,investment,False
United States,Hardware,2020,5383.0,12387,True,investment,False
United States,Hardware,2021,7575.0,19945,True,investment,False
United States,Hardware,2022,3457.0,9191,True,investment,False
United States,Hardware,2023,3486.0,13442,True,investment,False
United States,Hardware,2024,5729.0,13734,True,investment,False
United States,Hardware,2025,24796.0,33824,False,investment,False
United States,Healthcare and Life Sciences,2015,386.0,477,True,investment,False
United States,Healthcare and Life Sciences,2016,327.0,877,True,investment,False
United States,Healthcare and Life Sciences,2017,1198.0,1875,True,investment,False
United States,Healthcare and Life Sciences,2018,628.0,2224,True,investment,False
United States,Healthcare and Life Sciences,2019,1928.0,6439,True,investment,False
United States,Healthcare and Life Sciences,2020,1497.0,8123,True,investment,False
United States,Healthcare and Life Sciences,2021,3966.0,11912,True,investment,False
United States,Healthcare and Life Sciences,2022,2503.0,7009,True,investment,False
United States,Healthcare and Life Sciences,2023,1992.0,6684,True,investment,False
United States,Healthcare and Life Sciences,2024,2480.0,8974,True,investment,False
United States,Healthcare and Life Sciences,2025,18238.0,29026,False,investment,False
United States,Information Technology,2015,991.0,2390,True,investment,False
United States,Information Technology,2016,1885.0,5086,True,investment,False
United States,Information Technology,2017,2553.0,6566,True,investment,False
United States,Information Technology,2018,7658.0,15682,True,investment,False
United States,Information Technology,2019,7089.0,27624,True,investment,False
United States,Information Technology,2020,3685.0,18224,True,investment,False
United States,Information Technology,2021,15737.0,37694,True,investment,False
United States,Information Technology,2022,6182.0,21335,True,investment,False
United States,Information Technology,2023,14551.0,43391,True,investment,False
United States,Information Technology,2024,17522.0,36638,True,investment,False
United States,Information Technology,2025,39959.0,70599,False,investment,False
United States,Lending and Investments,2015,268.0,335,True,investment,False
United States,Lending and Investments,2016,36.0,176,True,investment,False
United States,Lending and Investments,2017,173.0,344,True,investment,False
United States,Lending and Investments,2018,45.0,262,True,investment,False
United States,Lending and Investments,2019,765.0,1311,True,investment,False
United States,Lending and Investments,2020,304.0,1119,True,investment,False
United States,Lending and Investments,2021,2475.0,3326,True,investment,False
United States,Lending and Investments,2022,1146.0,1493,True,investment,False
United States,Lending and Investments,2023,295.0,904,True,investment,False
United States,Lending and Investments,2024,395.0,1363,True,investment,False
United States,Lending and Investments,2025,1766.0,2709,False,investment,False
United States,Manufacturing,2015,108.0,648,True,investment,False
United States,Manufacturing,2016,107.0,313,True,investment,False
United States,Manufacturing,2017,467.0,843,True,investment,False
United States,Manufacturing,2018,3195.0,3894,True,investment,False
United States,Manufacturing,2019,340.0,1472,True,investment,False
United States,Manufacturing,2020,393.0,1747,True,investment,False
United States,Manufacturing,2021,1145.0,3624,True,investment,False
United States,Manufacturing,2022,748.0,2138,True,investment,False
United States,Manufacturing,2023,495.0,6778,True,investment,False
United States,Manufacturing,2024,4745.0,6649,True,investment,False
United States,Manufacturing,2025,1737.0,6125,False,investment,False
United States,Media and Entertainment,2015,195.0,831,True,investment,False
United States,Media and Entertainment,2016,327.0,1519,True,investment,False
United States,Media and Entertainment,2017,333.0,1399,True,investment,False
United States,Media and Entertainment,2018,1078.0,2822,True,investment,False
United States,Media and Entertainment,2019,1178.0,5816,True,investment,False
United States,Media and Entertainment,2020,299.0,2753,True,investment,False
United States,Media and Entertainment,2021,1172.0,5271,True,investment,False
United States,Media and Entertainment,2022,580.0,3306,True,investment,False
United States,Media and Entertainment,2023,532.0,2426,True,investment,False
United States,Media and Entertainment,2024,2132.0,5304,True,investment,False
United States,Media and Entertainment,2025,5399.0,9990,False,investment,False
United States,"Military, public safety and government",2015,40.0,141,True,investment,False
United States,"Military, public safety and government",2016,150.0,292,True,investment,False
United States,"Military, public safety and government",2017,63.0,140,True,investment,False
United States,"Military, public safety and government",2018,51.0,374,True,investment,False
United States,"Military, public safety and government",2019,90.0,540,True,investment,False
United States,"Military, public safety and government",2020,520.0,926,True,investment,False
United States,"Military, public safety and government",2021,881.0,2148,True,investment,False
United States,"Military, public safety and government",2022,609.0,1331,True,investment,False
United States,"Military, public safety and government",2023,1096.0,1865,True,investment,False
United States,"Military, public safety and government",2024,336.0,1534,True,investment,False
United States,"Military, public safety and government",2025,2031.0,3234,False,investment,False
United States,"Mobile, platforms & Internet services",2015,1347.0,2714,True,investment,False
United States,"Mobile, platforms & Internet services",2016,2479.0,5090,True,investment,False
United States,"Mobile, platforms & Internet services",2017,1828.0,5230,True,investment,False
United States,"Mobile, platforms & Internet services",2018,12535.0,19396,True,investment,False
United States,"Mobile, platforms & Internet services",2019,6169.0,21251,True,investment,False
United States,"Mobile, platforms & Internet services",2020,2713.0,11141,True,investment,False
United States,"Mobile, platforms & Internet services",2021,10474.0,26560,True,investment,False
United States,"Mobile, platforms & Internet services",2022,3310.0,11434,True,investment,False
United States,"Mobile, platforms & Internet services",2023,3226.0,9970,True,investment,False
United States,"Mobile, platforms & Internet services",2024,4568.0,15418,True,investment,False
United States,"Mobile, platforms & Internet services",2025,23431.0,36872,False,investment,False
United States,NLP,2015,166.0,237,True,investment,False
United States,NLP,2016,79.0,533,True,investment,False
United States,NLP,2017,232.0,806,True,investment,False
United States,NLP,2018,95.0,1693,True,investment,False
United States,NLP,2019,612.0,3901,True,investment,False
United States,NLP,2020,423.0,2215,True,investment,False
United States,NLP,2021,496.0,3899,True,investment,False
United States,NLP,2022,182.0,1686,True,investment,False
United States,NLP,2023,12528.0,13232,True,investment,False
United States,NLP,2024,3293.0,5794,True,investment,False
United States,NLP,2025,4412.0,6980,False,investment,False
United States,Navigation and mapping,2015,13.0,16,True,investment,False
United States,Navigation and mapping,2016,45.0,121,True,investment,False
United States,Navigation and mapping,2017,43.0,130,True,investment,False
United States,Navigation and mapping,2018,100.0,229,True,investment,False
United States,Navigation and mapping,2019,60.0,2001,True,investment,False
United States,Navigation and mapping,2020,82.0,209,True,investment,False
United States,Navigation and mapping,2021,268.0,1157,True,investment,False
United States,Navigation and mapping,2022,169.0,1058,True,investment,False
United States,Navigation and mapping,2023,64.0,593,True,investment,False
United States,Navigation and mapping,2024,187.0,1452,True,investment,False
United States,Navigation and mapping,2025,87.0,874,False,investment,False
United States,Other,2015,502.0,748,True,investment,False
United States,Other,2016,326.0,1231,True,investment,False
United States,Other,2017,611.0,1721,True,investment,False
United States,Other,2018,8081.0,10891,True,investment,False
United States,Other,2019,1632.0,9351,True,investment,False
United States,Other,2020,903.0,4409,True,investment,False
United States,Other,2021,1971.0,9820,True,investment,False
United States,Other,2022,6439.0,9902,True,investment,False
United States,Other,2023,1670.0,4202,True,investment,False
United States,Other,2024,3764.0,9684,True,investment,False
United States,Other,2025,7322.0,15919,False,investment,False
United States,Privacy and Security,2015,314.0,571,True,investment,False
United States,Privacy and Security,2016,201.0,678,True,investment,False
United States,Privacy and Security,2017,589.0,1608,True,investment,False
United States,Privacy and Security,2018,2908.0,5241,True,investment,False
United States,Privacy and Security,2019,1847.0,4224,True,investment,False
United States,Privacy and Security,2020,1035.0,3781,True,investment,False
United States,Privacy and Security,2021,4664.0,10287,True,investment,False
United States,Privacy and Security,2022,1281.0,3203,True,investment,False
United States,Privacy and Security,2023,3030.0,12357,True,investment,False
United States,Privacy and Security,2024,5214.0,8885,True,investment,False
United States,Privacy and Security,2025,5463.0,11874,False,investment,False
United States,Professional services,2015,5009.0,5674,True,investment,False
United States,Professional services,2016,535.0,1431,True,investment,False
United States,Professional services,2017,304.0,1656,True,investment,False
United States,Professional services,2018,1839.0,4271,True,investment,False
United States,Professional services,2019,2223.0,9894,True,investment,False
United States,Professional services,2020,1001.0,4883,True,investment,False
United States,Professional services,2021,5401.0,13781,True,investment,False
United States,Professional services,2022,2961.0,8037,True,investment,False
United States,Professional services,2023,3434.0,15329,True,investment,False
United States,Professional services,2024,1925.0,7987,True,investment,False
United States,Professional services,2025,6675.0,17887,False,investment,False
United States,Real estate,2015,31.0,153,True,investment,False
United States,Real estate,2016,215.0,300,True,investment,False
United States,Real estate,2017,95.0,312,True,investment,False
United States,Real estate,2018,128.0,736,True,investment,False
United States,Real estate,2019,214.0,3663,True,investment,False
United States,Real estate,2020,377.0,1450,True,investment,False
United States,Real estate,2021,2634.0,4498,True,investment,False
United States,Real estate,2022,391.0,1235,True,investment,False
United States,Real estate,2023,351.0,1374,True,investment,False
United States,Real estate,2024,156.0,1273,True,investment,False
United States,Real estate,2025,1255.0,4016,False,investment,False
United States,Robotics,2015,108.0,315,True,investment,False
United States,Robotics,2016,160.0,216,True,investment,False
United States,Robotics,2017,194.0,1234,True,investment,False
United States,Robotics,2018,413.0,957,True,investment,False
United States,Robotics,2019,1230.0,2989,True,investment,False
United States,Robotics,2020,2757.0,3544,True,investment,False
United States,Robotics,2021,994.0,2478,True,investment,False
United States,Robotics,2022,563.0,1392,True,investment,False
United States,Robotics,2023,462.0,6412,True,investment,False
United States,Robotics,2024,796.0,1988,True,investment,False
United States,Robotics,2025,878.0,2954,False,investment,False
United States,"Sales, retail, commerce, marketing",2015,1156.0,2176,True,investment,False
United States,"Sales, retail, commerce, marketing",2016,814.0,2339,True,investment,False
United States,"Sales, retail, commerce, marketing",2017,704.0,3584,True,investment,False
United States,"Sales, retail, commerce, marketing",2018,1860.0,6143,True,investment,False
United States,"Sales, retail, commerce, marketing",2019,1478.0,13489,True,investment,False
United States,"Sales, retail, commerce, marketing",2020,954.0,6039,True,investment,False
United States,"Sales, retail, commerce, marketing",2021,6974.0,18969,True,investment,False
United States,"Sales, retail, commerce, marketing",2022,7349.0,15112,True,investment,False
United States,"Sales, retail, commerce, marketing",2023,1169.0,5349,True,investment,False
United States,"Sales, retail, commerce, marketing",2024,2694.0,8201,True,investment,False
United States,"Sales, retail, commerce, marketing",2025,1369.0,10389,False,investment,False
United States,Semiconductor,2015,15.0,115,True,investment,False
United States,Semiconductor,2016,414.0,414,True,investment,False
United States,Semiconductor,2017,57.0,62,True,investment,False
United States,Semiconductor,2018,94.0,107,True,investment,False
United States,Semiconductor,2019,364.0,1111,True,investment,False
United States,Semiconductor,2020,81.0,302,True,investment,False
United States,Semiconductor,2021,285.0,332,True,investment,False
United States,Semiconductor,2022,107.0,131,True,investment,False
United States,Semiconductor,2023,181.0,781,True,investment,False
United States,Semiconductor,2024,612.0,1233,True,investment,False
United States,Semiconductor,2025,1602.0,1936,False,investment,False
United States,Simulation,2015,1.0,1,True,investment,False
United States,Simulation,2016,3.0,3,True,investment,False
United States,Simulation,2017,1.0,1,True,investment,False
United States,Simulation,2018,2.0,26,True,investment,False
United States,Simulation,2019,2.0,47,True,investment,False
United States,Simulation,2020,5.0,383,True,investment,False
United States,Simulation,2021,9.0,210,True,investment,False
United States,Simulation,2022,17.0,17,True,investment,False
United States,Simulation,2023,4.0,11,True,investment,False
United States,Simulation,2024,11.0,19,True,investment,False
United States,Simulation,2025,11.0,22,False,investment,False
United States,Software,2015,7705.0,12126,True,investment,False
United States,Software,2016,6088.0,13764,True,investment,False
United States,Software,2017,6622.0,17251,True,investment,False
United States,Software,2018,21481.0,40332,True,investment,False
United States,Software,2019,16608.0,75854,True,investment,False
United States,Software,2020,12565.0,44456,True,investment,False
United States,Software,2021,38178.0,95549,True,investment,False
United States,Software,2022,23962.0,54541,True,investment,False
United States,Software,2023,33102.0,92955,True,investment,False
United States,Software,2024,34752.0,79978,True,investment,False
United States,Software,2025,96342.0,172263,False,investment,False
United States,Speech Recognition,2015,6.0,10,True,investment,False
United States,Speech Recognition,2016,164.0,231,True,investment,False
United States,Speech Recognition,2017,10.0,72,True,investment,False
United States,Speech Recognition,2018,39.0,48,True,investment,False
United States,Speech Recognition,2019,41.0,402,True,investment,False
United States,Speech Recognition,2020,311.0,705,True,investment,False
United States,Speech Recognition,2021,102.0,493,True,investment,False
United States,Speech Recognition,2022,75.0,301,True,investment,False
United States,Speech Recognition,2023,21.0,40,True,investment,False
United States,Speech Recognition,2024,133.0,962,True,investment,False
United States,Speech Recognition,2025,67.0,270,False,investment,False
United States,Sports,2015,44.0,152,True,investment,False
United States,Sports,2016,32.0,34,True,investment,False
United States,Sports,2017,45.0,117,True,investment,False
United States,Sports,2018,103.0,465,True,investment,False
United States,Sports,2019,54.0,227,True,investment,False
United States,Sports,2020,209.0,807,True,investment,False
United States,Sports,2021,302.0,1595,True,investment,False
United States,Sports,2022,121.0,291,True,investment,False
United States,Sports,2023,144.0,507,True,investment,False
United States,Sports,2024,73.0,620,True,investment,False
United States,Sports,2025,67.0,821,False,investment,False
United States,Telecommunications,2015,61.0,179,True,investment,False
United States,Telecommunications,2016,80.0,449,True,investment,False
United States,Telecommunications,2017,50.0,389,True,investment,False
United States,Telecommunications,2018,78.0,491,True,investment,False
United States,Telecommunications,2019,161.0,3506,True,investment,False
United States,Telecommunications,2020,128.0,908,True,investment,False
United States,Telecommunications,2021,892.0,2229,True,investment,False
United States,Telecommunications,2022,251.0,1080,True,investment,False
United States,Telecommunications,2023,172.0,1054,True,investment,False
United States,Telecommunications,2024,223.0,1378,True,investment,False
United States,Telecommunications,2025,405.0,1334,False,investment,False
United States,Transportation,2015,3975.0,4056,True,investment,False
United States,Transportation,2016,1980.0,2217,True,investment,False
United States,Transportation,2017,2063.0,2756,True,investment,False
United States,Transportation,2018,2651.0,3956,True,investment,False
United States,Transportation,2019,5160.0,10363,True,investment,False
United States,Transportation,2020,4395.0,6485,True,investment,False
United States,Transportation,2021,8616.0,12180,True,investment,False
United States,Transportation,2022,4471.0,7263,True,investment,False
United States,Transportation,2023,3190.0,9868,True,investment,False
United States,Transportation,2024,7978.0,10617,True,investment,False
United States,Transportation,2025,3074.0,6201,False,investment,False
Uruguay,All,2017,0.0,0,True,investment,False
Uruguay,All,2020,2.0,2,True,investment,False
Uruguay,All,2021,9.0,109,True,investment,False
Uruguay,All,2022,6.0,6,True,investment,False
Uruguay,All,2023,0.0,4,True,investment,False
Uruguay,All,2024,2.0,5,True,investment,False
Uruguay,All,2025,12.0,12,False,investment,False
Uruguay,Biotechnology,2021,2.0,2,True,investment,False
Uruguay,Biotechnology,2022,,0,True,investment,False
Uruguay,Biotechnology,2023,,0,True,investment,False
Uruguay,Biotechnology,2025,0.0,0,False,investment,False
Uruguay,Community and Lifestyle,2017,0.0,0,True,investment,False
Uruguay,Community and Lifestyle,2021,0.0,0,True,investment,False
Uruguay,Community and Lifestyle,2023,0.0,0,True,investment,False
Uruguay,Consumer goods,2017,0.0,0,True,investment,False
Uruguay,Data and analytics,2020,2.0,2,True,investment,False
Uruguay,Data and analytics,2021,0.0,100,True,investment,False
Uruguay,Data and analytics,2022,3.0,3,True,investment,False
Uruguay,Data and analytics,2023,0.0,3,True,investment,False
Uruguay,Data and analytics,2024,1.0,3,True,investment,False
Uruguay,Data and analytics,2025,3.0,3,False,investment,False
Uruguay,Energy and natural resources,2021,2.0,2,True,investment,False
Uruguay,Finance,2020,,0,True,investment,False
Uruguay,Finance,2021,,100,True,investment,False
Uruguay,Finance,2023,0.0,0,True,investment,False
Uruguay,Finance,2025,0.0,0,False,investment,False
Uruguay,General purpose,2020,2.0,2,True,investment,False
Uruguay,General purpose,2021,2.0,102,True,investment,False
Uruguay,General purpose,2022,3.0,3,True,investment,False
Uruguay,General purpose,2023,0.0,1,True,investment,False
Uruguay,General purpose,2024,,3,True,investment,False
Uruguay,General purpose,2025,3.0,3,False,investment,False
Uruguay,Hardware,2017,0.0,0,True,investment,False
Uruguay,Healthcare and Life Sciences,2021,2.0,2,True,investment,False
Uruguay,Healthcare and Life Sciences,2024,,3,True,investment,False
Uruguay,Healthcare and Life Sciences,2025,0.0,0,False,investment,False
Uruguay,Information Technology,2017,0.0,0,True,investment,False
Uruguay,Information Technology,2020,,0,True,investment,False
Uruguay,Information Technology,2021,0.0,100,True,investment,False
Uruguay,Information Technology,2022,0.0,0,True,investment,False
Uruguay,Information Technology,2024,1.0,1,True,investment,False
Uruguay,Information Technology,2025,1.0,1,False,investment,False
Uruguay,Lending and Investments,2020,,0,True,investment,False
Uruguay,Lending and Investments,2021,,100,True,investment,False
Uruguay,Lending and Investments,2023,0.0,0,True,investment,False
Uruguay,Lending and Investments,2025,0.0,0,False,investment,False
Uruguay,Media and Entertainment,2025,,0,False,investment,False
Uruguay,"Mobile, platforms & Internet services",2017,0.0,0,True,investment,False
Uruguay,"Mobile, platforms & Internet services",2020,,0,True,investment,False
Uruguay,"Mobile, platforms & Internet services",2021,0.0,100,True,investment,False
Uruguay,"Mobile, platforms & Internet services",2023,0.0,0,True,investment,False
Uruguay,"Mobile, platforms & Internet services",2025,,0,False,investment,False
Uruguay,Other,2020,,0,True,investment,False
Uruguay,Other,2021,,100,True,investment,False
Uruguay,Professional services,2020,,0,True,investment,False
Uruguay,Professional services,2021,,100,True,investment,False
Uruguay,Professional services,2023,,1,True,investment,False
Uruguay,Professional services,2025,0.0,0,False,investment,False
Uruguay,"Sales, retail, commerce, marketing",2017,0.0,0,True,investment,False
Uruguay,"Sales, retail, commerce, marketing",2020,2.0,2,True,investment,False
Uruguay,"Sales, retail, commerce, marketing",2021,0.0,0,True,investment,False
Uruguay,"Sales, retail, commerce, marketing",2022,3.0,3,True,investment,False
Uruguay,"Sales, retail, commerce, marketing",2023,0.0,0,True,investment,False
Uruguay,"Sales, retail, commerce, marketing",2024,1.0,1,True,investment,False
Uruguay,"Sales, retail, commerce, marketing",2025,1.0,1,False,investment,False
Uruguay,Software,2017,0.0,0,True,investment,False
Uruguay,Software,2020,2.0,2,True,investment,False
Uruguay,Software,2021,0.0,100,True,investment,False
Uruguay,Software,2022,3.0,3,True,investment,False
Uruguay,Software,2023,0.0,3,True,investment,False
Uruguay,Software,2024,1.0,3,True,investment,False
Uruguay,Software,2025,3.0,3,False,investment,False
Uzbekistan,All,2024,0.0,0,True,investment,False
Uzbekistan,All,2025,0.0,0,False,investment,False
Uzbekistan,Data and analytics,2024,0.0,0,True,investment,False
Uzbekistan,General purpose,2024,0.0,0,True,investment,False
Uzbekistan,"Mobile, platforms & Internet services",2024,0.0,0,True,investment,False
Uzbekistan,Other,2024,0.0,0,True,investment,False
Uzbekistan,"Sales, retail, commerce, marketing",2024,0.0,0,True,investment,False
Uzbekistan,Software,2024,0.0,0,True,investment,False
Uzbekistan,Software,2025,0.0,0,False,investment,False
Uzbekistan,Transportation,2024,0.0,0,True,investment,False
Venezuela,All,2019,1.0,1,True,investment,False
Venezuela,All,2021,,0,True,investment,False
Venezuela,Data and analytics,2019,1.0,1,True,investment,False
Venezuela,Data and analytics,2021,,0,True,investment,False
Venezuela,Information Technology,2019,1.0,1,True,investment,False
Venezuela,Information Technology,2021,,0,True,investment,False
Venezuela,"Mobile, platforms & Internet services",2019,1.0,1,True,investment,False
Venezuela,"Mobile, platforms & Internet services",2021,,0,True,investment,False
Venezuela,Real estate,2019,1.0,1,True,investment,False
Venezuela,Real estate,2021,,0,True,investment,False
Venezuela,Software,2019,1.0,1,True,investment,False
Venezuela,Software,2021,,0,True,investment,False
Venezuela,Transportation,2019,1.0,1,True,investment,False
Venezuela,Transportation,2021,,0,True,investment,False
Vietnam,Agriculture,2016,,2,True,investment,False
Vietnam,All,2016,,2,True,investment,False
Vietnam,All,2017,,0,True,investment,False
Vietnam,All,2018,0.0,0,True,investment,False
Vietnam,All,2019,1.0,17,True,investment,False
Vietnam,All,2020,1.0,6,True,investment,False
Vietnam,All,2021,9.0,32,True,investment,False
Vietnam,All,2022,28.0,35,True,investment,False
Vietnam,All,2023,9.0,39,True,investment,False
Vietnam,All,2024,3.0,8,True,investment,False
Vietnam,All,2025,90.0,268,False,investment,False
Vietnam,Biotechnology,2023,1.0,1,True,investment,False
Vietnam,Community and Lifestyle,2021,0.0,0,True,investment,False
Vietnam,Community and Lifestyle,2022,,1,True,investment,False
Vietnam,Community and Lifestyle,2023,,2,True,investment,False
Vietnam,Computer Vision,2016,,2,True,investment,False
Vietnam,Computer Vision,2024,,1,True,investment,False
Vietnam,Consumer goods,2020,,1,True,investment,False
Vietnam,Consumer goods,2021,0.0,10,True,investment,False
Vietnam,Data and analytics,2016,,2,True,investment,False
Vietnam,Data and analytics,2017,,0,True,investment,False
Vietnam,Data and analytics,2018,0.0,0,True,investment,False
Vietnam,Data and analytics,2019,0.0,9,True,investment,False
Vietnam,Data and analytics,2020,1.0,3,True,investment,False
Vietnam,Data and analytics,2021,8.0,26,True,investment,False
Vietnam,Data and analytics,2022,3.0,9,True,investment,False
Vietnam,Data and analytics,2023,3.0,21,True,investment,False
Vietnam,Data and analytics,2024,2.0,4,True,investment,False
Vietnam,Data and analytics,2025,82.0,260,False,investment,False
Vietnam,Education,2021,0.0,3,True,investment,False
Vietnam,Education,2022,0.0,0,True,investment,False
Vietnam,Education,2023,0.0,1,True,investment,False
Vietnam,Education,2024,0.0,0,True,investment,False
Vietnam,Education,2025,0.0,0,False,investment,False
Vietnam,Energy and natural resources,2023,0.0,0,True,investment,False
Vietnam,Finance,2018,0.0,0,True,investment,False
Vietnam,Finance,2019,1.0,2,True,investment,False
Vietnam,Finance,2020,,1,True,investment,False
Vietnam,Finance,2021,6.0,6,True,investment,False
Vietnam,Finance,2022,3.0,7,True,investment,False
Vietnam,Finance,2023,0.0,0,True,investment,False
Vietnam,General purpose,2016,,2,True,investment,False
Vietnam,General purpose,2017,,0,True,investment,False
Vietnam,General purpose,2018,0.0,0,True,investment,False
Vietnam,General purpose,2019,0.0,7,True,investment,False
Vietnam,General purpose,2020,1.0,3,True,investment,False
Vietnam,General purpose,2021,7.0,25,True,investment,False
Vietnam,General purpose,2022,3.0,9,True,investment,False
Vietnam,General purpose,2023,3.0,17,True,investment,False
Vietnam,General purpose,2024,2.0,4,True,investment,False
Vietnam,General purpose,2025,82.0,260,False,investment,False
Vietnam,Hardware,2016,,2,True,investment,False
Vietnam,Hardware,2021,,10,True,investment,False
Vietnam,Hardware,2023,,2,True,investment,False
Vietnam,Hardware,2024,1.0,1,True,investment,False
Vietnam,Healthcare and Life Sciences,2021,0.0,0,True,investment,False
Vietnam,Healthcare and Life Sciences,2022,0.0,0,True,investment,False
Vietnam,Healthcare and Life Sciences,2023,,0,True,investment,False
Vietnam,Healthcare and Life Sciences,2024,0.0,1,True,investment,False
Vietnam,Information Technology,2016,,2,True,investment,False
Vietnam,Information Technology,2020,1.0,1,True,investment,False
Vietnam,Information Technology,2021,1.0,5,True,investment,False
Vietnam,Information Technology,2022,,0,True,investment,False
Vietnam,Information Technology,2023,0.0,2,True,investment,False
Vietnam,Information Technology,2024,1.0,3,True,investment,False
Vietnam,Information Technology,2025,80.0,88,False,investment,False
Vietnam,Lending and Investments,2018,0.0,0,True,investment,False
Vietnam,Lending and Investments,2019,1.0,2,True,investment,False
Vietnam,Lending and Investments,2020,,1,True,investment,False
Vietnam,Lending and Investments,2022,3.0,3,True,investment,False
Vietnam,Media and Entertainment,2020,,0,True,investment,False
Vietnam,Media and Entertainment,2021,0.0,0,True,investment,False
Vietnam,Media and Entertainment,2022,,0,True,investment,False
Vietnam,Media and Entertainment,2023,0.0,0,True,investment,False
Vietnam,"Mobile, platforms & Internet services",2019,0.0,1,True,investment,False
Vietnam,"Mobile, platforms & Internet services",2020,1.0,1,True,investment,False
Vietnam,"Mobile, platforms & Internet services",2021,1.0,2,True,investment,False
Vietnam,"Mobile, platforms & Internet services",2022,3.0,6,True,investment,False
Vietnam,"Mobile, platforms & Internet services",2023,2.0,4,True,investment,False
Vietnam,"Mobile, platforms & Internet services",2024,3.0,3,True,investment,False
Vietnam,"Mobile, platforms & Internet services",2025,2.0,10,False,investment,False
Vietnam,NLP,2022,3.0,3,True,investment,False
Vietnam,NLP,2023,2.0,2,True,investment,False
Vietnam,NLP,2024,1.0,1,True,investment,False
Vietnam,NLP,2025,2.0,2,False,investment,False
Vietnam,Other,2020,,1,True,investment,False
Vietnam,Other,2021,6.0,8,True,investment,False
Vietnam,Other,2022,0.0,5,True,investment,False
Vietnam,Other,2023,0.0,2,True,investment,False
Vietnam,Other,2024,1.0,3,True,investment,False
Vietnam,Privacy and Security,2019,,1,True,investment,False
Vietnam,Privacy and Security,2020,,1,True,investment,False
Vietnam,Privacy and Security,2021,,1,True,investment,False
Vietnam,Privacy and Security,2023,1.0,1,True,investment,False
Vietnam,Professional services,2017,,0,True,investment,False
Vietnam,Professional services,2018,0.0,0,True,investment,False
Vietnam,Professional services,2019,0.0,5,True,investment,False
Vietnam,Professional services,2021,,3,True,investment,False
Vietnam,Professional services,2022,0.0,2,True,investment,False
Vietnam,Professional services,2023,,13,True,investment,False
Vietnam,Professional services,2024,0.0,0,True,investment,False
Vietnam,Professional services,2025,,0,False,investment,False
Vietnam,Real estate,2021,1.0,1,True,investment,False
Vietnam,Real estate,2022,0.0,0,True,investment,False
Vietnam,Real estate,2023,0.0,2,True,investment,False
Vietnam,Real estate,2025,80.0,80,False,investment,False
Vietnam,"Sales, retail, commerce, marketing",2018,,0,True,investment,False
Vietnam,"Sales, retail, commerce, marketing",2019,,1,True,investment,False
Vietnam,"Sales, retail, commerce, marketing",2020,,1,True,investment,False
Vietnam,"Sales, retail, commerce, marketing",2021,7.0,8,True,investment,False
Vietnam,"Sales, retail, commerce, marketing",2022,,0,True,investment,False
Vietnam,"Sales, retail, commerce, marketing",2023,0.0,0,True,investment,False
Vietnam,"Sales, retail, commerce, marketing",2024,0.0,0,True,investment,False
Vietnam,Software,2016,,2,True,investment,False
Vietnam,Software,2017,,0,True,investment,False
Vietnam,Software,2018,0.0,0,True,investment,False
Vietnam,Software,2019,0.0,9,True,investment,False
Vietnam,Software,2020,1.0,3,True,investment,False
Vietnam,Software,2021,7.0,28,True,investment,False
Vietnam,Software,2022,3.0,10,True,investment,False
Vietnam,Software,2023,3.0,21,True,investment,False
Vietnam,Software,2024,3.0,4,True,investment,False
Vietnam,Software,2025,82.0,260,False,investment,False
Vietnam,Sports,2023,0.0,0,True,investment,False
Vietnam,Telecommunications,2020,1.0,1,True,investment,False
Vietnam,Transportation,2019,0.0,1,True,investment,False
Vietnam,Transportation,2020,,1,True,investment,False
Vietnam,Transportation,2021,0.0,2,True,investment,False
Vietnam,Transportation,2022,0.0,1,True,investment,False
Zambia,Agriculture,2019,,1,True,investment,False
Zambia,Agriculture,2021,0.0,0,True,investment,False
Zambia,Agriculture,2023,0.0,0,True,investment,False
Zambia,All,2019,,1,True,investment,False
Zambia,All,2021,0.0,0,True,investment,False
Zambia,All,2022,0.0,0,True,investment,False
Zambia,All,2023,0.0,0,True,investment,False
Zambia,Data and analytics,2019,,1,True,investment,False
Zambia,Data and analytics,2021,0.0,0,True,investment,False
Zambia,Data and analytics,2023,0.0,0,True,investment,False
Zambia,Finance,2022,0.0,0,True,investment,False
Zambia,General purpose,2019,,1,True,investment,False
Zambia,General purpose,2021,0.0,0,True,investment,False
Zambia,General purpose,2023,0.0,0,True,investment,False
Zambia,Hardware,2021,0.0,0,True,investment,False
Zambia,Hardware,2023,0.0,0,True,investment,False
Zambia,"Mobile, platforms & Internet services",2021,0.0,0,True,investment,False
Zambia,"Mobile, platforms & Internet services",2023,0.0,0,True,investment,False
Zambia,Other,2022,0.0,0,True,investment,False
Zambia,Software,2019,,1,True,investment,False
Zambia,Software,2021,0.0,0,True,investment,False
Zambia,Software,2023,0.0,0,True,investment,False
Zimbabwe,All,2019,0.0,0,True,investment,False
Zimbabwe,All,2020,,0,True,investment,False
Zimbabwe,All,2021,,0,True,investment,False
Zimbabwe,All,2023,0.0,0,True,investment,False
Zimbabwe,All,2024,1.0,1,True,investment,False
Zimbabwe,All,2025,,0,False,investment,False
Zimbabwe,Data and analytics,2019,0.0,0,True,investment,False
Zimbabwe,Data and analytics,2020,,0,True,investment,False
Zimbabwe,Data and analytics,2021,,0,True,investment,False
Zimbabwe,Data and analytics,2023,0.0,0,True,investment,False
Zimbabwe,Data and analytics,2024,1.0,1,True,investment,False
Zimbabwe,Data and analytics,2025,,0,False,investment,False
Zimbabwe,Energy and natural resources,2021,,0,True,investment,False
Zimbabwe,Energy and natural resources,2023,0.0,0,True,investment,False
Zimbabwe,Energy and natural resources,2025,,0,False,investment,False
Zimbabwe,Finance,2023,0.0,0,True,investment,False
Zimbabwe,Finance,2024,1.0,1,True,investment,False
Zimbabwe,General purpose,2019,0.0,0,True,investment,False
Zimbabwe,General purpose,2020,,0,True,investment,False
Zimbabwe,General purpose,2021,,0,True,investment,False
Zimbabwe,General purpose,2023,0.0,0,True,investment,False
Zimbabwe,General purpose,2024,1.0,1,True,investment,False
Zimbabwe,General purpose,2025,,0,False,investment,False
Zimbabwe,Healthcare and Life Sciences,2019,0.0,0,True,investment,False
Zimbabwe,Healthcare and Life Sciences,2020,,0,True,investment,False
Zimbabwe,Other,2023,0.0,0,True,investment,False
Zimbabwe,Other,2024,1.0,1,True,investment,False
Zimbabwe,Professional services,2023,0.0,0,True,investment,False
Zimbabwe,Professional services,2024,1.0,1,True,investment,False
Zimbabwe,Software,2019,0.0,0,True,investment,False
Zimbabwe,Software,2020,,0,True,investment,False
Zimbabwe,Software,2021,,0,True,investment,False
Zimbabwe,Software,2023,0.0,0,True,investment,False
Zimbabwe,Software,2024,1.0,1,True,investment,False
Zimbabwe,Software,2025,,0,False,investment,False
