country,field,year,disclosed_investment,complete
Brazil,Agriculture,2018,3,True
Switzerland,Agriculture,2022,3,True
Denmark,Agriculture,2021,2,True
India,Agriculture,2022,17,True
South Africa,Agriculture,2019,2,True
New Zealand,Agriculture,2021,0,True
Argentina,Agriculture,2017,1,True
Portugal,All,2025,90,False
Italy,All,2015,40,True
Uruguay,All,2022,6,True
Canada,All,2017,408,True
Poland,All,2025,84,False
Qatar,All,2018,0,True
Ecuador,All,2021,0,True
Panama,All,2023,0,True
Slovakia,All,2023,23,True
Honduras,All,2024,1,True
Serbia,All,2023,43,True
Zambia,All,2023,0,True
Czechia,All,2016,2,True
Croatia,All,2021,1,True
Tunisia,All,2025,1,False
Iceland,All,2017,3,True
Taiwan,All,2022,139,True
Austria,Biotechnology,2015,1,True
Chile,Biotechnology,2025,0,False
Sweden,Biotechnology,2017,0,True
Australia,Biotechnology,2018,1,True
Taiwan,Biotechnology,2024,2,True
Germany,Biotechnology,2019,2,True
Israel,Biotechnology,2024,27,True
India,Community and Lifestyle,2024,13,True
United Kingdom,Community and Lifestyle,2018,24,True
Romania,Community and Lifestyle,2019,0,True
Romania,Community and Lifestyle,2024,1,True
Israel,Community and Lifestyle,2022,15,True
Spain,Community and Lifestyle,2022,6,True
Uruguay,Community and Lifestyle,2017,0,True
Singapore,Community and Lifestyle,2019,49,True
Pakistan,Community and Lifestyle,2024,0,True
South Korea,Computer Vision,2018,6,True
Netherlands,Computer Vision,2022,1,True
Japan,Computer Vision,2024,3,True
Finland,Computer Vision,2015,1,True
Taiwan,Computer Vision,2025,13,False
Poland,Computer Vision,2024,1,True
India,Computer Vision,2025,8,False
Australia,Computer Vision,2017,1,True
Malaysia,Consumer goods,2022,15,True
Brazil,Consumer goods,2021,6,True
Brazil,Consumer goods,2024,0,True
Israel,Consumer goods,2021,39,True
Ireland,Consumer goods,2021,6,True
Sri Lanka,Consumer goods,2024,1,True
United States,Cyber Security,2021,1754,True
Romania,Cyber Security,2020,1,True
Singapore,Cyber Security,2024,3,True
Germany,Cyber Security,2019,4,True
Czechia,Cyber Security,2021,3,True
Saudi Arabia,Cyber Security,2025,3,False
Austria,Cyber Security,2023,0,True
Spain,Cyber Security,2017,0,True
Egypt,Data and analytics,2016,0,True
Indonesia,Data and analytics,2023,10,True
New Zealand,Data and analytics,2023,15,True
Netherlands,Data and analytics,2020,38,True
Switzerland,Data and analytics,2018,65,True
Taiwan,Data and analytics,2018,23,True
Taiwan,Data and analytics,2024,85,True
Latvia,Data and analytics,2021,0,True
United Kingdom,Data and analytics,2018,405,True
United Kingdom,Data and analytics,2023,1644,True
Peru,Data and analytics,2023,1,True
Czechia,Data and analytics,2024,12,True
United Arab Emirates,Data and analytics,2018,8,True
Saudi Arabia,Data and analytics,2025,687,False
Bangladesh,Education,2022,2,True
Australia,Education,2017,2,True
Australia,Education,2018,1,True
Singapore,Education,2020,0,True
Argentina,Education,2019,0,True
Italy,Education,2016,0,True
Finland,Education,2022,0,True
Poland,Education,2018,0,True
China (mainland),Energy and natural resources,2024,18,True
Colombia,Energy and natural resources,2023,0,True
Belgium,Energy and natural resources,2016,1,True
Belgium,Energy and natural resources,2020,2,True
United Kingdom,Energy and natural resources,2017,11,True
Singapore,Energy and natural resources,2017,1,True
Chile,Energy and natural resources,2025,0,False
Austria,Energy and natural resources,2023,4,True
Slovakia,Finance,2025,9,False
Argentina,Finance,2021,2,True
Poland,Finance,2020,5,True
New Zealand,Finance,2018,0,True
Denmark,Finance,2023,9,True
Japan,Finance,2024,42,True
Portugal,Finance,2020,1,True
Portugal,Finance,2021,54,True
Saudi Arabia,Gaming,2020,1,True
Germany,Gaming,2019,0,True
Spain,Gaming,2021,0,True
Japan,Gaming,2024,0,True
Brazil,Gaming,2021,0,True
Thailand,General purpose,2018,0,True
France,General purpose,2018,176,True
Chile,General purpose,2016,0,True
South Africa,General purpose,2023,13,True
Greece,General purpose,2021,4,True
Greece,General purpose,2022,0,True
Ireland,General purpose,2025,79,False
Ukraine,General purpose,2024,1,True
New Zealand,General purpose,2015,4,True
New Zealand,General purpose,2020,7,True
Latvia,General purpose,2019,0,True
Egypt,General purpose,2019,1,True
Saudi Arabia,General purpose,2024,39,True
India,General purpose,2025,1627,False
Kenya,General purpose,2023,0,True
Tunisia,General purpose,2019,0,True
Malaysia,General purpose,2016,0,True
Australia,General purpose,2019,67,True
Poland,General purpose,2019,11,True
Kazakhstan,General purpose,2023,1,True
Spain,General purpose,2021,78,True
Greece,Hardware,2018,1,True
France,Hardware,2022,63,True
Chile,Hardware,2021,1,True
Philippines,Hardware,2022,0,True
Norway,Hardware,2023,12,True
Austria,Hardware,2022,1,True
Estonia,Hardware,2021,3,True
Mexico,Hardware,2015,0,True
Spain,Hardware,2023,14,True
United Kingdom,Hardware,2016,227,True
United Kingdom,Hardware,2017,67,True
Netherlands,Healthcare and Life Sciences,2021,34,True
Indonesia,Healthcare and Life Sciences,2023,2,True
Germany,Healthcare and Life Sciences,2024,54,True
Zimbabwe,Healthcare and Life Sciences,2019,0,True
Kenya,Healthcare and Life Sciences,2021,1,True
New Zealand,Healthcare and Life Sciences,2017,0,True
Saudi Arabia,Healthcare and Life Sciences,2021,2,True
India,Information Technology,2021,79,True
United Arab Emirates,Information Technology,2016,0,True
South Africa,Information Technology,2022,108,True
Ukraine,Information Technology,2020,0,True
Poland,Information Technology,2018,5,True
Uruguay,Information Technology,2024,1,True
France,Information Technology,2016,41,True
Slovenia,Information Technology,2015,0,True
Pakistan,Information Technology,2024,0,True
South Korea,Information Technology,2018,34,True
Sweden,Information Technology,2017,7,True
Seychelles,Information Technology,2016,0,True
Hungary,Information Technology,2022,3,True
Israel,Information Technology,2018,40,True
Romania,Information Technology,2021,4,True
United States,Lending and Investments,2016,36,True
Belgium,Lending and Investments,2018,2,True
Czechia,Lending and Investments,2025,22,False
Germany,Lending and Investments,2017,120,True
Australia,Lending and Investments,2024,0,True
Nigeria,Lending and Investments,2019,8,True
Iceland,Lending and Investments,2017,0,True
United States,Manufacturing,2015,108,True
United Arab Emirates,Manufacturing,2024,1,True
Sri Lanka,Media and Entertainment,2024,0,True
Italy,Media and Entertainment,2018,1,True
Argentina,Media and Entertainment,2016,0,True
Spain,Media and Entertainment,2018,3,True
Spain,Media and Entertainment,2024,1,True
Denmark,Media and Entertainment,2019,1,True
Turkey,Media and Entertainment,2023,1,True
United States,"Military, public safety and government",2022,609,True
Germany,"Military, public safety and government",2023,109,True
Italy,"Military, public safety and government",2025,4,False
Turkey,"Mobile, platforms & Internet services",2015,100,True
Uganda,"Mobile, platforms & Internet services",2020,0,True
Singapore,"Mobile, platforms & Internet services",2016,14,True
India,"Mobile, platforms & Internet services",2020,12210,True
Kazakhstan,"Mobile, platforms & Internet services",2023,0,True
Saudi Arabia,"Mobile, platforms & Internet services",2021,4,True
Finland,"Mobile, platforms & Internet services",2021,48,True
United Kingdom,"Mobile, platforms & Internet services",2015,115,True
Sweden,"Mobile, platforms & Internet services",2016,9,True
Sweden,"Mobile, platforms & Internet services",2022,18,True
Ireland,"Mobile, platforms & Internet services",2020,11,True
Germany,"Mobile, platforms & Internet services",2025,54,False
Spain,NLP,2022,6,True
Italy,NLP,2018,0,True
India,NLP,2016,1,True
Serbia,NLP,2018,0,True
Netherlands,NLP,2016,0,True
Netherlands,NLP,2020,2,True
Ireland,NLP,2018,3,True
Belgium,NLP,2021,0,True
Vietnam,NLP,2024,1,True
France,Navigation and mapping,2019,6,True
Chile,Navigation and mapping,2023,0,True
Estonia,Navigation and mapping,2021,1,True
Brazil,Navigation and mapping,2021,0,True
Romania,Navigation and mapping,2025,0,False
Taiwan,Other,2022,15,True
Spain,Other,2019,6,True
Iceland,Other,2017,0,True
Switzerland,Other,2020,52,True
Egypt,Other,2021,6,True
Israel,Other,2024,23,True
Switzerland,Privacy and Security,2018,3,True
Ireland,Privacy and Security,2021,2,True
Czechia,Privacy and Security,2025,22,False
Luxembourg,Privacy and Security,2020,6,True
France,Privacy and Security,2021,119,True
Turkey,Professional services,2022,10,True
Finland,Professional services,2024,0,True
Cyprus,Professional services,2024,0,True
Chile,Professional services,2023,0,True
Switzerland,Real estate,2019,0,True
China (mainland),Real estate,2016,42,True
South Africa,Real estate,2020,0,True
Chile,Real estate,2024,1,True
Brazil,Robotics,2022,0,True
Estonia,Robotics,2020,0,True
Canada,Robotics,2021,4,True
Uruguay,"Sales, retail, commerce, marketing",2025,1,False
Japan,"Sales, retail, commerce, marketing",2015,4,True
Pakistan,"Sales, retail, commerce, marketing",2018,0,True
Ghana,"Sales, retail, commerce, marketing",2017,0,True
Luxembourg,"Sales, retail, commerce, marketing",2025,1,False
Croatia,"Sales, retail, commerce, marketing",2021,0,True
Russia,"Sales, retail, commerce, marketing",2023,0,True
United States,"Sales, retail, commerce, marketing",2022,7349,True
Malta,"Sales, retail, commerce, marketing",2020,1,True
India,"Sales, retail, commerce, marketing",2021,135,True
Colombia,"Sales, retail, commerce, marketing",2017,0,True
Taiwan,"Sales, retail, commerce, marketing",2025,1,False
Italy,"Sales, retail, commerce, marketing",2019,1,True
Mexico,"Sales, retail, commerce, marketing",2020,25,True
Taiwan,Semiconductor,2023,12,True
Taiwan,Semiconductor,2024,2,True
Slovenia,Simulation,2017,0,True
Zimbabwe,Software,2019,0,True
Russia,Software,2015,1,True
El Salvador,Software,2025,6,False
Germany,Software,2017,307,True
United Kingdom,Software,2025,4071,False
Japan,Software,2020,424,True
Lithuania,Software,2016,0,True
Portugal,Software,2020,5,True
Malaysia,Software,2022,22,True
Chile,Software,2021,35,True
Taiwan,Software,2015,12,True
Taiwan,Software,2021,72,True
Poland,Software,2018,13,True
Indonesia,Software,2016,2,True
Ireland,Software,2025,134,False
Singapore,Software,2017,128,True
United Kingdom,Speech Recognition,2025,1,False
Hungary,Sports,2020,1,True
Netherlands,Sports,2021,1,True
United Kingdom,Sports,2016,1,True
United Kingdom,Sports,2025,4,False
Germany,Telecommunications,2019,1,True
Nigeria,Telecommunications,2019,0,True
India,Telecommunications,2019,107,True
Japan,Transportation,2016,5,True
United Arab Emirates,Transportation,2022,6,True
Netherlands,Transportation,2023,4,True
Saudi Arabia,Transportation,2025,70,False
Brazil,Agriculture,2020,1,True
Hungary,Agriculture,2018,0,True
Netherlands,Agriculture,2016,0,True
Sweden,Agriculture,2025,1,False
Japan,Agriculture,2022,0,True
Canada,Agriculture,2016,4,True
Estonia,Agriculture,2023,2,True
Zambia,Agriculture,2023,0,True
Egypt,All,2023,9,True
Ghana,All,2025,0,False
Zimbabwe,All,2024,1,True
New Zealand,All,2019,7,True
Belgium,All,2016,4,True
Jordan,All,2025,0,False
Sri Lanka,All,2020,0,True
Sri Lanka,All,2023,5,True
Ukraine,All,2021,1,True
Slovakia,All,2022,4,True
Dominican Republic,All,2022,0,True
Luxembourg,All,2022,3,True
Turkey,All,2017,179,True
Turkey,All,2020,8,True
Switzerland,All,2025,1073,False
Ireland,Biotechnology,2017,6,True
Austria,Biotechnology,2016,2,True
Netherlands,Biotechnology,2020,1,True
Sri Lanka,Biotechnology,2025,0,False
Poland,Biotechnology,2019,1,True
South Korea,Biotechnology,2023,42,True
Denmark,Biotechnology,2024,5,True
Portugal,Community and Lifestyle,2021,0,True
Turkey,Community and Lifestyle,2021,2,True
Romania,Community and Lifestyle,2018,0,True
France,Community and Lifestyle,2024,1,True
Belgium,Community and Lifestyle,2023,0,True
United Arab Emirates,Community and Lifestyle,2019,0,True
Netherlands,Community and Lifestyle,2024,2,True
Poland,Community and Lifestyle,2025,1,False
China (mainland),Computer Vision,2017,177,True
Estonia,Computer Vision,2021,0,True
India,Computer Vision,2019,3,True
Mexico,Computer Vision,2022,1,True
South Korea,Consumer goods,2017,3,True
Brazil,Consumer goods,2015,0,True
Japan,Consumer goods,2024,1,True
China (mainland),Consumer goods,2023,164,True
Norway,Consumer goods,2021,7,True
Netherlands,Consumer goods,2016,2,True
Sweden,Consumer goods,2022,1,True
France,Cyber Security,2023,9,True
Saudi Arabia,Cyber Security,2022,40,True
India,Cyber Security,2025,0,False
Switzerland,Cyber Security,2015,0,True
Japan,Cyber Security,2019,1,True
India,Data and analytics,2019,280,True
Italy,Data and analytics,2022,23,True
Belarus,Data and analytics,2022,0,True
Jordan,Data and analytics,2016,0,True
Mexico,Data and analytics,2025,60,False
Spain,Data and analytics,2015,11,True
Spain,Data and analytics,2022,370,True
Lebanon,Data and analytics,2022,0,True
Czechia,Data and analytics,2019,14,True
Bulgaria,Data and analytics,2023,5,True
Luxembourg,Data and analytics,2015,0,True
Saudi Arabia,Education,2025,65,False
New Zealand,Education,2015,3,True
North Macedonia,Education,2024,0,True
Argentina,Education,2018,0,True
Chile,Education,2015,0,True
Lithuania,Education,2021,0,True
Canada,Education,2018,4,True
Turkey,Energy and natural resources,2015,0,True
Sweden,Energy and natural resources,2018,0,True
Finland,Energy and natural resources,2023,2,True
Singapore,Energy and natural resources,2018,1,True
Hungary,Energy and natural resources,2018,0,True
Chile,Energy and natural resources,2015,0,True
Chile,Energy and natural resources,2020,1,True
Austria,Energy and natural resources,2021,2,True
United States,Facial Recognition,2021,157,True
Singapore,Finance,2019,38,True
Brazil,Finance,2018,1,True
Colombia,Finance,2022,4,True
United States,Finance,2017,438,True
United Arab Emirates,Finance,2022,19,True
South Africa,Finance,2020,18,True
Sweden,Finance,2022,6,True
Armenia,Finance,2024,0,True
Russia,Finance,2021,2,True
Lebanon,Finance,2017,0,True
Thailand,Finance,2022,5,True
Uganda,Finance,2020,0,True
Jordan,Finance,2022,0,True
Cyprus,Gaming,2018,1,True
China (mainland),General purpose,2015,315,True
South Africa,General purpose,2017,6,True
United States,General purpose,2015,5853,True
Costa Rica,General purpose,2022,0,True
Netherlands,General purpose,2020,31,True
Bosnia and Herzegovina,General purpose,2016,0,True
Colombia,General purpose,2020,2,True
New Zealand,General purpose,2021,1064,True
Egypt,General purpose,2023,2,True
Mexico,General purpose,2016,1,True
Croatia,General purpose,2024,54,True
Turkey,General purpose,2025,14,False
Brazil,General purpose,2017,6,True
South Korea,General purpose,2022,847,True
Finland,General purpose,2017,8,True
Romania,Hardware,2025,3,False
Kenya,Hardware,2023,0,True
Japan,Hardware,2025,12,False
Ukraine,Hardware,2020,0,True
Estonia,Hardware,2022,4,True
Malaysia,Hardware,2019,7,True
Spain,Hardware,2024,6,True
Japan,Healthcare and Life Sciences,2025,34,False
Ireland,Healthcare and Life Sciences,2022,4,True
Singapore,Healthcare and Life Sciences,2017,6,True
Singapore,Healthcare and Life Sciences,2024,1,True
Poland,Healthcare and Life Sciences,2024,2,True
Slovenia,Healthcare and Life Sciences,2016,0,True
France,Healthcare and Life Sciences,2020,20,True
Hungary,Healthcare and Life Sciences,2020,0,True
Norway,Healthcare and Life Sciences,2021,2,True
United States,Healthcare and Life Sciences,2022,2503,True
Cyprus,Healthcare and Life Sciences,2023,0,True
Taiwan,Healthcare and Life Sciences,2022,14,True
Vietnam,Healthcare and Life Sciences,2022,0,True
United Arab Emirates,Information Technology,2021,803,True
China (mainland),Information Technology,2022,853,True
Slovakia,Information Technology,2024,5,True
Germany,Information Technology,2018,87,True
Bosnia and Herzegovina,Information Technology,2016,0,True
El Salvador,Information Technology,2025,5,False
Colombia,Information Technology,2021,0,True
Colombia,Information Technology,2022,3,True
South Korea,Information Technology,2021,192,True
Sri Lanka,Information Technology,2017,2,True
Estonia,Information Technology,2023,1,True
United States,Lending and Investments,2021,2475,True
Belgium,Lending and Investments,2022,2,True
Czechia,Lending and Investments,2023,11,True
Netherlands,Lending and Investments,2020,1,True
India,Lending and Investments,2019,4,True
United Arab Emirates,Lending and Investments,2022,0,True
Mexico,Lending and Investments,2024,1,True
Israel,Manufacturing,2024,30,True
Denmark,Manufacturing,2023,1,True
Australia,Media and Entertainment,2025,3,False
Belgium,Media and Entertainment,2024,0,True
India,Media and Entertainment,2017,1,True
France,Media and Entertainment,2019,24,True
Norway,Media and Entertainment,2023,0,True
India,"Military, public safety and government",2018,0,True
United States,"Military, public safety and government",2023,1096,True
China (mainland),"Military, public safety and government",2018,8,True
Poland,"Mobile, platforms & Internet services",2018,1,True
Singapore,"Mobile, platforms & Internet services",2019,1482,True
Belgium,"Mobile, platforms & Internet services",2017,89,True
Latvia,"Mobile, platforms & Internet services",2021,0,True
Canada,"Mobile, platforms & Internet services",2025,118,False
Kazakhstan,"Mobile, platforms & Internet services",2021,1,True
Italy,"Mobile, platforms & Internet services",2015,1,True
Japan,"Mobile, platforms & Internet services",2024,72,True
Serbia,"Mobile, platforms & Internet services",2022,0,True
Russia,"Mobile, platforms & Internet services",2016,3,True
Bulgaria,"Mobile, platforms & Internet services",2024,3,True
United Arab Emirates,"Mobile, platforms & Internet services",2019,0,True
Austria,"Mobile, platforms & Internet services",2019,1,True
Austria,"Mobile, platforms & Internet services",2022,1,True
Portugal,NLP,2016,1,True
Switzerland,NLP,2022,0,True
Japan,NLP,2024,30,True
Serbia,NLP,2020,0,True
Czechia,NLP,2024,1,True
Malaysia,NLP,2023,0,True
Singapore,NLP,2018,0,True
Israel,Navigation and mapping,2024,19,True
United States,Navigation and mapping,2017,43,True
Saudi Arabia,Navigation and mapping,2018,0,True
Brazil,Other,2021,10,True
France,Other,2022,35,True
Colombia,Other,2023,0,True
Japan,Other,2016,18,True
Latvia,Other,2025,0,False
Philippines,Other,2022,0,True
Mexico,Other,2021,4,True
Croatia,Other,2021,1,True
Sweden,Other,2023,7,True
South Korea,Other,2024,21,True
Sri Lanka,Other,2024,1,True
Seychelles,Privacy and Security,2017,1,True
Chile,Privacy and Security,2023,0,True
Belgium,Privacy and Security,2018,2,True
Ireland,Privacy and Security,2024,1,True
India,Privacy and Security,2025,12,False
South Korea,Privacy and Security,2023,4,True
Czechia,Professional services,2022,18,True
Canada,Professional services,2016,4,True
Brazil,Professional services,2022,145,True
Mexico,Professional services,2021,0,True
Mexico,Professional services,2023,0,True
Netherlands,Professional services,2019,9,True
Denmark,Professional services,2023,6,True
Portugal,Professional services,2017,0,True
South Korea,Professional services,2023,50,True
United States,Real estate,2017,95,True
Norway,Real estate,2024,3,True
Netherlands,Robotics,2018,1,True
Czechia,Robotics,2019,2,True
Mauritius,"Sales, retail, commerce, marketing",2021,0,True
Portugal,"Sales, retail, commerce, marketing",2022,1,True
Portugal,"Sales, retail, commerce, marketing",2025,1,False
South Korea,"Sales, retail, commerce, marketing",2020,7,True
Russia,"Sales, retail, commerce, marketing",2019,5,True
United Kingdom,"Sales, retail, commerce, marketing",2020,129,True
China (mainland),"Sales, retail, commerce, marketing",2021,224,True
Hungary,"Sales, retail, commerce, marketing",2021,2,True
Ireland,"Sales, retail, commerce, marketing",2023,63,True
Colombia,"Sales, retail, commerce, marketing",2023,1,True
Italy,"Sales, retail, commerce, marketing",2020,10,True
Italy,"Sales, retail, commerce, marketing",2025,4,False
Peru,"Sales, retail, commerce, marketing",2023,0,True
Belgium,"Sales, retail, commerce, marketing",2020,82,True
Singapore,Semiconductor,2024,1385,True
South Korea,Semiconductor,2020,1,True
Taiwan,Semiconductor,2018,18,True
Japan,Semiconductor,2015,2,True
France,Semiconductor,2025,27,False
Turkey,Simulation,2024,0,True
United Kingdom,Simulation,2022,0,True
United Kingdom,Simulation,2025,37,False
Belgium,Software,2022,151,True
Serbia,Software,2019,0,True
Bangladesh,Software,2021,0,True
Finland,Software,2015,110,True
Sri Lanka,Software,2025,2,False
Norway,Software,2022,152,True
Greece,Software,2022,11,True
Spain,Software,2021,90,True
Indonesia,Software,2020,6,True
China (mainland),Software,2020,2321,True
Netherlands,Software,2018,47,True
Costa Rica,Software,2022,0,True
Portugal,Speech Recognition,2024,0,True
Nigeria,Sports,2024,1,True
Canada,Sports,2020,1,True
Australia,Telecommunications,2019,0,True
Germany,Telecommunications,2024,0,True
Israel,Transportation,2019,46,True
Sweden,Transportation,2017,1,True
Canada,Transportation,2017,8,True
Malaysia,Transportation,2019,1,True
United States,Transportation,2022,4471,True
Sweden,Agriculture,2022,5,True
United Kingdom,Agriculture,2023,8,True
France,Agriculture,2020,4,True
Saudi Arabia,Agriculture,2018,0,True
United States,Agriculture,2023,54,True
Portugal,All,2022,66,True
Italy,All,2022,49,True
Cyprus,All,2025,35,False
Tanzania,All,2025,0,False
Malta,All,2025,0,False
Ukraine,All,2016,0,True
Ireland,All,2017,52,True
South Korea,All,2016,72,True
Philippines,All,2021,5,True
Luxembourg,All,2020,13,True
Estonia,All,2015,10,True
Israel,All,2020,1869,True
Saudi Arabia,All,2020,84,True
Ireland,Biotechnology,2022,1,True
Slovakia,Biotechnology,2015,0,True
Singapore,Biotechnology,2024,1,True
Netherlands,Biotechnology,2021,96,True
United Kingdom,Biotechnology,2017,10,True
Finland,Biotechnology,2020,1,True
France,Community and Lifestyle,2025,3,False
Australia,Community and Lifestyle,2021,3,True
Iceland,Community and Lifestyle,2022,1,True
Germany,Community and Lifestyle,2016,2,True
Germany,Community and Lifestyle,2024,5,True
South Korea,Computer Vision,2021,24,True
Turkey,Computer Vision,2024,1,True
Saudi Arabia,Computer Vision,2021,1,True
Brazil,Computer Vision,2020,5,True
Sweden,Computer Vision,2019,0,True
United States,Computer Vision,2015,46,True
United States,Computer Vision,2023,1719,True
South Korea,Consumer goods,2023,7,True
South Korea,Consumer goods,2024,44,True
Slovakia,Consumer goods,2020,1,True
Colombia,Consumer goods,2024,3,True
Italy,Consumer goods,2023,22,True
Norway,Consumer goods,2020,0,True
United States,Cyber Security,2019,1408,True
South Korea,Cyber Security,2024,2,True
Italy,Cyber Security,2021,2,True
Israel,Cyber Security,2016,3,True
Japan,Cyber Security,2024,1,True
Bangladesh,Data and analytics,2020,0,True
Japan,Data and analytics,2021,344,True
Japan,Data and analytics,2025,167,False
Hungary,Data and analytics,2016,3,True
Singapore,Data and analytics,2017,126,True
Panama,Data and analytics,2023,0,True
Iceland,Data and analytics,2023,3,True
Thailand,Data and analytics,2025,0,False
Croatia,Data and analytics,2019,0,True
Indonesia,Data and analytics,2017,1,True
Mexico,Data and analytics,2017,1,True
Argentina,Data and analytics,2021,3,True
China (mainland),Data and analytics,2022,1407,True
Ukraine,Data and analytics,2020,1,True
Luxembourg,Data and analytics,2021,2,True
Austria,Data and analytics,2023,28,True
Mongolia,Data and analytics,2022,0,True
Hungary,Education,2015,0,True
New Zealand,Education,2023,0,True
United States,Education,2017,43,True
South Africa,Education,2021,1,True
Portugal,Education,2024,1,True
Germany,Education,2023,30,True
Finland,Education,2021,15,True
South Korea,Education,2024,23,True
South Korea,Energy and natural resources,2018,1,True
Denmark,Energy and natural resources,2025,1,False
Finland,Energy and natural resources,2025,1,False
Austria,Energy and natural resources,2024,5,True
Russia,Facial Recognition,2021,1,True
China (mainland),Facial Recognition,2020,1,True
Canada,Facial Recognition,2016,0,True
Mexico,Finance,2023,75,True
Japan,Finance,2020,84,True
United States,Finance,2024,3551,True
South Africa,Finance,2023,3,True
Kenya,Finance,2021,11,True
Thailand,Finance,2019,0,True
Vietnam,Finance,2019,1,True
Germany,Gaming,2020,0,True
Germany,Gaming,2021,1,True
Germany,Gaming,2023,3,True
Sweden,Gaming,2016,0,True
Israel,Gaming,2018,8,True
France,Gaming,2020,0,True
France,General purpose,2015,31,True
Cyprus,General purpose,2021,24,True
Chile,General purpose,2025,3,False
United Arab Emirates,General purpose,2018,8,True
South Africa,General purpose,2025,3,False
United Kingdom,General purpose,2025,3028,False
United States,General purpose,2023,31827,True
Ireland,General purpose,2016,12,True
Norway,General purpose,2019,31,True
Sri Lanka,General purpose,2024,7,True
Netherlands,General purpose,2025,198,False
Croatia,General purpose,2021,1,True
Turkey,General purpose,2018,4,True
Luxembourg,General purpose,2024,20,True
Poland,General purpose,2020,27,True
Austria,General purpose,2021,101,True
Finland,General purpose,2020,145,True
Denmark,Hardware,2025,1,False
Singapore,Hardware,2020,32,True
Ireland,Hardware,2018,11,True
China (mainland),Hardware,2021,1711,True
Netherlands,Hardware,2019,58,True
Australia,Hardware,2016,4,True
Japan,Healthcare and Life Sciences,2024,32,True
Netherlands,Healthcare and Life Sciences,2024,8,True
Finland,Healthcare and Life Sciences,2023,7,True
Finland,Healthcare and Life Sciences,2024,0,True
Spain,Healthcare and Life Sciences,2015,2,True
Spain,Healthcare and Life Sciences,2017,16,True
Brazil,Healthcare and Life Sciences,2019,2,True
Germany,Healthcare and Life Sciences,2016,1,True
Estonia,Healthcare and Life Sciences,2025,0,False
China (mainland),Healthcare and Life Sciences,2017,154,True
Portugal,Healthcare and Life Sciences,2018,0,True
Belgium,Healthcare and Life Sciences,2023,2,True
Denmark,Information Technology,2020,23,True
China (mainland),Information Technology,2021,582,True
China (mainland),Information Technology,2025,486,False
South Africa,Information Technology,2023,1,True
Vietnam,Information Technology,2020,1,True
Australia,Information Technology,2016,14,True
Croatia,Information Technology,2024,1,True
Iceland,Information Technology,2018,0,True
Malaysia,Information Technology,2021,35,True
South Korea,Information Technology,2015,3,True
Armenia,Information Technology,2020,0,True
Mexico,Information Technology,2019,0,True
Spain,Lending and Investments,2024,2,True
Netherlands,Lending and Investments,2015,0,True
Philippines,Lending and Investments,2022,2,True
Vietnam,Lending and Investments,2019,1,True
Israel,Manufacturing,2020,32,True
Switzerland,Manufacturing,2022,6,True
Brazil,Manufacturing,2019,0,True
Italy,Manufacturing,2017,2,True
Norway,Manufacturing,2021,157,True
Denmark,Manufacturing,2018,154,True
Argentina,Media and Entertainment,2023,0,True
Ukraine,Media and Entertainment,2020,1,True
Slovakia,"Military, public safety and government",2020,1,True
Hungary,"Mobile, platforms & Internet services",2016,1,True
Poland,"Mobile, platforms & Internet services",2024,1,True
Singapore,"Mobile, platforms & Internet services",2020,467,True
Belgium,"Mobile, platforms & Internet services",2025,6,False
Romania,"Mobile, platforms & Internet services",2022,1,True
United States,"Mobile, platforms & Internet services",2022,3310,True
Vietnam,"Mobile, platforms & Internet services",2020,1,True
Malaysia,"Mobile, platforms & Internet services",2016,0,True
Malaysia,"Mobile, platforms & Internet services",2022,3,True
Spain,"Mobile, platforms & Internet services",2024,34,True
Serbia,"Mobile, platforms & Internet services",2020,0,True
Ireland,"Mobile, platforms & Internet services",2025,61,False
Panama,"Mobile, platforms & Internet services",2023,0,True
Norway,"Mobile, platforms & Internet services",2024,5,True
China (mainland),NLP,2024,17,True
Brazil,NLP,2021,2,True
New Zealand,NLP,2015,3,True
Ireland,NLP,2017,10,True
Indonesia,NLP,2019,0,True
Denmark,NLP,2017,0,True
Poland,Navigation and mapping,2021,1,True
Germany,Navigation and mapping,2018,3,True
Chile,Other,2024,4,True
United States,Other,2017,611,True
Australia,Other,2016,15,True
Australia,Other,2017,3,True
Belgium,Other,2016,0,True
India,Other,2025,27,False
Netherlands,Other,2022,14,True
Sri Lanka,Other,2023,0,True
Saudi Arabia,Other,2019,1,True
Turkey,Privacy and Security,2021,0,True
Belgium,Privacy and Security,2023,218,True
Italy,Privacy and Security,2019,1,True
Netherlands,Privacy and Security,2021,118,True
Mexico,Privacy and Security,2017,0,True
Argentina,Privacy and Security,2021,1,True
United Kingdom,Privacy and Security,2018,26,True
China (mainland),Privacy and Security,2018,24,True
China (mainland),Privacy and Security,2021,134,True
Hungary,Professional services,2021,0,True
Spain,Professional services,2025,1012,False
Azerbaijan,Professional services,2022,0,True
Poland,Professional services,2023,0,True
South Korea,Professional services,2016,1,True
Italy,Professional services,2020,5,True
Peru,Professional services,2023,0,True
Japan,Real estate,2018,1,True
Japan,Real estate,2019,2,True
Singapore,Real estate,2024,1,True
Sri Lanka,Real estate,2024,1,True
Austria,Real estate,2020,9,True
Japan,Robotics,2019,84,True
China (mainland),Robotics,2021,686,True
China (mainland),Robotics,2023,133,True
South Korea,Robotics,2022,17,True
Philippines,"Sales, retail, commerce, marketing",2021,0,True
Turkey,"Sales, retail, commerce, marketing",2018,501,True
China (mainland),"Sales, retail, commerce, marketing",2018,320,True
Albania,"Sales, retail, commerce, marketing",2016,2,True
Germany,"Sales, retail, commerce, marketing",2019,21,True
United Kingdom,Semiconductor,2018,15,True
Romania,Software,2025,26,False
Turkey,Software,2018,506,True
Belgium,Software,2023,228,True
United Arab Emirates,Software,2018,8,True
Slovenia,Software,2025,2,False
Panama,Software,2023,0,True
Switzerland,Software,2017,93,True
Lithuania,Software,2021,4,True
Bosnia and Herzegovina,Software,2023,0,True
Bangladesh,Software,2024,0,True
Czechia,Software,2024,12,True
Estonia,Software,2020,9,True
Greece,Software,2023,110,True
Poland,Software,2020,71,True
Seychelles,Software,2017,1,True
Jordan,Software,2023,0,True
Qatar,Software,2018,0,True
Mongolia,Software,2021,0,True
Argentina,Software,2022,5,True
Latvia,Software,2025,1,False
Nigeria,Software,2020,1,True
Belgium,Speech Recognition,2019,0,True
Germany,Sports,2018,1,True
France,Sports,2018,1,True
Italy,Sports,2024,1,True
France,Telecommunications,2019,1,True
Japan,Telecommunications,2025,2,False
Poland,Telecommunications,2020,1,True
Ecuador,Transportation,2021,0,True
Serbia,Transportation,2023,43,True
Brazil,Transportation,2020,1,True
Russia,Transportation,2019,1,True
Netherlands,Transportation,2021,1,True
Germany,Transportation,2020,53,True
Germany,Transportation,2024,317,True
France,Transportation,2021,37,True
Spain,Agriculture,2024,4,True
Sweden,Agriculture,2019,2,True
Norway,Agriculture,2022,9,True
Germany,Agriculture,2024,3,True
Turkey,Agriculture,2024,1,True
Finland,Agriculture,2023,2,True
Egypt,All,2024,4,True
Spain,All,2016,51,True
Zimbabwe,All,2019,0,True
Lithuania,All,2017,0,True
Indonesia,All,2018,1,True
Qatar,All,2022,2,True
Malaysia,All,2020,24,True
Russia,All,2017,11,True
Zambia,All,2021,0,True
Mauritius,All,2020,3,True
Bangladesh,All,2020,0,True
Luxembourg,All,2024,60,True
Estonia,All,2022,137,True
Nigeria,All,2019,13,True
Saudi Arabia,All,2015,2,True
Brazil,All,2016,4,True
Iceland,All,2021,4,True
Ireland,Biotechnology,2024,11,True
Australia,Biotechnology,2024,1,True
Switzerland,Biotechnology,2024,5,True
Ireland,Community and Lifestyle,2025,18,False
Spain,Community and Lifestyle,2015,5,True
Spain,Community and Lifestyle,2017,0,True
Germany,Community and Lifestyle,2022,24,True
United States,Community and Lifestyle,2017,118,True
United States,Community and Lifestyle,2025,396,False
Switzerland,Computer Vision,2016,1,True
Italy,Computer Vision,2016,5,True
Italy,Computer Vision,2020,0,True
Italy,Computer Vision,2022,0,True
China (mainland),Computer Vision,2020,37,True
Canada,Computer Vision,2018,50,True
New Zealand,Computer Vision,2017,0,True
Saudi Arabia,Computer Vision,2019,1,True
Israel,Computer Vision,2017,17,True
Cyprus,Computer Vision,2021,0,True
United States,Computer Vision,2019,749,True
United States,Computer Vision,2020,756,True
France,Consumer goods,2021,31,True
India,Consumer goods,2019,6,True
India,Consumer goods,2023,2325,True
Poland,Consumer goods,2018,2,True
Poland,Consumer goods,2019,1,True
Singapore,Consumer goods,2024,1386,True
Italy,Consumer goods,2021,0,True
Russia,Consumer goods,2024,0,True
Czechia,Consumer goods,2020,1,True
Estonia,Consumer goods,2022,0,True
Estonia,Consumer goods,2023,1,True
Australia,Cyber Security,2025,67,False
Belgium,Cyber Security,2023,216,True
United Kingdom,Cyber Security,2018,14,True
Netherlands,Cyber Security,2025,9,False
Czechia,Cyber Security,2023,5,True
Austria,Cyber Security,2024,0,True
Switzerland,Cyber Security,2020,1,True
Armenia,Data and analytics,2021,1,True
Colombia,Data and analytics,2015,0,True
Belgium,Data and analytics,2025,17,False
South Korea,Data and analytics,2019,260,True
Argentina,Data and analytics,2018,0,True
Ukraine,Data and analytics,2019,4,True
Vietnam,Data and analytics,2022,3,True
Bulgaria,Data and analytics,2019,2,True
United Arab Emirates,Data and analytics,2025,378,False
Portugal,Data and analytics,2020,7,True
Cyprus,Data and analytics,2020,25,True
United States,Education,2015,98,True
United States,Education,2020,335,True
Portugal,Education,2022,0,True
Iceland,Education,2020,0,True
Mexico,Education,2020,1,True
Spain,Education,2017,0,True
Mauritius,Education,2021,0,True
Tunisia,Education,2021,0,True
Poland,Education,2021,2,True
Vietnam,Education,2025,0,False
Nigeria,Education,2019,0,True
Australia,Energy and natural resources,2016,0,True
Israel,Energy and natural resources,2024,9,True
Poland,Energy and natural resources,2019,1,True
United Kingdom,Energy and natural resources,2018,17,True
Spain,Energy and natural resources,2025,2,False
Dominican Republic,Finance,2024,0,True
India,Finance,2016,1,True
Spain,Finance,2020,3,True
Spain,Finance,2021,7,True
Netherlands,Finance,2017,69,True
Philippines,Finance,2024,16,True
Australia,Finance,2017,4,True
Mauritius,Finance,2021,20,True
Estonia,Finance,2021,35,True
Estonia,Finance,2025,21,False
Vietnam,Finance,2018,0,True
Denmark,Gaming,2020,0,True
Romania,Gaming,2019,0,True
Poland,Gaming,2021,2,True
Thailand,General purpose,2024,42,True
Chile,General purpose,2015,0,True
United Kingdom,General purpose,2016,591,True
Italy,General purpose,2024,35,True
Estonia,General purpose,2020,9,True
Norway,General purpose,2025,45,False
Colombia,General purpose,2022,13,True
Latvia,General purpose,2022,0,True
India,General purpose,2016,31,True
Brazil,General purpose,2018,12,True
Luxembourg,General purpose,2025,1,False
Argentina,General purpose,2023,0,True
South Korea,General purpose,2016,10,True
Colombia,Hardware,2019,2,True
Saudi Arabia,Hardware,2023,4,True
Cyprus,Hardware,2024,3,True
Thailand,Hardware,2024,0,True
Japan,Hardware,2022,9,True
Denmark,Hardware,2019,16,True
Denmark,Hardware,2023,3,True
Denmark,Hardware,2024,3,True
Ukraine,Hardware,2021,0,True
Netherlands,Hardware,2018,10,True
South Korea,Healthcare and Life Sciences,2021,57,True
South Korea,Healthcare and Life Sciences,2022,94,True
Chile,Healthcare and Life Sciences,2019,0,True
Italy,Healthcare and Life Sciences,2016,0,True
Egypt,Healthcare and Life Sciences,2021,0,True
Finland,Healthcare and Life Sciences,2020,4,True
United Kingdom,Healthcare and Life Sciences,2015,18,True
United Kingdom,Healthcare and Life Sciences,2025,454,False
Côte d'Ivoire,Healthcare and Life Sciences,2022,0,True
India,Healthcare and Life Sciences,2021,37,True
France,Healthcare and Life Sciences,2017,5,True
Hungary,Healthcare and Life Sciences,2015,0,True
Bangladesh,Healthcare and Life Sciences,2024,0,True
China (mainland),Information Technology,2015,75,True
Slovakia,Information Technology,2020,7,True
Slovakia,Information Technology,2021,4,True
Germany,Information Technology,2015,6,True
France,Information Technology,2024,392,True
Qatar,Information Technology,2024,0,True
Switzerland,Information Technology,2020,5,True
Australia,Information Technology,2021,469,True
Luxembourg,Information Technology,2016,0,True
Finland,Information Technology,2015,1,True
New Zealand,Information Technology,2025,2,False
United States,Information Technology,2023,14551,True
Brazil,Information Technology,2018,8,True
Russia,Information Technology,2017,2,True
Hungary,Information Technology,2020,2,True
Israel,Information Technology,2017,52,True
India,Lending and Investments,2017,3,True
Spain,Manufacturing,2016,14,True
Spain,Manufacturing,2019,2,True
Israel,Manufacturing,2017,11,True
Lithuania,Manufacturing,2024,0,True
Germany,Manufacturing,2018,8,True
Japan,Manufacturing,2024,7,True
Finland,Manufacturing,2023,2,True
Italy,Manufacturing,2022,6,True
United States,Manufacturing,2018,3195,True
Latvia,Manufacturing,2021,0,True
Israel,Media and Entertainment,2017,8,True
Israel,Media and Entertainment,2025,44,False
Italy,Media and Entertainment,2019,0,True
Hungary,Media and Entertainment,2017,0,True
Hungary,Media and Entertainment,2025,0,False
United States,Media and Entertainment,2019,1178,True
China (mainland),Media and Entertainment,2018,176,True
Israel,"Military, public safety and government",2018,3,True
Israel,"Military, public safety and government",2019,5,True
United States,"Military, public safety and government",2021,881,True
Singapore,"Military, public safety and government",2021,3,True
South Korea,"Military, public safety and government",2016,0,True
Netherlands,"Military, public safety and government",2025,6,False
India,"Mobile, platforms & Internet services",2018,335,True
United States,"Mobile, platforms & Internet services",2021,10474,True
Philippines,"Mobile, platforms & Internet services",2018,0,True
Denmark,"Mobile, platforms & Internet services",2015,2,True
Japan,"Mobile, platforms & Internet services",2017,122,True
Brazil,"Mobile, platforms & Internet services",2019,165,True
Spain,"Mobile, platforms & Internet services",2018,25,True
Spain,"Mobile, platforms & Internet services",2022,48,True
Sweden,"Mobile, platforms & Internet services",2020,9,True
Mexico,"Mobile, platforms & Internet services",2024,0,True
Panama,"Mobile, platforms & Internet services",2025,5,False
Spain,NLP,2025,1000,False
Japan,NLP,2018,8,True
India,NLP,2020,1,True
Germany,NLP,2024,0,True
Poland,NLP,2020,9,True
United States,Navigation and mapping,2015,13,True
India,Navigation and mapping,2025,1,False
Kenya,Other,2022,0,True
Finland,Other,2015,1,True
Belgium,Other,2020,20,True
Iceland,Other,2019,2,True
Switzerland,Other,2023,2,True
Croatia,Other,2019,0,True
Singapore,Other,2024,45,True
Russia,Other,2018,1,True
Germany,Privacy and Security,2018,10,True
Canada,Privacy and Security,2021,26,True
Sweden,Privacy and Security,2022,4,True
France,Privacy and Security,2016,1,True
United Arab Emirates,Professional services,2017,1,True
Belgium,Professional services,2017,25,True
Spain,Professional services,2019,7,True
Saudi Arabia,Professional services,2022,3,True
Austria,Professional services,2021,0,True
Switzerland,Professional services,2018,2,True
Portugal,Professional services,2018,3,True
Portugal,Professional services,2024,0,True
Malaysia,Professional services,2019,7,True
Serbia,Professional services,2019,0,True
Estonia,Real estate,2022,3,True
Estonia,Real estate,2024,6,True
Mexico,Real estate,2024,1,True
Switzerland,Real estate,2018,0,True
Spain,Real estate,2025,20,False
Austria,Real estate,2022,1,True
China (mainland),Real estate,2024,7,True
Poland,Real estate,2022,3,True
Germany,Real estate,2024,16,True
Sweden,Real estate,2020,1,True
Norway,Real estate,2021,35,True
Italy,Real estate,2022,1,True
Switzerland,Robotics,2024,13,True
Germany,Robotics,2023,47,True
United Kingdom,Robotics,2019,17,True
Ireland,Robotics,2016,1,True
Norway,"Sales, retail, commerce, marketing",2017,3,True
United Arab Emirates,"Sales, retail, commerce, marketing",2025,73,False
Canada,"Sales, retail, commerce, marketing",2025,800,False
France,"Sales, retail, commerce, marketing",2022,122,True
Indonesia,"Sales, retail, commerce, marketing",2019,0,True
Hungary,"Sales, retail, commerce, marketing",2023,9,True
Cyprus,"Sales, retail, commerce, marketing",2019,2,True
Singapore,"Sales, retail, commerce, marketing",2024,193,True
Tunisia,"Sales, retail, commerce, marketing",2022,1,True
Italy,"Sales, retail, commerce, marketing",2022,2,True
United Kingdom,Semiconductor,2022,14,True
Taiwan,Semiconductor,2017,2,True
Turkey,Software,2020,3,True
Canada,Software,2016,97,True
Tajikistan,Software,2022,0,True
Slovenia,Software,2022,3,True
France,Software,2019,395,True
Italy,Software,2025,97,False
Uruguay,Software,2017,0,True
Australia,Software,2019,82,True
Chile,Software,2017,1,True
Chile,Software,2022,9,True
Philippines,Software,2023,7,True
Taiwan,Software,2016,8,True
Estonia,Software,2019,3,True
South Africa,Software,2025,14,False
Poland,Software,2025,27,False
Austria,Software,2022,37,True
Nigeria,Software,2023,2,True
Thailand,Software,2023,7,True
Lebanon,Software,2025,0,False
Canada,Speech Recognition,2018,0,True
France,Speech Recognition,2022,0,True
Thailand,Speech Recognition,2018,0,True
Denmark,Speech Recognition,2021,10,True
China (mainland),Speech Recognition,2024,6,True
South Korea,Sports,2022,2,True
Sri Lanka,Sports,2025,0,False
Israel,Sports,2019,19,True
Netherlands,Sports,2023,1,True
Spain,Sports,2021,0,True
Spain,Telecommunications,2019,0,True
South Korea,Telecommunications,2024,2,True
Estonia,Transportation,2022,1,True
Poland,Transportation,2019,0,True
Turkey,Transportation,2015,0,True
Spain,Transportation,2025,2,False
Vietnam,Transportation,2019,0,True
India,Agriculture,2019,7,True
France,Agriculture,2021,3,True
Ireland,Agriculture,2023,1,True
Turkey,Agriculture,2022,0,True
Australia,Agriculture,2024,5,True
Egypt,All,2016,0,True
Lithuania,All,2016,0,True
Finland,All,2015,116,True
Uruguay,All,2017,0,True
Pakistan,All,2019,0,True
Mauritius,All,2019,2,True
Dominican Republic,All,2023,2,True
India,All,2024,940,True
Japan,All,2025,873,False
Iceland,All,2015,3,True
Kuwait,All,2023,7,True
Latvia,All,2015,1,True
Vietnam,All,2018,0,True
Peru,All,2017,0,True
Peru,All,2020,3,True
Belgium,Biotechnology,2023,1,True
Australia,Biotechnology,2025,10,False
Argentina,Biotechnology,2021,1,True
Ireland,Community and Lifestyle,2016,5,True
Egypt,Community and Lifestyle,2018,0,True
Argentina,Community and Lifestyle,2022,0,True
India,Community and Lifestyle,2020,2,True
Japan,Community and Lifestyle,2019,7,True
Switzerland,Community and Lifestyle,2021,3,True
Jordan,Community and Lifestyle,2018,0,True
Czechia,Community and Lifestyle,2023,0,True
South Korea,Computer Vision,2016,0,True
South Korea,Computer Vision,2017,1,True
Russia,Computer Vision,2020,1,True
Turkey,Computer Vision,2019,0,True
Turkey,Computer Vision,2020,1,True
Turkey,Computer Vision,2025,1,False
Netherlands,Computer Vision,2015,0,True
Singapore,Computer Vision,2022,5,True
Lithuania,Computer Vision,2023,1,True
Israel,Computer Vision,2023,42,True
Estonia,Computer Vision,2019,0,True
Brazil,Computer Vision,2018,0,True
Australia,Computer Vision,2021,6,True
France,Consumer goods,2015,11,True
Germany,Consumer goods,2025,342,False
Canada,Consumer goods,2016,5,True
Belgium,Consumer goods,2018,6,True
Spain,Consumer goods,2022,1,True
Netherlands,Consumer goods,2022,14,True
Switzerland,Consumer goods,2021,19,True
United States,Cyber Security,2020,595,True
Portugal,Cyber Security,2024,1,True
Australia,Cyber Security,2021,50,True
Estonia,Cyber Security,2022,25,True
Germany,Cyber Security,2025,25,False
Iceland,Data and analytics,2016,3,True
Qatar,Data and analytics,2023,0,True
Thailand,Data and analytics,2016,0,True
Jordan,Data and analytics,2022,0,True
Chile,Data and analytics,2019,6,True
Finland,Data and analytics,2018,6,True
Russia,Data and analytics,2015,1,True
Russia,Data and analytics,2021,3,True
Lithuania,Data and analytics,2021,4,True
South Africa,Data and analytics,2024,7,True
Czechia,Data and analytics,2023,18,True
Denmark,Data and analytics,2016,8,True
Denmark,Data and analytics,2017,33,True
Dominican Republic,Data and analytics,2021,0,True
Tunisia,Data and analytics,2019,0,True
Slovenia,Data and analytics,2023,20,True
Hungary,Education,2016,0,True
Ghana,Education,2021,0,True
Cyprus,Education,2016,1,True
Brazil,Education,2019,6,True
Spain,Education,2023,8,True
Spain,Education,2025,2,False
Chile,Education,2021,0,True
France,Education,2017,0,True
France,Education,2019,0,True
Kenya,Education,2021,0,True
Lithuania,Education,2024,0,True
Taiwan,Energy and natural resources,2021,6,True
China (mainland),Energy and natural resources,2022,39,True
United Arab Emirates,Energy and natural resources,2021,0,True
Denmark,Energy and natural resources,2021,4,True
New Zealand,Energy and natural resources,2024,0,True
United Kingdom,Energy and natural resources,2016,14,True
Canada,Energy and natural resources,2015,4,True
France,Facial Recognition,2024,0,True
India,Finance,2020,13,True
India,Finance,2024,96,True
India,Finance,2025,57,False
Cyprus,Finance,2020,1,True
Tunisia,Finance,2022,0,True
Japan,Finance,2016,604,True
Netherlands,Finance,2022,1,True
Taiwan,Finance,2021,0,True
Taiwan,Finance,2023,6,True
Italy,Finance,2020,1,True
Canada,Finance,2019,47,True
United Kingdom,Finance,2015,55,True
United Kingdom,Finance,2018,200,True
Sweden,Gaming,2024,0,True
Iceland,Gaming,2016,1,True
Norway,Gaming,2025,0,False
Thailand,General purpose,2016,0,True
France,General purpose,2017,102,True
Jordan,General purpose,2023,0,True
Hungary,General purpose,2017,2,True
Colombia,General purpose,2016,1,True
Colombia,General purpose,2019,0,True
Colombia,General purpose,2024,12,True
Israel,General purpose,2017,187,True
Australia,General purpose,2018,27,True
Belgium,General purpose,2021,251,True
Bulgaria,General purpose,2017,1,True
Bulgaria,General purpose,2024,5,True
Kazakhstan,General purpose,2022,0,True
Philippines,General purpose,2024,16,True
Iceland,General purpose,2017,1,True
Taiwan,General purpose,2018,23,True
Austria,General purpose,2019,12,True
Finland,General purpose,2016,2,True
Austria,Hardware,2024,11,True
South Korea,Hardware,2025,86,False
Japan,Healthcare and Life Sciences,2019,21,True
Switzerland,Healthcare and Life Sciences,2021,19,True
Australia,Healthcare and Life Sciences,2023,9,True
Denmark,Healthcare and Life Sciences,2024,9,True
Denmark,Healthcare and Life Sciences,2025,8,False
Thailand,Healthcare and Life Sciences,2025,0,False
Poland,Healthcare and Life Sciences,2023,4,True
Romania,Healthcare and Life Sciences,2023,1,True
Estonia,Healthcare and Life Sciences,2024,1,True
France,Healthcare and Life Sciences,2018,13,True
China (mainland),Healthcare and Life Sciences,2022,286,True
Tanzania,Healthcare and Life Sciences,2023,0,True
Taiwan,Healthcare and Life Sciences,2019,5,True
Denmark,Information Technology,2017,0,True
Denmark,Information Technology,2023,14,True
India,Information Technology,2016,32,True
Japan,Information Technology,2020,93,True
Taiwan,Information Technology,2024,39,True
Austria,Information Technology,2015,1,True
Ireland,Information Technology,2015,1,True
Australia,Information Technology,2022,292,True
Malaysia,Information Technology,2019,7,True
Malaysia,Information Technology,2023,5,True
Colombia,Information Technology,2024,1,True
Hungary,Information Technology,2016,2,True
Malta,Information Technology,2018,0,True
United Kingdom,Information Technology,2023,1046,True
Mexico,Information Technology,2022,2,True
Thailand,Information Technology,2024,42,True
Bulgaria,Lending and Investments,2023,0,True
United States,Lending and Investments,2018,45,True
Israel,Lending and Investments,2020,6,True
Mauritius,Lending and Investments,2020,1,True
China (mainland),Manufacturing,2025,357,False
Poland,Manufacturing,2019,0,True
India,Manufacturing,2018,2,True
Canada,Manufacturing,2022,1002,True
South Korea,Manufacturing,2024,24,True
Chile,Manufacturing,2022,0,True
Saudi Arabia,Manufacturing,2015,2,True
Norway,Manufacturing,2024,101,True
Singapore,Manufacturing,2024,1393,True
Ireland,Media and Entertainment,2018,9,True
Saint Kitts and Nevis,Media and Entertainment,2021,0,True
Japan,Media and Entertainment,2018,8,True
Singapore,Media and Entertainment,2019,1500,True
Singapore,Media and Entertainment,2025,2,False
United Kingdom,"Military, public safety and government",2017,2,True
India,"Military, public safety and government",2021,0,True
Germany,"Military, public safety and government",2017,0,True
Belgium,"Mobile, platforms & Internet services",2022,14,True
Israel,"Mobile, platforms & Internet services",2017,40,True
Iceland,"Mobile, platforms & Internet services",2024,0,True
Finland,"Mobile, platforms & Internet services",2019,7,True
United Kingdom,"Mobile, platforms & Internet services",2021,711,True
Cyprus,"Mobile, platforms & Internet services",2020,4,True
Egypt,NLP,2025,0,False
South Korea,NLP,2023,12,True
Israel,NLP,2020,3,True
Israel,Navigation and mapping,2025,15,False
Austria,Navigation and mapping,2021,5,True
Singapore,Navigation and mapping,2019,6,True
Brazil,Other,2024,26,True
Lithuania,Other,2023,0,True
Spain,Other,2017,12,True
Austria,Other,2016,0,True
Iceland,Other,2025,2,False
New Zealand,Other,2024,9,True
Czechia,Other,2023,1,True
Hungary,Other,2025,0,False
Singapore,Other,2021,110,True
Algeria,Other,2021,0,True
Portugal,Other,2016,1,True
Poland,Other,2024,1,True
Germany,Other,2023,44,True
Germany,Other,2024,51,True
United Kingdom,Other,2019,151,True
South Korea,Other,2019,4,True
Israel,Privacy and Security,2025,169,False
Japan,Privacy and Security,2015,0,True
Portugal,Privacy and Security,2022,2,True
China (mainland),Professional services,2025,3,False
India,Professional services,2023,15,True
Iceland,Professional services,2016,1,True
Ukraine,Professional services,2023,0,True
Finland,Professional services,2021,5,True
New Zealand,Professional services,2018,0,True
Indonesia,Professional services,2022,5,True
South Korea,Professional services,2021,9,True
Portugal,Real estate,2016,2,True
Brazil,Real estate,2025,12,False
Israel,Real estate,2018,3,True
Chile,Real estate,2020,0,True
Ireland,Real estate,2019,6,True
Canada,Real estate,2018,8,True
Israel,Robotics,2019,7,True
Switzerland,Robotics,2016,2,True
Switzerland,Robotics,2021,8,True
Japan,Robotics,2018,61,True
Denmark,Robotics,2025,1,False
Austria,Robotics,2017,1,True
Australia,Robotics,2016,0,True
Poland,"Sales, retail, commerce, marketing",2015,0,True
Brazil,"Sales, retail, commerce, marketing",2024,23,True
France,"Sales, retail, commerce, marketing",2016,28,True
Finland,"Sales, retail, commerce, marketing",2016,2,True
Finland,"Sales, retail, commerce, marketing",2018,1,True
Netherlands,"Sales, retail, commerce, marketing",2017,30,True
Latvia,"Sales, retail, commerce, marketing",2025,0,False
Malaysia,"Sales, retail, commerce, marketing",2022,1,True
Israel,"Sales, retail, commerce, marketing",2024,22,True
Denmark,"Sales, retail, commerce, marketing",2021,27,True
Singapore,Semiconductor,2016,2,True
India,Semiconductor,2021,1,True
France,Semiconductor,2020,4,True
Poland,Simulation,2022,0,True
United Arab Emirates,Software,2020,5,True
France,Software,2016,80,True
Belize,Software,2019,0,True
Panama,Software,2025,15,False
Lithuania,Software,2024,2,True
Malaysia,Software,2016,0,True
Ukraine,Software,2016,0,True
United States,Software,2023,33102,True
Denmark,Software,2018,164,True
Poland,Software,2024,17,True
Israel,Software,2017,181,True
Netherlands,Speech Recognition,2021,10,True
South Korea,Speech Recognition,2025,0,False
Germany,Sports,2021,3,True
Lithuania,Sports,2023,0,True
Australia,Sports,2015,0,True
Romania,Sports,2021,0,True
India,Sports,2021,1,True
Israel,Transportation,2020,38,True
Sweden,Transportation,2023,6,True
Poland,Transportation,2021,1,True
United Arab Emirates,Transportation,2019,0,True
Burkina Faso,Transportation,2023,0,True
Hungary,Transportation,2020,1,True
Singapore,Transportation,2016,0,True
Switzerland,Transportation,2019,56,True
Slovakia,Transportation,2021,0,True
Italy,Transportation,2024,2,True
Qatar,Transportation,2025,0,False
Poland,Agriculture,2023,0,True
Spain,Agriculture,2017,0,True
Kazakhstan,Agriculture,2020,0,True
Iceland,Agriculture,2023,0,True
Germany,Agriculture,2021,232,True
Australia,Agriculture,2017,2,True
Colombia,All,2018,0,True
Lithuania,All,2020,2,True
Kazakhstan,All,2025,10,False
South Africa,All,2018,59,True
Belgium,All,2015,74,True
Norway,All,2017,31,True
Mexico,All,2025,78,False
Romania,All,2022,20,True
Singapore,All,2019,1946,True
Singapore,All,2020,772,True
Tunisia,All,2021,0,True
Tunisia,All,2023,2,True
Turkey,All,2022,52,True
United Kingdom,All,2020,2760,True
Taiwan,All,2018,30,True
Italy,Biotechnology,2017,0,True
Canada,Biotechnology,2016,4,True
Japan,Biotechnology,2019,7,True
Vietnam,Biotechnology,2023,1,True
United Kingdom,Biotechnology,2022,133,True
Germany,Biotechnology,2018,2,True
India,Community and Lifestyle,2023,2,True
Norway,Community and Lifestyle,2021,1,True
United Kingdom,Community and Lifestyle,2022,170,True
Malta,Community and Lifestyle,2017,1,True
Japan,Community and Lifestyle,2025,8,False
Canada,Community and Lifestyle,2015,1,True
Australia,Community and Lifestyle,2023,13,True
Austria,Computer Vision,2024,0,True
China (mainland),Computer Vision,2023,16,True
Canada,Computer Vision,2024,3,True
Colombia,Computer Vision,2022,0,True
France,Computer Vision,2024,247,True
India,Consumer goods,2017,8,True
South Korea,Consumer goods,2021,9,True
Brazil,Consumer goods,2025,1,False
Italy,Consumer goods,2019,1,True
Saudi Arabia,Consumer goods,2021,0,True
Netherlands,Consumer goods,2017,18,True
Ireland,Consumer goods,2023,4,True
Hungary,Cyber Security,2021,0,True
Bangladesh,Data and analytics,2018,0,True
Armenia,Data and analytics,2024,2,True
Ireland,Data and analytics,2017,23,True
Netherlands,Data and analytics,2016,42,True
Chile,Data and analytics,2020,10,True
Mauritius,Data and analytics,2021,20,True
Poland,Data and analytics,2015,2,True
Poland,Data and analytics,2023,11,True
Colombia,Data and analytics,2018,0,True
Georgia,Data and analytics,2024,0,True
Côte d'Ivoire,Data and analytics,2024,0,True
Lithuania,Data and analytics,2017,0,True
Tanzania,Data and analytics,2017,0,True
Norway,Data and analytics,2015,0,True
Norway,Data and analytics,2023,68,True
Tunisia,Data and analytics,2024,2,True
Israel,Data and analytics,2022,1403,True
Austria,Education,2018,0,True
United States,Education,2018,87,True
Turkey,Education,2019,0,True
Peru,Education,2023,0,True
Romania,Education,2020,1,True
Pakistan,Education,2022,1,True
Belgium,Education,2020,1,True
Spain,Education,2021,1,True
France,Education,2021,4,True
Denmark,Education,2022,1,True
Germany,Education,2022,31,True
Australia,Energy and natural resources,2023,54,True
China (mainland),Energy and natural resources,2015,0,True
Israel,Energy and natural resources,2019,7,True
Sweden,Energy and natural resources,2025,43,False
Poland,Energy and natural resources,2018,1,True
Vietnam,Energy and natural resources,2023,0,True
Uruguay,Energy and natural resources,2021,2,True
Lithuania,Energy and natural resources,2024,0,True
Norway,Energy and natural resources,2015,0,True
Canada,Energy and natural resources,2023,26,True
Netherlands,Facial Recognition,2016,6,True
Belgium,Finance,2017,24,True
Côte d'Ivoire,Finance,2024,0,True
Poland,Finance,2021,4,True
Poland,Finance,2024,0,True
China (mainland),Finance,2020,101,True
Spain,Finance,2024,158,True
France,Finance,2019,90,True
Japan,Finance,2025,12,False
Nigeria,Finance,2019,8,True
Australia,Finance,2018,7,True
Australia,Finance,2019,2,True
South Korea,Finance,2016,2,True
Italy,Finance,2023,1,True
Canada,Finance,2021,119,True
Ireland,Gaming,2020,0,True
Germany,Gaming,2022,0,True
Denmark,Gaming,2023,0,True
Jordan,General purpose,2016,0,True
Hungary,General purpose,2015,1,True
Serbia,General purpose,2018,0,True
Ireland,General purpose,2017,22,True
Estonia,General purpose,2023,5,True
Latvia,General purpose,2025,1,False
Germany,General purpose,2025,2649,False
Ghana,General purpose,2025,0,False
Croatia,General purpose,2020,1,True
Malaysia,General purpose,2017,0,True
Slovakia,General purpose,2025,9,False
Denmark,General purpose,2019,27,True
Turkey,General purpose,2024,79,True
Luxembourg,General purpose,2023,1,True
Kazakhstan,General purpose,2019,0,True
Spain,General purpose,2017,47,True
Israel,Hardware,2015,42,True
France,Hardware,2018,82,True
Belgium,Hardware,2017,0,True
Bulgaria,Hardware,2023,0,True
Saudi Arabia,Hardware,2020,1,True
Japan,Hardware,2024,75,True
United States,Hardware,2016,1716,True
Poland,Hardware,2015,0,True
Austria,Hardware,2017,3,True
Turkey,Hardware,2016,1,True
Turkey,Hardware,2020,1,True
Brazil,Hardware,2015,1,True
China (mainland),Hardware,2016,295,True
Estonia,Hardware,2023,3,True
Germany,Hardware,2024,399,True
Japan,Healthcare and Life Sciences,2018,38,True
South Korea,Healthcare and Life Sciences,2018,10,True
Ireland,Healthcare and Life Sciences,2016,0,True
Ireland,Healthcare and Life Sciences,2025,29,False
Bulgaria,Healthcare and Life Sciences,2024,1,True
United Kingdom,Healthcare and Life Sciences,2019,53,True
Argentina,Healthcare and Life Sciences,2021,0,True
China (mainland),Healthcare and Life Sciences,2023,86,True
Norway,Healthcare and Life Sciences,2020,2,True
United States,Healthcare and Life Sciences,2018,628,True
Israel,Healthcare and Life Sciences,2024,100,True
Japan,Information Technology,2015,5,True
China (mainland),Information Technology,2018,758,True
Slovakia,Information Technology,2023,1,True
Poland,Information Technology,2024,2,True
Australia,Information Technology,2025,311,False
Egypt,Information Technology,2018,0,True
Norway,Information Technology,2023,52,True
Singapore,Information Technology,2019,68,True
Sweden,Information Technology,2024,24,True
Chile,Information Technology,2024,1,True
United Kingdom,Information Technology,2025,2955,False
Lithuania,Information Technology,2018,0,True
Canada,Information Technology,2015,16,True
Japan,Lending and Investments,2017,1,True
United Kingdom,Lending and Investments,2021,93,True
Spain,Lending and Investments,2021,1,True
China (mainland),Lending and Investments,2019,24,True
India,Lending and Investments,2018,8,True
Germany,Lending and Investments,2015,215,True
Turkey,Lending and Investments,2021,0,True
Taiwan,Manufacturing,2023,2,True
China (mainland),Manufacturing,2020,118,True
New Zealand,Manufacturing,2020,0,True
Canada,Manufacturing,2021,31,True
South Korea,Manufacturing,2023,6,True
Germany,Manufacturing,2016,2,True
Germany,Manufacturing,2020,36,True
Netherlands,Manufacturing,2023,3,True
Estonia,Manufacturing,2023,2,True
Israel,Media and Entertainment,2020,37,True
Vietnam,Media and Entertainment,2021,0,True
Austria,Media and Entertainment,2024,0,True
Germany,Media and Entertainment,2018,5,True
Japan,Media and Entertainment,2019,39,True
Japan,Media and Entertainment,2024,6,True
South Korea,Media and Entertainment,2021,1741,True
China (mainland),Media and Entertainment,2015,34,True
Turkey,Media and Entertainment,2021,0,True
Mexico,Media and Entertainment,2023,0,True
Belgium,"Military, public safety and government",2016,0,True
South Korea,"Military, public safety and government",2025,3,False
Spain,"Military, public safety and government",2021,1,True
Singapore,"Mobile, platforms & Internet services",2017,22,True
Canada,"Mobile, platforms & Internet services",2022,325,True
Vietnam,"Mobile, platforms & Internet services",2019,0,True
Taiwan,"Mobile, platforms & Internet services",2020,6,True
Nigeria,"Mobile, platforms & Internet services",2017,0,True
Argentina,"Mobile, platforms & Internet services",2023,0,True
Netherlands,"Mobile, platforms & Internet services",2017,4,True
Finland,"Mobile, platforms & Internet services",2016,1,True
Finland,"Mobile, platforms & Internet services",2018,2,True
Cyprus,NLP,2015,1,True
Israel,NLP,2019,2,True
Singapore,NLP,2017,0,True
France,Navigation and mapping,2015,4,True
France,Navigation and mapping,2022,11,True
Estonia,Navigation and mapping,2022,0,True
Israel,Navigation and mapping,2015,0,True
New Zealand,Navigation and mapping,2017,0,True
Turkey,Other,2023,1,True
Colombia,Other,2018,0,True
Colombia,Other,2021,0,True
Argentina,Other,2021,0,True
Austria,Other,2017,3,True
Switzerland,Other,2015,0,True
Slovakia,Other,2024,5,True
Portugal,Other,2021,2,True
Saudi Arabia,Other,2025,3,False
Canada,Privacy and Security,2022,217,True
Estonia,Privacy and Security,2023,1,True
Italy,Privacy and Security,2018,2,True
Denmark,Privacy and Security,2023,0,True
Poland,Privacy and Security,2018,3,True
France,Privacy and Security,2017,4,True
Lebanon,Professional services,2022,0,True
Romania,Professional services,2020,0,True
Norway,Professional services,2017,0,True
Kenya,Professional services,2024,0,True
India,Professional services,2022,955,True
Brazil,Professional services,2025,43,False
Turkey,Professional services,2023,3,True
Ireland,Professional services,2021,356,True
South Korea,Professional services,2020,7,True
Vietnam,Professional services,2019,0,True
United States,Real estate,2024,156,True
Spain,Real estate,2020,1,True
Netherlands,Real estate,2017,1,True
Belgium,Real estate,2022,2,True
France,Real estate,2017,1,True
New Zealand,Real estate,2023,0,True
United States,Robotics,2023,462,True
Spain,Robotics,2019,1,True
Malaysia,Robotics,2018,0,True
Austria,Robotics,2024,0,True
South Korea,Robotics,2023,4,True
Croatia,"Sales, retail, commerce, marketing",2019,0,True
France,"Sales, retail, commerce, marketing",2023,149,True
Russia,"Sales, retail, commerce, marketing",2024,0,True
Serbia,"Sales, retail, commerce, marketing",2017,0,True
Israel,"Sales, retail, commerce, marketing",2015,29,True
Singapore,"Sales, retail, commerce, marketing",2019,121,True
Singapore,"Sales, retail, commerce, marketing",2020,84,True
Belgium,"Sales, retail, commerce, marketing",2019,0,True
United States,Semiconductor,2016,414,True
Israel,Semiconductor,2022,65,True
Taiwan,Semiconductor,2021,16,True
France,Semiconductor,2021,2,True
Peru,Software,2019,1,True
Iraq,Software,2022,0,True
Egypt,Software,2019,1,True
Lithuania,Software,2022,0,True
South Korea,Software,2022,858,True
Kenya,Software,2025,0,False
Portugal,Software,2015,6,True
Denmark,Software,2025,39,False
South Africa,Software,2021,36,True
Sweden,Software,2023,74,True
Poland,Software,2023,12,True
Austria,Software,2016,3,True
Taiwan,Speech Recognition,2021,0,True
United Kingdom,Speech Recognition,2022,31,True
Germany,Sports,2017,0,True
Australia,Sports,2023,0,True
Bulgaria,Sports,2021,0,True
Italy,Sports,2021,2,True
Taiwan,Sports,2019,1,True
Saudi Arabia,Sports,2018,0,True
Switzerland,Telecommunications,2023,0,True
Mexico,Transportation,2021,16,True
Australia,Transportation,2020,5,True
Spain,Transportation,2017,1,True
Singapore,Transportation,2017,1,True
Chile,Transportation,2019,0,True
Denmark,Transportation,2025,1,False
United Kingdom,Transportation,2021,115,True
Belgium,Transportation,2022,3,True
Colombia,Agriculture,2022,0,True
Switzerland,Agriculture,2023,7,True
China (mainland),Agriculture,2019,20,True
Italy,Agriculture,2017,0,True
Japan,Agriculture,2024,1,True
United Kingdom,Agriculture,2021,12,True
Australia,Agriculture,2015,0,True
Greece,Agriculture,2025,0,False
Uzbekistan,All,2024,0,True
Spain,All,2018,84,True
Austria,All,2024,168,True
South Africa,All,2021,140,True
Ukraine,All,2022,0,True
Malaysia,All,2024,7,True
Malaysia,All,2025,121,False
Netherlands,All,2016,58,True
Pakistan,All,2018,0,True
Singapore,All,2017,222,True
Czechia,All,2019,27,True
Estonia,All,2018,12,True
Turkey,All,2016,104,True
Nigeria,All,2021,5,True
Thailand,All,2015,0,True
Taiwan,All,2024,149,True
United States,All,2019,33462,True
Portugal,Biotechnology,2019,2,True
Hungary,Biotechnology,2018,0,True
United States,Biotechnology,2018,312,True
Poland,Biotechnology,2023,2,True
Brazil,Biotechnology,2017,1,True
Denmark,Community and Lifestyle,2023,0,True
China (mainland),Community and Lifestyle,2017,69,True
China (mainland),Community and Lifestyle,2023,41,True
Tunisia,Community and Lifestyle,2022,0,True
Canada,Community and Lifestyle,2024,1,True
France,Community and Lifestyle,2015,1,True
United Arab Emirates,Community and Lifestyle,2022,2,True
Cyprus,Community and Lifestyle,2025,18,False
Austria,Computer Vision,2015,0,True
Germany,Computer Vision,2017,2,True
Germany,Computer Vision,2024,4,True
Russia,Computer Vision,2017,0,True
Brazil,Computer Vision,2022,0,True
France,Computer Vision,2019,24,True
India,Consumer goods,2022,226,True
India,Consumer goods,2024,35,True
Malaysia,Consumer goods,2020,2,True
Poland,Consumer goods,2023,2,True
United States,Consumer goods,2015,289,True
Turkey,Consumer goods,2022,11,True
Sri Lanka,Consumer goods,2025,0,False
Poland,Cyber Security,2021,1,True
Italy,Cyber Security,2018,2,True
United Kingdom,Cyber Security,2019,16,True
Singapore,Cyber Security,2020,5,True
Sri Lanka,Cyber Security,2022,0,True
Germany,Data and analytics,2016,50,True
Philippines,Data and analytics,2020,0,True
Slovakia,Data and analytics,2020,7,True
Poland,Data and analytics,2019,13,True
Taiwan,Data and analytics,2015,12,True
United Kingdom,Data and analytics,2015,154,True
Lithuania,Data and analytics,2025,9,False
Bulgaria,Data and analytics,2018,0,True
Azerbaijan,Data and analytics,2025,0,False
Portugal,Data and analytics,2019,19,True
Brazil,Data and analytics,2016,4,True
Norway,Data and analytics,2018,12,True
United States,Data and analytics,2019,15600,True
Mongolia,Data and analytics,2021,0,True
Hungary,Education,2024,1,True
Iceland,Education,2023,0,True
Netherlands,Education,2018,3,True
India,Education,2016,3,True
India,Education,2017,9,True
France,Education,2020,24,True
France,Education,2022,10,True
Kenya,Education,2023,0,True
Germany,Education,2017,15,True
Egypt,Education,2024,0,True
Poland,Education,2022,0,True
Poland,Education,2025,2,False
China (mainland),Education,2024,65,True
India,Energy and natural resources,2016,1,True
Turkey,Energy and natural resources,2024,1,True
New Zealand,Energy and natural resources,2023,0,True
United States,Energy and natural resources,2019,545,True
Brazil,Energy and natural resources,2023,1,True
Saudi Arabia,Finance,2024,19,True
Cyprus,Finance,2016,0,True
Lithuania,Finance,2024,100,True
Tunisia,Finance,2019,0,True
Switzerland,Finance,2020,51,True
United States,Finance,2018,656,True
Israel,Finance,2019,48,True
Kenya,Finance,2019,0,True
Turkey,Gaming,2025,2,False
Sri Lanka,Gaming,2019,1,True
France,Gaming,2022,1,True
Bangladesh,General purpose,2018,0,True
Italy,General purpose,2022,22,True
Greece,General purpose,2019,1,True
Sweden,General purpose,2016,14,True
Sweden,General purpose,2018,52,True
Ireland,General purpose,2021,446,True
Norway,General purpose,2022,149,True
Kenya,General purpose,2022,0,True
Lithuania,General purpose,2019,1,True
Tunisia,General purpose,2024,2,True
Malaysia,General purpose,2021,145,True
Turkey,General purpose,2017,1,True
Côte d'Ivoire,General purpose,2023,0,True
Finland,General purpose,2015,2,True
Finland,General purpose,2018,5,True
New Zealand,Hardware,2022,4,True
Greece,Hardware,2021,2,True
France,Hardware,2020,37,True
Lithuania,Hardware,2022,0,True
Czechia,Hardware,2022,19,True
United States,Hardware,2018,5700,True
Turkey,Hardware,2024,55,True
Sweden,Hardware,2022,13,True
Canada,Hardware,2015,11,True
Canada,Hardware,2019,120,True
Mexico,Healthcare and Life Sciences,2022,7,True
Denmark,Healthcare and Life Sciences,2016,0,True
Uganda,Healthcare and Life Sciences,2023,0,True
Singapore,Healthcare and Life Sciences,2020,21,True
Romania,Healthcare and Life Sciences,2019,0,True
Czechia,Healthcare and Life Sciences,2020,1,True
Lithuania,Healthcare and Life Sciences,2023,2,True
Hungary,Healthcare and Life Sciences,2021,1,True
United States,Healthcare and Life Sciences,2019,1928,True
Israel,Healthcare and Life Sciences,2023,38,True
India,Information Technology,2022,1401,True
Italy,Information Technology,2020,17,True
Taiwan,Information Technology,2023,4,True
Germany,Information Technology,2022,422,True
Belgium,Information Technology,2022,127,True
Colombia,Information Technology,2015,0,True
Colombia,Information Technology,2017,0,True
Singapore,Information Technology,2025,39,False
Hungary,Information Technology,2025,2,False
Azerbaijan,Information Technology,2023,0,True
Israel,Information Technology,2024,1102,True
United States,Lending and Investments,2019,765,True
Ghana,Lending and Investments,2022,10,True
United Kingdom,Lending and Investments,2024,46,True
Spain,Lending and Investments,2018,1,True
Israel,Lending and Investments,2018,8,True
Ukraine,Lending and Investments,2022,0,True
United Arab Emirates,Lending and Investments,2023,5,True
Brazil,Manufacturing,2022,1,True
Australia,Manufacturing,2024,4,True
Canada,Manufacturing,2025,24,False
South Korea,Manufacturing,2017,3,True
South Korea,Manufacturing,2020,9,True
Japan,Manufacturing,2015,3,True
Denmark,Manufacturing,2022,51,True
Latvia,Manufacturing,2015,0,True
France,Manufacturing,2022,13,True
Austria,Media and Entertainment,2019,1,True
Finland,Media and Entertainment,2017,1,True
Finland,Media and Entertainment,2021,0,True
Lithuania,Media and Entertainment,2016,0,True
Singapore,Media and Entertainment,2022,12,True
Honduras,Media and Entertainment,2024,0,True
United Kingdom,"Military, public safety and government",2019,8,True
Canada,"Military, public safety and government",2018,1,True
Norway,"Military, public safety and government",2021,0,True
Switzerland,"Mobile, platforms & Internet services",2019,197,True
Poland,"Mobile, platforms & Internet services",2020,8,True
Poland,"Mobile, platforms & Internet services",2025,19,False
Singapore,"Mobile, platforms & Internet services",2015,47,True
United States,"Mobile, platforms & Internet services",2024,4568,True
Saudi Arabia,"Mobile, platforms & Internet services",2019,7,True
Argentina,"Mobile, platforms & Internet services",2019,0,True
Zambia,"Mobile, platforms & Internet services",2023,0,True
South Korea,"Mobile, platforms & Internet services",2020,24,True
Estonia,"Mobile, platforms & Internet services",2023,1,True
Sweden,"Mobile, platforms & Internet services",2023,11,True
Indonesia,"Mobile, platforms & Internet services",2019,1,True
Tunisia,"Mobile, platforms & Internet services",2023,2,True
Australia,NLP,2016,1,True
United Kingdom,NLP,2021,8,True
Chile,NLP,2023,0,True
Ireland,NLP,2023,13,True
Luxembourg,Navigation and mapping,2018,1,True
Spain,Navigation and mapping,2019,1,True
Canada,Navigation and mapping,2019,1,True
Australia,Navigation and mapping,2024,6,True
Switzerland,Navigation and mapping,2017,0,True
India,Navigation and mapping,2024,1,True
Luxembourg,Other,2021,0,True
China (mainland),Other,2023,144,True
Ghana,Other,2021,0,True
Finland,Other,2025,3,False
Malaysia,Other,2015,0,True
New Zealand,Other,2020,0,True
Portugal,Other,2020,0,True
Poland,Other,2016,3,True
Sweden,Other,2022,9,True
Israel,Privacy and Security,2020,29,True
Hungary,Privacy and Security,2025,2,False
Slovenia,Privacy and Security,2016,0,True
Ireland,Privacy and Security,2023,14,True
Italy,Privacy and Security,2015,0,True
Netherlands,Privacy and Security,2019,89,True
United Kingdom,Privacy and Security,2016,12,True
Poland,Privacy and Security,2017,2,True
Czechia,Professional services,2023,4,True
Norway,Professional services,2023,7,True
United Kingdom,Professional services,2021,199,True
Brazil,Professional services,2019,180,True
Ukraine,Professional services,2018,0,True
Australia,Professional services,2018,8,True
Portugal,Professional services,2016,1,True
South Korea,Professional services,2025,22,False
Lithuania,Professional services,2021,0,True
United States,Real estate,2023,351,True
Japan,Real estate,2016,1,True
Netherlands,Real estate,2025,2,False
Israel,Real estate,2017,1,True
Canada,Real estate,2015,2,True
Italy,Real estate,2025,1,False
France,Robotics,2016,8,True
Israel,Robotics,2022,24,True
Germany,Robotics,2017,1,True
Germany,Robotics,2018,8,True
South Korea,Robotics,2020,4,True
Ecuador,"Sales, retail, commerce, marketing",2021,0,True
Hungary,"Sales, retail, commerce, marketing",2020,1,True
Hungary,"Sales, retail, commerce, marketing",2025,1,False
Mexico,"Sales, retail, commerce, marketing",2021,2,True
United States,Semiconductor,2017,57,True
United States,Semiconductor,2024,612,True
Singapore,Semiconductor,2025,3,False
Pakistan,Software,2022,1,True
Zambia,Software,2021,0,True
United Kingdom,Software,2019,636,True
Iceland,Software,2015,2,True
Vietnam,Software,2023,3,True
Vietnam,Software,2025,82,False
Azerbaijan,Software,2023,0,True
Taiwan,Software,2020,43,True
Dominican Republic,Software,2020,0,True
South Africa,Software,2016,0,True
Ecuador,Software,2021,0,True
Slovakia,Software,2025,10,False
Lebanon,Software,2016,0,True
France,Speech Recognition,2025,1,False
Ireland,Speech Recognition,2020,2,True
China (mainland),Speech Recognition,2023,7,True
Ireland,Sports,2017,2,True
Netherlands,Telecommunications,2019,3,True
Czechia,Telecommunications,2016,0,True
Germany,Telecommunications,2016,1,True
China (mainland),Telecommunications,2022,5,True
Japan,Transportation,2020,173,True
South Africa,Transportation,2022,0,True
Croatia,Transportation,2024,54,True
India,Transportation,2021,135,True
Switzerland,Agriculture,2025,35,False
Italy,Agriculture,2021,1,True
Sweden,Agriculture,2020,1,True
South Africa,Agriculture,2017,0,True
Turkey,Agriculture,2023,1,True
Canada,Agriculture,2015,2,True
Australia,Agriculture,2018,2,True
United States,Agriculture,2016,27,True
Kazakhstan,All,2021,1,True
Kenya,All,2021,12,True
Uruguay,All,2024,2,True
Canada,All,2022,4106,True
North Macedonia,All,2022,1,True
Panama,All,2024,1,True
Serbia,All,2020,0,True
Russia,All,2019,25,True
Georgia,All,2024,0,True
Bangladesh,All,2023,7,True
Philippines,All,2023,7,True
Algeria,All,2021,0,True
Chile,All,2015,0,True
India,All,2018,1898,True
Romania,All,2019,4,True
Luxembourg,All,2017,1,True
China (mainland),All,2017,3511,True
Iceland,All,2023,18,True
Azerbaijan,All,2025,0,False
Latvia,All,2021,1,True
Switzerland,All,2018,255,True
Taiwan,All,2020,93,True
Peru,All,2015,0,True
Hungary,Biotechnology,2023,6,True
Netherlands,Biotechnology,2016,6,True
Japan,Biotechnology,2017,100,True
South Korea,Biotechnology,2022,42,True
Denmark,Biotechnology,2022,2,True
Portugal,Community and Lifestyle,2016,0,True
Portugal,Community and Lifestyle,2024,2,True
Norway,Community and Lifestyle,2020,0,True
Hungary,Community and Lifestyle,2021,0,True
Switzerland,Community and Lifestyle,2016,0,True
Jordan,Community and Lifestyle,2016,0,True
Mexico,Community and Lifestyle,2024,0,True
France,Community and Lifestyle,2023,14,True
Malaysia,Community and Lifestyle,2020,2,True
Australia,Community and Lifestyle,2025,8,False
Netherlands,Community and Lifestyle,2015,0,True
Chile,Community and Lifestyle,2019,5,True
Belgium,Computer Vision,2019,0,True
Switzerland,Computer Vision,2024,3,True
China (mainland),Computer Vision,2024,32,True
Canada,Computer Vision,2020,4,True
Norway,Computer Vision,2025,1,False
United Kingdom,Computer Vision,2016,211,True
New Zealand,Computer Vision,2020,3,True
Peru,Computer Vision,2022,0,True
Sweden,Computer Vision,2020,0,True
Spain,Computer Vision,2024,1,True
Nigeria,Consumer goods,2020,0,True
China (mainland),Consumer goods,2020,134,True
Kenya,Consumer goods,2022,0,True
Ireland,Cyber Security,2024,1,True
South Korea,Cyber Security,2018,1,True
Israel,Cyber Security,2022,44,True
Malaysia,Data and analytics,2023,62,True
Cambodia,Data and analytics,2018,0,True
Netherlands,Data and analytics,2024,188,True
Kenya,Data and analytics,2017,0,True
Kazakhstan,Data and analytics,2019,0,True
Slovakia,Data and analytics,2019,2,True
Finland,Data and analytics,2020,147,True
Taiwan,Data and analytics,2019,22,True
Belgium,Data and analytics,2021,258,True
Botswana,Data and analytics,2021,0,True
Serbia,Data and analytics,2019,0,True
Serbia,Data and analytics,2020,0,True
Serbia,Data and analytics,2021,0,True
Lithuania,Data and analytics,2018,1,True
Czechia,Data and analytics,2020,8,True
Czechia,Data and analytics,2025,57,False
Turkey,Data and analytics,2021,16,True
Turkey,Data and analytics,2024,79,True
Turkey,Data and analytics,2025,16,False
Dominican Republic,Data and analytics,2020,0,True
Israel,Data and analytics,2020,806,True
Slovenia,Data and analytics,2015,0,True
Hungary,Education,2023,0,True
Colombia,Education,2023,0,True
Sweden,Education,2023,5,True
China (mainland),Energy and natural resources,2016,0,True
United Arab Emirates,Energy and natural resources,2024,4,True
Sweden,Energy and natural resources,2017,4,True
Brazil,Energy and natural resources,2021,0,True
Finland,Energy and natural resources,2016,0,True
Portugal,Energy and natural resources,2024,3,True
Russia,Facial Recognition,2018,1,True
China (mainland),Finance,2022,38,True
Uruguay,Finance,2025,0,False
Indonesia,Finance,2023,2,True
Malaysia,Finance,2020,2,True
France,Finance,2016,7,True
Austria,Finance,2021,19,True
Pakistan,General purpose,2024,0,True
Slovenia,General purpose,2016,0,True
Dominican Republic,General purpose,2021,0,True
South Africa,General purpose,2020,18,True
Azerbaijan,General purpose,2023,0,True
United States,General purpose,2019,14572,True
Singapore,General purpose,2023,698,True
Kenya,General purpose,2021,0,True
Malaysia,General purpose,2023,62,True
Paraguay,General purpose,2024,0,True
Brazil,General purpose,2015,0,True
Poland,General purpose,2022,53,True
Finland,General purpose,2025,29,False
Israel,Hardware,2020,134,True
Colombia,Hardware,2022,1,True
Slovenia,Hardware,2017,0,True
Saudi Arabia,Hardware,2022,1,True
Finland,Hardware,2016,2,True
Kazakhstan,Hardware,2020,0,True
Taiwan,Hardware,2018,19,True
Singapore,Hardware,2022,78,True
Ireland,Hardware,2019,65,True
Mexico,Hardware,2025,55,False
Netherlands,Hardware,2024,23,True
Kuwait,Hardware,2023,4,True
Spain,Hardware,2016,3,True
Spain,Hardware,2025,13,False
Sri Lanka,Hardware,2023,0,True
Tunisia,Healthcare and Life Sciences,2023,0,True
Chile,Healthcare and Life Sciences,2017,3,True
Italy,Healthcare and Life Sciences,2022,1,True
Mexico,Healthcare and Life Sciences,2019,0,True
Croatia,Healthcare and Life Sciences,2020,0,True
Czechia,Healthcare and Life Sciences,2019,0,True
China (mainland),Healthcare and Life Sciences,2024,101,True
Tanzania,Healthcare and Life Sciences,2025,0,False
Ireland,Information Technology,2016,4,True
Switzerland,Information Technology,2019,212,True
Colombia,Information Technology,2020,3,True
Pakistan,Information Technology,2017,0,True
Brazil,Information Technology,2016,3,True
Hungary,Information Technology,2015,1,True
Mexico,Information Technology,2025,1,False
Thailand,Information Technology,2016,0,True
Spain,Lending and Investments,2025,0,False
United Kingdom,Manufacturing,2017,4,True
United Kingdom,Manufacturing,2025,23,False
Belgium,Manufacturing,2022,12,True
Japan,Manufacturing,2023,347,True
Denmark,Manufacturing,2021,0,True
France,Manufacturing,2023,6,True
United Arab Emirates,Manufacturing,2020,1,True
India,Media and Entertainment,2025,18,False
Slovakia,Media and Entertainment,2023,1,True
Canada,Media and Entertainment,2022,15,True
Canada,Media and Entertainment,2024,175,True
Romania,Media and Entertainment,2019,0,True
Netherlands,Media and Entertainment,2021,96,True
Portugal,Media and Entertainment,2017,1,True
United Arab Emirates,Media and Entertainment,2021,1,True
Norway,Media and Entertainment,2021,1,True
Turkey,Media and Entertainment,2024,0,True
Israel,"Military, public safety and government",2016,1,True
United States,"Military, public safety and government",2025,2031,False
Slovakia,"Military, public safety and government",2023,1,True
Ireland,"Military, public safety and government",2023,13,True
Hungary,"Mobile, platforms & Internet services",2021,2,True
Ghana,"Mobile, platforms & Internet services",2023,0,True
Uganda,"Mobile, platforms & Internet services",2023,0,True
China (mainland),"Mobile, platforms & Internet services",2023,190,True
Kazakhstan,"Mobile, platforms & Internet services",2025,0,False
Italy,"Mobile, platforms & Internet services",2019,1,True
Italy,"Mobile, platforms & Internet services",2020,7,True
Saudi Arabia,"Mobile, platforms & Internet services",2016,1,True
Saudi Arabia,"Mobile, platforms & Internet services",2024,52,True
Australia,"Mobile, platforms & Internet services",2016,3,True
United Kingdom,"Mobile, platforms & Internet services",2025,1358,False
United Arab Emirates,"Mobile, platforms & Internet services",2017,1,True
Austria,"Mobile, platforms & Internet services",2021,6,True
China (mainland),NLP,2016,4,True
Canada,NLP,2019,20,True
Canada,NLP,2020,235,True
United Kingdom,Navigation and mapping,2025,7,False
Canada,Navigation and mapping,2020,2,True
Germany,Navigation and mapping,2016,3,True
South Korea,Navigation and mapping,2018,1,True
Panama,Other,2023,0,True
Panama,Other,2024,0,True
Finland,Other,2023,2,True
Vietnam,Other,2024,1,True
El Salvador,Other,2025,1,False
Indonesia,Other,2024,6,True
Japan,Privacy and Security,2016,11,True
Estonia,Privacy and Security,2024,9,True
India,Privacy and Security,2019,0,True
Austria,Privacy and Security,2021,0,True
Saudi Arabia,Privacy and Security,2022,40,True
China (mainland),Privacy and Security,2015,3,True
Brazil,Privacy and Security,2016,0,True
Japan,Professional services,2022,20,True
Zimbabwe,Professional services,2023,0,True
Netherlands,Professional services,2024,65,True
Brazil,Real estate,2020,5,True
Brazil,Real estate,2022,3,True
India,Real estate,2024,12,True
India,Real estate,2025,25,False
Israel,Real estate,2016,4,True
Israel,Real estate,2022,149,True
Finland,Robotics,2022,0,True
Switzerland,Robotics,2017,5,True
Philippines,Robotics,2022,0,True
United Kingdom,Robotics,2016,9,True
China (mainland),Robotics,2016,144,True
Australia,Robotics,2018,0,True
North Macedonia,"Sales, retail, commerce, marketing",2024,0,True
Spain,"Sales, retail, commerce, marketing",2017,7,True
Sweden,"Sales, retail, commerce, marketing",2019,4,True
Romania,"Sales, retail, commerce, marketing",2019,0,True
Saudi Arabia,"Sales, retail, commerce, marketing",2024,34,True
Portugal,"Sales, retail, commerce, marketing",2017,0,True
United Kingdom,"Sales, retail, commerce, marketing",2021,925,True
United States,"Sales, retail, commerce, marketing",2015,1156,True
Slovakia,"Sales, retail, commerce, marketing",2020,1,True
Cambodia,"Sales, retail, commerce, marketing",2018,0,True
India,"Sales, retail, commerce, marketing",2023,64,True
Colombia,"Sales, retail, commerce, marketing",2022,3,True
France,Semiconductor,2023,56,True
Israel,Simulation,2018,1,True
Russia,Software,2016,1,True
Germany,Software,2020,249,True
Switzerland,Software,2015,5,True
Iceland,Software,2020,10,True
Lithuania,Software,2017,0,True
Vietnam,Software,2021,7,True
Ghana,Software,2018,1,True
Malaysia,Software,2020,7,True
Czechia,Software,2017,4,True
Ukraine,Software,2019,7,True
Cyprus,Software,2022,4,True
Mexico,Software,2021,25,True
Estonia,Software,2018,3,True
Indonesia,Software,2023,11,True
Luxembourg,Software,2020,11,True
Canada,Speech Recognition,2019,1,True
Colombia,Speech Recognition,2017,0,True
Lithuania,Sports,2025,0,False
United States,Sports,2015,44,True
France,Sports,2019,1,True
South Korea,Sports,2024,3,True
Luxembourg,Sports,2023,1,True
Poland,Sports,2025,6,False
Canada,Telecommunications,2021,55,True
Australia,Telecommunications,2023,1,True
United States,Telecommunications,2015,61,True
China (mainland),Telecommunications,2018,20,True
South Korea,Telecommunications,2018,17,True
Jordan,Telecommunications,2016,0,True
Sweden,Telecommunications,2021,0,True
Switzerland,Telecommunications,2018,0,True
Australia,Transportation,2015,0,True
Croatia,Transportation,2023,195,True
United Arab Emirates,Transportation,2015,0,True
Chile,Transportation,2023,0,True
Pakistan,Transportation,2022,0,True
Saudi Arabia,Transportation,2024,1,True
South Africa,Agriculture,2022,1,True
Israel,Agriculture,2021,328,True
Belize,Agriculture,2022,20,True
New Zealand,Agriculture,2023,0,True
Germany,All,2019,850,True
Egypt,All,2022,12,True
Uzbekistan,All,2025,0,False
Cyprus,All,2023,1,True
Kenya,All,2020,16,True
Belgium,All,2017,286,True
Belgium,All,2018,22,True
Canada,All,2021,2666,True
Jordan,All,2023,0,True
Poland,All,2021,53,True
Sri Lanka,All,2018,2,True
Qatar,All,2020,0,True
Australia,All,2015,29,True
Australia,All,2025,1101,False
Georgia,All,2025,2,False
Iran,All,2020,0,True
Romania,All,2018,0,True
Argentina,All,2018,1,True
Czechia,All,2025,89,False
Israel,All,2025,3200,False
Bulgaria,All,2017,1,True
Brazil,All,2015,62,True
Sweden,All,2021,5146,True
Iceland,All,2022,28,True
Hungary,Biotechnology,2015,0,True
Canada,Biotechnology,2017,8,True
Poland,Biotechnology,2021,4,True
Taiwan,Biotechnology,2021,0,True
Finland,Biotechnology,2023,3,True
Turkey,Community and Lifestyle,2024,0,True
Vietnam,Community and Lifestyle,2021,0,True
Japan,Community and Lifestyle,2016,3,True
Japan,Community and Lifestyle,2021,1,True
Switzerland,Community and Lifestyle,2017,0,True
Singapore,Community and Lifestyle,2020,1,True
United States,Community and Lifestyle,2015,23,True
Portugal,Computer Vision,2018,0,True
Portugal,Computer Vision,2019,1,True
Brazil,Computer Vision,2023,1,True
Australia,Computer Vision,2018,2,True
Finland,Consumer goods,2020,6,True
Norway,Consumer goods,2024,4,True
Switzerland,Consumer goods,2025,58,False
Turkey,Consumer goods,2018,0,True
Canada,Cyber Security,2023,1,True
France,Cyber Security,2017,3,True
Singapore,Cyber Security,2021,20,True
Taiwan,Cyber Security,2018,3,True
Switzerland,Cyber Security,2016,0,True
Bangladesh,Data and analytics,2019,0,True
Germany,Data and analytics,2022,796,True
Germany,Data and analytics,2023,490,True
India,Data and analytics,2022,1236,True
Poland,Data and analytics,2024,16,True
Spain,Data and analytics,2020,46,True
South Korea,Data and analytics,2017,34,True
Australia,Data and analytics,2017,19,True
Uruguay,Data and analytics,2025,3,False
Turkey,Data and analytics,2020,3,True
Sweden,Data and analytics,2025,1270,False
Luxembourg,Data and analytics,2018,7,True
Denmark,Data and analytics,2018,16,True
Brazil,Data and analytics,2020,89,True
Saudi Arabia,Data and analytics,2023,1202,True
Slovenia,Data and analytics,2025,2,False
Israel,Education,2021,6,True
Saudi Arabia,Education,2024,2,True
United States,Education,2023,86,True
Costa Rica,Education,2022,0,True
Cyprus,Education,2019,1,True
Spain,Education,2019,0,True
Ireland,Education,2021,354,True
Malaysia,Education,2023,0,True
Israel,Energy and natural resources,2021,13,True
Italy,Energy and natural resources,2022,1,True
Brazil,Energy and natural resources,2024,4,True
Belgium,Energy and natural resources,2023,3,True
United Kingdom,Energy and natural resources,2020,13,True
Singapore,Energy and natural resources,2024,5,True
Slovakia,Energy and natural resources,2023,17,True
Spain,Energy and natural resources,2017,1,True
Luxembourg,Facial Recognition,2016,0,True
Slovakia,Finance,2021,1,True
Indonesia,Finance,2022,5,True
Iceland,Finance,2019,3,True
Australia,Finance,2025,11,False
Italy,Finance,2015,3,True
Italy,Gaming,2023,0,True
Lithuania,Gaming,2018,0,True
Japan,General purpose,2019,221,True
Qatar,General purpose,2023,0,True
Bangladesh,General purpose,2020,0,True
Jordan,General purpose,2018,0,True
Slovenia,General purpose,2019,0,True
Botswana,General purpose,2015,1,True
United Kingdom,General purpose,2020,911,True
Morocco,General purpose,2022,0,True
Switzerland,General purpose,2024,146,True
Estonia,General purpose,2022,32,True
Norway,General purpose,2018,11,True
Norway,General purpose,2024,123,True
Sri Lanka,General purpose,2023,4,True
Romania,General purpose,2018,0,True
New Zealand,General purpose,2024,15,True
Germany,General purpose,2024,810,True
Saudi Arabia,General purpose,2025,665,False
India,General purpose,2024,373,True
Brazil,General purpose,2024,71,True
Luxembourg,General purpose,2020,4,True
Spain,General purpose,2015,12,True
Tajikistan,General purpose,2023,0,True
Italy,Hardware,2015,0,True
Belgium,Hardware,2025,3,False
Croatia,Hardware,2020,0,True
Singapore,Hardware,2017,88,True
Norway,Hardware,2019,14,True
Netherlands,Hardware,2015,0,True
Spain,Hardware,2019,7,True
Turkey,Healthcare and Life Sciences,2017,0,True
Tunisia,Healthcare and Life Sciences,2024,0,True
Uruguay,Healthcare and Life Sciences,2025,0,False
Germany,Healthcare and Life Sciences,2019,7,True
Sri Lanka,Healthcare and Life Sciences,2024,1,True
Japan,Information Technology,2022,36,True
Italy,Information Technology,2022,5,True
Ireland,Information Technology,2020,19,True
Spain,Information Technology,2016,5,True
Spain,Information Technology,2021,14,True
South Korea,Information Technology,2023,231,True
United States,Information Technology,2018,7658,True
United States,Information Technology,2022,6182,True
Singapore,Information Technology,2020,468,True
Sri Lanka,Information Technology,2020,0,True
Saudi Arabia,Information Technology,2017,13,True
United Kingdom,Information Technology,2017,137,True
Mauritius,Lending and Investments,2021,20,True
Malaysia,Lending and Investments,2020,1,True
Canada,Lending and Investments,2020,5,True
Finland,Manufacturing,2021,3,True
Bulgaria,Media and Entertainment,2024,1,True
Sri Lanka,Media and Entertainment,2017,2,True
Italy,Media and Entertainment,2022,1,True
Albania,Media and Entertainment,2016,2,True
Ireland,Media and Entertainment,2021,3,True
Austria,Media and Entertainment,2016,0,True
Finland,Media and Entertainment,2015,1,True
Sweden,Media and Entertainment,2019,2,True
Panama,Media and Entertainment,2024,0,True
Russia,Media and Entertainment,2015,0,True
South Africa,Media and Entertainment,2018,0,True
United States,"Military, public safety and government",2017,63,True
Bangladesh,"Military, public safety and government",2019,0,True
France,"Military, public safety and government",2018,1,True
France,"Military, public safety and government",2024,1,True
Sri Lanka,"Mobile, platforms & Internet services",2025,1,False
Portugal,"Mobile, platforms & Internet services",2018,1,True
Canada,"Mobile, platforms & Internet services",2017,39,True
Czechia,"Mobile, platforms & Internet services",2025,1,False
Nigeria,"Mobile, platforms & Internet services",2019,0,True
Netherlands,"Mobile, platforms & Internet services",2019,9,True
Indonesia,"Mobile, platforms & Internet services",2016,2,True
United Arab Emirates,"Mobile, platforms & Internet services",2018,2,True
France,NLP,2023,46,True
Sweden,NLP,2022,0,True
United States,NLP,2018,95,True
United States,NLP,2023,12528,True
Mongolia,NLP,2018,0,True
Canada,NLP,2023,27,True
Poland,Navigation and mapping,2023,0,True
New Zealand,Navigation and mapping,2022,1,True
Sweden,Navigation and mapping,2016,2,True
Brazil,Other,2018,1,True
Brazil,Other,2020,129,True
Estonia,Other,2015,0,True
Estonia,Other,2022,4,True
Colombia,Other,2016,0,True
Finland,Other,2020,5,True
Kazakhstan,Other,2023,0,True
Belgium,Other,2025,2,False
Hungary,Other,2016,1,True
Italy,Other,2019,0,True
Ireland,Other,2019,62,True
Germany,Other,2016,0,True
Israel,Privacy and Security,2019,58,True
Spain,Privacy and Security,2024,2,True
Germany,Privacy and Security,2023,17,True
United States,Privacy and Security,2018,2908,True
Iceland,Privacy and Security,2022,3,True
Iceland,Privacy and Security,2024,0,True
Côte d'Ivoire,Privacy and Security,2024,0,True
China (mainland),Privacy and Security,2019,31,True
France,Privacy and Security,2019,11,True
France,Privacy and Security,2025,56,False
Australia,Professional services,2020,0,True
Netherlands,Professional services,2016,3,True
Malaysia,Professional services,2020,2,True
Japan,Real estate,2015,0,True
Spain,Real estate,2021,0,True
Austria,Real estate,2016,0,True
Turkey,Real estate,2017,0,True
Poland,Real estate,2023,0,True
France,Real estate,2016,8,True
Chile,Real estate,2015,0,True
Ireland,Real estate,2024,4,True
Vietnam,Real estate,2023,0,True
Norway,Real estate,2020,242,True
United States,Robotics,2022,563,True
Germany,Robotics,2024,263,True
China (mainland),Robotics,2018,351,True
Sweden,"Sales, retail, commerce, marketing",2022,12,True
Brazil,"Sales, retail, commerce, marketing",2015,0,True
Brazil,"Sales, retail, commerce, marketing",2016,0,True
Panama,"Sales, retail, commerce, marketing",2025,0,False
United Arab Emirates,"Sales, retail, commerce, marketing",2018,1,True
United Arab Emirates,"Sales, retail, commerce, marketing",2023,3,True
Netherlands,"Sales, retail, commerce, marketing",2016,24,True
Netherlands,"Sales, retail, commerce, marketing",2023,7,True
United States,"Sales, retail, commerce, marketing",2024,2694,True
Latvia,"Sales, retail, commerce, marketing",2022,0,True
Argentina,"Sales, retail, commerce, marketing",2015,0,True
Chile,"Sales, retail, commerce, marketing",2019,0,True
Canada,Semiconductor,2020,4,True
Italy,Semiconductor,2024,1,True
United States,Semiconductor,2020,81,True
South Korea,Semiconductor,2022,7,True
China (mainland),Simulation,2023,1,True
Russia,Software,2020,16,True
Armenia,Software,2021,1,True
United Kingdom,Software,2017,414,True
Peru,Software,2020,3,True
Switzerland,Software,2016,5,True
Lithuania,Software,2020,1,True
Vietnam,Software,2022,3,True
Belarus,Software,2022,0,True
Czechia,Software,2016,2,True
New Zealand,Software,2024,19,True
Ukraine,Software,2023,2,True
Sweden,Software,2025,1275,False
Austria,Software,2025,37,False
Canada,Speech Recognition,2021,0,True
Colombia,Speech Recognition,2020,0,True
United States,Speech Recognition,2020,311,True
Romania,Sports,2022,0,True
Hungary,Sports,2021,1,True
Bulgaria,Sports,2019,0,True
Israel,Sports,2018,33,True
India,Sports,2022,3,True
Canada,Sports,2017,0,True
Saudi Arabia,Sports,2023,0,True
Czechia,Telecommunications,2020,2,True
Japan,Telecommunications,2018,4,True
Australia,Transportation,2024,2,True
Sweden,Transportation,2021,29,True
Turkey,Transportation,2020,0,True
United States,Transportation,2018,2651,True
Egypt,Transportation,2016,0,True
Sri Lanka,Agriculture,2020,0,True
India,Agriculture,2023,7,True
Italy,Agriculture,2018,0,True
Sweden,Agriculture,2021,2,True
Bangladesh,Agriculture,2022,0,True
Singapore,Agriculture,2018,5,True
Tunisia,Agriculture,2021,0,True
Portugal,All,2019,93,True
Indonesia,All,2020,37,True
Cyprus,All,2019,3,True
Belgium,All,2021,532,True
Norway,All,2018,28,True
Bosnia and Herzegovina,All,2023,0,True
Chile,All,2017,6,True
Japan,All,2017,397,True
Luxembourg,All,2025,4,False
China (mainland),All,2023,5310,True
Switzerland,All,2023,344,True
Peru,All,2019,1,True
Estonia,Biotechnology,2023,0,True
Netherlands,Biotechnology,2023,10,True
Australia,Biotechnology,2015,0,True
Spain,Biotechnology,2023,29,True
Israel,Biotechnology,2020,22,True
Switzerland,Biotechnology,2023,2,True
Ireland,Community and Lifestyle,2022,100,True
South Korea,Community and Lifestyle,2015,4,True
South Africa,Community and Lifestyle,2022,0,True
India,Community and Lifestyle,2016,1,True
Hungary,Community and Lifestyle,2023,0,True
Israel,Community and Lifestyle,2020,19,True
Singapore,Community and Lifestyle,2015,5,True
Malaysia,Community and Lifestyle,2019,1,True
Netherlands,Community and Lifestyle,2022,1,True
Switzerland,Computer Vision,2018,10,True
Switzerland,Computer Vision,2019,8,True
Argentina,Computer Vision,2018,0,True
Finland,Computer Vision,2023,0,True
Poland,Computer Vision,2020,1,True
France,Computer Vision,2016,2,True
India,Computer Vision,2017,2,True
Bulgaria,Computer Vision,2019,0,True
Sweden,Computer Vision,2021,0,True
United Arab Emirates,Computer Vision,2020,1,True
Thailand,Computer Vision,2018,0,True
Mexico,Consumer goods,2022,2,True
Finland,Consumer goods,2023,1,True
Italy,Consumer goods,2017,1,True
United States,Consumer goods,2024,968,True
Israel,Consumer goods,2023,11,True
Hungary,Consumer goods,2022,0,True
United Kingdom,Consumer goods,2025,8,False
Ireland,Consumer goods,2017,1,True
United Kingdom,Cyber Security,2020,19,True
United Kingdom,Cyber Security,2021,27,True
Singapore,Cyber Security,2019,3,True
Germany,Data and analytics,2017,289,True
Germany,Data and analytics,2024,804,True
Japan,Data and analytics,2016,678,True
Egypt,Data and analytics,2022,2,True
Thailand,Data and analytics,2021,5,True
Croatia,Data and analytics,2023,195,True
Bosnia and Herzegovina,Data and analytics,2016,0,True
Kenya,Data and analytics,2019,0,True
Philippines,Data and analytics,2024,16,True
Mexico,Data and analytics,2020,27,True
Mexico,Data and analytics,2022,35,True
Poland,Data and analytics,2021,23,True
Peru,Data and analytics,2019,1,True
Greece,Data and analytics,2016,6,True
Greece,Data and analytics,2018,2,True
Greece,Data and analytics,2021,4,True
Denmark,Data and analytics,2019,27,True
Portugal,Data and analytics,2016,3,True
Australia,Education,2015,0,True
Australia,Education,2021,7,True
Australia,Education,2024,0,True
United States,Education,2019,111,True
Spain,Education,2020,1,True
Taiwan,Education,2019,1,True
Japan,Education,2021,17,True
South Korea,Education,2021,202,True
India,Energy and natural resources,2025,18,False
Australia,Energy and natural resources,2025,8,False
Colombia,Energy and natural resources,2025,0,False
Italy,Energy and natural resources,2023,1,True
Singapore,Energy and natural resources,2023,4,True
Chile,Energy and natural resources,2018,1,True
Poland,Finance,2023,0,True
Spain,Finance,2022,5,True
Switzerland,Finance,2023,3,True
Czechia,Finance,2022,1,True
Austria,Finance,2015,1,True
Austria,Finance,2024,4,True
Italy,Finance,2022,3,True
Canada,Finance,2017,38,True
United Kingdom,Finance,2022,413,True
Estonia,Finance,2019,0,True
Malta,Gaming,2025,0,False
Japan,Gaming,2022,1,True
Canada,Gaming,2016,0,True
Hungary,Gaming,2015,0,True
Taiwan,Gaming,2019,0,True
Czechia,General purpose,2020,6,True
Jordan,General purpose,2020,0,True
Portugal,General purpose,2015,5,True
United Arab Emirates,General purpose,2025,378,False
Greece,General purpose,2018,1,True
United States,General purpose,2022,21635,True
Switzerland,General purpose,2019,235,True
Ukraine,General purpose,2021,0,True
New Zealand,General purpose,2017,1,True
New Zealand,General purpose,2022,4,True
India,General purpose,2022,994,True
Israel,General purpose,2015,76,True
Kenya,General purpose,2017,0,True
Malaysia,General purpose,2024,4,True
Turkey,General purpose,2023,28,True
Tajikistan,General purpose,2024,1,True
Chile,Hardware,2018,1,True
South Africa,Hardware,2025,0,False
Taiwan,Hardware,2022,16,True
Switzerland,Hardware,2015,4,True
China (mainland),Hardware,2015,99,True
Estonia,Hardware,2024,8,True
South Korea,Hardware,2022,132,True
Malta,Hardware,2020,1,True
Indonesia,Hardware,2023,1,True
Australia,Hardware,2025,204,False
Switzerland,Healthcare and Life Sciences,2024,26,True
United Kingdom,Healthcare and Life Sciences,2024,288,True
Romania,Healthcare and Life Sciences,2024,2,True
Czechia,Healthcare and Life Sciences,2025,0,False
Canada,Healthcare and Life Sciences,2025,2396,False
China (mainland),Healthcare and Life Sciences,2019,162,True
Taiwan,Healthcare and Life Sciences,2025,4,False
Japan,Information Technology,2025,75,False
Taiwan,Information Technology,2025,14,False
Slovenia,Information Technology,2016,0,True
Georgia,Information Technology,2022,0,True
Indonesia,Information Technology,2025,1,False
Argentina,Information Technology,2015,0,True
Norway,Information Technology,2025,4,False
Kenya,Information Technology,2021,11,True
Estonia,Information Technology,2017,1,True
Seychelles,Information Technology,2017,1,True
Bulgaria,Information Technology,2023,0,True
Netherlands,Information Technology,2023,210,True
Egypt,Lending and Investments,2022,0,True
Bulgaria,Lending and Investments,2022,0,True
Portugal,Lending and Investments,2022,1,True
China (mainland),Lending and Investments,2024,1,True
Germany,Lending and Investments,2024,17,True
Brazil,Lending and Investments,2019,4,True
South Korea,Lending and Investments,2023,2,True
Mexico,Lending and Investments,2023,20,True
Czechia,Manufacturing,2022,0,True
United Kingdom,Manufacturing,2021,18,True
Australia,Manufacturing,2016,3,True
Germany,Manufacturing,2015,8,True
Netherlands,Manufacturing,2024,2,True
Singapore,Manufacturing,2018,1,True
Australia,Media and Entertainment,2020,10,True
North Macedonia,Media and Entertainment,2024,0,True
Canada,Media and Entertainment,2019,9,True
France,Media and Entertainment,2021,3,True
Spain,Media and Entertainment,2023,4,True
South Korea,Media and Entertainment,2018,19,True
South Korea,Media and Entertainment,2023,11,True
Switzerland,Media and Entertainment,2016,0,True
Switzerland,Media and Entertainment,2017,0,True
Switzerland,Media and Entertainment,2024,4,True
Norway,Media and Entertainment,2019,0,True
Seychelles,Media and Entertainment,2024,0,True
Israel,"Military, public safety and government",2017,1,True
Israel,"Military, public safety and government",2025,26,False
Belgium,"Military, public safety and government",2017,0,True
China (mainland),"Military, public safety and government",2015,0,True
Hungary,"Mobile, platforms & Internet services",2023,7,True
Poland,"Mobile, platforms & Internet services",2017,1,True
Poland,"Mobile, platforms & Internet services",2021,2,True
Singapore,"Mobile, platforms & Internet services",2021,566,True
Belgium,"Mobile, platforms & Internet services",2019,3,True
Israel,"Mobile, platforms & Internet services",2024,359,True
Romania,"Mobile, platforms & Internet services",2023,10,True
Ecuador,"Mobile, platforms & Internet services",2021,0,True
France,"Mobile, platforms & Internet services",2025,181,False
Vietnam,"Mobile, platforms & Internet services",2025,2,False
Philippines,"Mobile, platforms & Internet services",2025,6,False
Japan,"Mobile, platforms & Internet services",2015,21,True
Nigeria,"Mobile, platforms & Internet services",2024,1,True
Argentina,"Mobile, platforms & Internet services",2018,0,True
Uruguay,"Mobile, platforms & Internet services",2023,0,True
Croatia,"Mobile, platforms & Internet services",2021,1,True
Brazil,"Mobile, platforms & Internet services",2024,48,True
Finland,"Mobile, platforms & Internet services",2024,1,True
Chile,"Mobile, platforms & Internet services",2020,1,True
Greece,"Mobile, platforms & Internet services",2018,1,True
Indonesia,"Mobile, platforms & Internet services",2017,1,True
Bulgaria,"Mobile, platforms & Internet services",2015,0,True
China (mainland),NLP,2019,28,True
Brazil,NLP,2022,70,True
Germany,NLP,2015,0,True
Taiwan,NLP,2017,2,True
Canada,NLP,2015,1,True
France,Navigation and mapping,2017,5,True
France,Navigation and mapping,2018,5,True
United Kingdom,Navigation and mapping,2021,14,True
Ireland,Navigation and mapping,2021,1,True
South Africa,Navigation and mapping,2022,0,True
Germany,Navigation and mapping,2017,2,True
Germany,Navigation and mapping,2019,2,True
Mongolia,Other,2018,0,True
United Arab Emirates,Other,2019,7,True
Canada,Other,2021,77,True
Austria,Other,2024,1,True
Indonesia,Other,2018,1,True
Croatia,Other,2020,1,True
Germany,Other,2018,2,True
United Kingdom,Other,2016,27,True
Israel,Other,2019,21,True
Saudi Arabia,Other,2024,0,True
Australia,Privacy and Security,2021,50,True
Switzerland,Privacy and Security,2015,0,True
Switzerland,Privacy and Security,2023,0,True
Ireland,Privacy and Security,2025,4,False
Singapore,Privacy and Security,2015,0,True
Hungary,Professional services,2015,0,True
United Kingdom,Professional services,2020,111,True
Israel,Professional services,2022,49,True
Israel,Professional services,2024,141,True
South Africa,Professional services,2022,102,True
Spain,Professional services,2020,4,True
Spain,Professional services,2024,4,True
Colombia,Professional services,2019,0,True
Venezuela,Real estate,2019,1,True
Czechia,Real estate,2019,1,True
China (mainland),Real estate,2018,69,True
Ireland,Real estate,2017,1,True
Ireland,Real estate,2021,0,True
Canada,Real estate,2020,6,True
United States,Robotics,2021,994,True
Netherlands,Robotics,2016,6,True
Netherlands,Robotics,2019,2,True
Switzerland,Robotics,2020,9,True
Turkey,Robotics,2021,1,True
South Korea,Robotics,2024,56,True
Australia,Robotics,2020,0,True
Russia,"Sales, retail, commerce, marketing",2018,1,True
India,"Sales, retail, commerce, marketing",2024,120,True
Mexico,"Sales, retail, commerce, marketing",2016,1,True
Israel,Semiconductor,2018,25,True
Netherlands,Semiconductor,2020,3,True
China (mainland),Semiconductor,2024,15,True
United States,Simulation,2015,1,True
Romania,Software,2016,1,True
Turkey,Software,2022,41,True
Zimbabwe,Software,2024,1,True
India,Software,2015,530,True
Kenya,Software,2018,2,True
Ghana,Software,2025,0,False
Finland,Software,2019,242,True
Finland,Software,2020,161,True
New Zealand,Software,2022,6,True
Saudi Arabia,Software,2018,1,True
Saudi Arabia,Software,2020,25,True
Norway,Software,2019,33,True
Brazil,Software,2021,148,True
Seychelles,Software,2024,0,True
Jordan,Software,2019,0,True
China (mainland),Software,2024,5381,True
Singapore,Software,2019,1658,True
Luxembourg,Software,2024,20,True
Slovakia,Software,2019,3,True
Canada,Speech Recognition,2023,8,True
United States,Speech Recognition,2019,41,True
Finland,Speech Recognition,2021,0,True
India,Speech Recognition,2020,7,True
China (mainland),Speech Recognition,2022,55,True
South Korea,Sports,2025,0,False
Canada,Telecommunications,2017,1,True
Poland,Telecommunications,2015,0,True
Switzerland,Telecommunications,2020,1,True
Switzerland,Telecommunications,2024,2,True
Mexico,Transportation,2022,14,True
Canada,Transportation,2018,10,True
Canada,Transportation,2022,15,True
Czechia,Transportation,2017,0,True
Poland,Transportation,2018,2,True
Colombia,Transportation,2019,0,True
Saudi Arabia,Transportation,2017,0,True
Switzerland,Agriculture,2021,6,True
Netherlands,Agriculture,2025,6,False
India,Agriculture,2015,1,True
Italy,Agriculture,2024,0,True
Bangladesh,Agriculture,2023,0,True
Greece,Agriculture,2015,0,True
Slovenia,Agriculture,2022,3,True
Uganda,Agriculture,2019,0,True
Uganda,Agriculture,2020,0,True
Germany,All,2017,492,True
Greece,All,2018,2,True
Portugal,All,2018,30,True
Austria,All,2021,150,True
France,All,2021,1832,True
Finland,All,2023,71,True
Cyprus,All,2017,2,True
Tajikistan,All,2024,1,True
Canada,All,2025,5670,False
Hungary,All,2017,2,True
Malaysia,All,2019,52,True
Serbia,All,2024,1,True
Bosnia and Herzegovina,All,2021,0,True
Côte d'Ivoire,All,2024,1,True
Chile,All,2020,89,True
India,All,2015,956,True
Czechia,All,2018,3,True
Luxembourg,All,2015,0,True
Estonia,All,2020,26,True
Nigeria,All,2020,4,True
Sweden,All,2020,3509,True
Iceland,All,2018,6,True
Austria,Biotechnology,2022,1,True
Estonia,Biotechnology,2024,0,True
Singapore,Biotechnology,2018,2,True
Chile,Biotechnology,2019,0,True
Sweden,Biotechnology,2023,2,True
Sweden,Biotechnology,2024,0,True
France,Biotechnology,2022,14,True
Spain,Biotechnology,2022,23,True
Germany,Biotechnology,2023,28,True
Israel,Biotechnology,2017,3,True
Ireland,Community and Lifestyle,2018,10,True
Egypt,Community and Lifestyle,2016,0,True
Portugal,Community and Lifestyle,2018,0,True
Taiwan,Community and Lifestyle,2017,2,True
India,Community and Lifestyle,2015,1,True
Estonia,Community and Lifestyle,2024,0,True
Israel,Community and Lifestyle,2016,6,True
Israel,Community and Lifestyle,2024,103,True
Saudi Arabia,Community and Lifestyle,2019,1,True
Netherlands,Computer Vision,2024,2,True
Poland,Computer Vision,2022,1,True
France,Computer Vision,2025,6,False
Lithuania,Consumer goods,2020,0,True
Malaysia,Consumer goods,2019,7,True
Canada,Consumer goods,2025,37,False
Italy,Consumer goods,2022,0,True
Japan,Consumer goods,2015,2,True
South Africa,Consumer goods,2019,2,True
Netherlands,Consumer goods,2018,8,True
United States,Cyber Security,2016,88,True
Canada,Cyber Security,2022,7,True
South Korea,Cyber Security,2022,4,True
Germany,Cyber Security,2017,0,True
Czechia,Cyber Security,2025,16,False
China (mainland),Cyber Security,2022,24,True
Iceland,Data and analytics,2019,7,True
Indonesia,Data and analytics,2020,6,True
Tajikistan,Data and analytics,2024,1,True
Finland,Data and analytics,2023,25,True
Romania,Data and analytics,2023,8,True
Taiwan,Data and analytics,2016,3,True
Belgium,Data and analytics,2019,26,True
Latvia,Data and analytics,2016,0,True
Latvia,Data and analytics,2025,1,False
China (mainland),Data and analytics,2023,1823,True
France,Data and analytics,2015,29,True
South Africa,Data and analytics,2023,14,True
Uzbekistan,Data and analytics,2024,0,True
Sweden,Data and analytics,2022,74,True
United Arab Emirates,Data and analytics,2022,32,True
Denmark,Data and analytics,2025,39,False
Portugal,Data and analytics,2017,17,True
Austria,Data and analytics,2016,3,True
Iceland,Education,2021,0,True
Mexico,Education,2025,3,False
India,Education,2022,154,True
Singapore,Education,2019,2,True
Spain,Education,2018,0,True
Spain,Education,2022,1,True
China (mainland),Education,2020,1149,True
Canada,Education,2016,6,True
China (mainland),Energy and natural resources,2018,6,True
South Korea,Energy and natural resources,2015,1,True
Tunisia,Energy and natural resources,2019,0,True
United States,Energy and natural resources,2020,307,True
Belgium,Energy and natural resources,2017,94,True
Chile,Energy and natural resources,2024,1,True
Spain,Energy and natural resources,2021,3,True
Belgium,Finance,2018,4,True
Argentina,Finance,2017,4,True
India,Finance,2015,5,True
Finland,Finance,2015,85,True
Slovenia,Finance,2017,0,True
New Zealand,Finance,2020,2,True
Japan,Finance,2017,7,True
Netherlands,Finance,2021,41,True
Qatar,Finance,2022,2,True
South Africa,Finance,2021,33,True
Taiwan,Finance,2016,1,True
Canada,Finance,2016,24,True
Sri Lanka,Finance,2024,0,True
Norway,Finance,2020,5,True
Norway,Finance,2022,3,True
Vietnam,Finance,2022,3,True
Switzerland,Gaming,2024,1,True
Sweden,Gaming,2025,3,False
Brazil,Gaming,2020,0,True
United States,Gaming,2022,53,True
Czechia,General purpose,2022,60,True
France,General purpose,2016,70,True
Canada,General purpose,2018,265,True
Italy,General purpose,2018,10,True
Norway,General purpose,2016,1,True
Romania,General purpose,2023,8,True
Belize,General purpose,2019,0,True
Belgium,General purpose,2018,14,True
Oman,General purpose,2025,0,False
Kazakhstan,General purpose,2024,1,True
Peru,General purpose,2018,0,True
Iceland,General purpose,2018,2,True
Taiwan,General purpose,2022,29,True
Hungary,Hardware,2016,2,True
Thailand,Hardware,2022,0,True
Slovakia,Hardware,2019,1,True
Peru,Hardware,2023,0,True
Norway,Hardware,2017,12,True
Brazil,Hardware,2019,1,True
Russia,Hardware,2015,1,True
Germany,Hardware,2023,181,True
Germany,Hardware,2025,405,False
Sri Lanka,Hardware,2018,2,True
Netherlands,Healthcare and Life Sciences,2015,0,True
Russia,Healthcare and Life Sciences,2016,3,True
Russia,Healthcare and Life Sciences,2019,2,True
Australia,Healthcare and Life Sciences,2024,6,True
Denmark,Healthcare and Life Sciences,2021,6,True
Nigeria,Healthcare and Life Sciences,2025,0,False
Belgium,Healthcare and Life Sciences,2015,2,True
Malaysia,Healthcare and Life Sciences,2020,0,True
India,Information Technology,2020,12205,True
Cyprus,Information Technology,2021,17,True
France,Information Technology,2018,100,True
Ireland,Information Technology,2017,10,True
Croatia,Information Technology,2020,1,True
Latvia,Information Technology,2022,1,True
Finland,Information Technology,2021,68,True
Bulgaria,Information Technology,2019,0,True
Israel,Information Technology,2015,114,True
Israel,Information Technology,2025,374,False
United Kingdom,Lending and Investments,2020,68,True
Turkey,Lending and Investments,2025,0,False
Kazakhstan,Lending and Investments,2022,0,True
Switzerland,Manufacturing,2024,40,True
India,Manufacturing,2024,46,True
France,Manufacturing,2018,18,True
Serbia,Media and Entertainment,2017,0,True
Australia,Media and Entertainment,2017,0,True
Australia,Media and Entertainment,2024,1791,True
Kazakhstan,Media and Entertainment,2024,0,True
India,Media and Entertainment,2020,15,True
Austria,Media and Entertainment,2018,0,True
Romania,Media and Entertainment,2022,0,True
Spain,Media and Entertainment,2021,0,True
Malaysia,Media and Entertainment,2021,2,True
Denmark,Media and Entertainment,2023,0,True
Germany,"Military, public safety and government",2024,104,True
Spain,"Military, public safety and government",2015,0,True
Turkey,"Mobile, platforms & Internet services",2020,0,True
Costa Rica,"Mobile, platforms & Internet services",2025,1,False
Belgium,"Mobile, platforms & Internet services",2023,1,True
Czechia,"Mobile, platforms & Internet services",2020,4,True
Ireland,"Mobile, platforms & Internet services",2024,1,True
United Arab Emirates,"Mobile, platforms & Internet services",2016,0,True
Colombia,"Mobile, platforms & Internet services",2016,1,True
Norway,"Mobile, platforms & Internet services",2016,1,True
Serbia,NLP,2022,0,True
Finland,NLP,2018,1,True
Finland,NLP,2021,0,True
Poland,NLP,2022,8,True
China (mainland),Navigation and mapping,2016,2,True
China (mainland),Navigation and mapping,2025,1,False
Germany,Navigation and mapping,2022,22,True
South Korea,Navigation and mapping,2021,13,True
France,Other,2016,8,True
South Africa,Other,2022,101,True
Bulgaria,Other,2018,0,True
Canada,Other,2016,15,True
Finland,Other,2024,4,True
Singapore,Other,2025,43,False
Denmark,Other,2024,5,True
Portugal,Other,2018,3,True
Egypt,Other,2025,3,False
Sweden,Other,2015,0,True
Bulgaria,Privacy and Security,2022,0,True
Japan,Privacy and Security,2019,11,True
Belgium,Privacy and Security,2025,3,False
Canada,Privacy and Security,2019,32,True
Malaysia,Privacy and Security,2023,0,True
Ireland,Privacy and Security,2019,3,True
Mexico,Privacy and Security,2023,0,True
Poland,Privacy and Security,2022,0,True
Romania,Privacy and Security,2017,0,True
Japan,Professional services,2019,22,True
Romania,Professional services,2024,1,True
South Africa,Professional services,2024,3,True
Taiwan,Professional services,2019,5,True
Ukraine,Professional services,2025,0,False
Australia,Professional services,2023,2,True
Denmark,Professional services,2018,1,True
Malaysia,Professional services,2021,1,True
Portugal,Real estate,2024,6,True
Belgium,Real estate,2018,3,True
Belgium,Real estate,2025,1,False
Israel,Real estate,2023,15,True
China (mainland),Real estate,2021,38,True
Bulgaria,Real estate,2023,0,True
United States,Robotics,2015,108,True
Switzerland,Robotics,2025,123,False
Japan,Robotics,2015,18,True
Malaysia,Robotics,2021,1,True
United Kingdom,Robotics,2017,10,True
Italy,Robotics,2019,1,True
Poland,"Sales, retail, commerce, marketing",2017,4,True
Japan,"Sales, retail, commerce, marketing",2025,27,False
Spain,"Sales, retail, commerce, marketing",2021,22,True
Vietnam,"Sales, retail, commerce, marketing",2024,0,True
Canada,"Sales, retail, commerce, marketing",2021,151,True
Netherlands,"Sales, retail, commerce, marketing",2015,2,True
United States,"Sales, retail, commerce, marketing",2025,1369,False
Malaysia,"Sales, retail, commerce, marketing",2019,0,True
Mexico,"Sales, retail, commerce, marketing",2018,0,True
Qatar,"Sales, retail, commerce, marketing",2021,4,True
Chile,"Sales, retail, commerce, marketing",2021,3,True
Chile,"Sales, retail, commerce, marketing",2025,3,False
South Korea,Semiconductor,2023,36,True
United Kingdom,Simulation,2020,0,True
Russia,Software,2019,24,True
Peru,Software,2022,0,True
Switzerland,Software,2024,135,True
Vietnam,Software,2024,3,True
Kenya,Software,2023,8,True
Ghana,Software,2021,0,True
Portugal,Software,2018,8,True
Kazakhstan,Software,2024,0,True
Colombia,Software,2023,4,True
Mauritius,Software,2022,2,True
Saudi Arabia,Software,2019,13,True
Oman,Software,2024,3,True
Norway,Software,2020,353,True
Spain,Software,2016,25,True
Spain,Software,2020,50,True
South Africa,Software,2020,34,True
Georgia,Software,2024,0,True
Israel,Software,2018,233,True
Netherlands,Software,2025,197,False
Lebanon,Software,2019,0,True
Germany,Speech Recognition,2020,1,True
Poland,Speech Recognition,2023,0,True
China (mainland),Speech Recognition,2021,5,True
France,Sports,2023,0,True
China (mainland),Sports,2020,15,True
India,Sports,2024,1,True
Saudi Arabia,Sports,2021,0,True
Norway,Sports,2024,1,True
Denmark,Sports,2022,1,True
United Kingdom,Sports,2020,4,True
France,Telecommunications,2025,1,False
Taiwan,Telecommunications,2021,0,True
United States,Telecommunications,2025,405,False
China (mainland),Telecommunications,2016,11,True
South Korea,Transportation,2018,7,True
South Korea,Transportation,2020,9,True
Sweden,Transportation,2024,5,True
Malaysia,Transportation,2017,0,True
Bangladesh,Transportation,2019,0,True
Spain,Transportation,2016,0,True
Hungary,Transportation,2019,0,True
Uzbekistan,Transportation,2024,0,True
Slovakia,Transportation,2017,6,True
Denmark,Transportation,2016,0,True
United Kingdom,Transportation,2024,371,True
France,Transportation,2019,45,True
Spain,Agriculture,2023,2,True
China (mainland),Agriculture,2017,12,True
Israel,Agriculture,2022,10,True
Australia,Agriculture,2022,12,True
Australia,Agriculture,2025,8,False
Saudi Arabia,Agriculture,2020,4,True
United States,Agriculture,2020,57,True
Portugal,All,2015,20,True
Ghana,All,2021,2,True
New Zealand,All,2022,36,True
Finland,All,2021,232,True
Belize,All,2019,0,True
Bosnia and Herzegovina,All,2016,0,True
South Korea,All,2020,371,True
Japan,All,2018,639,True
Croatia,All,2022,2,True
China (mainland),All,2022,8171,True
Sweden,All,2025,3962,False
Lebanon,All,2021,0,True
Switzerland,All,2024,446,True
Singapore,Biotechnology,2017,0,True
Singapore,Biotechnology,2023,21,True
Poland,Biotechnology,2017,2,True
Indonesia,Biotechnology,2023,3,True
Spain,Biotechnology,2019,1,True
Israel,Biotechnology,2023,8,True
Switzerland,Biotechnology,2016,0,True
Ireland,Community and Lifestyle,2017,1,True
Sri Lanka,Community and Lifestyle,2023,0,True
India,Community and Lifestyle,2022,827,True
Israel,Community and Lifestyle,2018,20,True
Israel,Community and Lifestyle,2021,13,True
France,Community and Lifestyle,2019,2,True
Brazil,Community and Lifestyle,2021,1,True
Brazil,Community and Lifestyle,2025,1,False
Saudi Arabia,Community and Lifestyle,2021,9,True
Switzerland,Computer Vision,2021,3,True
Germany,Computer Vision,2016,6,True
United Kingdom,Computer Vision,2017,10,True
Turkey,Computer Vision,2015,0,True
Netherlands,Computer Vision,2025,3,False
Japan,Computer Vision,2019,71,True
Hungary,Computer Vision,2015,0,True
Israel,Computer Vision,2021,367,True
India,Computer Vision,2023,1,True
Malaysia,Consumer goods,2018,0,True
Canada,Consumer goods,2019,67,True
Brazil,Consumer goods,2020,3,True
Singapore,Consumer goods,2022,24,True
Portugal,Consumer goods,2017,1,True
Finland,Consumer goods,2019,1,True
China (mainland),Consumer goods,2016,77,True
Denmark,Consumer goods,2019,1,True
Spain,Consumer goods,2024,0,True
Ireland,Cyber Security,2020,0,True
Canada,Cyber Security,2018,4,True
Spain,Cyber Security,2025,10,False
Italy,Data and analytics,2019,5,True
Slovakia,Data and analytics,2025,9,False
Finland,Data and analytics,2016,4,True
Finland,Data and analytics,2019,241,True
Spain,Data and analytics,2016,39,True
Belgium,Data and analytics,2015,21,True
Oman,Data and analytics,2025,1,False
Sri Lanka,Data and analytics,2025,1,False
South Africa,Data and analytics,2025,3,False
Portugal,Data and analytics,2023,13,True
United Kingdom,Education,2018,20,True
Israel,Energy and natural resources,2018,8,True
Netherlands,Energy and natural resources,2020,2,True
United States,Energy and natural resources,2021,402,True
United States,Energy and natural resources,2023,363,True
Saudi Arabia,Energy and natural resources,2025,2,False
Norway,Energy and natural resources,2021,1,True
Hungary,Energy and natural resources,2020,0,True
Chile,Energy and natural resources,2021,1,True
Portugal,Energy and natural resources,2021,0,True
France,Finance,2022,30,True
Iceland,Finance,2022,3,True
United Arab Emirates,Finance,2023,173,True
Italy,Finance,2018,2,True
United Kingdom,Finance,2023,440,True
Luxembourg,Finance,2018,1,True
Estonia,Finance,2024,2,True
Italy,Gaming,2025,0,False
Estonia,Gaming,2024,0,True
India,Gaming,2024,6,True
United States,Gaming,2020,36,True
Thailand,General purpose,2021,5,True
France,General purpose,2021,463,True
Chile,General purpose,2019,6,True
United Arab Emirates,General purpose,2016,0,True
United States,General purpose,2017,5780,True
Singapore,General purpose,2018,310,True
Saudi Arabia,General purpose,2017,2,True
India,General purpose,2017,25,True
Mexico,General purpose,2025,5,False
Lithuania,General purpose,2017,0,True
Croatia,General purpose,2023,195,True
Côte d'Ivoire,General purpose,2024,0,True
Austria,General purpose,2025,36,False
France,Hardware,2015,17,True
France,Hardware,2023,89,True
Belgium,Hardware,2018,8,True
Belgium,Hardware,2020,1,True
South Africa,Hardware,2017,0,True
Denmark,Hardware,2018,154,True
India,Hardware,2015,380,True
Lithuania,Hardware,2018,0,True
Taiwan,Hardware,2019,5,True
Croatia,Hardware,2019,0,True
China (mainland),Hardware,2020,534,True
Ghana,Hardware,2017,0,True
Turkey,Healthcare and Life Sciences,2021,1,True
Turkey,Healthcare and Life Sciences,2023,2,True
Italy,Healthcare and Life Sciences,2018,4,True
Austria,Healthcare and Life Sciences,2024,2,True
Singapore,Healthcare and Life Sciences,2015,8,True
United Kingdom,Healthcare and Life Sciences,2023,117,True
Argentina,Healthcare and Life Sciences,2022,5,True
Argentina,Healthcare and Life Sciences,2025,0,False
Lithuania,Healthcare and Life Sciences,2019,1,True
Sweden,Healthcare and Life Sciences,2022,5,True
South Africa,Healthcare and Life Sciences,2025,0,False
Italy,Information Technology,2015,2,True
Italy,Information Technology,2023,14,True
Austria,Information Technology,2024,22,True
Iran,Information Technology,2020,0,True
Switzerland,Information Technology,2022,185,True
Iceland,Information Technology,2023,0,True
Iceland,Information Technology,2024,2,True
Belgium,Information Technology,2021,70,True
Latvia,Information Technology,2016,0,True
Czechia,Information Technology,2022,59,True
Pakistan,Information Technology,2021,3,True
Lithuania,Information Technology,2021,0,True
Netherlands,Information Technology,2020,36,True
Belgium,Lending and Investments,2020,4,True
Netherlands,Lending and Investments,2018,0,True
India,Lending and Investments,2020,6,True
Canada,Lending and Investments,2016,5,True
Spain,Manufacturing,2023,4,True
Thailand,Manufacturing,2018,0,True
Canada,Manufacturing,2016,255,True
South Korea,Manufacturing,2018,2,True
South Africa,Manufacturing,2020,3,True
Italy,Manufacturing,2015,0,True
Italy,Manufacturing,2020,2,True
Norway,Manufacturing,2023,5,True
Portugal,Manufacturing,2022,2,True
Israel,Media and Entertainment,2024,23,True
Portugal,Media and Entertainment,2020,0,True
Georgia,Media and Entertainment,2025,0,False
Turkey,Media and Entertainment,2019,0,True
Egypt,"Mobile, platforms & Internet services",2022,0,True
South Africa,"Mobile, platforms & Internet services",2022,0,True
China (mainland),"Mobile, platforms & Internet services",2021,639,True
Kazakhstan,"Mobile, platforms & Internet services",2019,0,True
United States,"Mobile, platforms & Internet services",2023,3226,True
Thailand,"Mobile, platforms & Internet services",2015,0,True
Bosnia and Herzegovina,"Mobile, platforms & Internet services",2020,0,True
Iceland,"Mobile, platforms & Internet services",2019,0,True
Lebanon,"Mobile, platforms & Internet services",2016,0,True
Finland,"Mobile, platforms & Internet services",2023,2,True
United Kingdom,"Mobile, platforms & Internet services",2019,207,True
Cyprus,"Mobile, platforms & Internet services",2022,1,True
Indonesia,"Mobile, platforms & Internet services",2021,75,True
Austria,"Mobile, platforms & Internet services",2024,0,True
Tanzania,"Mobile, platforms & Internet services",2017,0,True
Iceland,NLP,2020,0,True
Turkey,NLP,2020,0,True
United Kingdom,NLP,2015,2,True
Austria,NLP,2016,0,True
Singapore,NLP,2015,0,True
Australia,Navigation and mapping,2017,1,True
United States,Navigation and mapping,2023,64,True
Sweden,Navigation and mapping,2015,0,True
Colombia,Other,2017,0,True
Colombia,Other,2024,0,True
United Arab Emirates,Other,2021,3,True
Norway,Other,2019,0,True
India,Other,2020,14,True
Egypt,Other,2016,0,True
Tunisia,Other,2022,0,True
Nigeria,Privacy and Security,2020,1,True
Netherlands,Privacy and Security,2020,5,True
Estonia,Professional services,2025,3,False
Czechia,Professional services,2020,2,True
Czechia,Professional services,2025,1,False
Hungary,Professional services,2023,4,True
Spain,Professional services,2018,3,True
Kuwait,Professional services,2023,4,True
Kazakhstan,Professional services,2024,1,True
France,Professional services,2022,20,True
France,Professional services,2024,173,True
Estonia,Real estate,2019,1,True
Austria,Real estate,2023,2,True
India,Real estate,2018,0,True
China (mainland),Real estate,2025,3,False
Turkey,Real estate,2022,0,True
South Africa,Real estate,2023,1,True
Hungary,Real estate,2023,3,True
France,Robotics,2025,23,False
Netherlands,Robotics,2021,96,True
United Arab Emirates,Robotics,2025,2,False
Chile,Robotics,2021,0,True
Malaysia,Robotics,2025,58,False
Canada,Robotics,2025,11,False
Switzerland,"Sales, retail, commerce, marketing",2024,3,True
Kenya,"Sales, retail, commerce, marketing",2023,1,True
Australia,"Sales, retail, commerce, marketing",2025,33,False
Estonia,"Sales, retail, commerce, marketing",2022,0,True
Norway,"Sales, retail, commerce, marketing",2025,2,False
Austria,"Sales, retail, commerce, marketing",2025,3,False
France,"Sales, retail, commerce, marketing",2018,45,True
United States,"Sales, retail, commerce, marketing",2023,1169,True
Latvia,"Sales, retail, commerce, marketing",2019,0,True
Malaysia,"Sales, retail, commerce, marketing",2020,4,True
Germany,"Sales, retail, commerce, marketing",2015,7,True
India,"Sales, retail, commerce, marketing",2015,105,True
Switzerland,Semiconductor,2022,4,True
Japan,Semiconductor,2017,1,True
Japan,Semiconductor,2020,4,True
France,Simulation,2017,1,True
Azerbaijan,Simulation,2022,0,True
Russia,Software,2018,6,True
Pakistan,Software,2020,0,True
Belize,Software,2022,20,True
Serbia,Software,2021,0,True
Egypt,Software,2024,1,True
Japan,Software,2022,137,True
Sri Lanka,Software,2023,4,True
Colombia,Software,2018,0,True
Saudi Arabia,Software,2023,1202,True
Saudi Arabia,Software,2025,684,False
United States,Software,2022,23962,True
Denmark,Software,2021,48,True
Netherlands,Software,2017,111,True
Luxembourg,Software,2018,7,True
China (mainland),Sports,2016,0,True
India,Sports,2019,0,True
Netherlands,Sports,2020,0,True
Poland,Sports,2021,3,True
Brazil,Telecommunications,2020,50,True
India,Telecommunications,2018,1,True
Singapore,Telecommunications,2021,1,True
Israel,Transportation,2018,61,True
Japan,Transportation,2015,1,True
Iceland,Transportation,2024,0,True
Turkey,Transportation,2018,0,True
United Arab Emirates,Transportation,2018,1,True
Nigeria,Transportation,2020,0,True
Switzerland,Transportation,2018,11,True
Finland,Transportation,2015,22,True
Colombia,Transportation,2023,8,True
United Kingdom,Transportation,2023,122,True
Switzerland,Agriculture,2018,4,True
Switzerland,Agriculture,2024,0,True
Netherlands,Agriculture,2024,1,True
Denmark,Agriculture,2024,2,True
United States,Agriculture,2022,256,True
Ghana,All,2023,0,True
Spain,All,2017,115,True
Colombia,All,2021,31,True
France,All,2017,394,True
Finland,All,2018,14,True
Italy,All,2023,82,True
Denmark,All,2019,54,True
Denmark,All,2021,178,True
Denmark,All,2023,178,True
Jordan,All,2021,0,True
Ireland,All,2025,238,False
United Arab Emirates,All,2025,568,False
Pakistan,All,2021,3,True
Australia,All,2018,82,True
South Korea,All,2025,936,False
Chile,All,2024,20,True
India,All,2016,89,True
India,All,2021,1221,True
Czechia,All,2021,158,True
Nigeria,All,2017,0,True
Bulgaria,All,2019,2,True
Brazil,All,2018,28,True
Iceland,All,2016,4,True
United States,All,2015,13165,True
United States,All,2016,12592,True
New Zealand,Biotechnology,2016,1,True
Chile,Biotechnology,2021,0,True
Poland,Biotechnology,2018,1,True
South Korea,Biotechnology,2021,34,True
Denmark,Biotechnology,2023,7,True
Israel,Biotechnology,2015,10,True
Sweden,Community and Lifestyle,2017,9,True
United Arab Emirates,Community and Lifestyle,2023,5,True
Chile,Community and Lifestyle,2020,7,True
Germany,Community and Lifestyle,2020,7,True
Norway,Computer Vision,2021,1,True
Turkey,Computer Vision,2022,1,True
Malaysia,Computer Vision,2021,20,True
United States,Computer Vision,2024,797,True
India,Consumer goods,2021,7,True
Canada,Consumer goods,2018,14,True
Portugal,Consumer goods,2019,3,True
Norway,Consumer goods,2015,0,True
Switzerland,Consumer goods,2020,15,True
Ukraine,Consumer goods,2016,0,True
Australia,Consumer goods,2017,1,True
Sri Lanka,Cyber Security,2024,0,True
Spain,Cyber Security,2024,1,True
Israel,Cyber Security,2018,1,True
Israel,Cyber Security,2019,28,True
Singapore,Data and analytics,2020,535,True
Egypt,Data and analytics,2017,0,True
Iran,Data and analytics,2020,0,True
Qatar,Data and analytics,2025,0,False
Canada,Data and analytics,2020,552,True
New Zealand,Data and analytics,2016,1,True
New Zealand,Data and analytics,2020,9,True
Jordan,Data and analytics,2020,0,True
Jordan,Data and analytics,2021,0,True
Chile,Data and analytics,2015,0,True
Chile,Data and analytics,2022,9,True
Sri Lanka,Data and analytics,2021,0,True
Peru,Data and analytics,2022,0,True
United Arab Emirates,Data and analytics,2024,1710,True
United States,Education,2016,75,True
Netherlands,Education,2020,1,True
Romania,Education,2017,0,True
Brazil,Education,2021,1,True
Bulgaria,Education,2021,0,True
Italy,Education,2025,0,False
United Arab Emirates,Education,2022,1,True
Australia,Energy and natural resources,2019,3,True
Netherlands,Energy and natural resources,2018,0,True
Netherlands,Energy and natural resources,2023,12,True
United States,Energy and natural resources,2015,75,True
Chile,Energy and natural resources,2023,0,True
Ireland,Energy and natural resources,2017,1,True
Cyprus,Facial Recognition,2019,1,True
India,Finance,2021,241,True
Brazil,Finance,2015,0,True
China (mainland),Finance,2015,30,True
Colombia,Finance,2021,1,True
Netherlands,Finance,2015,0,True
Czechia,Finance,2017,2,True
Czechia,Finance,2024,0,True
Taiwan,Finance,2019,5,True
Italy,Finance,2019,1,True
Israel,Finance,2024,422,True
Luxembourg,Finance,2020,2,True
Australia,Gaming,2018,1,True
Finland,Gaming,2017,0,True
United Kingdom,Gaming,2024,9,True
United States,Gaming,2025,19,False
Poland,Gaming,2017,0,True
Malta,General purpose,2025,0,False
Canada,General purpose,2016,44,True
United States,General purpose,2024,34027,True
Ireland,General purpose,2022,134,True
Ireland,General purpose,2023,117,True
Sri Lanka,General purpose,2018,2,True
Croatia,General purpose,2019,0,True
Australia,General purpose,2025,427,False
Bahrain,General purpose,2020,0,True
Bulgaria,General purpose,2021,1,True
Kazakhstan,General purpose,2025,0,False
Russia,General purpose,2016,1,True
Philippines,General purpose,2025,96,False
South Korea,General purpose,2019,262,True
Spain,General purpose,2024,62,True
Iceland,General purpose,2020,10,True
Taiwan,General purpose,2023,34,True
Georgia,Hardware,2024,0,True
Slovakia,Hardware,2023,1,True
Taiwan,Hardware,2020,20,True
Argentina,Hardware,2020,0,True
United States,Hardware,2023,3486,True
Poland,Hardware,2017,3,True
Norway,Hardware,2021,49,True
Turkey,Hardware,2018,1,True
China (mainland),Hardware,2024,627,True
United Kingdom,Hardware,2021,112,True
Australia,Hardware,2022,56,True
South Korea,Healthcare and Life Sciences,2023,59,True
Brazil,Healthcare and Life Sciences,2021,7,True
Germany,Healthcare and Life Sciences,2021,63,True
Germany,Healthcare and Life Sciences,2022,88,True
Canada,Healthcare and Life Sciences,2021,146,True
Hungary,Healthcare and Life Sciences,2018,0,True
Hungary,Healthcare and Life Sciences,2019,2,True
Sweden,Healthcare and Life Sciences,2015,7,True
Israel,Healthcare and Life Sciences,2020,97,True
India,Information Technology,2015,380,True
Japan,Information Technology,2024,130,True
China (mainland),Information Technology,2019,348,True
Poland,Information Technology,2016,10,True
Czechia,Information Technology,2021,22,True
Egypt,Information Technology,2019,0,True
Norway,Information Technology,2017,13,True
Sweden,Information Technology,2023,7,True
Russia,Information Technology,2024,0,True
Hungary,Information Technology,2023,4,True
Portugal,Information Technology,2022,5,True
Kenya,Lending and Investments,2018,0,True
India,Lending and Investments,2025,23,False
Uruguay,Lending and Investments,2023,0,True
Nigeria,Lending and Investments,2022,0,True
Austria,Manufacturing,2018,0,True
Czechia,Manufacturing,2024,1,True
New Zealand,Manufacturing,2022,0,True
Canada,Manufacturing,2020,50,True
Singapore,Manufacturing,2019,1,True
United Kingdom,Media and Entertainment,2019,66,True
Sweden,Media and Entertainment,2021,247,True
United Arab Emirates,Media and Entertainment,2019,0,True
Belgium,"Military, public safety and government",2020,1,True
Spain,"Military, public safety and government",2017,2,True
Luxembourg,"Mobile, platforms & Internet services",2016,0,True
Switzerland,"Mobile, platforms & Internet services",2023,20,True
China (mainland),"Mobile, platforms & Internet services",2018,863,True
Singapore,"Mobile, platforms & Internet services",2022,326,True
Pakistan,"Mobile, platforms & Internet services",2024,0,True
United Kingdom,"Mobile, platforms & Internet services",2016,304,True
Greece,"Mobile, platforms & Internet services",2015,0,True
Slovakia,"Mobile, platforms & Internet services",2019,1,True
Peru,"Mobile, platforms & Internet services",2015,0,True
Germany,"Mobile, platforms & Internet services",2016,6,True
Albania,"Mobile, platforms & Internet services",2016,2,True
Spain,NLP,2023,3,True
Australia,NLP,2022,3,True
Chile,NLP,2020,1,True
Sweden,NLP,2021,3,True
Ireland,Navigation and mapping,2018,0,True
Chile,Other,2018,6,True
Latvia,Other,2024,1,True
Finland,Other,2022,3,True
Austria,Other,2018,0,True
Belgium,Other,2021,28,True
Iceland,Other,2024,1,True
Czechia,Other,2020,4,True
Egypt,Other,2022,0,True
Spain,Privacy and Security,2017,18,True
Germany,Privacy and Security,2020,40,True
United States,Privacy and Security,2020,1035,True
United States,Privacy and Security,2025,5463,False
United Kingdom,Privacy and Security,2021,199,True
Lebanon,Professional services,2017,0,True
Romania,Professional services,2017,0,True
Hungary,Professional services,2018,0,True
Brazil,Professional services,2024,23,True
Poland,Professional services,2020,4,True
Chile,Professional services,2015,0,True
Singapore,Professional services,2018,145,True
Australia,Real estate,2020,5,True
United States,Real estate,2021,2634,True
Saudi Arabia,Real estate,2019,1,True
Japan,Real estate,2021,1,True
Mexico,Real estate,2021,2,True
Switzerland,Real estate,2025,25,False
Austria,Real estate,2021,6,True
Netherlands,Real estate,2019,11,True
Chile,Real estate,2018,0,True
Sweden,Real estate,2022,2,True
Sweden,Real estate,2025,21,False
Canada,Real estate,2022,15,True
Denmark,Robotics,2019,15,True
Singapore,Robotics,2015,5,True
Belgium,Robotics,2024,14,True
Peru,Robotics,2021,0,True
Australia,Robotics,2025,2,False
Kuwait,Robotics,2023,4,True
Australia,"Sales, retail, commerce, marketing",2016,26,True
Pakistan,"Sales, retail, commerce, marketing",2021,3,True
Canada,"Sales, retail, commerce, marketing",2020,101,True
South Korea,"Sales, retail, commerce, marketing",2022,9,True
France,"Sales, retail, commerce, marketing",2019,39,True
Hungary,"Sales, retail, commerce, marketing",2019,1,True
Serbia,"Sales, retail, commerce, marketing",2022,4,True
Singapore,"Sales, retail, commerce, marketing",2018,79,True
Chile,"Sales, retail, commerce, marketing",2022,1,True
Singapore,Semiconductor,2023,2,True
China (mainland),Simulation,2017,4,True
Belgium,Software,2024,221,True
India,Software,2022,2184,True
France,Software,2017,190,True
Switzerland,Software,2021,182,True
Iceland,Software,2024,5,True
South Korea,Software,2016,57,True
Kenya,Software,2019,0,True
Ghana,Software,2022,2,True
Portugal,Software,2025,22,False
Kazakhstan,Software,2023,3,True
Chile,Software,2016,0,True
United States,Software,2017,6622,True
Indonesia,Software,2025,2,False
Slovakia,Software,2024,5,True
Saudi Arabia,Speech Recognition,2022,0,True
South Africa,Speech Recognition,2022,1,True
Netherlands,Speech Recognition,2019,1,True
India,Speech Recognition,2022,41,True
United States,Sports,2022,121,True
Romania,Sports,2023,0,True
Ireland,Sports,2025,2,False
Japan,Sports,2023,1,True
Vietnam,Sports,2023,0,True
Poland,Sports,2015,0,True
Denmark,Sports,2015,2,True
United Kingdom,Sports,2022,39,True
Mexico,Transportation,2025,1,False
Israel,Transportation,2015,4,True
Sweden,Transportation,2020,8,True
Canada,Transportation,2023,91,True
Austria,Transportation,2017,1,True
United Arab Emirates,Transportation,2025,42,False
Egypt,Transportation,2021,0,True
Russia,Transportation,2015,1,True
Italy,Transportation,2023,3,True
Germany,Transportation,2019,18,True
Belgium,Transportation,2023,2,True
France,Transportation,2016,6,True
Brazil,Agriculture,2017,2,True
Brazil,Agriculture,2021,3,True
Japan,Agriculture,2020,2,True
Peru,Agriculture,2022,0,True
Germany,Agriculture,2020,21,True
Nigeria,Agriculture,2019,0,True
South Korea,Agriculture,2022,1,True
Tunisia,Agriculture,2019,0,True
Spain,All,2023,321,True
Indonesia,All,2017,5,True
Uganda,All,2022,0,True
South Africa,All,2015,18,True
South Africa,All,2022,126,True
Ukraine,All,2024,3,True
Argentina,All,2024,6,True
Japan,All,2016,790,True
Japan,All,2024,925,True
Sweden,Biotechnology,2020,3,True
Brazil,Biotechnology,2018,2,True
India,Biotechnology,2023,2,True
Spain,Biotechnology,2017,20,True
United Kingdom,Biotechnology,2019,22,True
Peru,Biotechnology,2021,0,True
Argentina,Biotechnology,2020,2,True
Kenya,Community and Lifestyle,2023,0,True
China (mainland),Community and Lifestyle,2018,88,True
New Zealand,Community and Lifestyle,2020,4,True
Spain,Community and Lifestyle,2016,1,True
Spain,Community and Lifestyle,2024,0,True
Australia,Community and Lifestyle,2017,1,True
United States,Community and Lifestyle,2019,626,True
Hungary,Computer Vision,2018,4,True
Estonia,Computer Vision,2024,0,True
South Korea,Consumer goods,2020,10,True
Finland,Consumer goods,2018,0,True
Saudi Arabia,Consumer goods,2022,0,True
United States,Consumer goods,2017,937,True
United Kingdom,Consumer goods,2015,12,True
Czechia,Consumer goods,2016,1,True
New Zealand,Consumer goods,2021,1,True
United States,Cyber Security,2018,2575,True
United Kingdom,Cyber Security,2022,5,True
Hungary,Data and analytics,2017,2,True
Italy,Data and analytics,2025,90,False
Pakistan,Data and analytics,2018,0,True
Pakistan,Data and analytics,2020,0,True
Kenya,Data and analytics,2018,2,True
Colombia,Data and analytics,2019,2,True
Belgium,Data and analytics,2017,120,True
Russia,Data and analytics,2024,3,True
Uruguay,Data and analytics,2024,1,True
Czechia,Data and analytics,2022,27,True
Belize,Data and analytics,2022,20,True
Zimbabwe,Data and analytics,2024,1,True
Denmark,Data and analytics,2022,73,True
Portugal,Data and analytics,2024,15,True
Brazil,Data and analytics,2018,17,True
Honduras,Data and analytics,2024,0,True
Tunisia,Data and analytics,2025,0,False
Hungary,Education,2018,1,True
Austria,Education,2019,1,True
Peru,Education,2018,0,True
Netherlands,Education,2017,1,True
India,Education,2019,15,True
Israel,Energy and natural resources,2017,3,True
United Arab Emirates,Energy and natural resources,2019,0,True
Switzerland,Energy and natural resources,2018,0,True
Switzerland,Energy and natural resources,2019,0,True
Poland,Energy and natural resources,2017,0,True
Colombia,Energy and natural resources,2022,5,True
Italy,Energy and natural resources,2024,0,True
Saudi Arabia,Energy and natural resources,2019,0,True
Germany,Energy and natural resources,2020,6,True
Lithuania,Energy and natural resources,2019,0,True
France,Facial Recognition,2018,0,True
Japan,Facial Recognition,2016,0,True
Ghana,Finance,2019,0,True
Cyprus,Finance,2017,1,True
Switzerland,Finance,2019,1,True
Botswana,Finance,2021,0,True
Netherlands,Finance,2023,193,True
Nigeria,Finance,2018,5,True
Austria,Finance,2025,4,False
United Kingdom,Finance,2016,35,True
United Kingdom,Finance,2025,148,False
Kenya,Finance,2023,7,True
Seychelles,Finance,2015,0,True
Singapore,Gaming,2019,1,True
Spain,Gaming,2017,0,True
South Korea,Gaming,2023,1,True
China (mainland),General purpose,2021,3259,True
Pakistan,General purpose,2019,0,True
Jordan,General purpose,2025,0,False
Canada,General purpose,2024,853,True
Sweden,General purpose,2015,6,True
Serbia,General purpose,2021,0,True
Netherlands,General purpose,2018,33,True
Romania,General purpose,2019,3,True
Singapore,General purpose,2020,602,True
Israel,General purpose,2019,212,True
Mexico,General purpose,2021,9,True
Lithuania,General purpose,2020,1,True
Lithuania,General purpose,2021,4,True
Tunisia,General purpose,2023,0,True
Malaysia,General purpose,2018,10,True
Indonesia,General purpose,2020,6,True
Australia,General purpose,2022,356,True
Belgium,General purpose,2023,226,True
Luxembourg,General purpose,2022,1,True
Russia,General purpose,2024,3,True
Uganda,General purpose,2022,0,True
New Zealand,Hardware,2021,1052,True
United Arab Emirates,Hardware,2017,5,True
Hungary,Hardware,2019,2,True
Hungary,Hardware,2023,5,True
Belgium,Hardware,2021,1,True
Chile,Hardware,2025,1,False
Portugal,Hardware,2018,1,True
India,Hardware,2022,260,True
Finland,Hardware,2022,598,True
United States,Hardware,2019,5929,True
Ireland,Hardware,2020,18,True
Russia,Hardware,2017,0,True
Mexico,Hardware,2016,0,True
Mexico,Healthcare and Life Sciences,2016,0,True
Switzerland,Healthcare and Life Sciences,2019,9,True
Austria,Healthcare and Life Sciences,2019,9,True
Finland,Healthcare and Life Sciences,2019,5,True
Canada,Healthcare and Life Sciences,2017,7,True
Norway,Healthcare and Life Sciences,2015,1,True
Norway,Healthcare and Life Sciences,2022,8,True
Norway,Healthcare and Life Sciences,2025,0,False
Sweden,Healthcare and Life Sciences,2020,4,True
Austria,Information Technology,2022,13,True
Poland,Information Technology,2015,2,True
Poland,Information Technology,2025,5,False
Uruguay,Information Technology,2017,0,True
Greece,Information Technology,2021,0,True
Greece,Information Technology,2024,1,True
Switzerland,Information Technology,2018,19,True
Australia,Information Technology,2024,57,True
Jordan,Information Technology,2021,0,True
Brazil,Information Technology,2023,65,True
Estonia,Information Technology,2025,29,False
Mexico,Information Technology,2021,3,True
Mexico,Information Technology,2023,54,True
Japan,Lending and Investments,2025,7,False
Spain,Lending and Investments,2020,1,True
Brazil,Lending and Investments,2024,5,True
Turkey,Lending and Investments,2016,2,True
Spain,Manufacturing,2015,3,True
Spain,Manufacturing,2024,3,True
Sweden,Manufacturing,2017,0,True
Finland,Manufacturing,2016,2,True
Norway,Manufacturing,2017,1,True
France,Manufacturing,2017,6,True
Indonesia,Media and Entertainment,2017,0,True
Belgium,Media and Entertainment,2022,1,True
Finland,Media and Entertainment,2019,1,True
Russia,Media and Entertainment,2016,0,True
Netherlands,Media and Entertainment,2020,0,True
Taiwan,Media and Entertainment,2016,2,True
Norway,"Military, public safety and government",2020,0,True
Brazil,"Military, public safety and government",2023,0,True
Australia,"Military, public safety and government",2021,50,True
Iceland,"Military, public safety and government",2019,0,True
Hungary,"Mobile, platforms & Internet services",2019,2,True
South Africa,"Mobile, platforms & Internet services",2021,33,True
Turkey,"Mobile, platforms & Internet services",2023,20,True
Switzerland,"Mobile, platforms & Internet services",2025,110,False
India,"Mobile, platforms & Internet services",2024,76,True
Israel,"Mobile, platforms & Internet services",2015,58,True
Israel,"Mobile, platforms & Internet services",2018,61,True
United States,"Mobile, platforms & Internet services",2017,1828,True
Nigeria,"Mobile, platforms & Internet services",2023,2,True
Netherlands,"Mobile, platforms & Internet services",2023,177,True
Pakistan,"Mobile, platforms & Internet services",2017,0,True
United Arab Emirates,"Mobile, platforms & Internet services",2015,0,True
Austria,"Mobile, platforms & Internet services",2017,3,True
Italy,NLP,2020,0,True
Portugal,NLP,2022,0,True
Japan,NLP,2019,8,True
Israel,NLP,2024,311,True
Germany,NLP,2019,3,True
Singapore,NLP,2025,0,False
Taiwan,NLP,2020,21,True
Saint Kitts and Nevis,Other,2023,0,True
Argentina,Other,2024,1,True
Japan,Other,2025,10,False
Italy,Other,2017,0,True
Spain,Privacy and Security,2016,7,True
Germany,Privacy and Security,2021,6,True
United States,Privacy and Security,2017,589,True
Switzerland,Privacy and Security,2024,2,True
South Africa,Privacy and Security,2021,0,True
Taiwan,Privacy and Security,2025,1,False
Netherlands,Privacy and Security,2023,27,True
China (mainland),Privacy and Security,2020,32,True
Belgium,Professional services,2018,2,True
Japan,Professional services,2015,6,True
Japan,Professional services,2017,9,True
Sri Lanka,Professional services,2024,1,True
Canada,Professional services,2025,819,False
Romania,Professional services,2019,1,True
United Kingdom,Professional services,2019,179,True
United Kingdom,Professional services,2023,92,True
Spain,Professional services,2022,2,True
Turkey,Professional services,2024,0,True
Malta,Professional services,2025,0,False
Poland,Professional services,2018,3,True
Sweden,Professional services,2019,3,True
Singapore,Professional services,2023,5,True
Portugal,Real estate,2021,2,True
Saudi Arabia,Real estate,2017,1,True
United Arab Emirates,Real estate,2024,4,True
Brazil,Real estate,2017,0,True
Brazil,Real estate,2018,0,True
Brazil,Real estate,2021,4,True
France,Real estate,2018,11,True
France,Robotics,2019,12,True
Poland,Robotics,2019,1,True
Spain,Robotics,2017,2,True
Japan,Robotics,2023,64,True
Canada,Robotics,2017,0,True
United Kingdom,Robotics,2018,37,True
Singapore,Robotics,2022,19,True
Australia,Robotics,2023,7,True
Australia,"Sales, retail, commerce, marketing",2019,3,True
Spain,"Sales, retail, commerce, marketing",2024,14,True
Estonia,"Sales, retail, commerce, marketing",2020,0,True
Lithuania,"Sales, retail, commerce, marketing",2021,1,True
Nigeria,"Sales, retail, commerce, marketing",2019,0,True
Saudi Arabia,"Sales, retail, commerce, marketing",2017,0,True
Indonesia,"Sales, retail, commerce, marketing",2016,1,True
Slovakia,"Sales, retail, commerce, marketing",2023,1,True
China (mainland),"Sales, retail, commerce, marketing",2022,29,True
Hungary,"Sales, retail, commerce, marketing",2015,0,True
Taiwan,"Sales, retail, commerce, marketing",2021,4,True
Saint Kitts and Nevis,"Sales, retail, commerce, marketing",2023,0,True
Canada,Semiconductor,2024,68,True
Belgium,Software,2021,258,True
Tunisia,Software,2025,0,False
Japan,Software,2017,207,True
Japan,Software,2018,208,True
Kenya,Software,2021,11,True
Bangladesh,Software,2020,0,True
New Zealand,Software,2019,4,True
Colombia,Software,2024,12,True
Mexico,Software,2023,78,True
Taiwan,Software,2019,25,True
Taiwan,Software,2024,85,True
Dominican Republic,Software,2022,0,True
Greece,Software,2015,0,True
Spain,Software,2023,75,True
Qatar,Software,2024,4,True
China (mainland),Software,2018,2424,True
Lebanon,Software,2020,0,True
France,Speech Recognition,2017,5,True
United States,Speech Recognition,2025,67,False
France,Sports,2017,2,True
Hungary,Sports,2019,0,True
Canada,Sports,2022,1,True
Finland,Telecommunications,2023,0,True
Sweden,Transportation,2015,0,True
China (mainland),Transportation,2024,3922,True
Poland,Transportation,2024,0,True
Hungary,Transportation,2018,4,True
Netherlands,Transportation,2020,0,True
Taiwan,Transportation,2025,13,False
Finland,Transportation,2020,11,True
Ukraine,Transportation,2025,0,False
Italy,Transportation,2019,1,True
Brazil,Agriculture,2023,6,True
Italy,Agriculture,2022,0,True
Canada,Agriculture,2025,52,False
Spain,All,2025,1642,False
Colombia,All,2017,3,True
South Africa,All,2023,51,True
Seychelles,All,2024,2,True
Ireland,All,2019,124,True
Ireland,All,2021,558,True
Zambia,All,2022,0,True
Bangladesh,All,2018,0,True
Singapore,All,2018,710,True
Lebanon,All,2017,1,True
Peru,All,2023,1,True
United States,All,2022,56603,True
Russia,Biotechnology,2019,0,True
Canada,Biotechnology,2018,8,True
Belgium,Biotechnology,2025,2,False
Australia,Biotechnology,2019,3,True
China (mainland),Biotechnology,2016,120,True
China (mainland),Biotechnology,2020,120,True
China (mainland),Biotechnology,2024,76,True
Denmark,Biotechnology,2021,0,True
Spain,Biotechnology,2018,1,True
Israel,Biotechnology,2022,53,True
Israel,Biotechnology,2025,27,False
India,Community and Lifestyle,2018,2,True
China (mainland),Community and Lifestyle,2024,29,True
New Zealand,Community and Lifestyle,2022,0,True
Indonesia,Community and Lifestyle,2024,0,True
United Arab Emirates,Community and Lifestyle,2021,2,True
United States,Community and Lifestyle,2018,398,True
Italy,Community and Lifestyle,2023,0,True
Belgium,Computer Vision,2018,2,True
Germany,Computer Vision,2018,16,True
Germany,Computer Vision,2021,8,True
United Kingdom,Computer Vision,2018,33,True
United Kingdom,Computer Vision,2024,22,True
Saudi Arabia,Computer Vision,2020,1,True
Slovenia,Computer Vision,2022,3,True
South Korea,Consumer goods,2019,179,True
Brazil,Consumer goods,2017,1,True
Brazil,Consumer goods,2022,4,True
Portugal,Consumer goods,2024,2,True
Japan,Consumer goods,2020,13,True
Saudi Arabia,Consumer goods,2024,0,True
Israel,Consumer goods,2018,18,True
Denmark,Consumer goods,2021,0,True
Denmark,Consumer goods,2022,1,True
South Africa,Consumer goods,2020,14,True
Romania,Consumer goods,2023,1,True
Australia,Consumer goods,2020,2,True
Australia,Consumer goods,2023,7,True
France,Cyber Security,2021,2,True
Czechia,Cyber Security,2017,1,True
China (mainland),Cyber Security,2019,7,True
Pakistan,Data and analytics,2015,0,True
Kazakhstan,Data and analytics,2020,0,True
Mexico,Data and analytics,2019,101,True
Chile,Data and analytics,2016,0,True
Uganda,Data and analytics,2020,0,True
Colombia,Data and analytics,2016,1,True
Romania,Data and analytics,2025,26,False
Spain,Data and analytics,2023,58,True
Taiwan,Data and analytics,2023,34,True
Sri Lanka,Data and analytics,2019,1,True
Argentina,Data and analytics,2023,0,True
Serbia,Data and analytics,2024,1,True
United Kingdom,Data and analytics,2019,565,True
Peru,Data and analytics,2015,0,True
Lebanon,Data and analytics,2019,0,True
Nigeria,Data and analytics,2018,5,True
Sweden,Data and analytics,2019,34,True
Norway,Data and analytics,2024,123,True
Israel,Data and analytics,2016,166,True
Austria,Data and analytics,2024,24,True
Ghana,Education,2025,0,False
Israel,Education,2022,2,True
Mongolia,Education,2021,0,True
Turkey,Education,2020,0,True
Romania,Education,2024,0,True
Cyprus,Education,2018,1,True
Nigeria,Education,2022,0,True
Tunisia,Energy and natural resources,2022,0,True
Netherlands,Energy and natural resources,2015,0,True
Ireland,Energy and natural resources,2022,0,True
Saudi Arabia,Finance,2021,175,True
Singapore,Finance,2017,11,True
Finland,Finance,2021,0,True
Indonesia,Finance,2020,1,True
Turkey,Finance,2020,0,True
Colombia,Finance,2023,0,True
United States,Finance,2015,4266,True
Austria,Finance,2020,3,True
Austria,Finance,2022,3,True
Canada,Finance,2025,17,False
Thailand,Finance,2015,0,True
Thailand,Finance,2016,0,True
Thailand,Finance,2018,1,True
United Arab Emirates,Gaming,2024,0,True
Spain,Gaming,2016,0,True
Australia,Gaming,2021,32,True
United Kingdom,Gaming,2020,31,True
Qatar,General purpose,2024,0,True
Thailand,General purpose,2025,0,False
Chile,General purpose,2018,6,True
Azerbaijan,General purpose,2022,0,True
Serbia,General purpose,2019,0,True
Armenia,General purpose,2020,0,True
Singapore,General purpose,2021,892,True
Latvia,General purpose,2024,2,True
Luxembourg,General purpose,2016,0,True
Nigeria,General purpose,2023,2,True
Poland,General purpose,2018,14,True
Argentina,General purpose,2022,3,True
South Korea,General purpose,2018,37,True
Peru,General purpose,2023,1,True
South Africa,Hardware,2021,1,True
South Africa,Hardware,2022,6,True
Ireland,Hardware,2022,7,True
Austria,Hardware,2021,7,True
Canada,Hardware,2021,247,True
Australia,Hardware,2019,18,True
Japan,Healthcare and Life Sciences,2016,4,True
Ireland,Healthcare and Life Sciences,2024,1,True
Mexico,Healthcare and Life Sciences,2023,0,True
Switzerland,Healthcare and Life Sciences,2018,9,True
Australia,Healthcare and Life Sciences,2021,50,True
Brazil,Healthcare and Life Sciences,2025,12,False
Côte d'Ivoire,Healthcare and Life Sciences,2023,0,True
Czechia,Healthcare and Life Sciences,2024,0,True
Kazakhstan,Healthcare and Life Sciences,2024,1,True
Kenya,Healthcare and Life Sciences,2019,2,True
Kenya,Healthcare and Life Sciences,2020,2,True
Japan,Information Technology,2016,627,True
Japan,Information Technology,2021,214,True
South Africa,Information Technology,2018,0,True
Germany,Information Technology,2020,121,True
Algeria,Information Technology,2021,0,True
Poland,Information Technology,2022,4,True
Greece,Information Technology,2022,7,True
Ireland,Information Technology,2024,23,True
Indonesia,Information Technology,2019,0,True
Singapore,Information Technology,2022,190,True
Sweden,Information Technology,2016,2,True
Chile,Information Technology,2015,0,True
Netherlands,Information Technology,2022,35,True
Portugal,Information Technology,2019,5,True
Portugal,Information Technology,2023,2,True
United Kingdom,Lending and Investments,2017,76,True
Finland,Lending and Investments,2018,1,True
Jordan,Lending and Investments,2022,0,True
Iceland,Lending and Investments,2015,0,True
Sweden,Lending and Investments,2024,2,True
Israel,Manufacturing,2015,13,True
Hungary,Manufacturing,2019,1,True
Croatia,Manufacturing,2019,0,True
Canada,Manufacturing,2018,16,True
Mexico,Manufacturing,2025,1,False
Japan,Manufacturing,2017,5,True
Turkey,Manufacturing,2022,1,True
France,Manufacturing,2025,65,False
Estonia,Media and Entertainment,2022,1,True
Sweden,Media and Entertainment,2015,4,True
France,Media and Entertainment,2017,10,True
Armenia,Media and Entertainment,2021,1,True
Portugal,Media and Entertainment,2019,3,True
China (mainland),Media and Entertainment,2020,8,True
Taiwan,Media and Entertainment,2023,0,True
Sri Lanka,"Mobile, platforms & Internet services",2024,1,True
Hungary,"Mobile, platforms & Internet services",2017,1,True
Hungary,"Mobile, platforms & Internet services",2024,1,True
Egypt,"Mobile, platforms & Internet services",2025,0,False
Luxembourg,"Mobile, platforms & Internet services",2018,1,True
Bangladesh,"Mobile, platforms & Internet services",2022,1,True
Belgium,"Mobile, platforms & Internet services",2015,7,True
Israel,"Mobile, platforms & Internet services",2020,90,True
Saudi Arabia,"Mobile, platforms & Internet services",2022,61,True
Taiwan,"Mobile, platforms & Internet services",2015,2,True
Netherlands,"Mobile, platforms & Internet services",2020,1,True
Spain,"Mobile, platforms & Internet services",2025,1025,False
Peru,"Mobile, platforms & Internet services",2017,0,True
Lithuania,"Mobile, platforms & Internet services",2023,1,True
Ireland,"Mobile, platforms & Internet services",2015,2,True
Germany,"Mobile, platforms & Internet services",2020,49,True
Norway,"Mobile, platforms & Internet services",2020,5,True
Norway,"Mobile, platforms & Internet services",2023,31,True
South Korea,NLP,2018,3,True
South Africa,NLP,2022,1,True
Japan,NLP,2015,1,True
Japan,NLP,2022,27,True
Austria,NLP,2015,1,True
Austria,NLP,2022,2,True
Austria,NLP,2025,1,False
Belgium,NLP,2022,2,True
Taiwan,NLP,2021,35,True
Vietnam,NLP,2023,2,True
Ireland,Navigation and mapping,2023,1,True
Israel,Navigation and mapping,2021,10,True
Netherlands,Navigation and mapping,2020,1,True
Taiwan,Other,2021,16,True
Japan,Other,2020,22,True
United Arab Emirates,Other,2023,16,True
China (mainland),Other,2019,158,True
Zambia,Other,2022,0,True
India,Other,2017,7,True
Israel,Other,2025,20,False
Germany,Privacy and Security,2017,11,True
Germany,Privacy and Security,2019,30,True
Japan,Privacy and Security,2024,8,True
United Kingdom,Privacy and Security,2017,11,True
Brazil,Privacy and Security,2020,68,True
Brazil,Privacy and Security,2025,10,False
China (mainland),Professional services,2017,50,True
China (mainland),Professional services,2018,48,True
China (mainland),Professional services,2021,98,True
Czechia,Professional services,2018,1,True
Japan,Professional services,2023,14,True
Israel,Professional services,2015,6,True
Netherlands,Professional services,2021,36,True
Denmark,Professional services,2019,7,True
Finland,Professional services,2025,1,False
Indonesia,Professional services,2021,0,True
Sweden,Professional services,2020,5,True
Pakistan,Professional services,2022,0,True
United Kingdom,Real estate,2020,190,True
United Kingdom,Real estate,2023,157,True
Brazil,Real estate,2019,0,True
Spain,Real estate,2017,1,True
Spain,Real estate,2023,5,True
India,Real estate,2021,4,True
India,Real estate,2023,5,True
Netherlands,Real estate,2024,3,True
China (mainland),Real estate,2019,15,True
Chile,Real estate,2022,1,True
Norway,Real estate,2022,1,True
Italy,Real estate,2017,0,True
Finland,Robotics,2020,0,True
Japan,Robotics,2024,37,True
Denmark,Robotics,2020,1,True
Hungary,Robotics,2016,1,True
Poland,"Sales, retail, commerce, marketing",2018,6,True
Spain,"Sales, retail, commerce, marketing",2018,14,True
Ukraine,"Sales, retail, commerce, marketing",2021,0,True
France,"Sales, retail, commerce, marketing",2021,148,True
Finland,"Sales, retail, commerce, marketing",2024,2,True
Czechia,"Sales, retail, commerce, marketing",2025,1,False
Germany,"Sales, retail, commerce, marketing",2022,77,True
Argentina,"Sales, retail, commerce, marketing",2024,0,True
India,"Sales, retail, commerce, marketing",2025,46,False
Canada,Semiconductor,2016,1,True
Netherlands,Semiconductor,2025,66,False
China (mainland),Semiconductor,2018,56,True
Japan,Semiconductor,2019,4,True
Japan,Semiconductor,2022,2,True
India,Semiconductor,2025,237,False
Israel,Simulation,2019,0,True
Slovenia,Simulation,2015,0,True
Romania,Software,2017,0,True
Italy,Software,2016,8,True
Iceland,Software,2022,14,True
Czechia,Software,2020,10,True
Colombia,Software,2019,2,True
Philippines,Software,2020,0,True
Ukraine,Software,2018,0,True
Cyprus,Software,2023,1,True
Denmark,Software,2019,28,True
South Africa,Software,2022,111,True
Sweden,Software,2022,87,True
Qatar,Software,2021,4,True
Latvia,Software,2017,0,True
Thailand,Software,2016,0,True
India,Speech Recognition,2019,1,True
United States,Sports,2023,144,True
Canada,Sports,2016,0,True
Canada,Sports,2023,0,True
Saudi Arabia,Sports,2020,1,True
United Kingdom,Sports,2023,2,True
India,Telecommunications,2025,2,False
Australia,Transportation,2025,3,False
Malaysia,Transportation,2018,0,True
United States,Transportation,2019,5160,True
Singapore,Transportation,2019,5,True
Brazil,Transportation,2023,17,True
Denmark,Transportation,2017,0,True
France,Transportation,2017,97,True
France,Transportation,2018,29,True
China (mainland),Agriculture,2025,77,False
France,Agriculture,2023,5,True
Germany,Agriculture,2025,14,False
Chile,Agriculture,2019,0,True
Kenya,Agriculture,2018,1,True
Greece,All,2021,14,True
Colombia,All,2024,21,True
Lithuania,All,2021,6,True
Austria,All,2016,4,True
Austria,All,2020,33,True
Austria,All,2022,83,True
Jamaica,All,2018,0,True
Cyprus,All,2022,5,True
Sri Lanka,All,2024,11,True
Australia,All,2023,392,True
Mexico,All,2020,34,True
Mexico,All,2023,104,True
China (mainland),All,2019,4191,True
Nigeria,All,2018,6,True
Saudi Arabia,All,2021,440,True
Azerbaijan,All,2022,0,True
Switzerland,All,2022,813,True
Saudi Arabia,Biotechnology,2019,2,True
Hungary,Biotechnology,2020,0,True
Belgium,Biotechnology,2020,1,True
Japan,Biotechnology,2023,1,True
Denmark,Biotechnology,2025,1,False
Taiwan,Biotechnology,2018,0,True
Finland,Biotechnology,2019,4,True
Switzerland,Biotechnology,2022,5,True
Switzerland,Biotechnology,2025,2,False
South Korea,Community and Lifestyle,2018,1,True
South Korea,Community and Lifestyle,2022,6,True
Israel,Community and Lifestyle,2023,36,True
Switzerland,Community and Lifestyle,2020,2,True
Mexico,Community and Lifestyle,2019,0,True
Greece,Community and Lifestyle,2019,0,True
Italy,Computer Vision,2023,1,True
Denmark,Computer Vision,2021,1,True
Turkey,Computer Vision,2017,1,True
Turkey,Computer Vision,2023,3,True
Thailand,Computer Vision,2024,0,True
Lithuania,Consumer goods,2024,0,True
Malaysia,Consumer goods,2017,0,True
Canada,Consumer goods,2023,30,True
Brazil,Consumer goods,2023,1,True
Singapore,Consumer goods,2016,0,True
Singapore,Consumer goods,2020,6,True
Italy,Consumer goods,2024,1,True
United States,Consumer goods,2025,1583,False
Spain,Consumer goods,2025,0,False
Poland,Cyber Security,2017,2,True
France,Cyber Security,2025,8,False
Bulgaria,Cyber Security,2022,0,True
India,Cyber Security,2022,1,True
Japan,Data and analytics,2023,228,True
Singapore,Data and analytics,2016,67,True
Iceland,Data and analytics,2021,3,True
Croatia,Data and analytics,2024,54,True
North Macedonia,Data and analytics,2022,1,True
Jordan,Data and analytics,2018,0,True
Tajikistan,Data and analytics,2022,0,True
Finland,Data and analytics,2022,644,True
Poland,Data and analytics,2022,53,True
Colombia,Data and analytics,2024,13,True
Romania,Data and analytics,2017,0,True
Taiwan,Data and analytics,2022,29,True
Sri Lanka,Data and analytics,2024,6,True
Sweden,Data and analytics,2016,16,True
United States,Data and analytics,2024,36299,True
Kuwait,Data and analytics,2023,4,True
Hungary,Education,2020,2,True
South Africa,Education,2023,0,True
Pakistan,Education,2019,0,True
India,Education,2025,43,False
Estonia,Education,2020,0,True
Estonia,Education,2021,1,True
Switzerland,Education,2016,0,True
Colombia,Education,2021,0,True
Japan,Education,2015,1,True
China (mainland),Education,2017,166,True
Sweden,Education,2017,3,True
India,Energy and natural resources,2024,15,True
South Korea,Energy and natural resources,2019,1,True
Turkey,Energy and natural resources,2022,1,True
Netherlands,Energy and natural resources,2025,19,False
Italy,Energy and natural resources,2020,1,True
Lithuania,Energy and natural resources,2025,1,False
United States,Facial Recognition,2022,9,True
China (mainland),Facial Recognition,2017,81,True
India,Facial Recognition,2021,0,True
Slovenia,Finance,2015,0,True
Romania,Finance,2021,6,True
Costa Rica,Finance,2025,1,False
France,Finance,2021,72,True
Netherlands,Finance,2020,5,True
South Korea,Finance,2019,8,True
Mongolia,Finance,2022,0,True
Luxembourg,Finance,2021,1,True
Estonia,Gaming,2019,0,True
Australia,Gaming,2022,1,True
Iceland,Gaming,2015,0,True
Panama,Gaming,2024,0,True
Portugal,General purpose,2022,12,True
United Kingdom,General purpose,2024,1558,True
Italy,General purpose,2020,13,True
Switzerland,General purpose,2023,91,True
Estonia,General purpose,2025,40,False
Norway,General purpose,2015,0,True
Romania,General purpose,2017,0,True
New Zealand,General purpose,2023,15,True
Egypt,General purpose,2022,2,True
Saint Kitts and Nevis,General purpose,2023,0,True
Algeria,General purpose,2022,0,True
India,General purpose,2023,272,True
Slovakia,General purpose,2021,5,True
Spain,General purpose,2022,355,True
Iceland,General purpose,2019,2,True
Iceland,Hardware,2017,1,True
Belgium,Hardware,2015,2,True
Portugal,Hardware,2016,0,True
Lithuania,Hardware,2020,0,True
Finland,Hardware,2015,24,True
Singapore,Hardware,2015,12,True
Ireland,Hardware,2017,1,True
South Korea,Hardware,2021,196,True
Netherlands,Hardware,2017,21,True
Sri Lanka,Hardware,2017,2,True
Chile,Healthcare and Life Sciences,2020,0,True
Australia,Healthcare and Life Sciences,2025,75,False
Finland,Healthcare and Life Sciences,2022,4,True
Singapore,Healthcare and Life Sciences,2018,27,True
Romania,Healthcare and Life Sciences,2025,14,False
France,Healthcare and Life Sciences,2022,67,True
New Zealand,Healthcare and Life Sciences,2015,2,True
New Zealand,Healthcare and Life Sciences,2020,1,True
Norway,Healthcare and Life Sciences,2024,4,True
United States,Healthcare and Life Sciences,2016,327,True
Belgium,Healthcare and Life Sciences,2024,3,True
Latvia,Information Technology,2018,8,True
Malaysia,Information Technology,2015,5,True
New Zealand,Information Technology,2021,1052,True
United States,Information Technology,2015,991,True
Brazil,Information Technology,2025,155,False
Bulgaria,Information Technology,2015,0,True
Portugal,Information Technology,2015,4,True
Singapore,Lending and Investments,2017,3,True
Saudi Arabia,Lending and Investments,2025,60,False
South Korea,Lending and Investments,2022,1,True
Mexico,Lending and Investments,2018,0,True
Iceland,Lending and Investments,2021,0,True
Israel,Manufacturing,2018,15,True
China (mainland),Manufacturing,2024,250,True
Canada,Manufacturing,2024,48,True
Germany,Manufacturing,2021,76,True
Romania,Manufacturing,2020,0,True
Bulgaria,Media and Entertainment,2023,0,True
Serbia,Media and Entertainment,2022,4,True
Germany,Media and Entertainment,2019,1,True
Chile,Media and Entertainment,2022,0,True
Singapore,Media and Entertainment,2018,138,True
Turkey,Media and Entertainment,2025,1,False
United Kingdom,"Military, public safety and government",2022,3,True
India,"Military, public safety and government",2017,0,True
United States,"Military, public safety and government",2018,51,True
Hungary,"Mobile, platforms & Internet services",2022,2,True
Portugal,"Mobile, platforms & Internet services",2015,0,True
Canada,"Mobile, platforms & Internet services",2015,14,True
Saudi Arabia,"Mobile, platforms & Internet services",2018,1,True
Netherlands,"Mobile, platforms & Internet services",2025,25,False
Malaysia,"Mobile, platforms & Internet services",2023,0,True
Finland,"Mobile, platforms & Internet services",2025,1,False
Chile,"Mobile, platforms & Internet services",2025,1,False
Sweden,"Mobile, platforms & Internet services",2015,1,True
Ireland,"Mobile, platforms & Internet services",2016,3,True
Mexico,"Mobile, platforms & Internet services",2021,0,True
United Arab Emirates,"Mobile, platforms & Internet services",2024,1512,True
Spain,NLP,2021,8,True
Austria,NLP,2024,1,True
Indonesia,NLP,2016,1,True
Canada,NLP,2016,4,True
Australia,Navigation and mapping,2025,3,False
Lithuania,Other,2024,1,True
France,Other,2024,33,True
Chile,Other,2019,0,True
Argentina,Other,2020,0,True
Panama,Other,2025,5,False
Belgium,Other,2022,1,True
Switzerland,Other,2019,7,True
Switzerland,Other,2021,8,True
Singapore,Other,2022,44,True
Denmark,Other,2021,31,True
Denmark,Other,2022,10,True
Portugal,Other,2019,5,True
Poland,Other,2018,0,True
Sweden,Other,2018,4,True
South Korea,Other,2022,167,True
Sri Lanka,Other,2025,0,False
Ecuador,Other,2021,0,True
Israel,Other,2023,15,True
Saudi Arabia,Other,2021,23,True
Israel,Privacy and Security,2018,8,True
Japan,Privacy and Security,2017,0,True
Iceland,Privacy and Security,2019,1,True
India,Privacy and Security,2017,0,True
India,Privacy and Security,2024,9,True
United Arab Emirates,Professional services,2020,1,True
China (mainland),Professional services,2020,59,True
Lebanon,Professional services,2021,0,True
Israel,Professional services,2023,23,True
Taiwan,Professional services,2023,1,True
Turkey,Professional services,2021,1,True
Slovakia,Professional services,2021,1,True
Ukraine,Professional services,2021,0,True
Netherlands,Professional services,2023,5,True
Switzerland,Professional services,2020,2,True
Switzerland,Professional services,2024,17,True
Indonesia,Professional services,2016,1,True
South Korea,Professional services,2024,9,True
Germany,Professional services,2022,69,True
Bulgaria,Professional services,2022,0,True
Australia,Real estate,2016,16,True
Netherlands,Real estate,2022,85,True
Germany,Real estate,2023,16,True
Germany,Real estate,2025,30,False
France,Robotics,2024,60,True
Israel,Robotics,2017,6,True
Switzerland,Robotics,2023,12,True
Denmark,Robotics,2021,0,True
Egypt,Robotics,2023,0,True
Pakistan,"Sales, retail, commerce, marketing",2019,0,True
Norway,"Sales, retail, commerce, marketing",2019,1,True
Saudi Arabia,"Sales, retail, commerce, marketing",2019,6,True
Netherlands,"Sales, retail, commerce, marketing",2019,8,True
Netherlands,"Sales, retail, commerce, marketing",2020,2,True
New Zealand,"Sales, retail, commerce, marketing",2017,0,True
Israel,"Sales, retail, commerce, marketing",2018,21,True
Egypt,"Sales, retail, commerce, marketing",2017,0,True
Italy,"Sales, retail, commerce, marketing",2016,1,True
Denmark,"Sales, retail, commerce, marketing",2015,3,True
South Africa,"Sales, retail, commerce, marketing",2022,101,True
Zambia,Software,2023,0,True
Germany,Software,2021,865,True
France,Software,2018,201,True
France,Software,2024,826,True
Italy,Software,2019,7,True
Serbia,Software,2023,43,True
Japan,Software,2019,272,True
Vietnam,Software,2019,0,True
Taiwan,Software,2018,25,True
Brazil,Software,2024,323,True
Australia,Sports,2021,24,True
United Arab Emirates,Sports,2019,0,True
South Korea,Sports,2020,0,True
Poland,Sports,2022,0,True
Sri Lanka,Telecommunications,2023,0,True
Poland,Telecommunications,2016,3,True
Latvia,Transportation,2024,1,True
Spain,Transportation,2021,0,True
Nigeria,Transportation,2023,0,True
Egypt,Transportation,2022,0,True
Finland,Transportation,2024,9,True
Germany,Transportation,2018,11,True
Ireland,Transportation,2019,1,True
Netherlands,Agriculture,2022,4,True
China (mainland),Agriculture,2022,22,True
China (mainland),Agriculture,2024,7,True
Italy,Agriculture,2020,0,True
United Kingdom,Agriculture,2020,6,True
Canada,Agriculture,2021,27,True
Germany,All,2016,104,True
Germany,All,2021,3420,True
Greece,All,2024,2,True
Austria,All,2018,8,True
Hungary,All,2019,9,True
Poland,All,2022,118,True
Ireland,All,2016,26,True
Ireland,All,2020,93,True
Malaysia,All,2023,67,True
Pakistan,All,2017,1,True
Australia,All,2017,36,True
Philippines,All,2025,118,False
Mexico,All,2018,0,True
Mexico,All,2024,37,True
Armenia,All,2020,2,True
Tunisia,All,2019,0,True
China (mainland),All,2016,4490,True
China (mainland),All,2025,6709,False
Nigeria,All,2025,12,False
Saudi Arabia,All,2017,18,True
Sweden,All,2017,39,True
Hungary,Biotechnology,2017,0,True
New Zealand,Biotechnology,2015,2,True
Australia,Biotechnology,2023,5,True
Romania,Biotechnology,2025,14,False
Egypt,Community and Lifestyle,2019,0,True
Taiwan,Community and Lifestyle,2021,1,True
United Kingdom,Community and Lifestyle,2020,33,True
China (mainland),Community and Lifestyle,2015,28,True
Israel,Community and Lifestyle,2017,13,True
Italy,Community and Lifestyle,2015,0,True
China (mainland),Computer Vision,2015,15,True
Portugal,Computer Vision,2024,2,True
Turkey,Computer Vision,2021,2,True
Ireland,Computer Vision,2021,0,True
France,Computer Vision,2023,14,True
India,Computer Vision,2022,5,True
Portugal,Consumer goods,2016,0,True
China (mainland),Consumer goods,2017,144,True
Belgium,Consumer goods,2021,1,True
Netherlands,Consumer goods,2019,8,True
Ghana,Consumer goods,2017,0,True
Kenya,Consumer goods,2024,0,True
Canada,Cyber Security,2025,21,False
Italy,Cyber Security,2024,3,True
Netherlands,Cyber Security,2024,1,True
Switzerland,Cyber Security,2021,85,True
Switzerland,Cyber Security,2024,2,True
Hungary,Data and analytics,2025,3,False
Bahrain,Data and analytics,2020,0,True
Thailand,Data and analytics,2020,1,True
Estonia,Data and analytics,2017,1,True
Estonia,Data and analytics,2019,3,True
Estonia,Data and analytics,2020,9,True
Poland,Data and analytics,2016,11,True
Sri Lanka,Data and analytics,2017,2,True
Sri Lanka,Data and analytics,2022,0,True
Argentina,Data and analytics,2022,3,True
France,Data and analytics,2024,807,True
Turkey,Data and analytics,2015,0,True
Luxembourg,Data and analytics,2020,4,True
Cyprus,Data and analytics,2019,2,True
Austria,Data and analytics,2022,18,True
Hungary,Education,2019,0,True
Bangladesh,Education,2020,0,True
Saudi Arabia,Education,2023,1,True
Austria,Education,2021,0,True
Sri Lanka,Education,2025,0,False
India,Education,2018,23,True
Chile,Education,2019,0,True
Estonia,Education,2025,2,False
Sweden,Education,2018,0,True
Sweden,Education,2025,1,False
Turkey,Energy and natural resources,2023,13,True
Singapore,Energy and natural resources,2021,6,True
Canada,Energy and natural resources,2019,42,True
Australia,Facial Recognition,2025,6,False
Finland,Finance,2018,2,True
Mexico,Finance,2017,1,True
Tunisia,Finance,2021,0,True
Turkey,Finance,2017,0,True
Turkey,Finance,2022,10,True
Turkey,Finance,2023,1,True
Portugal,Finance,2022,1,True
Egypt,Finance,2024,0,True
Greece,Finance,2024,0,True
Kenya,Finance,2024,5,True
Norway,Finance,2018,4,True
Vietnam,Finance,2023,0,True
Singapore,Gaming,2023,5,True
United Kingdom,Gaming,2022,190,True
France,Gaming,2018,0,True
Pakistan,General purpose,2020,0,True
Italy,General purpose,2015,34,True
Sweden,General purpose,2021,358,True
Ireland,General purpose,2024,49,True
Romania,General purpose,2016,0,True
Germany,General purpose,2016,26,True
Egypt,General purpose,2018,0,True
Malaysia,General purpose,2019,1,True
Slovakia,General purpose,2024,5,True
Russia,General purpose,2015,1,True
Spain,General purpose,2019,30,True
Iceland,General purpose,2016,1,True
Taiwan,General purpose,2020,42,True
Iceland,Hardware,2023,3,True
Hungary,Hardware,2018,5,True
Colombia,Hardware,2020,2,True
Colombia,Hardware,2024,1,True
Slovenia,Hardware,2025,2,False
Chile,Hardware,2019,0,True
Cyprus,Hardware,2022,1,True
Finland,Hardware,2019,206,True
Czechia,Hardware,2021,2,True
Czechia,Hardware,2023,1,True
Zambia,Hardware,2023,0,True
United States,Hardware,2021,7575,True
Switzerland,Hardware,2016,4,True
Estonia,Hardware,2016,0,True
Netherlands,Hardware,2020,28,True
United Kingdom,Hardware,2023,143,True
Russia,Healthcare and Life Sciences,2017,3,True
Finland,Healthcare and Life Sciences,2015,1,True
Spain,Healthcare and Life Sciences,2018,14,True
United Kingdom,Healthcare and Life Sciences,2017,50,True
Argentina,Healthcare and Life Sciences,2024,1,True
Lithuania,Healthcare and Life Sciences,2022,0,True
China (mainland),Healthcare and Life Sciences,2025,120,False
Luxembourg,Healthcare and Life Sciences,2022,0,True
Morocco,Healthcare and Life Sciences,2022,0,True
Israel,Healthcare and Life Sciences,2021,327,True
Malaysia,Healthcare and Life Sciences,2023,1,True
India,Information Technology,2025,1309,False
Ukraine,Information Technology,2023,1,True
Taiwan,Information Technology,2022,19,True
Germany,Information Technology,2016,7,True
Ireland,Information Technology,2019,21,True
Tunisia,Information Technology,2018,1,True
Switzerland,Information Technology,2016,2,True
Latvia,Information Technology,2015,0,True
Nigeria,Information Technology,2024,3,True
Turkey,Information Technology,2024,71,True
Chile,Information Technology,2023,3,True
Bulgaria,Information Technology,2021,1,True
Netherlands,Information Technology,2017,43,True
Spain,Lending and Investments,2023,6,True
Germany,Lending and Investments,2022,1,True
Australia,Lending and Investments,2017,3,True
Brazil,Lending and Investments,2020,2,True
Spain,Manufacturing,2021,1,True
Hungary,Manufacturing,2021,0,True
Austria,Manufacturing,2024,4,True
Sweden,Manufacturing,2019,4,True
Australia,Manufacturing,2019,3,True
South Korea,Manufacturing,2015,1,True
Chile,Manufacturing,2021,0,True
Italy,Manufacturing,2025,10,False
Iceland,Manufacturing,2016,1,True
Iceland,Manufacturing,2023,3,True
Netherlands,Manufacturing,2022,5,True
United States,Manufacturing,2017,467,True
Sri Lanka,Media and Entertainment,2023,1,True
Ireland,Media and Entertainment,2017,3,True
France,Media and Entertainment,2015,1,True
Cyprus,Media and Entertainment,2020,2,True
Israel,"Military, public safety and government",2021,10,True
Italy,"Military, public safety and government",2017,2,True
Poland,"Military, public safety and government",2022,3,True
United Arab Emirates,"Military, public safety and government",2024,0,True
Belize,"Mobile, platforms & Internet services",2019,0,True
Switzerland,"Mobile, platforms & Internet services",2018,53,True
China (mainland),"Mobile, platforms & Internet services",2015,299,True
Bangladesh,"Mobile, platforms & Internet services",2020,0,True
United States,"Mobile, platforms & Internet services",2015,1347,True
Taiwan,"Mobile, platforms & Internet services",2019,14,True
Australia,"Mobile, platforms & Internet services",2018,12,True
Netherlands,"Mobile, platforms & Internet services",2022,5,True
Zambia,"Mobile, platforms & Internet services",2021,0,True
Brazil,"Mobile, platforms & Internet services",2020,63,True
United Kingdom,"Mobile, platforms & Internet services",2022,366,True
Sweden,"Mobile, platforms & Internet services",2019,15,True
Bulgaria,"Mobile, platforms & Internet services",2023,0,True
North Macedonia,"Mobile, platforms & Internet services",2022,1,True
Norway,"Mobile, platforms & Internet services",2018,1,True
India,NLP,2022,2,True
Chile,NLP,2019,0,True
Austria,NLP,2023,0,True
Germany,NLP,2017,0,True
Germany,NLP,2022,7,True
China (mainland),Navigation and mapping,2024,14,True
Japan,Navigation and mapping,2015,0,True
United Kingdom,Navigation and mapping,2017,3,True
Singapore,Navigation and mapping,2015,1,True
Slovakia,Navigation and mapping,2018,1,True
Nigeria,Other,2018,0,True
Bulgaria,Other,2017,1,True
Belgium,Other,2015,8,True
Indonesia,Other,2020,2,True
Portugal,Other,2023,5,True
India,Other,2018,8,True
Seychelles,Privacy and Security,2015,0,True
Spain,Privacy and Security,2025,11,False
Sweden,Privacy and Security,2021,2,True
United States,Professional services,2017,304,True
Belgium,Professional services,2015,1,True
Canada,Professional services,2023,10,True
Hungary,Professional services,2019,1,True
Brazil,Professional services,2018,6,True
Australia,Professional services,2024,23,True
Denmark,Professional services,2025,11,False
Portugal,Professional services,2020,0,True
Germany,Professional services,2023,352,True
France,Professional services,2017,15,True
United States,Real estate,2025,1255,False
South Korea,Real estate,2017,4,True
Poland,Real estate,2019,1,True
France,Real estate,2020,9,True
Ireland,Real estate,2023,1,True
Brazil,Robotics,2023,0,True
Spain,Robotics,2016,1,True
Canada,Robotics,2022,62,True
Greece,Robotics,2024,0,True
Kenya,"Sales, retail, commerce, marketing",2024,0,True
Australia,"Sales, retail, commerce, marketing",2015,5,True
Spain,"Sales, retail, commerce, marketing",2016,7,True
Brazil,"Sales, retail, commerce, marketing",2021,27,True
Lithuania,"Sales, retail, commerce, marketing",2023,0,True
Norway,"Sales, retail, commerce, marketing",2020,10,True
Burkina Faso,"Sales, retail, commerce, marketing",2023,0,True
France,"Sales, retail, commerce, marketing",2017,18,True
Netherlands,"Sales, retail, commerce, marketing",2018,7,True
Russia,"Sales, retail, commerce, marketing",2021,2,True
Slovakia,"Sales, retail, commerce, marketing",2022,1,True
Taiwan,Semiconductor,2025,3,False
India,Semiconductor,2023,24,True
Japan,Simulation,2019,1,True
Bulgaria,Software,2016,0,True
Pakistan,Software,2017,0,True
United Arab Emirates,Software,2021,810,True
Germany,Software,2022,878,True
United Kingdom,Software,2015,199,True
France,Software,2023,494,True
Peru,Software,2021,1,True
Japan,Software,2024,292,True
Finland,Software,2024,683,True
Chile,Software,2024,6,True
Colombia,Software,2021,7,True
Croatia,Software,2024,55,True
Hungary,Software,2016,3,True
Mexico,Software,2024,9,True
Spain,Software,2015,15,True
Denmark,Software,2015,5,True
Israel,Software,2019,260,True
Indonesia,Software,2024,1,True
Singapore,Software,2021,932,True
Netherlands,Software,2023,240,True
Luxembourg,Software,2022,1,True
Thailand,Software,2021,5,True
Colombia,Speech Recognition,2021,1,True
United States,Speech Recognition,2023,21,True
China (mainland),Speech Recognition,2017,199,True
Israel,Sports,2021,6,True
Netherlands,Sports,2025,0,False
Spain,Sports,2019,0,True
United Kingdom,Sports,2018,7,True
United Kingdom,Sports,2024,3,True
China (mainland),Transportation,2025,505,False
Canada,Transportation,2015,8,True
Brazil,Transportation,2019,2,True
Brazil,Transportation,2024,1,True
United Kingdom,Transportation,2018,48,True
India,Transportation,2016,5,True
Poland,Agriculture,2024,0,True
Japan,Agriculture,2021,0,True
South Africa,Agriculture,2020,8,True
Norway,Agriculture,2024,1,True
Chile,Agriculture,2023,0,True
Ireland,Agriculture,2021,0,True
Kenya,Agriculture,2024,5,True
Canada,Agriculture,2022,9,True
Greece,Agriculture,2018,1,True
Greece,Agriculture,2021,2,True
Malaysia,Agriculture,2025,58,False
Egypt,All,2021,35,True
Finland,All,2022,833,True
Denmark,All,2017,36,True
Sri Lanka,All,2025,5,False
Ukraine,All,2018,0,True
Ireland,All,2022,217,True
United Arab Emirates,All,2021,828,True
Albania,All,2016,2,True
Bosnia and Herzegovina,All,2020,0,True
Mauritius,All,2022,41,True
Singapore,All,2015,109,True
Singapore,All,2024,3116,True
Croatia,All,2023,195,True
Iceland,All,2025,5,False
Saudi Arabia,Biotechnology,2017,1,True
Austria,Biotechnology,2023,2,True
New Zealand,Biotechnology,2022,0,True
Norway,Biotechnology,2025,0,False
Egypt,Community and Lifestyle,2020,0,True
Spain,Community and Lifestyle,2025,1,False
Uruguay,Community and Lifestyle,2023,0,True
Saudi Arabia,Community and Lifestyle,2022,1025,True
United Arab Emirates,Community and Lifestyle,2025,0,False
Austria,Computer Vision,2021,5,True
Austria,Computer Vision,2025,20,False
Denmark,Computer Vision,2019,0,True
United Kingdom,Computer Vision,2023,109,True
Portugal,Computer Vision,2021,2,True
New Zealand,Computer Vision,2023,0,True
Serbia,Computer Vision,2022,0,True
Ireland,Computer Vision,2025,19,False
Netherlands,Computer Vision,2021,96,True
Israel,Computer Vision,2024,347,True
Israel,Computer Vision,2025,10,False
Sweden,Computer Vision,2016,2,True
Australia,Computer Vision,2023,1,True
Lithuania,Consumer goods,2021,0,True
Spain,Consumer goods,2015,3,True
Spain,Consumer goods,2018,0,True
Switzerland,Consumer goods,2023,44,True
United Kingdom,Consumer goods,2023,21,True
Czechia,Consumer goods,2019,1,True
France,Cyber Security,2016,1,True
Lithuania,Cyber Security,2024,0,True
India,Cyber Security,2020,0,True
Singapore,Data and analytics,2018,325,True
Thailand,Data and analytics,2019,3,True
Mexico,Data and analytics,2015,0,True
Poland,Data and analytics,2025,27,False
Malta,Data and analytics,2025,0,False
Australia,Data and analytics,2025,419,False
Ukraine,Data and analytics,2025,0,False
South Africa,Data and analytics,2015,18,True
Sweden,Data and analytics,2015,7,True
Bulgaria,Data and analytics,2017,1,True
Luxembourg,Data and analytics,2017,1,True
United Arab Emirates,Data and analytics,2020,5,True
Israel,Data and analytics,2019,237,True
Cyprus,Data and analytics,2018,2,True
Lebanon,Education,2023,0,True
Australia,Education,2019,1,True
Czechia,Education,2022,3,True
Spain,Education,2015,3,True
Tunisia,Education,2020,0,True
United Arab Emirates,Education,2024,1,True
Poland,Education,2020,3,True
Sweden,Education,2024,0,True
Switzerland,Energy and natural resources,2021,4,True
United States,Energy and natural resources,2017,142,True
Germany,Energy and natural resources,2024,16,True
Japan,Energy and natural resources,2021,1,True
Chile,Energy and natural resources,2016,0,True
Luxembourg,Facial Recognition,2015,0,True
Israel,Facial Recognition,2020,7,True
Spain,Facial Recognition,2022,0,True
Japan,Facial Recognition,2019,4,True
Argentina,Finance,2024,1,True
India,Finance,2023,45,True
Germany,Finance,2021,45,True
Cyprus,Finance,2018,1,True
Finland,Finance,2017,1,True
Spain,Finance,2018,1,True
New Zealand,Finance,2022,0,True
Denmark,Finance,2021,1,True
Zambia,Finance,2022,0,True
Philippines,Finance,2020,0,True
Czechia,Finance,2016,0,True
Mauritius,Finance,2022,11,True
Egypt,Finance,2021,6,True
Panama,Finance,2025,10,False
Italy,Gaming,2022,6,True
Panama,Gaming,2025,0,False
Pakistan,General purpose,2015,0,True
Lebanon,General purpose,2019,0,True
Sweden,General purpose,2022,67,True
Costa Rica,General purpose,2025,1,False
Norway,General purpose,2023,67,True
Germany,General purpose,2022,578,True
India,General purpose,2018,53,True
Israel,General purpose,2021,1182,True
Lithuania,General purpose,2024,3,True
Australia,General purpose,2023,118,True
Denmark,General purpose,2016,5,True
Denmark,General purpose,2022,72,True
Italy,Hardware,2016,5,True
Hungary,Hardware,2024,2,True
Chile,Hardware,2020,1,True
Georgia,Hardware,2025,0,False
Denmark,Hardware,2022,53,True
Latvia,Hardware,2015,0,True
Ireland,Hardware,2025,20,False
Norway,Hardware,2020,14,True
Austria,Hardware,2020,12,True
Malaysia,Hardware,2022,15,True
Turkey,Healthcare and Life Sciences,2025,2,False
Mexico,Healthcare and Life Sciences,2024,1,True
Australia,Healthcare and Life Sciences,2022,13,True
Nigeria,Healthcare and Life Sciences,2024,0,True
Spain,Healthcare and Life Sciences,2024,21,True
Singapore,Healthcare and Life Sciences,2021,5,True
Estonia,Healthcare and Life Sciences,2020,0,True
Slovenia,Healthcare and Life Sciences,2023,20,True
Lithuania,Healthcare and Life Sciences,2017,0,True
Lithuania,Healthcare and Life Sciences,2025,0,False
China (mainland),Healthcare and Life Sciences,2016,148,True
South Africa,Healthcare and Life Sciences,2022,0,True
China (mainland),Information Technology,2020,268,True
China (mainland),Information Technology,2024,692,True
Germany,Information Technology,2023,455,True
Poland,Information Technology,2021,6,True
France,Information Technology,2021,295,True
Slovenia,Information Technology,2017,0,True
Australia,Information Technology,2018,9,True
Spain,Information Technology,2024,18,True
Philippines,Information Technology,2022,0,True
Finland,Information Technology,2022,38,True
United States,Information Technology,2017,2553,True
Norway,Information Technology,2018,9,True
Singapore,Information Technology,2017,28,True
Sri Lanka,Information Technology,2024,5,True
Sweden,Information Technology,2020,3431,True
Russia,Information Technology,2018,2,True
Chile,Information Technology,2022,1,True
Cambodia,Lending and Investments,2018,0,True
Netherlands,Lending and Investments,2022,0,True
Croatia,Lending and Investments,2021,0,True
India,Lending and Investments,2023,0,True
Germany,Lending and Investments,2019,8,True
Germany,Lending and Investments,2025,10,False
Malaysia,Manufacturing,2019,6,True
Chile,Manufacturing,2018,0,True
Finland,Manufacturing,2015,1,True
Netherlands,Manufacturing,2018,1,True
Czechia,Media and Entertainment,2019,1,True
Hungary,Media and Entertainment,2020,2,True
Finland,Media and Entertainment,2024,0,True
Romania,Media and Entertainment,2025,1,False
China (mainland),Media and Entertainment,2023,67,True
Singapore,Media and Entertainment,2021,37,True
Poland,Media and Entertainment,2020,0,True
Belgium,"Military, public safety and government",2024,0,True
Canada,"Military, public safety and government",2024,4,True
Romania,"Military, public safety and government",2023,1,True
Australia,"Military, public safety and government",2018,3,True
Sri Lanka,"Mobile, platforms & Internet services",2023,2,True
Hungary,"Mobile, platforms & Internet services",2018,6,True
China (mainland),"Mobile, platforms & Internet services",2025,161,False
Latvia,"Mobile, platforms & Internet services",2018,0,True
Canada,"Mobile, platforms & Internet services",2016,22,True
Romania,"Mobile, platforms & Internet services",2016,1,True
Czechia,"Mobile, platforms & Internet services",2019,1,True
Denmark,"Mobile, platforms & Internet services",2025,14,False
Croatia,"Mobile, platforms & Internet services",2020,0,True
Malaysia,"Mobile, platforms & Internet services",2025,2,False
Brazil,"Mobile, platforms & Internet services",2015,60,True
Brazil,"Mobile, platforms & Internet services",2017,3,True
Mexico,"Mobile, platforms & Internet services",2023,2,True
Cyprus,NLP,2022,1,True
Japan,NLP,2025,11,False
India,NLP,2024,1,True
Turkey,NLP,2022,0,True
Canada,NLP,2022,18,True
United Kingdom,Navigation and mapping,2015,1,True
Canada,Navigation and mapping,2021,0,True
Australia,Navigation and mapping,2022,18,True
United States,Navigation and mapping,2022,169,True
Netherlands,Navigation and mapping,2017,1,True
Turkey,Other,2024,1,True
Nigeria,Other,2019,0,True
Bulgaria,Other,2019,2,True
Kenya,Other,2024,0,True
Australia,Other,2025,12,False
Jamaica,Other,2018,0,True
Philippines,Other,2023,0,True
New Zealand,Other,2015,0,True
Hungary,Other,2023,4,True
Italy,Other,2020,6,True
Italy,Other,2021,0,True
Portugal,Other,2024,5,True
Israel,Other,2021,44,True
United States,Privacy and Security,2016,201,True
Estonia,Privacy and Security,2022,28,True
Italy,Privacy and Security,2025,17,False
Netherlands,Privacy and Security,2025,9,False
Romania,Privacy and Security,2025,3,False
United States,Professional services,2019,2223,True
Mexico,Professional services,2017,0,True
Egypt,Professional services,2025,3,False
Portugal,Professional services,2023,6,True
Ireland,Professional services,2023,1,True
Colombia,Professional services,2022,3,True
Indonesia,Professional services,2023,7,True
Germany,Professional services,2016,3,True
Italy,Professional services,2018,0,True
Singapore,Professional services,2016,3,True
Philippines,Professional services,2016,0,True
Philippines,Professional services,2021,0,True
Saudi Arabia,Real estate,2021,0,True
Sri Lanka,Real estate,2023,0,True
Germany,Real estate,2018,5,True
Brazil,Robotics,2021,0,True
Canada,Robotics,2019,7,True
Singapore,Robotics,2024,2,True
Australia,"Sales, retail, commerce, marketing",2024,9,True
Japan,"Sales, retail, commerce, marketing",2020,15,True
Japan,"Sales, retail, commerce, marketing",2022,14,True
Canada,"Sales, retail, commerce, marketing",2022,361,True
South Korea,"Sales, retail, commerce, marketing",2021,15,True
Indonesia,"Sales, retail, commerce, marketing",2024,0,True
Netherlands,"Sales, retail, commerce, marketing",2024,7,True
Ireland,"Sales, retail, commerce, marketing",2015,2,True
Malaysia,"Sales, retail, commerce, marketing",2023,58,True
Serbia,"Sales, retail, commerce, marketing",2019,0,True
Albania,"Sales, retail, commerce, marketing",2024,5,True
Singapore,"Sales, retail, commerce, marketing",2016,52,True
Colombia,"Sales, retail, commerce, marketing",2024,1,True
United States,Semiconductor,2015,15,True
United Kingdom,Semiconductor,2017,11,True
South Korea,Simulation,2024,0,True
Spain,Simulation,2020,3,True
Bulgaria,Software,2021,1,True
Zimbabwe,Software,2023,0,True
India,Software,2017,49,True
Italy,Software,2021,67,True
Serbia,Software,2018,0,True
Czechia,Software,2019,15,True
New Zealand,Software,2025,46,False
Sri Lanka,Software,2019,1,True
Philippines,Software,2025,97,False
Norway,Software,2016,1,True
Greece,Software,2016,6,True
Greece,Software,2024,2,True
South Africa,Software,2024,7,True
Israel,Software,2023,341,True
Qatar,Software,2023,0,True
Nigeria,Software,2018,5,True
Slovakia,Software,2022,3,True
Belgium,Speech Recognition,2017,0,True
Denmark,Speech Recognition,2023,12,True
Israel,Sports,2015,1,True
Ireland,Sports,2023,3,True
Japan,Sports,2017,3,True
Japan,Sports,2025,1,False
Switzerland,Sports,2020,0,True
United Kingdom,Sports,2019,1,True
Italy,Telecommunications,2025,10,False
United Kingdom,Telecommunications,2018,6,True
Israel,Telecommunications,2022,0,True
Australia,Transportation,2021,12,True
Malaysia,Transportation,2020,2,True
Poland,Transportation,2025,11,False
Switzerland,Transportation,2025,225,False
Bulgaria,Transportation,2019,2,True
Egypt,Transportation,2019,0,True
Netherlands,Transportation,2016,1,True
Italy,Transportation,2016,1,True
Greece,Transportation,2020,10,True
India,Transportation,2017,3,True
Denmark,Agriculture,2025,1,False
China (mainland),Agriculture,2020,14,True
Egypt,Agriculture,2023,0,True
United Kingdom,Agriculture,2019,3,True
Germany,Agriculture,2023,2,True
South Korea,Agriculture,2023,3,True
Turkey,Agriculture,2021,2,True
Finland,Agriculture,2017,0,True
United States,Agriculture,2025,70,False
Colombia,All,2016,1,True
France,All,2015,120,True
Seychelles,All,2021,1,True
Tajikistan,All,2022,1,True
Belgium,All,2022,344,True
Canada,All,2023,1627,True
Hungary,All,2016,10,True
Qatar,All,2024,4,True
Serbia,All,2019,0,True
Bangladesh,All,2022,6,True
Mongolia,All,2018,0,True
Romania,All,2020,4,True
Bulgaria,All,2016,0,True
Sweden,All,2016,42,True
Sweden,All,2018,93,True
Lebanon,All,2022,0,True
Vietnam,All,2019,1,True
United States,All,2020,35977,True
Austria,Biotechnology,2017,0,True
United States,Biotechnology,2017,388,True
United States,Biotechnology,2019,1346,True
Canada,Biotechnology,2015,8,True
Slovenia,Biotechnology,2016,0,True
Netherlands,Biotechnology,2024,26,True
Belgium,Biotechnology,2015,2,True
France,Biotechnology,2016,2,True
France,Biotechnology,2023,9,True
Norway,Biotechnology,2024,1,True
Germany,Biotechnology,2025,29,False
Turkey,Community and Lifestyle,2017,0,True
South Korea,Community and Lifestyle,2017,1,True
Spain,Community and Lifestyle,2018,3,True
Canada,Community and Lifestyle,2020,51,True
Turkey,Computer Vision,2018,1,True
Saudi Arabia,Computer Vision,2022,1,True
Malaysia,Computer Vision,2015,0,True
Latvia,Consumer goods,2019,2,True
Canada,Consumer goods,2021,156,True
Slovakia,Consumer goods,2023,1,True
United States,Consumer goods,2016,395,True
Israel,Consumer goods,2019,38,True
China (mainland),Consumer goods,2024,141,True
Netherlands,Consumer goods,2020,1,True
Switzerland,Consumer goods,2019,7,True
United Kingdom,Consumer goods,2016,8,True
Australia,Consumer goods,2025,12,False
Czechia,Consumer goods,2017,1,True
United States,Cyber Security,2017,315,True
Singapore,Cyber Security,2015,0,True
Bulgaria,Cyber Security,2023,0,True
Czechia,Cyber Security,2020,0,True
Bangladesh,Data and analytics,2024,0,True
Germany,Data and analytics,2021,765,True
Japan,Data and analytics,2019,230,True
Japan,Data and analytics,2020,210,True
Kazakhstan,Data and analytics,2025,5,False
South Korea,Data and analytics,2020,123,True
China (mainland),Data and analytics,2017,1435,True
Ukraine,Data and analytics,2018,0,True
France,Data and analytics,2017,92,True
France,Data and analytics,2025,535,False
Lithuania,Data and analytics,2016,0,True
El Salvador,Data and analytics,2021,0,True
Vietnam,Data and analytics,2021,8,True
Vietnam,Data and analytics,2024,2,True
Bulgaria,Data and analytics,2022,2,True
United Arab Emirates,Data and analytics,2017,7,True
Netherlands,Education,2019,2,True
Romania,Education,2019,0,True
Romania,Education,2021,4,True
Kenya,Education,2018,0,True
Denmark,Education,2019,1,True
Japan,Education,2018,12,True
Canada,Education,2025,6,False
South Korea,Energy and natural resources,2016,0,True
Mexico,Energy and natural resources,2024,0,True
Turkey,Energy and natural resources,2017,0,True
Denmark,Energy and natural resources,2020,2,True
Estonia,Energy and natural resources,2018,1,True
Estonia,Energy and natural resources,2025,1,False
France,Energy and natural resources,2021,6,True
Netherlands,Facial Recognition,2021,95,True
China (mainland),Finance,2025,17,False
Switzerland,Finance,2025,16,False
South Africa,Finance,2018,13,True
Kazakhstan,Finance,2022,0,True
Estonia,Finance,2015,0,True
Spain,Gaming,2025,3,False
Canada,Gaming,2019,4,True
Canada,Gaming,2022,1,True
China (mainland),General purpose,2020,2292,True
Chile,General purpose,2023,3,True
South Africa,General purpose,2021,4,True
Morocco,General purpose,2024,1,True
Georgia,General purpose,2022,0,True
Ireland,General purpose,2019,75,True
Singapore,General purpose,2024,2033,True
New Zealand,General purpose,2025,44,False
Belarus,General purpose,2017,1,True
Germany,General purpose,2021,668,True
Egypt,General purpose,2021,1,True
Saint Kitts and Nevis,General purpose,2021,0,True
Saudi Arabia,General purpose,2018,1,True
Mexico,General purpose,2018,0,True
Denmark,General purpose,2020,31,True
Belgium,General purpose,2024,208,True
Uganda,General purpose,2019,0,True
Portugal,Hardware,2021,2,True
Finland,Hardware,2020,25,True
Ukraine,Hardware,2023,2,True
Switzerland,Hardware,2021,34,True
Malaysia,Hardware,2021,23,True
Turkey,Healthcare and Life Sciences,2020,0,True
Switzerland,Healthcare and Life Sciences,2015,0,True
Australia,Healthcare and Life Sciences,2018,5,True
Germany,Healthcare and Life Sciences,2023,41,True
Czechia,Healthcare and Life Sciences,2022,3,True
Malaysia,Healthcare and Life Sciences,2018,0,True
United Arab Emirates,Information Technology,2020,2,True
United Arab Emirates,Information Technology,2022,27,True
Taiwan,Information Technology,2016,2,True
Indonesia,Information Technology,2024,0,True
Spain,Information Technology,2025,45,False
New Zealand,Information Technology,2023,1,True
Kenya,Information Technology,2022,3,True
Turkey,Information Technology,2015,0,True
United Kingdom,Information Technology,2022,864,True
Thailand,Information Technology,2020,1,True
Canada,Information Technology,2021,194,True
Canada,Information Technology,2022,387,True
Ireland,Lending and Investments,2024,1,True
United Kingdom,Lending and Investments,2023,56,True
China (mainland),Lending and Investments,2021,21,True
South Africa,Lending and Investments,2018,13,True
Spain,Manufacturing,2025,6,False
China (mainland),Manufacturing,2015,17,True
India,Manufacturing,2023,10,True
New Zealand,Manufacturing,2021,1,True
South Korea,Manufacturing,2019,5,True
Denmark,Manufacturing,2019,14,True
Israel,Media and Entertainment,2019,29,True
United Kingdom,Media and Entertainment,2020,59,True
Belgium,Media and Entertainment,2017,0,True
United States,Media and Entertainment,2021,1172,True
United States,Media and Entertainment,2024,2132,True
Taiwan,Media and Entertainment,2022,1,True
Norway,Media and Entertainment,2024,0,True
Poland,Media and Entertainment,2019,0,True
France,"Military, public safety and government",2017,2,True
Netherlands,"Military, public safety and government",2024,2,True
Turkey,"Mobile, platforms & Internet services",2018,500,True
Israel,"Mobile, platforms & Internet services",2022,397,True
Romania,"Mobile, platforms & Internet services",2025,1,False
Italy,"Mobile, platforms & Internet services",2017,2,True
France,"Mobile, platforms & Internet services",2020,54,True
Vietnam,"Mobile, platforms & Internet services",2022,3,True
Czechia,"Mobile, platforms & Internet services",2022,5,True
Malaysia,"Mobile, platforms & Internet services",2024,0,True
Spain,"Mobile, platforms & Internet services",2023,12,True
Chile,"Mobile, platforms & Internet services",2023,0,True
Estonia,"Mobile, platforms & Internet services",2019,0,True
Sweden,"Mobile, platforms & Internet services",2021,50,True
Lithuania,"Mobile, platforms & Internet services",2025,0,False
Indonesia,"Mobile, platforms & Internet services",2020,2,True
China (mainland),NLP,2017,213,True
France,NLP,2016,1,True
Turkey,NLP,2025,0,False
Tunisia,NLP,2023,0,True
Singapore,NLP,2022,6,True
United States,NLP,2022,182,True
Mongolia,NLP,2021,0,True
Ireland,Navigation and mapping,2019,2,True
Finland,Navigation and mapping,2021,0,True
Lithuania,Other,2020,0,True
Pakistan,Other,2020,0,True
Spain,Other,2020,4,True
Canada,Other,2018,21,True
Canada,Other,2024,30,True
Kazakhstan,Other,2025,0,False
Indonesia,Other,2022,4,True
India,Other,2024,37,True
Poland,Other,2021,2,True
Netherlands,Other,2018,8,True
Turkey,Privacy and Security,2023,0,True
Japan,Privacy and Security,2018,3,True
Switzerland,Privacy and Security,2020,2,True
Tunisia,Privacy and Security,2021,0,True
Netherlands,Privacy and Security,2015,0,True
United Kingdom,Privacy and Security,2020,92,True
China (mainland),Privacy and Security,2024,15,True
South Korea,Privacy and Security,2020,1,True
United States,Professional services,2018,1839,True
China (mainland),Professional services,2023,25,True
Nigeria,Professional services,2023,0,True
Austria,Professional services,2022,2,True
Netherlands,Professional services,2017,16,True
Sweden,Professional services,2017,0,True
Vietnam,Professional services,2018,0,True
Spain,Real estate,2016,3,True
Finland,Real estate,2017,0,True
New Zealand,Real estate,2024,0,True
Cyprus,Real estate,2024,1,True
Italy,Real estate,2015,1,True
Estonia,Robotics,2019,1,True
Denmark,Robotics,2024,3,True
Norway,Robotics,2020,11,True
Norway,Robotics,2023,11,True
Uruguay,"Sales, retail, commerce, marketing",2022,3,True
Nigeria,"Sales, retail, commerce, marketing",2022,0,True
Latvia,"Sales, retail, commerce, marketing",2021,0,True
Egypt,"Sales, retail, commerce, marketing",2018,0,True
Taiwan,"Sales, retail, commerce, marketing",2018,2,True
China (mainland),Semiconductor,2016,1,True
Japan,Semiconductor,2018,1,True
Belgium,Software,2025,21,False
Canada,Software,2015,63,True
Canada,Software,2024,861,True
India,Software,2021,480,True
Italy,Software,2023,44,True
Malaysia,Software,2015,5,True
Croatia,Software,2019,0,True
Croatia,Software,2021,1,True
Croatia,Software,2023,195,True
Ukraine,Software,2020,1,True
South Africa,Software,2018,14,True
China (mainland),Software,2019,1587,True
Lebanon,Software,2021,0,True
Germany,Speech Recognition,2021,1,True
China (mainland),Speech Recognition,2025,1,False
Israel,Sports,2020,15,True
Egypt,Sports,2020,0,True
France,Telecommunications,2015,1,True
United States,Telecommunications,2016,80,True
Brazil,Telecommunications,2022,70,True
Slovakia,Telecommunications,2024,5,True
Japan,Telecommunications,2017,1,True
South Korea,Telecommunications,2020,0,True
Austria,Transportation,2016,0,True
Chile,Transportation,2020,1,True
Switzerland,Transportation,2021,20,True
Finland,Transportation,2017,12,True
Ireland,Transportation,2018,5,True
Serbia,Agriculture,2018,0,True
India,Agriculture,2017,2,True
South Africa,Agriculture,2023,0,True
France,Agriculture,2024,0,True
Argentina,Agriculture,2023,0,True
Egypt,All,2017,0,True
Ghana,All,2018,1,True
New Zealand,All,2025,64,False
Finland,All,2025,467,False
Seychelles,All,2016,1,True
Belgium,All,2020,245,True
Denmark,All,2022,129,True
Slovenia,All,2016,0,True
Poland,All,2017,42,True
Belize,All,2022,20,True
Morocco,All,2024,1,True
Russia,All,2021,6,True
Russia,All,2023,1,True
South Korea,All,2017,101,True
Argentina,All,2023,1,True
Japan,All,2020,838,True
United Kingdom,All,2024,4191,True
Latvia,All,2018,10,True
Latvia,All,2024,2,True
Italy,Biotechnology,2024,0,True
Singapore,Biotechnology,2021,4,True
Sweden,Biotechnology,2016,1,True
Poland,Biotechnology,2025,6,False
Romania,Biotechnology,2021,14,True
Uruguay,Biotechnology,2021,2,True
Germany,Biotechnology,2022,32,True
Israel,Biotechnology,2018,7,True
Egypt,Community and Lifestyle,2017,0,True
Denmark,Community and Lifestyle,2025,1,False
Malaysia,Community and Lifestyle,2018,0,True
Brazil,Community and Lifestyle,2018,1,True
Australia,Community and Lifestyle,2022,11,True
Austria,Computer Vision,2017,1,True
Germany,Computer Vision,2022,21,True
United Kingdom,Computer Vision,2025,11,False
Japan,Computer Vision,2018,3,True
Saudi Arabia,Computer Vision,2018,0,True
Hungary,Computer Vision,2025,0,False
Poland,Computer Vision,2018,1,True
Latvia,Consumer goods,2018,8,True
India,Consumer goods,2015,378,True
Japan,Consumer goods,2021,3,True
Taiwan,Consumer goods,2015,0,True
Indonesia,Cyber Security,2023,1,True
Singapore,Cyber Security,2017,5,True
China (mainland),Cyber Security,2017,26,True
China (mainland),Cyber Security,2021,134,True
Switzerland,Cyber Security,2018,3,True
Israel,Cyber Security,2024,199,True
India,Data and analytics,2018,57,True
Malaysia,Data and analytics,2022,6,True
Iceland,Data and analytics,2015,1,True
South Korea,Data and analytics,2018,43,True
South Korea,Data and analytics,2024,490,True
Russia,Data and analytics,2020,13,True
South Africa,Data and analytics,2017,29,True
Luxembourg,Data and analytics,2025,1,False
Brazil,Data and analytics,2019,68,True
Norway,Data and analytics,2016,1,True
Israel,Data and analytics,2015,114,True
New Zealand,Education,2020,0,True
South Africa,Education,2019,0,True
Peru,Education,2020,3,True
Argentina,Education,2021,0,True
Japan,Education,2016,4,True
China (mainland),Education,2019,39,True
China (mainland),Education,2023,84,True
Vietnam,Education,2024,0,True
Australia,Energy and natural resources,2021,6,True
Estonia,Energy and natural resources,2019,0,True
Estonia,Energy and natural resources,2022,2,True
Sweden,Energy and natural resources,2022,31,True
Latvia,Energy and natural resources,2019,0,True
Ireland,Energy and natural resources,2019,1,True
Ireland,Energy and natural resources,2021,1,True
Portugal,Energy and natural resources,2020,1,True
Spain,Energy and natural resources,2023,6,True
Romania,Energy and natural resources,2023,1,True
Ghana,Finance,2024,10,True
Germany,Finance,2019,22,True
Mexico,Finance,2022,32,True
France,Finance,2015,0,True
United Arab Emirates,Finance,2025,32,False
Portugal,Finance,2024,1,True
Czechia,Finance,2021,10,True
Egypt,Finance,2022,0,True
Panama,Finance,2023,0,True
China (mainland),Gaming,2024,5,True
Czechia,Gaming,2020,1,True
Poland,Gaming,2019,3,True
China (mainland),General purpose,2017,1419,True
China (mainland),General purpose,2019,1522,True
Dominican Republic,General purpose,2022,0,True
El Salvador,General purpose,2021,0,True
Sweden,General purpose,2020,3452,True
Serbia,General purpose,2020,0,True
Norway,General purpose,2017,28,True
Ukraine,General purpose,2019,4,True
Ghana,General purpose,2021,0,True
Israel,General purpose,2023,313,True
Kenya,General purpose,2020,0,True
Slovakia,General purpose,2022,1,True
Brazil,General purpose,2022,504,True
Luxembourg,General purpose,2018,7,True
Luxembourg,General purpose,2021,4,True
South Korea,General purpose,2023,619,True
South Korea,General purpose,2024,494,True
Peru,General purpose,2022,0,True
Uganda,General purpose,2023,0,True
Taiwan,General purpose,2016,3,True
Austria,General purpose,2015,1,True
Finland,General purpose,2021,77,True
United Arab Emirates,Hardware,2025,278,False
Chile,Hardware,2016,0,True
Saudi Arabia,Hardware,2015,2,True
Thailand,Hardware,2018,0,True
Nigeria,Hardware,2023,1,True
Zambia,Hardware,2021,0,True
United States,Hardware,2017,2396,True
Sweden,Hardware,2023,2,True
South Korea,Hardware,2016,4,True
Germany,Hardware,2016,5,True
South Korea,Healthcare and Life Sciences,2020,49,True
Turkey,Healthcare and Life Sciences,2018,0,True
Austria,Healthcare and Life Sciences,2023,9,True
Egypt,Healthcare and Life Sciences,2016,0,True
Iceland,Healthcare and Life Sciences,2021,2,True
India,Healthcare and Life Sciences,2022,41,True
Canada,Healthcare and Life Sciences,2019,17,True
France,Healthcare and Life Sciences,2015,4,True
Sweden,Healthcare and Life Sciences,2019,10,True
Belgium,Healthcare and Life Sciences,2019,2,True
Belgium,Healthcare and Life Sciences,2021,2,True
India,Information Technology,2018,351,True
Vietnam,Information Technology,2021,1,True
Ireland,Information Technology,2018,40,True
Argentina,Information Technology,2020,2,True
Norway,Information Technology,2019,21,True
Brazil,Information Technology,2017,4,True
Brazil,Information Technology,2022,487,True
Turkey,Information Technology,2020,0,True
China (mainland),Lending and Investments,2025,10,False
Israel,Lending and Investments,2016,4,True
Austria,Lending and Investments,2019,0,True
Iceland,Manufacturing,2015,0,True
Sri Lanka,Manufacturing,2024,0,True
United Arab Emirates,Manufacturing,2019,0,True
United Arab Emirates,Manufacturing,2021,0,True
Israel,Media and Entertainment,2021,33,True
Sri Lanka,Media and Entertainment,2025,0,False
Egypt,Media and Entertainment,2020,0,True
Albania,Media and Entertainment,2019,7,True
India,Media and Entertainment,2023,8,True
Austria,Media and Entertainment,2022,1,True
Armenia,Media and Entertainment,2024,2,True
Singapore,Media and Entertainment,2017,2,True
Taiwan,Media and Entertainment,2020,1,True
France,"Military, public safety and government",2020,2,True
Singapore,"Military, public safety and government",2020,0,True
Ireland,"Military, public safety and government",2018,2,True
Norway,"Military, public safety and government",2022,0,True
Mongolia,"Mobile, platforms & Internet services",2019,0,True
South Africa,"Mobile, platforms & Internet services",2015,18,True
Switzerland,"Mobile, platforms & Internet services",2020,12,True
Canada,"Mobile, platforms & Internet services",2021,199,True
India,"Mobile, platforms & Internet services",2019,221,True
Romania,"Mobile, platforms & Internet services",2020,1,True
Denmark,"Mobile, platforms & Internet services",2021,1,True
Malaysia,"Mobile, platforms & Internet services",2020,3,True
United Kingdom,NLP,2019,49,True
Sweden,NLP,2023,0,True
Singapore,NLP,2020,6,True
United States,NLP,2019,612,True
United States,NLP,2021,496,True
China (mainland),Navigation and mapping,2019,4,True
Argentina,Navigation and mapping,2018,0,True
Japan,Navigation and mapping,2021,1,True
Japan,Navigation and mapping,2025,1,False
India,Navigation and mapping,2017,2,True
Austria,Navigation and mapping,2023,2,True
Japan,Other,2024,13,True
South Africa,Other,2021,3,True
Kenya,Other,2020,0,True
Uganda,Other,2020,0,True
Canada,Other,2019,5,True
Indonesia,Other,2023,3,True
Singapore,Other,2023,19,True
Ireland,Other,2024,0,True
Netherlands,Other,2023,166,True
Bulgaria,Privacy and Security,2023,0,True
Japan,Privacy and Security,2020,47,True
Japan,Privacy and Security,2023,102,True
Taiwan,Privacy and Security,2024,20,True
Sri Lanka,Privacy and Security,2023,0,True
China (mainland),Privacy and Security,2022,32,True
Brazil,Privacy and Security,2017,1,True
Brazil,Privacy and Security,2018,3,True
United Arab Emirates,Professional services,2023,11,True
Estonia,Professional services,2021,1,True
Canada,Professional services,2021,122,True
Norway,Professional services,2018,8,True
Turkey,Professional services,2020,0,True
Nigeria,Professional services,2018,0,True
Colombia,Professional services,2021,0,True
South Korea,Professional services,2022,16,True
Mexico,Real estate,2022,0,True
Belgium,Real estate,2020,4,True
Poland,Robotics,2023,2,True
Turkey,Robotics,2023,1,True
Ukraine,Robotics,2024,1,True
Poland,"Sales, retail, commerce, marketing",2016,6,True
Brazil,"Sales, retail, commerce, marketing",2017,3,True
Brazil,"Sales, retail, commerce, marketing",2019,13,True
Estonia,"Sales, retail, commerce, marketing",2023,2,True
Austria,"Sales, retail, commerce, marketing",2024,0,True
Romania,"Sales, retail, commerce, marketing",2022,0,True
Saudi Arabia,"Sales, retail, commerce, marketing",2022,58,True
China (mainland),"Sales, retail, commerce, marketing",2023,18,True
Czechia,"Sales, retail, commerce, marketing",2018,1,True
Ireland,"Sales, retail, commerce, marketing",2020,20,True
Malaysia,"Sales, retail, commerce, marketing",2018,11,True
Cyprus,"Sales, retail, commerce, marketing",2021,17,True
Taiwan,"Sales, retail, commerce, marketing",2019,12,True
Belgium,"Sales, retail, commerce, marketing",2023,0,True
Chile,"Sales, retail, commerce, marketing",2023,0,True
South Africa,"Sales, retail, commerce, marketing",2021,0,True
Switzerland,Semiconductor,2018,0,True
Switzerland,Semiconductor,2024,4,True
Taiwan,Semiconductor,2022,15,True
China (mainland),Simulation,2016,8,True
Germany,Software,2024,832,True
United Kingdom,Software,2018,568,True
France,Software,2025,648,False
Malaysia,Software,2018,11,True
Saudi Arabia,Software,2015,2,True
Philippines,Software,2016,1,True
Cyprus,Software,2018,2,True
United States,Software,2018,21481,True
Spain,Software,2017,48,True
South Africa,Software,2019,5,True
Poland,Software,2017,38,True
Jordan,Software,2021,0,True
Latvia,Software,2021,0,True
Saudi Arabia,Speech Recognition,2024,5,True
Germany,Speech Recognition,2019,0,True
Singapore,Sports,2017,6,True
Sri Lanka,Sports,2022,0,True
China (mainland),Sports,2017,2,True
Israel,Sports,2022,90,True
Turkey,Sports,2018,0,True
Turkey,Sports,2020,0,True
Portugal,Sports,2024,0,True
United States,Telecommunications,2023,172,True
South Korea,Transportation,2022,429,True
United Arab Emirates,Transportation,2023,12,True
Nigeria,Transportation,2024,0,True
Russia,Transportation,2018,1,True
Finland,Transportation,2016,1,True
Greece,Transportation,2022,11,True
India,Transportation,2019,14,True
Ireland,Transportation,2016,1,True
France,Agriculture,2017,2,True
France,Agriculture,2022,5,True
Greece,Agriculture,2024,0,True
Ghana,All,2017,0,True
Indonesia,All,2021,80,True
Kazakhstan,All,2024,2,True
Austria,All,2019,20,True
South Africa,All,2020,91,True
Kenya,All,2022,41,True
Belgium,All,2023,259,True
Slovenia,All,2019,0,True
Poland,All,2016,11,True
Ukraine,All,2025,1,False
United Arab Emirates,All,2016,1,True
United Arab Emirates,All,2024,1911,True
Morocco,All,2022,0,True
Argentina,All,2016,0,True
Croatia,All,2020,1,True
Estonia,All,2023,20,True
China (mainland),All,2024,10123,True
Saudi Arabia,All,2018,3,True
Saudi Arabia,All,2025,2159,False
Sweden,All,2015,22,True
Sweden,All,2023,215,True
Azerbaijan,All,2023,0,True
Taiwan,All,2021,146,True
United States,Biotechnology,2023,873,True
Brazil,Biotechnology,2023,1,True
India,Biotechnology,2020,0,True
United Kingdom,Biotechnology,2015,5,True
Germany,Biotechnology,2017,0,True
Ireland,Community and Lifestyle,2021,49,True
Belgium,Community and Lifestyle,2017,24,True
Poland,Community and Lifestyle,2021,2,True
United States,Community and Lifestyle,2021,329,True
Czechia,Community and Lifestyle,2017,1,True
Switzerland,Computer Vision,2017,12,True
Canada,Computer Vision,2016,4,True
Australia,Computer Vision,2022,9,True
Spain,Computer Vision,2023,1,True
United States,Computer Vision,2021,654,True
Latvia,Consumer goods,2015,0,True
Austria,Consumer goods,2021,2,True
Brazil,Consumer goods,2018,0,True
Singapore,Consumer goods,2019,4,True
Belgium,Consumer goods,2019,0,True
Norway,Consumer goods,2017,12,True
Hungary,Consumer goods,2024,1,True
Vietnam,Consumer goods,2021,0,True
Denmark,Cyber Security,2022,1,True
Estonia,Cyber Security,2018,1,True
India,Cyber Security,2023,1,True
Spain,Cyber Security,2022,0,True
Israel,Cyber Security,2015,5,True
Indonesia,Data and analytics,2019,3,True
Pakistan,Data and analytics,2021,3,True
Pakistan,Data and analytics,2022,1,True
Netherlands,Data and analytics,2019,134,True
Kenya,Data and analytics,2022,3,True
Kazakhstan,Data and analytics,2022,0,True
Botswana,Data and analytics,2015,1,True
Russia,Data and analytics,2017,7,True
Ukraine,Data and analytics,2022,0,True
Nigeria,Data and analytics,2020,1,True
Czechia,Data and analytics,2016,1,True
Brazil,Data and analytics,2025,123,False
Israel,Data and analytics,2021,1204,True
Cyprus,Data and analytics,2015,2,True
Saudi Arabia,Data and analytics,2019,16,True
Australia,Education,2016,0,True
United States,Education,2021,1636,True
Sweden,Energy and natural resources,2015,0,True
Switzerland,Energy and natural resources,2022,3,True
Poland,Energy and natural resources,2020,0,True
Colombia,Energy and natural resources,2021,4,True
Italy,Energy and natural resources,2021,1,True
Portugal,Energy and natural resources,2022,1,True
Portugal,Energy and natural resources,2025,0,False
Russia,Facial Recognition,2017,2,True
Israel,Facial Recognition,2015,1,True
Germany,Finance,2022,38,True
Finland,Finance,2020,2,True
Mexico,Finance,2019,102,True
Mexico,Finance,2020,2,True
Malaysia,Finance,2022,1,True
France,Finance,2017,21,True
France,Finance,2025,18,False
Iceland,Finance,2021,0,True
Bosnia and Herzegovina,Finance,2023,0,True
Bosnia and Herzegovina,Finance,2025,0,False
Burkina Faso,Finance,2023,0,True
Kenya,Finance,2018,1,True
Luxembourg,Finance,2025,0,False
South Korea,Gaming,2024,1,True
Israel,Gaming,2017,0,True
Israel,Gaming,2021,6,True
United Kingdom,Gaming,2025,1,False
Japan,General purpose,2020,179,True
Vietnam,General purpose,2021,7,True
Malta,General purpose,2018,0,True
Ukraine,General purpose,2023,2,True
Colombia,General purpose,2023,4,True
Kenya,General purpose,2018,0,True
Tunisia,General purpose,2025,0,False
Brazil,General purpose,2019,63,True
Luxembourg,General purpose,2015,0,True
Nigeria,General purpose,2018,5,True
Nigeria,General purpose,2022,2,True
Russia,General purpose,2018,6,True
South Korea,General purpose,2025,179,False
Israel,Hardware,2023,93,True
Iceland,Hardware,2020,3,True
France,Hardware,2016,13,True
Chile,Hardware,2023,1,True
Saudi Arabia,Hardware,2018,0,True
Saudi Arabia,Hardware,2025,3,False
India,Hardware,2016,11,True
India,Hardware,2024,88,True
Slovakia,Hardware,2024,5,True
Taiwan,Hardware,2023,20,True
Latvia,Hardware,2019,2,True
Austria,Hardware,2023,3,True
Russia,Hardware,2019,8,True
Canada,Hardware,2022,1029,True
Australia,Hardware,2015,0,True
Australia,Hardware,2021,74,True
Ireland,Healthcare and Life Sciences,2023,17,True
Switzerland,Healthcare and Life Sciences,2017,8,True
Austria,Healthcare and Life Sciences,2015,0,True
Austria,Healthcare and Life Sciences,2017,2,True
Poland,Healthcare and Life Sciences,2015,0,True
Kazakhstan,Healthcare and Life Sciences,2023,0,True
New Zealand,Healthcare and Life Sciences,2019,1,True
New Zealand,Healthcare and Life Sciences,2024,1,True
Israel,Healthcare and Life Sciences,2016,33,True
Ireland,Information Technology,2025,21,False
Australia,Information Technology,2023,78,True
Jordan,Information Technology,2016,0,True
Belgium,Information Technology,2023,221,True
Norway,Information Technology,2022,130,True
United Kingdom,Information Technology,2015,45,True
United Kingdom,Information Technology,2024,633,True
Mexico,Information Technology,2020,0,True
Canada,Information Technology,2023,188,True
Qatar,Lending and Investments,2022,2,True
China (mainland),Lending and Investments,2017,39,True
Netherlands,Lending and Investments,2019,0,True
Mauritius,Lending and Investments,2019,2,True
Austria,Lending and Investments,2020,1,True
Austria,Lending and Investments,2021,2,True
South Korea,Lending and Investments,2021,2,True
Ukraine,Manufacturing,2024,1,True
China (mainland),Manufacturing,2022,1857,True
Germany,Manufacturing,2022,162,True
Japan,Manufacturing,2022,3,True
Slovakia,Manufacturing,2017,6,True
Iceland,Manufacturing,2021,2,True
Turkey,Manufacturing,2021,0,True
Czechia,Media and Entertainment,2021,3,True
United Kingdom,Media and Entertainment,2022,187,True
United Kingdom,Media and Entertainment,2024,14,True
India,Media and Entertainment,2019,8,True
Canada,Media and Entertainment,2015,9,True
Romania,Media and Entertainment,2018,0,True
Malaysia,Media and Entertainment,2020,0,True
Spain,"Military, public safety and government",2016,1,True
Australia,"Military, public safety and government",2016,2,True
Australia,"Military, public safety and government",2022,3,True
Luxembourg,"Mobile, platforms & Internet services",2020,2,True
Uganda,"Mobile, platforms & Internet services",2019,0,True
India,"Mobile, platforms & Internet services",2015,383,True
Taiwan,"Mobile, platforms & Internet services",2023,11,True
Australia,"Mobile, platforms & Internet services",2022,230,True
South Korea,"Mobile, platforms & Internet services",2016,49,True
South Korea,"Mobile, platforms & Internet services",2022,66,True
Finland,"Mobile, platforms & Internet services",2015,86,True
Honduras,"Mobile, platforms & Internet services",2024,0,True
Serbia,"Mobile, platforms & Internet services",2023,43,True
Greece,"Mobile, platforms & Internet services",2019,0,True
Greece,"Mobile, platforms & Internet services",2022,0,True
Russia,"Mobile, platforms & Internet services",2017,3,True
Ireland,"Mobile, platforms & Internet services",2021,5,True
United Arab Emirates,"Mobile, platforms & Internet services",2025,46,False
Luxembourg,NLP,2018,0,True
Czechia,NLP,2022,1,True
Netherlands,NLP,2019,5,True
Japan,Navigation and mapping,2023,0,True
Saudi Arabia,Navigation and mapping,2015,1,True
Italy,Navigation and mapping,2024,6,True
Taiwan,Other,2018,18,True
United Arab Emirates,Other,2025,32,False
Bulgaria,Other,2021,0,True
Bulgaria,Other,2022,0,True
Cyprus,Other,2022,1,True
China (mainland),Other,2020,88,True
Singapore,Other,2016,2,True
Denmark,Other,2017,0,True
Nigeria,Privacy and Security,2023,0,True
Australia,Privacy and Security,2016,3,True
Canada,Privacy and Security,2016,21,True
Canada,Privacy and Security,2017,13,True
Brazil,Privacy and Security,2021,35,True
Estonia,Professional services,2019,0,True
Estonia,Professional services,2020,3,True
Canada,Professional services,2019,153,True
United Kingdom,Professional services,2015,11,True
Spain,Professional services,2021,11,True
Estonia,Real estate,2021,1,True
Japan,Real estate,2023,1,True
Switzerland,Real estate,2015,2,True
India,Real estate,2020,6,True
Germany,Real estate,2017,3,True
France,Robotics,2017,7,True
Croatia,Robotics,2020,0,True
India,Robotics,2020,2,True
India,Robotics,2023,3,True
Sweden,Robotics,2017,1,True
Germany,Robotics,2019,1,True
United Kingdom,Robotics,2020,12,True
South Korea,Robotics,2025,22,False
Peru,Robotics,2022,0,True
Ukraine,Robotics,2025,0,False
Canada,"Sales, retail, commerce, marketing",2024,274,True
Ireland,"Sales, retail, commerce, marketing",2017,3,True
Bulgaria,"Sales, retail, commerce, marketing",2022,0,True
Colombia,"Sales, retail, commerce, marketing",2021,0,True
United States,Semiconductor,2023,181,True
United Kingdom,Semiconductor,2024,174,True
Poland,Simulation,2023,0,True
United States,Simulation,2016,3,True
Bulgaria,Software,2024,8,True
Turkey,Software,2017,22,True
Belgium,Software,2018,17,True
Canada,Software,2020,572,True
Slovenia,Software,2019,0,True
United Kingdom,Software,2016,642,True
South Korea,Software,2017,34,True
Honduras,Software,2024,0,True
Saudi Arabia,Software,2021,221,True
Mexico,Software,2017,3,True
United States,Software,2016,6088,True
Jordan,Software,2022,0,True
Israel,Software,2021,1323,True
Austria,Software,2015,1,True
Latvia,Software,2023,0,True
China (mainland),Software,2016,3563,True
Singapore,Software,2023,709,True
Netherlands,Software,2024,194,True
Romania,Speech Recognition,2023,0,True
Ireland,Speech Recognition,2015,0,True
United Kingdom,Speech Recognition,2021,5,True
Israel,Sports,2024,18,True
United Kingdom,Telecommunications,2025,7,False
Brazil,Telecommunications,2024,20,True
Hungary,Telecommunications,2018,1,True
Japan,Telecommunications,2020,0,True
Singapore,Telecommunications,2024,1,True
Japan,Transportation,2017,15,True
Estonia,Transportation,2020,0,True
Canada,Transportation,2016,9,True
Russia,Transportation,2020,3,True
Slovakia,Transportation,2019,3,True
Saudi Arabia,Transportation,2022,2,True
Germany,Transportation,2022,175,True
Sweden,Agriculture,2024,1,True
Chile,Agriculture,2022,0,True
Finland,Agriculture,2022,1,True
Canada,Agriculture,2023,14,True
United States,Agriculture,2024,102,True
Spain,All,2024,377,True
Cyprus,All,2021,60,True
Kenya,All,2023,9,True
Hungary,All,2025,5,False
Jordan,All,2018,0,True
Qatar,All,2025,0,False
Netherlands,All,2017,154,True
Georgia,All,2023,0,True
Mexico,All,2019,130,True
Tunisia,All,2022,2,True
Nigeria,All,2024,14,True
Brazil,All,2025,749,False
Sweden,All,2024,5428,True
Latvia,All,2017,1,True
Lebanon,All,2023,0,True
Switzerland,All,2021,634,True
Ireland,Biotechnology,2015,1,True
Canada,Biotechnology,2024,44,True
Netherlands,Biotechnology,2022,2,True
Turkey,Biotechnology,2017,0,True
France,Biotechnology,2020,13,True
United Kingdom,Biotechnology,2020,39,True
Germany,Biotechnology,2024,18,True
Thailand,Biotechnology,2020,0,True
Sweden,Community and Lifestyle,2021,7,True
China (mainland),Community and Lifestyle,2020,484,True
New Zealand,Community and Lifestyle,2017,0,True
Japan,Community and Lifestyle,2024,2,True
Greece,Community and Lifestyle,2015,0,True
South Korea,Computer Vision,2022,62,True
Austria,Computer Vision,2018,1,True
China (mainland),Computer Vision,2021,268,True
Russia,Computer Vision,2021,0,True
Serbia,Computer Vision,2018,0,True
Finland,Computer Vision,2019,2,True
India,Computer Vision,2018,0,True
Spain,Computer Vision,2016,0,True
Germany,Consumer goods,2021,298,True
United Kingdom,Consumer goods,2020,369,True
Australia,Consumer goods,2019,3,True
Czechia,Consumer goods,2023,1,True
Denmark,Cyber Security,2024,1,True
Estonia,Cyber Security,2025,10,False
Malaysia,Data and analytics,2019,2,True
Qatar,Data and analytics,2024,0,True
Ireland,Data and analytics,2021,459,True
Netherlands,Data and analytics,2017,107,True
Slovakia,Data and analytics,2022,2,True
Chile,Data and analytics,2017,1,True
Spain,Data and analytics,2017,48,True
France,Data and analytics,2020,171,True
France,Data and analytics,2021,432,True
Peru,Data and analytics,2020,3,True
Bulgaria,Data and analytics,2021,1,True
Denmark,Data and analytics,2023,43,True
Australia,Education,2022,23,True
Australia,Education,2023,1,True
New Zealand,Education,2017,0,True
Turkey,Education,2025,1,False
Italy,Education,2023,1,True
Denmark,Education,2023,10,True
Germany,Education,2019,4,True
Poland,Education,2023,0,True
China (mainland),Education,2016,80,True
Vietnam,Education,2022,0,True
Canada,Education,2021,3,True
Norway,Education,2025,1,False
Israel,Energy and natural resources,2022,28,True
Switzerland,Energy and natural resources,2017,0,True
Ghana,Energy and natural resources,2022,0,True
Norway,Energy and natural resources,2019,3,True
Austria,Energy and natural resources,2020,2,True
Spain,Energy and natural resources,2016,18,True
Mexico,Finance,2018,0,True
Slovenia,Finance,2016,0,True
Malaysia,Finance,2018,0,True
Ireland,Finance,2024,6,True
United States,Finance,2016,316,True
United States,Finance,2025,6696,False
Nigeria,Finance,2025,6,False
South Africa,Finance,2015,18,True
South Africa,Finance,2017,23,True
Kenya,Finance,2022,3,True
Seychelles,Finance,2016,0,True
Singapore,Gaming,2015,1,True
Canada,Gaming,2018,2,True
Japan,General purpose,2017,198,True
Vietnam,General purpose,2018,0,True
Lebanon,General purpose,2016,0,True
Slovenia,General purpose,2022,3,True
Canada,General purpose,2025,926,False
Zambia,General purpose,2023,0,True
Netherlands,General purpose,2022,172,True
Iran,General purpose,2020,0,True
Bosnia and Herzegovina,General purpose,2020,0,True
New Zealand,General purpose,2019,4,True
Saudi Arabia,General purpose,2021,199,True
Saudi Arabia,General purpose,2023,1194,True
Australia,General purpose,2016,11,True
Spain,General purpose,2018,32,True
Serbia,Hardware,2022,0,True
Romania,Hardware,2020,1,True
Portugal,Hardware,2023,2,True
Ukraine,Hardware,2025,0,False
Nigeria,Hardware,2020,0,True
United States,Hardware,2025,24796,False
China (mainland),Hardware,2022,772,True
Sweden,Hardware,2017,9,True
Spain,Hardware,2017,7,True
United Kingdom,Hardware,2015,80,True
United Kingdom,Hardware,2025,1372,False
Brazil,Healthcare and Life Sciences,2023,1,True
Lithuania,Healthcare and Life Sciences,2021,3,True
China (mainland),Healthcare and Life Sciences,2015,14,True
United States,Healthcare and Life Sciences,2021,3966,True
United Arab Emirates,Healthcare and Life Sciences,2024,3,True
China (mainland),Information Technology,2016,3038,True
China (mainland),Information Technology,2023,1008,True
Switzerland,Information Technology,2025,108,False
Malaysia,Information Technology,2020,3,True
Pakistan,Information Technology,2019,0,True
South Korea,Information Technology,2024,101,True
Estonia,Information Technology,2018,1,True
Lithuania,Information Technology,2024,101,True
Azerbaijan,Information Technology,2022,0,True
Israel,Information Technology,2016,96,True
Spain,Lending and Investments,2022,0,True
China (mainland),Lending and Investments,2022,13,True
India,Lending and Investments,2021,43,True
Germany,Lending and Investments,2018,3,True
Iceland,Lending and Investments,2019,2,True
France,Lending and Investments,2021,1,True
Poland,Manufacturing,2017,0,True
India,Manufacturing,2019,4,True
New Zealand,Manufacturing,2023,0,True
Portugal,Manufacturing,2019,0,True
Singapore,Manufacturing,2023,3,True
France,Manufacturing,2016,4,True
Israel,Media and Entertainment,2018,63,True
Kenya,Media and Entertainment,2018,0,True
New Zealand,Media and Entertainment,2022,2,True
Brazil,Media and Entertainment,2018,0,True
Germany,Media and Entertainment,2023,16,True
Germany,Media and Entertainment,2025,34,False
Ecuador,Media and Entertainment,2021,0,True
Jordan,Media and Entertainment,2025,0,False
South Africa,Media and Entertainment,2021,0,True
Singapore,Media and Entertainment,2020,0,True
Canada,"Military, public safety and government",2021,2,True
Ireland,"Military, public safety and government",2019,3,True
Luxembourg,"Mobile, platforms & Internet services",2021,2,True
Israel,"Mobile, platforms & Internet services",2021,91,True
United States,"Mobile, platforms & Internet services",2025,23431,False
France,"Mobile, platforms & Internet services",2015,20,True
Argentina,"Mobile, platforms & Internet services",2022,0,True
Croatia,"Mobile, platforms & Internet services",2023,0,True
Russia,"Mobile, platforms & Internet services",2021,0,True
Germany,"Mobile, platforms & Internet services",2024,54,True
Norway,"Mobile, platforms & Internet services",2017,20,True
India,NLP,2019,1,True
Saudi Arabia,NLP,2024,6,True
Sweden,NLP,2020,1,True
Malaysia,NLP,2019,0,True
Malaysia,NLP,2024,3,True
Finland,NLP,2016,1,True
Taiwan,NLP,2024,1,True
Canada,NLP,2025,78,False
Indonesia,Navigation and mapping,2024,0,True
New Zealand,Navigation and mapping,2023,0,True
Lithuania,Other,2021,0,True
Colombia,Other,2022,1,True
Spain,Other,2022,4,True
China (mainland),Other,2018,108,True
Canada,Other,2020,9,True
Malaysia,Other,2020,2,True
Denmark,Other,2018,1,True
India,Other,2022,862,True
Iran,Other,2020,0,True
United States,Privacy and Security,2024,5214,True
Ireland,Privacy and Security,2016,0,True
Thailand,Privacy and Security,2018,1,True
Sweden,Privacy and Security,2018,1,True
United Arab Emirates,Professional services,2025,44,False
Estonia,Professional services,2017,1,True
Belgium,Professional services,2022,1,True
Norway,Professional services,2019,1,True
United Kingdom,Professional services,2018,62,True
Greece,Professional services,2021,0,True
Egypt,Professional services,2023,0,True
Colombia,Professional services,2017,0,True
Singapore,Professional services,2017,4,True
Australia,Real estate,2015,4,True
Singapore,Real estate,2023,2,True
Austria,Real estate,2017,3,True
India,Real estate,2016,0,True
Israel,Real estate,2020,14,True
Israel,Real estate,2024,17,True
South Korea,Real estate,2018,0,True
South Korea,Real estate,2023,5,True
France,Real estate,2019,16,True
Germany,Real estate,2021,10,True
Ireland,Real estate,2025,0,False
Russia,Robotics,2015,1,True
India,Robotics,2025,21,False
Norway,Robotics,2017,0,True
Japan,"Sales, retail, commerce, marketing",2016,10,True
Spain,"Sales, retail, commerce, marketing",2022,301,True
Finland,"Sales, retail, commerce, marketing",2017,14,True
United Kingdom,"Sales, retail, commerce, marketing",2022,456,True
Israel,"Sales, retail, commerce, marketing",2017,12,True
Israel,"Sales, retail, commerce, marketing",2025,48,False
Taiwan,"Sales, retail, commerce, marketing",2015,2,True
Taiwan,"Sales, retail, commerce, marketing",2017,0,True
Denmark,"Sales, retail, commerce, marketing",2024,5,True
Mexico,"Sales, retail, commerce, marketing",2023,0,True
Qatar,"Sales, retail, commerce, marketing",2020,0,True
Chile,"Sales, retail, commerce, marketing",2020,0,True
Russia,Software,2017,5,True
Germany,Software,2023,506,True
France,Software,2021,478,True
Switzerland,Software,2025,521,False
Lithuania,Software,2018,1,True
Finland,Software,2017,21,True
New Zealand,Software,2018,1,True
Chile,Software,2020,10,True
Colombia,Software,2017,1,True
Colombia,Software,2022,15,True
Saudi Arabia,Software,2017,14,True
Hungary,Software,2015,1,True
Hungary,Software,2019,5,True
Philippines,Software,2021,1,True
Ukraine,Software,2021,0,True
Estonia,Software,2015,3,True
Georgia,Software,2023,0,True
Jordan,Software,2025,0,False
Austria,Software,2020,21,True
Thailand,Software,2020,1,True
United Kingdom,Speech Recognition,2020,3,True
Singapore,Sports,2015,3,True
United Arab Emirates,Sports,2021,1,True
India,Sports,2023,0,True
Netherlands,Sports,2024,0,True
Spain,Sports,2020,0,True
Cyprus,Sports,2020,2,True
Ukraine,Sports,2019,0,True
Poland,Sports,2018,0,True
United Kingdom,Sports,2021,0,True
Taiwan,Telecommunications,2019,0,True
Japan,Telecommunications,2021,3,True
Singapore,Telecommunications,2018,0,True
South Korea,Transportation,2017,1,True
Australia,Transportation,2018,6,True
Japan,Transportation,2018,10,True
Canada,Transportation,2024,67,True
Turkey,Transportation,2025,1,False
Argentina,Transportation,2020,0,True
United States,Transportation,2023,3190,True
Finland,Transportation,2018,0,True
Colombia,Transportation,2020,0,True
India,Transportation,2020,12,True
India,Transportation,2023,31,True
Tunisia,Transportation,2024,0,True
Switzerland,Agriculture,2019,8,True
United Arab Emirates,Agriculture,2025,0,False
Spain,Agriculture,2015,0,True
Spain,Agriculture,2021,1,True
Italy,Agriculture,2025,0,False
Estonia,Agriculture,2024,3,True
New Zealand,All,2015,7,True
Uganda,All,2023,0,True
Botswana,All,2021,1,True
Tajikistan,All,2023,1,True
Ireland,All,2018,82,True
Georgia,All,2022,0,True
Côte d'Ivoire,All,2022,0,True
Armenia,All,2021,7,True
Estonia,All,2019,5,True
Turkey,All,2021,31,True
Nigeria,All,2022,16,True
Iceland,All,2024,21,True
Switzerland,All,2019,291,True
Austria,Biotechnology,2021,76,True
Portugal,Biotechnology,2020,5,True
Netherlands,Biotechnology,2025,0,False
Japan,Biotechnology,2016,3,True
China (mainland),Biotechnology,2018,69,True
South Korea,Biotechnology,2019,15,True
Argentina,Biotechnology,2017,4,True
Switzerland,Biotechnology,2018,8,True
United Kingdom,Community and Lifestyle,2016,16,True
United Kingdom,Community and Lifestyle,2025,16,False
China (mainland),Community and Lifestyle,2016,27,True
China (mainland),Community and Lifestyle,2022,34,True
Chile,Community and Lifestyle,2021,29,True
Belgium,Computer Vision,2017,0,True
Austria,Computer Vision,2020,1,True
China (mainland),Computer Vision,2019,261,True
Norway,Computer Vision,2022,6,True
New Zealand,Computer Vision,2022,0,True
Netherlands,Computer Vision,2016,6,True
Singapore,Computer Vision,2019,100,True
Greece,Computer Vision,2018,1,True
Spain,Computer Vision,2018,2,True
Spain,Computer Vision,2022,3,True
Thailand,Computer Vision,2019,0,True
Latvia,Consumer goods,2020,3,True
Lithuania,Consumer goods,2025,0,False
Taiwan,Consumer goods,2024,4,True
Switzerland,Consumer goods,2016,1,True
Ireland,Consumer goods,2018,4,True
Sweden,Consumer goods,2019,3,True
Australia,Consumer goods,2021,57,True
Australia,Cyber Security,2017,0,True
Germany,Cyber Security,2021,6,True
Israel,Cyber Security,2017,7,True
Germany,Data and analytics,2018,138,True
Canada,Data and analytics,2017,136,True
Canada,Data and analytics,2023,572,True
Philippines,Data and analytics,2021,1,True
South Korea,Data and analytics,2022,828,True
France,Data and analytics,2019,359,True
Lithuania,Data and analytics,2024,2,True
South Africa,Data and analytics,2022,110,True
Brazil,Data and analytics,2024,97,True
United States,Data and analytics,2016,5038,True
Netherlands,Education,2022,1,True
Brazil,Education,2023,39,True
Singapore,Education,2021,7,True
Finland,Education,2018,0,True
United Arab Emirates,Education,2023,0,True
China (mainland),Education,2021,26,True
Canada,Education,2024,5,True
India,Energy and natural resources,2019,3,True
India,Energy and natural resources,2020,5,True
South Korea,Energy and natural resources,2025,1,False
Finland,Energy and natural resources,2021,3,True
France,Energy and natural resources,2017,5,True
France,Energy and natural resources,2019,1,True
Brazil,Finance,2021,23,True
Germany,Finance,2016,27,True
El Salvador,Finance,2021,0,True
Finland,Finance,2022,3,True
China (mainland),Finance,2017,118,True
Uruguay,Finance,2023,0,True
Ireland,Finance,2021,355,True
Hungary,Finance,2020,0,True
Australia,Finance,2016,2,True
Australia,Finance,2023,59,True
China (mainland),Gaming,2021,65,True
Malta,Gaming,2017,1,True
Australia,Gaming,2017,0,True
New Zealand,Gaming,2023,13,True
Canada,Gaming,2021,4,True
Czechia,General purpose,2016,1,True
China (mainland),General purpose,2016,3519,True
Slovenia,General purpose,2025,2,False
Panama,General purpose,2024,0,True
Uruguay,General purpose,2025,3,False
United States,General purpose,2016,4750,True
United States,General purpose,2020,9520,True
Switzerland,General purpose,2017,80,True
Saudi Arabia,General purpose,2019,10,True
Mexico,General purpose,2019,0,True
Mexico,General purpose,2022,16,True
Lithuania,General purpose,2018,1,True
Denmark,General purpose,2017,33,True
Brazil,General purpose,2020,98,True
Bulgaria,General purpose,2019,2,True
South Korea,General purpose,2015,10,True
Spain,General purpose,2020,42,True
Taiwan,General purpose,2024,85,True
New Zealand,Hardware,2020,4,True
Iceland,Hardware,2025,1,False
Italy,Hardware,2023,30,True
United Arab Emirates,Hardware,2021,1,True
Chile,Hardware,2015,0,True
Thailand,Hardware,2019,0,True
Japan,Hardware,2023,363,True
United States,Hardware,2020,5383,True
Switzerland,Hardware,2025,357,False
Russia,Hardware,2018,2,True
Russia,Hardware,2021,2,True
Germany,Hardware,2017,4,True
Japan,Healthcare and Life Sciences,2020,34,True
Chile,Healthcare and Life Sciences,2022,0,True
Italy,Healthcare and Life Sciences,2021,10,True
Russia,Healthcare and Life Sciences,2020,5,True
Australia,Healthcare and Life Sciences,2017,3,True
Poland,Healthcare and Life Sciences,2022,9,True
Portugal,Healthcare and Life Sciences,2019,2,True
Sweden,Healthcare and Life Sciences,2024,9,True
Spain,Information Technology,2019,13,True
Iceland,Information Technology,2021,3,True
Finland,Information Technology,2018,4,True
Czechia,Information Technology,2017,3,True
New Zealand,Information Technology,2017,0,True
Nigeria,Information Technology,2018,5,True
Sri Lanka,Information Technology,2022,0,True
Chile,Information Technology,2020,2,True
Bulgaria,Information Technology,2024,3,True
Kazakhstan,Information Technology,2019,0,True
Saudi Arabia,Information Technology,2016,0,True
Saudi Arabia,Information Technology,2024,22,True
Lithuania,Information Technology,2023,0,True
Portugal,Information Technology,2021,55,True
Romania,Information Technology,2023,5,True
Iceland,Lending and Investments,2016,1,True
Switzerland,Manufacturing,2017,1,True
Poland,Manufacturing,2018,2,True
Australia,Manufacturing,2022,28,True
Finland,Manufacturing,2019,6,True
Turkey,Manufacturing,2025,2,False
Singapore,Manufacturing,2022,27,True
Ireland,Media and Entertainment,2019,62,True
India,Media and Entertainment,2021,16,True
Brazil,Media and Entertainment,2021,17,True
Lithuania,Media and Entertainment,2019,0,True
Switzerland,Media and Entertainment,2025,3,False
Norway,Media and Entertainment,2018,0,True
India,"Military, public safety and government",2016,0,True
United States,"Military, public safety and government",2020,520,True
Austria,"Military, public safety and government",2023,2,True
Belgium,"Mobile, platforms & Internet services",2020,89,True
Vietnam,"Mobile, platforms & Internet services",2023,2,True
Czechia,"Mobile, platforms & Internet services",2024,0,True
Taiwan,"Mobile, platforms & Internet services",2016,4,True
Taiwan,"Mobile, platforms & Internet services",2025,0,False
Pakistan,"Mobile, platforms & Internet services",2020,0,True
Finland,"Mobile, platforms & Internet services",2017,4,True
Lithuania,"Mobile, platforms & Internet services",2019,0,True
Indonesia,"Mobile, platforms & Internet services",2018,0,True
United Arab Emirates,"Mobile, platforms & Internet services",2021,805,True
Albania,"Mobile, platforms & Internet services",2024,5,True
Mexico,NLP,2017,1,True
Japan,NLP,2017,2,True
United Kingdom,NLP,2017,10,True
Malaysia,NLP,2022,0,True
Estonia,Navigation and mapping,2024,0,True
Brazil,Navigation and mapping,2024,26,True
Germany,Navigation and mapping,2021,24,True
South Korea,Navigation and mapping,2023,10,True
Armenia,Other,2024,0,True
Bosnia and Herzegovina,Other,2016,0,True
Nigeria,Other,2017,0,True
Czechia,Other,2017,0,True
Portugal,Other,2015,0,True
Netherlands,Other,2025,3,False
Russia,Other,2016,0,True
Spain,Privacy and Security,2023,5,True
Nigeria,Privacy and Security,2022,0,True
Switzerland,Privacy and Security,2016,0,True
Finland,Privacy and Security,2021,1,True
Iceland,Privacy and Security,2020,2,True
India,Privacy and Security,2023,1,True
United Kingdom,Privacy and Security,2015,2,True
China (mainland),Privacy and Security,2016,11,True
South Korea,Privacy and Security,2015,0,True
Indonesia,Privacy and Security,2023,1,True
United Arab Emirates,Professional services,2019,5,True
Canada,Professional services,2020,240,True
Israel,Professional services,2021,47,True
Taiwan,Professional services,2024,11,True
Mexico,Professional services,2019,0,True
Portugal,Professional services,2022,1,True
United Kingdom,Real estate,2017,3,True
United Kingdom,Real estate,2019,24,True
Australia,Real estate,2021,21,True
Saudi Arabia,Real estate,2016,0,True
Switzerland,Real estate,2020,1,True
Israel,Real estate,2021,20,True
South Korea,Real estate,2021,24,True
Canada,Real estate,2019,8,True
France,Robotics,2018,32,True
France,Robotics,2020,8,True
France,Robotics,2022,11,True
Spain,Robotics,2021,2,True
Hungary,Robotics,2015,0,True
Malaysia,Robotics,2019,1,True
South Africa,Robotics,2022,4,True
South Korea,Robotics,2017,1,True
Ireland,Robotics,2017,0,True
Estonia,"Sales, retail, commerce, marketing",2019,1,True
United Arab Emirates,"Sales, retail, commerce, marketing",2024,6,True
Portugal,"Sales, retail, commerce, marketing",2020,0,True
China (mainland),"Sales, retail, commerce, marketing",2015,46,True
Hungary,"Sales, retail, commerce, marketing",2018,0,True
Italy,"Sales, retail, commerce, marketing",2024,2,True
Canada,Semiconductor,2025,4,False
Israel,Semiconductor,2017,7,True
Netherlands,Semiconductor,2022,16,True
United Kingdom,Semiconductor,2019,24,True
United Kingdom,Semiconductor,2023,14,True
China (mainland),Semiconductor,2019,34,True
Canada,Simulation,2021,1,True
United States,Simulation,2025,11,False
Romania,Software,2024,7,True
India,Software,2025,1638,False
Pakistan,Software,2021,3,True
Slovenia,Software,2015,0,True
France,Software,2020,352,True
Iceland,Software,2017,2,True
Finland,Software,2016,4,True
Czechia,Software,2018,2,True
Chile,Software,2019,6,True
Saudi Arabia,Software,2022,1233,True
Hungary,Software,2017,2,True
Botswana,Software,2015,1,True
Sweden,Software,2017,30,True
Sweden,Software,2018,58,True
Mongolia,Software,2022,0,True
Indonesia,Software,2021,75,True
Nigeria,Software,2021,1,True
Luxembourg,Software,2025,1,False
Canada,Speech Recognition,2017,21,True
Colombia,Speech Recognition,2022,1,True
United States,Sports,2019,54,True
Australia,Sports,2022,3,True
United States,Telecommunications,2021,892,True
South Korea,Transportation,2021,29,True
Ghana,Transportation,2022,0,True
Israel,Transportation,2021,92,True
Canada,Transportation,2020,45,True
Iceland,Transportation,2019,0,True
United Arab Emirates,Transportation,2021,1,True
Norway,Transportation,2025,1,False
Switzerland,Transportation,2016,1,True
Italy,Transportation,2020,3,True
United Kingdom,Transportation,2020,74,True
India,Transportation,2024,21,True
Netherlands,Agriculture,2018,1,True
Algeria,Agriculture,2022,0,True
South Korea,Agriculture,2020,4,True
Ukraine,Agriculture,2017,0,True
Kazakhstan,All,2023,5,True
Belgium,All,2024,330,True
Tanzania,All,2017,0,True
Slovenia,All,2023,20,True
Jordan,All,2016,0,True
Slovakia,All,2019,12,True
Bosnia and Herzegovina,All,2025,0,False
Mongolia,All,2019,0,True
Romania,All,2017,0,True
Estonia,All,2024,56,True
Israel,All,2019,880,True
Israel,All,2021,3168,True
Bulgaria,All,2023,8,True
Saudi Arabia,All,2023,2182,True
Brazil,All,2017,15,True
Brazil,All,2023,369,True
Switzerland,All,2015,6,True
Peru,All,2018,0,True
Mexico,Biotechnology,2024,0,True
Italy,Biotechnology,2022,0,True
United States,Biotechnology,2015,102,True
Netherlands,Biotechnology,2019,2,True
Sweden,Biotechnology,2025,4,False
Brazil,Biotechnology,2024,0,True
Spain,Biotechnology,2021,22,True
Tunisia,Community and Lifestyle,2021,0,True
Japan,Community and Lifestyle,2017,4,True
Saudi Arabia,Community and Lifestyle,2017,1,True
Saudi Arabia,Community and Lifestyle,2025,64,False
Germany,Computer Vision,2020,9,True
Hungary,Computer Vision,2020,1,True
Poland,Computer Vision,2019,0,True
Poland,Computer Vision,2023,1,True
Germany,Consumer goods,2020,10,True
Italy,Consumer goods,2025,0,False
Ukraine,Consumer goods,2017,0,True
New Zealand,Consumer goods,2020,0,True
Norway,Cyber Security,2022,0,True
Norway,Cyber Security,2023,2,True
Singapore,Cyber Security,2018,4,True
Germany,Cyber Security,2018,8,True
China (mainland),Cyber Security,2020,25,True
Egypt,Data and analytics,2023,2,True
Croatia,Data and analytics,2025,0,False
Canada,Data and analytics,2019,461,True
New Zealand,Data and analytics,2017,1,True
Netherlands,Data and analytics,2023,238,True
Kenya,Data and analytics,2025,0,False
Estonia,Data and analytics,2015,3,True
Georgia,Data and analytics,2022,0,True
France,Data and analytics,2022,270,True
Greece,Data and analytics,2024,2,True
United Arab Emirates,Data and analytics,2016,0,True
Israel,Data and analytics,2025,916,False
Brazil,Education,2022,105,True
Singapore,Education,2023,8,True
Finland,Education,2015,1,True
Australia,Energy and natural resources,2018,2,True
Australia,Energy and natural resources,2020,2,True
Netherlands,Energy and natural resources,2021,5,True
Finland,Energy and natural resources,2020,1,True
Canada,Energy and natural resources,2018,9,True
Singapore,Finance,2022,209,True
Cyprus,Finance,2022,1,True
France,Finance,2018,14,True
Japan,Finance,2023,1,True
Botswana,Finance,2015,1,True
United States,Finance,2020,5359,True
Philippines,Finance,2021,1,True
Portugal,Finance,2023,2,True
South Korea,Finance,2025,4,False
Israel,Finance,2023,28,True
United Kingdom,Finance,2019,132,True
Sri Lanka,Finance,2025,0,False
Switzerland,Gaming,2022,0,True
Ireland,Gaming,2021,0,True
Saudi Arabia,Gaming,2022,1,True
Spain,Gaming,2022,0,True
Lithuania,Gaming,2020,0,True
Czechia,General purpose,2025,58,False
Japan,General purpose,2021,338,True
Bangladesh,General purpose,2023,1,True
Thailand,General purpose,2019,3,True
United Kingdom,General purpose,2019,479,True
Canada,General purpose,2021,569,True
Armenia,General purpose,2024,2,True
Malaysia,General purpose,2015,0,True
Australia,General purpose,2017,16,True
Belgium,General purpose,2025,17,False
Bulgaria,General purpose,2022,1,True
South Korea,General purpose,2020,122,True
Iceland,General purpose,2021,3,True
Italy,Hardware,2020,0,True
Serbia,Hardware,2023,43,True
India,Hardware,2018,324,True
Taiwan,Hardware,2017,2,True
Norway,Hardware,2018,3,True
Turkey,Hardware,2015,0,True
Germany,Hardware,2015,682,True
Sri Lanka,Hardware,2025,0,False
Canada,Hardware,2018,83,True
Australia,Hardware,2018,13,True
Finland,Healthcare and Life Sciences,2018,1,True
Thailand,Healthcare and Life Sciences,2021,4,True
Colombia,Healthcare and Life Sciences,2015,0,True
France,Healthcare and Life Sciences,2023,49,True
Ghana,Healthcare and Life Sciences,2022,1,True
Cyprus,Healthcare and Life Sciences,2020,2,True
Sweden,Healthcare and Life Sciences,2016,1,True
Taiwan,Healthcare and Life Sciences,2020,25,True
Italy,Information Technology,2017,2,True
Italy,Information Technology,2024,17,True
Taiwan,Information Technology,2020,10,True
Austria,Information Technology,2016,2,True
Spain,Information Technology,2023,30,True
Côte d'Ivoire,Information Technology,2024,0,True
Belgium,Information Technology,2020,100,True
Egypt,Information Technology,2021,0,True
Kenya,Information Technology,2020,6,True
Turkey,Information Technology,2021,4,True
Bulgaria,Information Technology,2022,0,True
Saudi Arabia,Information Technology,2020,5,True
United Kingdom,Information Technology,2020,713,True
Armenia,Information Technology,2024,2,True
Netherlands,Information Technology,2021,145,True
Ghana,Lending and Investments,2024,10,True
United Kingdom,Lending and Investments,2025,19,False
Lithuania,Lending and Investments,2024,100,True
Belgium,Lending and Investments,2019,2,True
China (mainland),Lending and Investments,2020,53,True
Canada,Lending and Investments,2022,0,True
United Kingdom,Manufacturing,2023,36,True
Italy,Manufacturing,2019,1,True
United States,Manufacturing,2016,107,True
United Arab Emirates,Manufacturing,2018,1,True
Italy,Media and Entertainment,2017,1,True
India,Media and Entertainment,2018,8,True
France,Media and Entertainment,2018,12,True
Japan,Media and Entertainment,2021,45,True
South Korea,Media and Entertainment,2024,49,True
China (mainland),Media and Entertainment,2021,96,True
Singapore,Media and Entertainment,2016,9,True
United Arab Emirates,Media and Entertainment,2024,0,True
Saudi Arabia,"Military, public safety and government",2025,1,False
Japan,"Military, public safety and government",2023,0,True
Poland,"Military, public safety and government",2025,1,False
Iceland,"Military, public safety and government",2024,0,True
Slovenia,"Mobile, platforms & Internet services",2020,1,True
New Zealand,"Mobile, platforms & Internet services",2022,1,True
United States,"Mobile, platforms & Internet services",2018,12535,True
United States,"Mobile, platforms & Internet services",2020,2713,True
France,"Mobile, platforms & Internet services",2018,42,True
Venezuela,"Mobile, platforms & Internet services",2019,1,True
Oman,"Mobile, platforms & Internet services",2025,1,False
Uruguay,"Mobile, platforms & Internet services",2021,0,True
Kenya,"Mobile, platforms & Internet services",2022,0,True
Germany,"Mobile, platforms & Internet services",2018,39,True
South Korea,NLP,2021,6,True
Australia,NLP,2021,1,True
Brazil,NLP,2023,12,True
Hungary,NLP,2024,0,True
Russia,NLP,2020,0,True
Norway,NLP,2024,0,True
Mexico,NLP,2024,1,True
United States,NLP,2024,3293,True
Canada,Navigation and mapping,2025,60,False
Germany,Navigation and mapping,2015,8,True
Singapore,Navigation and mapping,2020,7,True
United States,Other,2025,7322,False
Japan,Other,2019,16,True
Japan,Other,2021,4,True
Pakistan,Other,2017,0,True
Pakistan,Other,2021,0,True
Spain,Other,2015,1,True
Finland,Other,2018,0,True
Belgium,Other,2017,24,True
Iceland,Other,2021,3,True
New Zealand,Other,2019,0,True
Czechia,Other,2021,3,True
Singapore,Other,2015,1,True
Slovakia,Other,2019,1,True
Denmark,Other,2025,16,False
Netherlands,Other,2021,2,True
United Kingdom,Other,2015,17,True
Japan,Privacy and Security,2022,8,True
Ireland,Privacy and Security,2020,0,True
Argentina,Privacy and Security,2017,4,True
Argentina,Privacy and Security,2020,2,True
Singapore,Privacy and Security,2019,8,True
Sweden,Privacy and Security,2020,4,True
United States,Professional services,2015,5009,True
Israel,Professional services,2019,10,True
Turkey,Professional services,2016,1,True
Switzerland,Professional services,2025,28,False
Finland,Professional services,2018,0,True
Finland,Professional services,2019,2,True
Colombia,Professional services,2025,1,False
Germany,Professional services,2019,21,True
France,Professional services,2025,46,False
Singapore,Professional services,2015,1,True
Singapore,Real estate,2020,0,True
Netherlands,Real estate,2020,1,True
Turkey,Real estate,2023,0,True
Egypt,Real estate,2024,0,True
Netherlands,Robotics,2022,0,True
India,Robotics,2024,25,True
Canada,Robotics,2016,4,True
Qatar,Robotics,2024,0,True
Singapore,Robotics,2018,8,True
Slovenia,Robotics,2025,2,False
Switzerland,"Sales, retail, commerce, marketing",2020,20,True
Greece,"Sales, retail, commerce, marketing",2024,0,True
Pakistan,"Sales, retail, commerce, marketing",2017,0,True
Kazakhstan,"Sales, retail, commerce, marketing",2020,0,True
Croatia,"Sales, retail, commerce, marketing",2020,0,True
France,"Sales, retail, commerce, marketing",2020,51,True
Egypt,"Sales, retail, commerce, marketing",2025,0,False
Denmark,"Sales, retail, commerce, marketing",2018,5,True
South Africa,"Sales, retail, commerce, marketing",2020,0,True
Egypt,Semiconductor,2025,3,False
Canada,Simulation,2020,2,True
United States,Simulation,2017,1,True
Switzerland,Software,2023,70,True
Egypt,Software,2018,0,True
Côte d'Ivoire,Software,2023,0,True
South Korea,Software,2015,11,True
Australia,Software,2023,134,True
Chile,Software,2015,0,True
Saudi Arabia,Software,2016,1,True
Cyprus,Software,2017,1,True
Norway,Software,2018,12,True
Taiwan,Software,2017,10,True
Poland,Software,2016,11,True
Austria,Software,2023,31,True
Mongolia,Software,2018,0,True
Singapore,Software,2020,535,True
Slovakia,Software,2020,7,True
Belgium,Speech Recognition,2020,1,True
India,Speech Recognition,2024,1,True
France,Sports,2025,2,False
Canada,Sports,2015,0,True
Canada,Telecommunications,2019,2,True
United Kingdom,Telecommunications,2019,16,True
United States,Telecommunications,2019,161,True
Singapore,Telecommunications,2016,0,True
Estonia,Transportation,2016,0,True
China (mainland),Transportation,2018,918,True
Bangladesh,Transportation,2024,0,True
Spain,Transportation,2019,2,True
Spain,Transportation,2023,2,True
Indonesia,Transportation,2023,0,True
Finland,Transportation,2025,12,False
Colombia,Transportation,2022,1,True
Saudi Arabia,Transportation,2019,0,True
Bosnia and Herzegovina,Transportation,2016,0,True
Germany,Transportation,2016,5,True
Ireland,Transportation,2021,354,True
Ireland,Transportation,2024,3,True
Hungary,Agriculture,2022,0,True
Netherlands,Agriculture,2021,0,True
Israel,Agriculture,2018,7,True
Israel,Agriculture,2020,19,True
Germany,Agriculture,2019,22,True
Finland,Agriculture,2018,0,True
Portugal,All,2024,52,True
Indonesia,All,2024,46,True
Kazakhstan,All,2020,0,True
Burkina Faso,All,2023,0,True
Uruguay,All,2020,2,True
Jordan,All,2019,0,True
Slovakia,All,2017,25,True
Netherlands,All,2018,99,True
India,All,2025,2302,False
Argentina,All,2022,8,True
Thailand,All,2023,22,True
Bulgaria,All,2018,0,True
Saudi Arabia,All,2016,1,True
United Kingdom,All,2019,1449,True
Switzerland,All,2020,250,True
Taiwan,All,2017,23,True
Vietnam,All,2025,90,False
United States,Biotechnology,2025,9709,False
Slovenia,Biotechnology,2017,0,True
Japan,Biotechnology,2015,16,True
Japan,Biotechnology,2021,4,True
Spain,Biotechnology,2016,1,True
Finland,Biotechnology,2022,4,True
Ireland,Community and Lifestyle,2019,0,True
Sweden,Community and Lifestyle,2022,5,True
Hungary,Community and Lifestyle,2016,0,True
Switzerland,Community and Lifestyle,2019,4,True
Jordan,Community and Lifestyle,2020,0,True
Singapore,Community and Lifestyle,2021,3,True
Belgium,Community and Lifestyle,2025,0,False
Italy,Community and Lifestyle,2021,0,True
South Korea,Computer Vision,2023,6,True
Switzerland,Computer Vision,2020,30,True
Italy,Computer Vision,2021,1,True
Singapore,Computer Vision,2018,63,True
Sweden,Computer Vision,2017,0,True
Austria,Consumer goods,2023,0,True
Hungary,Consumer goods,2020,1,True
Taiwan,Consumer goods,2025,13,False
Netherlands,Consumer goods,2025,1,False
Turkey,Consumer goods,2021,2,True
Sweden,Consumer goods,2021,6,True
Ukraine,Consumer goods,2024,0,True
New Zealand,Consumer goods,2023,0,True
France,Cyber Security,2022,4,True
United Kingdom,Cyber Security,2023,14,True
Malaysia,Data and analytics,2021,145,True
Italy,Data and analytics,2023,38,True
Singapore,Data and analytics,2023,700,True
Sri Lanka,Data and analytics,2023,4,True
Latvia,Data and analytics,2015,0,True
Latvia,Data and analytics,2018,0,True
Georgia,Data and analytics,2025,1,False
Vietnam,Data and analytics,2023,3,True
Zimbabwe,Data and analytics,2023,0,True
Azerbaijan,Data and analytics,2022,0,True
Israel,Data and analytics,2023,318,True
Saudi Arabia,Data and analytics,2024,75,True
Slovenia,Data and analytics,2016,0,True
Saudi Arabia,Education,2022,0,True
Peru,Education,2019,1,True
France,Education,2024,21,True
Taiwan,Education,2022,2,True
Japan,Education,2019,12,True
Norway,Education,2018,0,True
Sweden,Energy and natural resources,2021,9,True
United States,Energy and natural resources,2016,90,True
Brazil,Energy and natural resources,2017,0,True
Nigeria,Energy and natural resources,2022,0,True
Germany,Energy and natural resources,2019,7,True
United Kingdom,Energy and natural resources,2022,60,True
Singapore,Energy and natural resources,2015,7,True
Austria,Energy and natural resources,2022,2,True
Romania,Energy and natural resources,2019,0,True
China (mainland),Facial Recognition,2016,21,True
Dominican Republic,Finance,2021,0,True
Cyprus,Finance,2021,22,True
Zimbabwe,Finance,2023,0,True
Switzerland,Finance,2016,0,True
Mauritius,Finance,2019,2,True
Russia,Finance,2018,4,True
United Kingdom,Finance,2020,379,True
Bulgaria,Finance,2024,1,True
China (mainland),Gaming,2017,0,True
Estonia,Gaming,2020,0,True
Sri Lanka,Gaming,2017,2,True
Saint Kitts and Nevis,Gaming,2021,0,True
United States,Gaming,2019,176,True
Cyprus,General purpose,2019,2,True
Cyprus,General purpose,2025,18,False
North Macedonia,General purpose,2022,1,True
Uruguay,General purpose,2022,3,True
Hungary,General purpose,2023,16,True
Hungary,General purpose,2025,3,False
Greece,General purpose,2023,110,True
United States,General purpose,2018,18570,True
Norway,General purpose,2020,339,True
Ukraine,General purpose,2018,0,True
Romania,General purpose,2022,5,True
Malaysia,General purpose,2022,5,True
Slovakia,General purpose,2015,0,True
Turkey,General purpose,2020,3,True
Belgium,General purpose,2022,26,True
Brazil,General purpose,2016,4,True
Iceland,Hardware,2022,10,True
Saudi Arabia,Hardware,2021,1,True
Saint Kitts and Nevis,Hardware,2021,0,True
Denmark,Hardware,2015,2,True
Lithuania,Hardware,2024,0,True
Taiwan,Hardware,2021,53,True
Poland,Hardware,2020,6,True
Switzerland,Hardware,2024,52,True
Sweden,Hardware,2016,2,True
Spain,Hardware,2018,15,True
Australia,Hardware,2024,10,True
Netherlands,Healthcare and Life Sciences,2016,3,True
Chile,Healthcare and Life Sciences,2023,0,True
Nigeria,Healthcare and Life Sciences,2023,0,True
United Kingdom,Healthcare and Life Sciences,2020,90,True
Brazil,Healthcare and Life Sciences,2020,2,True
Estonia,Healthcare and Life Sciences,2022,1,True
India,Healthcare and Life Sciences,2018,7,True
China (mainland),Healthcare and Life Sciences,2021,366,True
Slovakia,Healthcare and Life Sciences,2020,0,True
Sweden,Healthcare and Life Sciences,2018,6,True
Saudi Arabia,Healthcare and Life Sciences,2025,11,False
South Africa,Information Technology,2017,6,True
France,Information Technology,2015,19,True
France,Information Technology,2023,129,True
Colombia,Information Technology,2016,0,True
Czechia,Information Technology,2025,16,False
Singapore,Information Technology,2016,10,True
Singapore,Information Technology,2023,69,True
Canada,Information Technology,2020,109,True
Romania,Information Technology,2016,0,True
Japan,Lending and Investments,2019,2,True
Japan,Lending and Investments,2020,48,True
United Kingdom,Lending and Investments,2015,46,True
Canada,Lending and Investments,2021,11,True
Canada,Lending and Investments,2025,0,False
Nigeria,Lending and Investments,2017,0,True
Taiwan,Lending and Investments,2016,0,True
China (mainland),Manufacturing,2019,271,True
Sweden,Manufacturing,2016,0,True
Canada,Manufacturing,2015,1,True
Italy,Media and Entertainment,2023,0,True
Lithuania,Media and Entertainment,2020,0,True
United States,Media and Entertainment,2018,1078,True
Netherlands,Media and Entertainment,2016,10,True
Netherlands,Media and Entertainment,2018,3,True
Japan,Media and Entertainment,2017,4,True
Japan,Media and Entertainment,2023,5,True
Taiwan,Media and Entertainment,2019,0,True
Turkey,Media and Entertainment,2022,0,True
Germany,"Military, public safety and government",2025,322,False
France,"Military, public safety and government",2016,0,True
France,"Military, public safety and government",2021,1,True
Canada,"Military, public safety and government",2022,16,True
South Korea,"Military, public safety and government",2019,1,True
Ghana,"Mobile, platforms & Internet services",2021,0,True
Portugal,"Mobile, platforms & Internet services",2023,1,True
Poland,"Mobile, platforms & Internet services",2015,1,True
United States,"Mobile, platforms & Internet services",2019,6169,True
Kenya,"Mobile, platforms & Internet services",2020,0,True
Lithuania,"Mobile, platforms & Internet services",2016,0,True
Cyprus,"Mobile, platforms & Internet services",2025,18,False
Ireland,"Mobile, platforms & Internet services",2023,32,True
Spain,NLP,2020,4,True
Nigeria,NLP,2025,0,False
United Kingdom,NLP,2025,4,False
Germany,NLP,2020,5,True
United States,NLP,2025,4412,False
China (mainland),Navigation and mapping,2018,43,True
Estonia,Navigation and mapping,2019,0,True
Israel,Navigation and mapping,2016,1,True
Italy,Navigation and mapping,2021,1,True
Sweden,Navigation and mapping,2018,1,True
France,Other,2015,5,True
Colombia,Other,2019,0,True
United States,Other,2018,8081,True
Mexico,Other,2019,0,True
Malta,Other,2018,0,True
United Kingdom,Other,2023,300,True
South Korea,Other,2018,4,True
Spain,Privacy and Security,2021,7,True
Nigeria,Privacy and Security,2018,0,True
Australia,Privacy and Security,2020,1,True
Thailand,Privacy and Security,2019,0,True
China (mainland),Privacy and Security,2023,12,True
Brazil,Privacy and Security,2022,53,True
United States,Professional services,2024,1925,True
United Arab Emirates,Professional services,2022,5,True
Brazil,Professional services,2016,2,True
Israel,Professional services,2016,6,True
Iceland,Professional services,2019,2,True
Turkey,Professional services,2018,0,True
Saudi Arabia,Professional services,2017,0,True
Netherlands,Professional services,2025,35,False
Ireland,Professional services,2015,0,True
Chile,Professional services,2024,1,True
Italy,Professional services,2024,0,True
Tunisia,Professional services,2025,0,False
Lithuania,Professional services,2023,0,True
Australia,Real estate,2017,5,True
Singapore,Real estate,2022,12,True
Switzerland,Real estate,2024,3,True
Belgium,Real estate,2023,217,True
South Africa,Real estate,2019,1,True
Vietnam,Real estate,2025,80,False
Norway,Real estate,2015,0,True
Canada,Real estate,2021,23,True
United States,Robotics,2016,160,True
United States,Robotics,2020,2757,True
Israel,Robotics,2023,6,True
Sweden,Robotics,2020,1,True
Austria,Robotics,2020,9,True
Turkey,Robotics,2020,0,True
China (mainland),Robotics,2019,441,True
Singapore,Robotics,2020,20,True
Australia,Robotics,2019,4,True
Australia,Robotics,2021,1,True
Poland,"Sales, retail, commerce, marketing",2023,1,True
Japan,"Sales, retail, commerce, marketing",2023,5,True
Nigeria,"Sales, retail, commerce, marketing",2023,1,True
Saudi Arabia,"Sales, retail, commerce, marketing",2023,323,True
Netherlands,"Sales, retail, commerce, marketing",2021,6,True
United Kingdom,"Sales, retail, commerce, marketing",2019,99,True
Bulgaria,"Sales, retail, commerce, marketing",2019,0,True
India,"Sales, retail, commerce, marketing",2019,70,True
Canada,Semiconductor,2017,6,True
Canada,Semiconductor,2023,13,True
China (mainland),Semiconductor,2021,329,True
Japan,Semiconductor,2021,5,True
France,Semiconductor,2019,4,True
United Kingdom,Simulation,2023,11,True
Tajikistan,Software,2024,1,True
Pakistan,Software,2024,0,True
Slovenia,Software,2023,20,True
Uzbekistan,Software,2024,0,True
Panama,Software,2024,0,True
Kenya,Software,2024,6,True
Bangladesh,Software,2023,1,True
Estonia,Software,2022,37,True
France,Speech Recognition,2018,0,True
Romania,Speech Recognition,2019,0,True
Germany,Speech Recognition,2018,0,True
Austria,Sports,2023,1,True
Cyprus,Sports,2018,1,True
Poland,Sports,2017,1,True
France,Telecommunications,2017,6,True
France,Telecommunications,2018,3,True
Turkey,Telecommunications,2021,4,True
Australia,Telecommunications,2021,1,True
Germany,Telecommunications,2023,1,True
South Korea,Telecommunications,2016,45,True
Sweden,Telecommunications,2022,0,True
Mexico,Transportation,2023,0,True
China (mainland),Transportation,2016,31,True
Canada,Transportation,2021,26,True
Singapore,Transportation,2023,6,True
Saudi Arabia,Transportation,2021,7,True
France,Transportation,2025,20,False
Brazil,Agriculture,2019,2,True
Hungary,Agriculture,2020,0,True
Greece,All,2023,110,True
Colombia,All,2022,89,True
Indonesia,All,2019,11,True
Austria,All,2015,2,True
Finland,All,2016,13,True
Italy,All,2025,320,False
Botswana,All,2016,0,True
Canada,All,2015,168,True
Hungary,All,2024,11,True
Malta,All,2017,1,True
Ukraine,All,2017,0,True
Netherlands,All,2022,390,True
Pakistan,All,2024,0,True
Serbia,All,2017,0,True
Australia,All,2019,301,True
Mexico,All,2017,6,True
Armenia,All,2024,14,True
Romania,All,2024,17,True
Tunisia,All,2024,5,True
Thailand,All,2020,11,True
Saudi Arabia,All,2019,39,True
Vietnam,All,2023,9,True
Malaysia,Biotechnology,2024,0,True
Belgium,Biotechnology,2019,1,True
Sweden,Biotechnology,2022,3,True
China (mainland),Biotechnology,2021,121,True
South Korea,Biotechnology,2020,6,True
South Korea,Community and Lifestyle,2024,3,True
Taiwan,Community and Lifestyle,2018,1,True
South Africa,Community and Lifestyle,2023,1,True
United Kingdom,Community and Lifestyle,2019,21,True
Sweden,Community and Lifestyle,2020,1,True
Denmark,Computer Vision,2023,2,True
Indonesia,Computer Vision,2021,0,True
India,Computer Vision,2024,5,True
France,Consumer goods,2023,16,True
Japan,Consumer goods,2017,7,True
China (mainland),Consumer goods,2022,109,True
Saint Kitts and Nevis,Consumer goods,2021,0,True
Spain,Consumer goods,2021,2,True
Hungary,Consumer goods,2023,3,True
Taiwan,Consumer goods,2018,1,True
United Kingdom,Consumer goods,2022,62,True
Sweden,Consumer goods,2024,0,True
Uruguay,Consumer goods,2017,0,True
Greece,Cyber Security,2025,3,False
Estonia,Cyber Security,2024,3,True
Netherlands,Cyber Security,2020,3,True
Iceland,Data and analytics,2024,5,True
New Zealand,Data and analytics,2018,1,True
Kenya,Data and analytics,2021,11,True
Latvia,Data and analytics,2019,0,True
China (mainland),Data and analytics,2016,3524,True
France,Data and analytics,2023,463,True
Sweden,Data and analytics,2017,28,True
Zimbabwe,Data and analytics,2019,0,True
Azerbaijan,Data and analytics,2023,0,True
Portugal,Data and analytics,2022,14,True
Austria,Data and analytics,2018,5,True
Austria,Data and analytics,2019,12,True
Australia,Education,2020,1,True
Netherlands,Education,2023,1,True
Mexico,Education,2022,0,True
France,Education,2018,1,True
Azerbaijan,Education,2022,0,True
Denmark,Education,2015,2,True
Germany,Education,2016,0,True
Canada,Education,2015,3,True
India,Energy and natural resources,2018,2,True
Sweden,Energy and natural resources,2016,1,True
Switzerland,Energy and natural resources,2024,4,True
Egypt,Energy and natural resources,2024,0,True
Nigeria,Energy and natural resources,2024,1,True
Germany,Energy and natural resources,2018,6,True
Germany,Energy and natural resources,2021,37,True
France,Energy and natural resources,2022,18,True
Saudi Arabia,Finance,2022,136,True
Brazil,Finance,2025,94,False
Ghana,Finance,2025,0,False
Poland,Finance,2016,1,True
Switzerland,Finance,2018,10,True
Ireland,Finance,2016,0,True
Austria,Finance,2023,13,True
Israel,Finance,2021,101,True
Russia,Finance,2017,4,True
Russia,Finance,2019,5,True
Finland,Gaming,2015,0,True
Czechia,Gaming,2022,2,True
Poland,Gaming,2016,0,True
Chile,General purpose,2020,9,True
Canada,General purpose,2023,597,True
Uruguay,General purpose,2021,2,True
Switzerland,General purpose,2025,516,False
Sri Lanka,General purpose,2021,0,True
Netherlands,General purpose,2023,241,True
Singapore,General purpose,2016,61,True
Saudi Arabia,General purpose,2015,2,True
Indonesia,General purpose,2018,1,True
Turkey,General purpose,2016,0,True
Poland,General purpose,2017,12,True
South Korea,General purpose,2017,34,True
Israel,Hardware,2021,450,True
Serbia,Hardware,2015,0,True
Serbia,Hardware,2020,0,True
Romania,Hardware,2022,1,True
Portugal,Hardware,2024,6,True
Denmark,Hardware,2021,2,True
India,Hardware,2023,2356,True
Ukraine,Hardware,2016,0,True
Latvia,Hardware,2017,0,True
Switzerland,Hardware,2023,68,True
Austria,Hardware,2019,0,True
Turkey,Hardware,2023,9,True
Turkey,Hardware,2025,5,False
Russia,Hardware,2024,0,True
Netherlands,Hardware,2022,37,True
Malaysia,Hardware,2024,0,True
Ukraine,Healthcare and Life Sciences,2021,0,True
Ukraine,Healthcare and Life Sciences,2024,0,True
Ireland,Healthcare and Life Sciences,2020,1,True
Nigeria,Healthcare and Life Sciences,2022,0,True
United Kingdom,Healthcare and Life Sciences,2021,129,True
Thailand,Healthcare and Life Sciences,2019,3,True
Argentina,Healthcare and Life Sciences,2023,1,True
Czechia,Healthcare and Life Sciences,2021,2,True
India,Healthcare and Life Sciences,2017,8,True
Hungary,Healthcare and Life Sciences,2017,0,True
Belgium,Healthcare and Life Sciences,2017,0,True
Belgium,Healthcare and Life Sciences,2018,0,True
South Africa,Healthcare and Life Sciences,2019,2,True
Denmark,Information Technology,2018,3,True
Slovakia,Information Technology,2025,10,False
Germany,Information Technology,2019,84,True
Austria,Information Technology,2017,3,True
Argentina,Information Technology,2024,1,True
Egypt,Information Technology,2022,0,True
Sri Lanka,Information Technology,2021,0,True
Brazil,Information Technology,2021,94,True
Estonia,Information Technology,2020,4,True
Estonia,Information Technology,2021,40,True
Turkey,Information Technology,2019,2,True
Thailand,Information Technology,2015,0,True
Japan,Lending and Investments,2024,13,True
South Africa,Lending and Investments,2021,31,True
Germany,Lending and Investments,2020,15,True
Brazil,Lending and Investments,2021,3,True
South Korea,Lending and Investments,2018,1,True
Thailand,Manufacturing,2019,3,True
Brazil,Manufacturing,2024,5,True
Sweden,Manufacturing,2020,4,True
South Korea,Manufacturing,2016,1,True
Egypt,Manufacturing,2024,0,True
Latvia,Manufacturing,2023,0,True
Australia,Media and Entertainment,2015,3,True
Australia,Media and Entertainment,2018,11,True
Brazil,Media and Entertainment,2025,2,False
Sweden,Media and Entertainment,2017,8,True
France,Media and Entertainment,2023,7,True
Japan,Media and Entertainment,2020,11,True
China (mainland),Media and Entertainment,2024,9,True
Singapore,Media and Entertainment,2023,18,True
Turkey,"Mobile, platforms & Internet services",2016,9,True
Turkey,"Mobile, platforms & Internet services",2024,55,True
Portugal,"Mobile, platforms & Internet services",2020,2,True
France,"Mobile, platforms & Internet services",2024,167,True
Japan,"Mobile, platforms & Internet services",2023,114,True
Argentina,"Mobile, platforms & Internet services",2024,1,True
Netherlands,"Mobile, platforms & Internet services",2018,5,True
Spain,"Mobile, platforms & Internet services",2016,10,True
Indonesia,"Mobile, platforms & Internet services",2023,1,True
Ireland,"Mobile, platforms & Internet services",2017,3,True
Spain,NLP,2019,4,True
Australia,NLP,2015,1,True
Israel,NLP,2022,17,True
Netherlands,NLP,2017,0,True
Netherlands,NLP,2023,3,True
Singapore,NLP,2024,0,True
Japan,Navigation and mapping,2024,1,True
South Africa,Navigation and mapping,2024,0,True
United States,Other,2019,1632,True
Japan,Other,2017,13,True
China (mainland),Other,2021,303,True
Finland,Other,2019,1,True
Iceland,Other,2020,0,True
Indonesia,Other,2021,0,True
New Zealand,Other,2023,1,True
Zimbabwe,Other,2024,1,True
Netherlands,Other,2019,0,True
United Kingdom,Other,2024,238,True
Romania,Other,2025,2,False
Norway,Privacy and Security,2022,0,True
Saudi Arabia,Privacy and Security,2025,3,False
United Kingdom,Privacy and Security,2022,124,True
France,Privacy and Security,2020,12,True
South Korea,Privacy and Security,2025,26,False
United States,Professional services,2022,2961,True
Hungary,Professional services,2020,1,True
South Africa,Professional services,2025,1,False
Iceland,Professional services,2017,0,True
Slovakia,Professional services,2023,1,True
Austria,Professional services,2025,2,False
Netherlands,Professional services,2015,0,True
Poland,Professional services,2015,1,True
Poland,Professional services,2016,3,True
Poland,Professional services,2017,4,True
Portugal,Professional services,2015,0,True
Finland,Professional services,2020,1,True
Chile,Professional services,2021,0,True
Italy,Professional services,2022,7,True
Malaysia,Professional services,2022,1,True
Portugal,Real estate,2019,2,True
Japan,Real estate,2024,7,True
Peru,Real estate,2025,0,False
Austria,Real estate,2024,2,True
India,Real estate,2022,58,True
Poland,Real estate,2020,1,True
Germany,Real estate,2020,8,True
Colombia,Real estate,2020,0,True
Poland,Robotics,2020,2,True
Japan,Robotics,2021,8,True
Norway,Robotics,2021,18,True
Taiwan,Robotics,2023,6,True
Singapore,Robotics,2025,6,False
Japan,"Sales, retail, commerce, marketing",2019,17,True
Spain,"Sales, retail, commerce, marketing",2023,6,True
Sweden,"Sales, retail, commerce, marketing",2016,9,True
Vietnam,"Sales, retail, commerce, marketing",2021,7,True
South Korea,"Sales, retail, commerce, marketing",2017,15,True
Turkey,"Sales, retail, commerce, marketing",2023,4,True
United Kingdom,"Sales, retail, commerce, marketing",2024,38,True
Cyprus,"Sales, retail, commerce, marketing",2015,1,True
Argentina,"Sales, retail, commerce, marketing",2016,0,True
India,"Sales, retail, commerce, marketing",2016,3,True
Italy,"Sales, retail, commerce, marketing",2021,32,True
South Africa,"Sales, retail, commerce, marketing",2023,1,True
Singapore,Semiconductor,2019,1,True
Germany,Simulation,2017,1,True
Germany,Simulation,2022,2,True
United Kingdom,Simulation,2019,4,True
United States,Simulation,2018,2,True
United States,Simulation,2020,5,True
Romania,Software,2018,0,True
United Kingdom,Software,2022,1788,True
Switzerland,Software,2022,262,True
Iceland,Software,2016,4,True
South Korea,Software,2023,738,True
Finland,Software,2025,44,False
Czechia,Software,2025,58,False
Philippines,Software,2018,1,True
Ukraine,Software,2022,0,True
Mexico,Software,2015,0,True
Oman,Software,2025,1,False
Norway,Software,2021,276,True
Norway,Software,2023,68,True
Uganda,Software,2022,0,True
Austria,Software,2018,5,True
Argentina,Software,2015,0,True
Argentina,Software,2019,1,True
Nigeria,Software,2025,7,False
Luxembourg,Software,2021,4,True
Thailand,Software,2022,3,True
Malaysia,Speech Recognition,2025,0,False
Estonia,Speech Recognition,2018,0,True
United States,Speech Recognition,2016,164,True
Singapore,Sports,2023,0,True
Israel,Sports,2023,1,True
Turkey,Sports,2022,0,True
Norway,Sports,2025,1,False
Colombia,Telecommunications,2022,1,True
Netherlands,Telecommunications,2017,2,True
Slovakia,Telecommunications,2021,4,True
Austria,Transportation,2025,20,False
Turkey,Transportation,2024,0,True
Hungary,Transportation,2015,1,True
Colombia,Transportation,2021,1,True
Germany,Transportation,2023,351,True
India,Agriculture,2020,2,True
Nigeria,Agriculture,2020,0,True
Finland,Agriculture,2021,3,True
Seychelles,All,2017,1,True
Hungary,All,2021,13,True
Denmark,All,2025,153,False
Slovenia,All,2020,4,True
United Arab Emirates,All,2023,432,True
Netherlands,All,2020,143,True
Pakistan,All,2022,4,True
Paraguay,All,2024,0,True
Czechia,All,2023,39,True
United Kingdom,All,2025,8413,False
Latvia,All,2025,2,False
Mexico,Biotechnology,2019,0,True
Portugal,Biotechnology,2018,0,True
Australia,Biotechnology,2017,0,True
France,Biotechnology,2017,2,True
China (mainland),Biotechnology,2015,4,True
South Korea,Biotechnology,2018,2,True
Denmark,Biotechnology,2018,1,True
Norway,Biotechnology,2022,5,True
India,Biotechnology,2025,7,False
Finland,Biotechnology,2021,15,True
Germany,Biotechnology,2021,30,True
Denmark,Community and Lifestyle,2020,2,True
New Zealand,Community and Lifestyle,2025,0,False
Japan,Community and Lifestyle,2020,8,True
Russia,Community and Lifestyle,2020,3,True
Saudi Arabia,Community and Lifestyle,2018,1,True
Cyprus,Community and Lifestyle,2020,2,True
Netherlands,Community and Lifestyle,2019,0,True
Italy,Community and Lifestyle,2025,0,False
Denmark,Computer Vision,2020,0,True
Japan,Computer Vision,2016,0,True
Australia,Computer Vision,2015,0,True
Spain,Computer Vision,2020,11,True
United States,Computer Vision,2016,182,True
South Korea,Consumer goods,2015,1,True
South Korea,Consumer goods,2025,15,False
United States,Consumer goods,2022,971,True
Israel,Consumer goods,2020,46,True
China (mainland),Consumer goods,2015,32,True
Netherlands,Consumer goods,2021,1,True
Switzerland,Consumer goods,2017,7,True
Sweden,Consumer goods,2017,1,True
Italy,Cyber Security,2022,0,True
Netherlands,Cyber Security,2021,21,True
China (mainland),Cyber Security,2015,1,True
India,Data and analytics,2016,45,True
India,Data and analytics,2024,361,True
Singapore,Data and analytics,2015,30,True
Paraguay,Data and analytics,2024,0,True
Thailand,Data and analytics,2018,0,True
Ireland,Data and analytics,2023,185,True
Switzerland,Data and analytics,2021,182,True
Chile,Data and analytics,2024,5,True
Colombia,Data and analytics,2022,14,True
Romania,Data and analytics,2018,0,True
Ghana,Data and analytics,2021,0,True
Ghana,Data and analytics,2025,0,False
China (mainland),Data and analytics,2019,1518,True
Lebanon,Data and analytics,2020,0,True
Greece,Data and analytics,2025,4,False
Denmark,Data and analytics,2015,6,True
Denmark,Data and analytics,2024,64,True
Norway,Data and analytics,2019,33,True
Bangladesh,Education,2021,0,True
Brazil,Education,2018,1,True
Estonia,Education,2015,3,True
United Kingdom,Education,2021,53,True
China (mainland),Energy and natural resources,2023,68,True
South Korea,Energy and natural resources,2020,4,True
United States,Energy and natural resources,2018,136,True
Philippines,Energy and natural resources,2025,1,False
Germany,Energy and natural resources,2023,21,True
Finland,Energy and natural resources,2017,0,True
Canada,Energy and natural resources,2021,113,True
Argentina,Finance,2022,0,True
India,Finance,2022,113,True
Poland,Finance,2022,8,True
Mexico,Finance,2016,1,True
Japan,Finance,2021,52,True
Botswana,Finance,2016,0,True
Czechia,Finance,2023,13,True
Sweden,Finance,2016,0,True
Bulgaria,Finance,2022,0,True
China (mainland),Gaming,2022,75,True
Turkey,Gaming,2024,0,True
Israel,Gaming,2019,0,True
Romania,Gaming,2020,0,True
Czechia,General purpose,2024,12,True
Portugal,General purpose,2019,20,True
Lebanon,General purpose,2015,0,True
Serbia,General purpose,2022,0,True
Estonia,General purpose,2016,2,True
Romania,General purpose,2020,2,True
Mexico,General purpose,2024,7,True
Brazil,General purpose,2023,96,True
Russia,General purpose,2019,24,True
Peru,General purpose,2019,1,True
New Zealand,Hardware,2023,1,True
Italy,Hardware,2017,4,True
Pakistan,Hardware,2019,0,True
Kenya,Hardware,2024,0,True
India,Hardware,2019,13,True
Slovakia,Hardware,2021,4,True
Finland,Hardware,2023,5,True
Latvia,Hardware,2021,0,True
Switzerland,Hardware,2018,27,True
Norway,Hardware,2025,3,False
Brazil,Hardware,2016,0,True
Vietnam,Hardware,2024,1,True
Bahrain,Hardware,2020,0,True
Australia,Hardware,2017,2,True
Netherlands,Healthcare and Life Sciences,2023,16,True
Chile,Healthcare and Life Sciences,2016,0,True
Russia,Healthcare and Life Sciences,2018,5,True
Russia,Healthcare and Life Sciences,2024,0,True
Switzerland,Healthcare and Life Sciences,2022,16,True
Spain,Healthcare and Life Sciences,2023,41,True
Poland,Healthcare and Life Sciences,2020,6,True
Czechia,Healthcare and Life Sciences,2017,1,True
India,Healthcare and Life Sciences,2020,19,True
Belgium,Healthcare and Life Sciences,2020,1,True
Denmark,Information Technology,2022,6,True
Indonesia,Information Technology,2020,2,True
Latvia,Information Technology,2021,0,True
South Korea,Information Technology,2017,19,True
United States,Information Technology,2021,15737,True
Norway,Information Technology,2020,332,True
Sri Lanka,Information Technology,2025,3,False
Armenia,Information Technology,2021,1,True
Thailand,Information Technology,2018,0,True
Portugal,Information Technology,2020,6,True
Netherlands,Lending and Investments,2021,0,True
India,Lending and Investments,2016,1,True
Philippines,Lending and Investments,2020,0,True
Nigeria,Lending and Investments,2023,0,True
Mexico,Lending and Investments,2020,1,True
Lithuania,Manufacturing,2025,0,False
India,Manufacturing,2021,5,True
Japan,Manufacturing,2016,15,True
Iceland,Manufacturing,2017,1,True
Argentina,Manufacturing,2020,0,True
Denmark,Manufacturing,2016,0,True
United States,Manufacturing,2020,393,True
Czechia,Media and Entertainment,2023,1,True
India,Media and Entertainment,2022,105,True
Panama,Media and Entertainment,2023,0,True
United States,Media and Entertainment,2016,327,True
Ukraine,Media and Entertainment,2019,0,True
Israel,"Military, public safety and government",2020,8,True
Austria,"Military, public safety and government",2021,5,True
Canada,"Military, public safety and government",2017,0,True
Singapore,"Military, public safety and government",2017,1,True
Brazil,"Military, public safety and government",2020,0,True
Mongolia,"Mobile, platforms & Internet services",2018,0,True
Hungary,"Mobile, platforms & Internet services",2020,2,True
Luxembourg,"Mobile, platforms & Internet services",2024,20,True
Uganda,"Mobile, platforms & Internet services",2022,0,True
Belgium,"Mobile, platforms & Internet services",2021,27,True
Taiwan,"Mobile, platforms & Internet services",2017,2,True
South Korea,"Mobile, platforms & Internet services",2019,16,True
South Korea,"Mobile, platforms & Internet services",2024,78,True
Estonia,"Mobile, platforms & Internet services",2024,3,True
Hungary,NLP,2017,1,True
Japan,NLP,2016,2,True
India,NLP,2018,4,True
Switzerland,Navigation and mapping,2023,0,True
New Zealand,Navigation and mapping,2024,0,True
Singapore,Navigation and mapping,2022,13,True
Sweden,Navigation and mapping,2021,3,True
Brazil,Other,2022,105,True
Estonia,Other,2024,1,True
Japan,Other,2022,9,True
Australia,Other,2018,0,True
Spain,Other,2016,0,True
Austria,Other,2019,0,True
Austria,Other,2020,10,True
Malaysia,Other,2021,20,True
Switzerland,Other,2016,1,True
Switzerland,Other,2018,28,True
New Zealand,Other,2021,5,True
United Kingdom,Other,2018,64,True
Israel,Other,2015,8,True
Portugal,Privacy and Security,2023,0,True
Switzerland,Privacy and Security,2019,150,True
Switzerland,Privacy and Security,2021,95,True
India,Privacy and Security,2021,10,True
United Arab Emirates,Professional services,2024,47,True
Canada,Professional services,2017,33,True
Brazil,Professional services,2023,42,True
Portugal,Professional services,2019,5,True
Ireland,Professional services,2016,0,True
South Korea,Professional services,2017,1,True
France,Professional services,2020,183,True
Tunisia,Professional services,2022,0,True
United Kingdom,Real estate,2015,2,True
Japan,Real estate,2017,1,True
China (mainland),Real estate,2022,4,True
Israel,Robotics,2024,18,True
Spain,Robotics,2015,0,True
Sri Lanka,Robotics,2019,1,True
Malaysia,Robotics,2017,0,True
United Kingdom,Robotics,2023,24,True
Ireland,Robotics,2022,0,True
Ireland,Robotics,2024,1,True
Switzerland,"Sales, retail, commerce, marketing",2016,0,True
Switzerland,"Sales, retail, commerce, marketing",2017,4,True
Switzerland,"Sales, retail, commerce, marketing",2021,66,True
Australia,"Sales, retail, commerce, marketing",2022,25,True
Estonia,"Sales, retail, commerce, marketing",2015,0,True
Ukraine,"Sales, retail, commerce, marketing",2019,4,True
Canada,"Sales, retail, commerce, marketing",2019,135,True
Turkey,"Sales, retail, commerce, marketing",2015,100,True
Finland,"Sales, retail, commerce, marketing",2020,6,True
Netherlands,"Sales, retail, commerce, marketing",2022,38,True
United Kingdom,"Sales, retail, commerce, marketing",2025,221,False
Argentina,"Sales, retail, commerce, marketing",2021,0,True
Singapore,"Sales, retail, commerce, marketing",2022,170,True
Colombia,"Sales, retail, commerce, marketing",2019,2,True
Denmark,"Sales, retail, commerce, marketing",2019,7,True
Denmark,"Sales, retail, commerce, marketing",2023,0,True
Mexico,"Sales, retail, commerce, marketing",2022,2,True
Canada,Semiconductor,2018,0,True
Canada,Semiconductor,2021,65,True
United Kingdom,Semiconductor,2021,9,True
France,Simulation,2023,0,True
United States,Simulation,2021,9,True
Canada,Software,2021,768,True
Canada,Software,2025,3750,False
India,Software,2016,52,True
India,Software,2020,12300,True
United Kingdom,Software,2021,2172,True
Italy,Software,2024,38,True
Serbia,Software,2022,0,True
Australia,Software,2025,421,False
Mexico,Software,2020,30,True
Denmark,Software,2020,35,True
Brazil,Software,2019,212,True
Indonesia,Software,2019,3,True
Ireland,Software,2023,181,True
Latvia,Software,2015,0,True
Thailand,Software,2018,1,True
Slovakia,Software,2018,2,True
Australia,Speech Recognition,2018,7,True
United States,Sports,2020,209,True
United States,Sports,2024,73,True
South Korea,Sports,2019,0,True
China (mainland),Sports,2021,48,True
Luxembourg,Sports,2021,0,True
Germany,Telecommunications,2022,1,True
Switzerland,Telecommunications,2021,2,True
Czechia,Transportation,2024,0,True
Poland,Transportation,2022,4,True
Spain,Transportation,2024,2,True
Singapore,Transportation,2022,8,True
Saudi Arabia,Transportation,2023,1,True
Netherlands,Agriculture,2023,14,True
India,Agriculture,2016,3,True
India,Agriculture,2021,14,True
United Kingdom,Agriculture,2025,6,False
Uganda,Agriculture,2023,0,True
Greece,All,2015,0,True
Hungary,All,2015,3,True
South Korea,All,2023,1692,True
Chile,All,2018,7,True
Israel,All,2022,3834,True
Bulgaria,All,2022,4,True
Iceland,All,2020,26,True
United Kingdom,All,2023,3773,True
Taiwan,All,2023,97,True
Taiwan,All,2025,70,False
Peru,All,2024,0,True
Singapore,Biotechnology,2016,0,True
South Korea,Biotechnology,2024,7,True
India,Biotechnology,2019,1,True
India,Biotechnology,2021,0,True
Spain,Biotechnology,2015,1,True
Switzerland,Biotechnology,2019,3,True
Kenya,Community and Lifestyle,2022,0,True
Israel,Community and Lifestyle,2015,5,True
Switzerland,Community and Lifestyle,2022,0,True
Netherlands,Community and Lifestyle,2025,3,False
Chile,Community and Lifestyle,2018,0,True
Germany,Community and Lifestyle,2023,11,True
Italy,Community and Lifestyle,2018,1,True
South Korea,Computer Vision,2015,0,True
Japan,Computer Vision,2021,0,True
Finland,Computer Vision,2017,1,True
Singapore,Computer Vision,2023,50,True
Israel,Computer Vision,2016,15,True
Brazil,Computer Vision,2021,2,True
Canada,Consumer goods,2022,59,True
United Kingdom,Consumer goods,2024,15,True
Indonesia,Consumer goods,2023,1,True
United Kingdom,Cyber Security,2024,11,True
Netherlands,Cyber Security,2016,5,True
Taiwan,Cyber Security,2024,20,True
Bangladesh,Data and analytics,2021,0,True
Japan,Data and analytics,2015,33,True
Hungary,Data and analytics,2023,18,True
Egypt,Data and analytics,2019,1,True
Pakistan,Data and analytics,2019,0,True
New Zealand,Data and analytics,2019,3,True
Jordan,Data and analytics,2023,0,True
Mexico,Data and analytics,2024,8,True
Romania,Data and analytics,2024,5,True
Argentina,Data and analytics,2015,0,True
Argentina,Data and analytics,2017,4,True
Peru,Data and analytics,2021,1,True
Vietnam,Data and analytics,2020,1,True
Luxembourg,Data and analytics,2022,1,True
Luxembourg,Data and analytics,2024,20,True
Israel,Data and analytics,2024,2260,True
Slovakia,Education,2015,0,True
Mexico,Education,2024,1,True
Singapore,Education,2024,21,True
Ukraine,Education,2020,0,True
Japan,Education,2024,2,True
Japan,Education,2025,7,False
Nigeria,Education,2021,0,True
Russia,Energy and natural resources,2019,5,True
South Korea,Energy and natural resources,2023,12,True
Czechia,Energy and natural resources,2021,1,True
Italy,Energy and natural resources,2016,0,True
Belgium,Energy and natural resources,2022,119,True
Saudi Arabia,Energy and natural resources,2024,0,True
Romania,Energy and natural resources,2025,0,False
Belgium,Finance,2024,5,True
Ghana,Finance,2018,1,True
Cyprus,Finance,2015,1,True
New Zealand,Finance,2025,0,False
Romania,Finance,2022,0,True
Netherlands,Finance,2016,28,True
United States,Finance,2021,6933,True
Nigeria,Finance,2021,1,True
Nigeria,Finance,2024,3,True
South Korea,Finance,2015,0,True
South Korea,Finance,2017,2,True
Sweden,Finance,2018,0,True
Sweden,Finance,2019,0,True
Austria,Finance,2018,2,True
Italy,Finance,2017,0,True
South Korea,Gaming,2020,1,True
Canada,Gaming,2025,0,False
Cyprus,Gaming,2021,17,True
Israel,Gaming,2023,0,True
Japan,General purpose,2015,32,True
Mauritius,General purpose,2021,20,True
Lebanon,General purpose,2018,0,True
Chile,General purpose,2022,9,True
Slovenia,General purpose,2015,0,True
Canada,General purpose,2017,130,True
Canada,General purpose,2022,2391,True
Sweden,General purpose,2019,38,True
Ukraine,General purpose,2020,1,True
Saudi Arabia,General purpose,2022,193,True
Israel,General purpose,2018,198,True
Israel,General purpose,2022,1261,True
Kenya,General purpose,2024,0,True
Croatia,General purpose,2025,0,False
Indonesia,General purpose,2025,1,False
Turkey,General purpose,2019,3,True
Austria,General purpose,2018,4,True
Finland,General purpose,2023,23,True
France,Hardware,2019,65,True
Slovenia,Hardware,2015,0,True
Cyprus,Hardware,2015,1,True
India,Hardware,2025,1306,False
United States,Hardware,2022,3457,True
United States,Hardware,2024,5729,True
Latvia,Hardware,2016,0,True
Poland,Hardware,2019,2,True
Brazil,Hardware,2020,8,True
Germany,Hardware,2018,19,True
United Kingdom,Hardware,2024,268,True
Ireland,Healthcare and Life Sciences,2019,0,True
Mexico,Healthcare and Life Sciences,2020,0,True
Belize,Healthcare and Life Sciences,2019,0,True
Denmark,Healthcare and Life Sciences,2023,15,True
Spain,Healthcare and Life Sciences,2022,40,True
Côte d'Ivoire,Healthcare and Life Sciences,2024,0,True
Pakistan,Healthcare and Life Sciences,2024,0,True
Estonia,Healthcare and Life Sciences,2021,0,True
France,Healthcare and Life Sciences,2024,184,True
China (mainland),Healthcare and Life Sciences,2018,405,True
India,Information Technology,2024,120,True
Japan,Information Technology,2017,32,True
Taiwan,Information Technology,2019,12,True
Austria,Information Technology,2020,6,True
France,Information Technology,2025,290,False
Greece,Information Technology,2025,4,False
Serbia,Information Technology,2019,0,True
Luxembourg,Information Technology,2018,1,True
Luxembourg,Information Technology,2020,7,True
Luxembourg,Information Technology,2021,3,True
Iceland,Information Technology,2019,1,True
Philippines,Information Technology,2016,1,True
Bangladesh,Information Technology,2019,0,True
Finland,Information Technology,2016,3,True
Finland,Information Technology,2023,12,True
Czechia,Information Technology,2019,13,True
Czechia,Information Technology,2024,8,True
New Zealand,Information Technology,2015,2,True
Sweden,Information Technology,2015,2,True
Russia,Information Technology,2015,1,True
Turkey,Information Technology,2018,2,True
Hungary,Information Technology,2017,0,True
United Kingdom,Information Technology,2016,68,True
Mexico,Information Technology,2024,3,True
China (mainland),Lending and Investments,2015,2,True
Czechia,Lending and Investments,2017,1,True
South Africa,Lending and Investments,2017,22,True
Switzerland,Lending and Investments,2021,1,True
United Arab Emirates,Lending and Investments,2024,1,True
Israel,Manufacturing,2023,27,True
United Kingdom,Manufacturing,2020,15,True
India,Manufacturing,2017,0,True
Italy,Manufacturing,2023,2,True
Singapore,Manufacturing,2025,6,False
Romania,Manufacturing,2022,0,True
Estonia,Manufacturing,2025,3,False
Ireland,Manufacturing,2024,1,True
Brazil,Media and Entertainment,2017,2,True
Cyprus,Media and Entertainment,2021,0,True
Turkey,Media and Entertainment,2018,0,True
Turkey,"Military, public safety and government",2024,1,True
Singapore,"Military, public safety and government",2015,7,True
Poland,"Military, public safety and government",2020,2,True
Sri Lanka,"Mobile, platforms & Internet services",2022,0,True
Egypt,"Mobile, platforms & Internet services",2021,0,True
South Africa,"Mobile, platforms & Internet services",2020,18,True
Turkey,"Mobile, platforms & Internet services",2017,21,True
Bahrain,"Mobile, platforms & Internet services",2020,0,True
Canada,"Mobile, platforms & Internet services",2024,102,True
Kazakhstan,"Mobile, platforms & Internet services",2022,0,True
Philippines,"Mobile, platforms & Internet services",2016,1,True
Saudi Arabia,"Mobile, platforms & Internet services",2023,5,True
Japan,"Mobile, platforms & Internet services",2025,31,False
Nigeria,"Mobile, platforms & Internet services",2021,0,True
Argentina,"Mobile, platforms & Internet services",2021,1,True
Finland,"Mobile, platforms & Internet services",2020,12,True
Mexico,"Mobile, platforms & Internet services",2020,0,True
Panama,"Mobile, platforms & Internet services",2024,0,True
Austria,"Mobile, platforms & Internet services",2018,0,True
Austria,"Mobile, platforms & Internet services",2025,0,False
China (mainland),NLP,2023,0,True
France,NLP,2018,4,True
Australia,NLP,2023,0,True
Brazil,NLP,2018,1,True
United Kingdom,NLP,2022,31,True
United Kingdom,NLP,2024,9,True
Canada,NLP,2017,11,True
United Kingdom,Navigation and mapping,2016,0,True
Estonia,Navigation and mapping,2020,0,True
Switzerland,Navigation and mapping,2022,7,True
Switzerland,Navigation and mapping,2025,0,False
United States,Navigation and mapping,2024,187,True
Netherlands,Navigation and mapping,2015,0,True
India,Navigation and mapping,2020,0,True
Estonia,Other,2017,1,True
Estonia,Other,2020,1,True
United States,Other,2021,1971,True
United States,Other,2023,1670,True
Nigeria,Other,2021,0,True
South Africa,Other,2019,2,True
Switzerland,Other,2017,5,True
Norway,Other,2024,2,True
Portugal,Other,2022,3,True
Poland,Other,2022,3,True
Israel,Other,2017,20,True
Romania,Other,2018,0,True
Turkey,Privacy and Security,2020,0,True
Australia,Privacy and Security,2017,0,True
Australia,Privacy and Security,2025,67,False
Denmark,Privacy and Security,2022,1,True
Sri Lanka,Privacy and Security,2022,0,True
United States,Professional services,2021,5401,True
Turkey,Professional services,2019,0,True
Saudi Arabia,Professional services,2023,0,True
Saudi Arabia,Professional services,2024,0,True
Australia,Professional services,2017,3,True
Poland,Professional services,2024,1,True
Germany,Professional services,2015,2,True
Bulgaria,Professional services,2024,2,True
Saudi Arabia,Real estate,2024,0,True
Switzerland,Real estate,2021,8,True
Spain,Real estate,2018,4,True
India,Real estate,2017,3,True
Belgium,Real estate,2019,2,True
Finland,Real estate,2020,119,True
China (mainland),Real estate,2015,72,True
Poland,Real estate,2024,0,True
Romania,Real estate,2023,0,True
Hungary,Real estate,2021,0,True
Israel,Robotics,2021,12,True
Norway,Robotics,2022,3,True
Singapore,Robotics,2021,1,True
Sweden,"Sales, retail, commerce, marketing",2021,252,True
Canada,"Sales, retail, commerce, marketing",2017,35,True
Turkey,"Sales, retail, commerce, marketing",2022,23,True
France,"Sales, retail, commerce, marketing",2015,20,True
United States,"Sales, retail, commerce, marketing",2018,1860,True
Czechia,"Sales, retail, commerce, marketing",2021,3,True
India,"Sales, retail, commerce, marketing",2022,212,True
Belgium,"Sales, retail, commerce, marketing",2015,9,True
France,Semiconductor,2024,4,True
Canada,Simulation,2017,0,True
Bulgaria,Software,2017,1,True
Turkey,Software,2016,11,True
Armenia,Software,2020,0,True
United Arab Emirates,Software,2019,12,True
United Arab Emirates,Software,2025,402,False
Italy,Software,2018,10,True
Switzerland,Software,2020,107,True
Uruguay,Software,2025,3,False
Japan,Software,2016,680,True
Portugal,Software,2023,13,True
Kazakhstan,Software,2020,0,True
Kazakhstan,Software,2022,0,True
Kazakhstan,Software,2025,5,False
Czechia,Software,2022,86,True
Croatia,Software,2020,1,True
Croatia,Software,2025,0,False
Cyprus,Software,2020,25,True
Malta,Software,2025,0,False
Israel,Software,2020,826,True
Mongolia,Software,2024,0,True
Argentina,Software,2024,2,True
Ireland,Software,2022,135,True
Netherlands,Software,2019,182,True
France,Speech Recognition,2023,1,True
Singapore,Speech Recognition,2023,5,True
Ireland,Speech Recognition,2018,1,True
United Kingdom,Speech Recognition,2023,2,True
Russia,Sports,2024,0,True
South Korea,Sports,2023,2,True
Austria,Sports,2017,0,True
Israel,Sports,2016,8,True
Israel,Sports,2025,15,False
Japan,Sports,2021,1,True
Czechia,Sports,2021,2,True
Canada,Telecommunications,2018,1,True
Spain,Telecommunications,2018,1,True
India,Telecommunications,2021,7,True
Singapore,Telecommunications,2015,0,True
South Korea,Transportation,2024,185,True
Sweden,Transportation,2025,1834,False
Spain,Transportation,2015,0,True
United States,Transportation,2017,2063,True
Singapore,Transportation,2015,7,True
Slovenia,Transportation,2016,0,True
Hungary,Agriculture,2021,0,True
Israel,Agriculture,2016,7,True
Israel,Agriculture,2019,20,True
Portugal,Agriculture,2020,0,True
New Zealand,Agriculture,2024,0,True
Nigeria,Agriculture,2022,0,True
Nigeria,Agriculture,2024,0,True
South Korea,Agriculture,2024,1,True
Australia,Agriculture,2019,1,True
United States,Agriculture,2021,506,True
Tunisia,Agriculture,2022,0,True
Greece,All,2025,6,False
Spain,All,2019,109,True
Spain,All,2022,512,True
Lithuania,All,2018,2,True
Indonesia,All,2025,10,False
Austria,All,2023,103,True
Hungary,All,2022,26,True
Jordan,All,2022,0,True
Qatar,All,2021,13,True
United Arab Emirates,All,2018,10,True
United Arab Emirates,All,2022,112,True
Malaysia,All,2021,151,True
Australia,All,2021,1573,True
Bangladesh,All,2019,0,True
Armenia,All,2023,0,True
Singapore,All,2021,2378,True
Japan,All,2022,541,True
Japan,All,2023,1098,True
Israel,All,2015,397,True
China (mainland),All,2020,10531,True
Vietnam,All,2024,3,True
United States,All,2024,121699,True
Mexico,Biotechnology,2016,0,True
Slovenia,Biotechnology,2015,0,True
Japan,Biotechnology,2024,27,True
Indonesia,Biotechnology,2019,2,True
Israel,Biotechnology,2016,11,True
Switzerland,Biotechnology,2021,19,True
South Africa,Community and Lifestyle,2020,0,True
China (mainland),Community and Lifestyle,2021,94,True
New Zealand,Community and Lifestyle,2023,13,True
France,Community and Lifestyle,2017,1,True
France,Community and Lifestyle,2018,0,True
Brazil,Community and Lifestyle,2015,60,True
Brazil,Community and Lifestyle,2023,31,True
Australia,Community and Lifestyle,2018,0,True
Poland,Community and Lifestyle,2023,1,True
Czechia,Community and Lifestyle,2022,3,True
South Korea,Computer Vision,2019,4,True
South Korea,Computer Vision,2024,36,True
Iceland,Computer Vision,2025,1,False
Japan,Computer Vision,2025,0,False
Greece,Computer Vision,2019,1,True
France,Computer Vision,2017,17,True
Australia,Computer Vision,2019,1,True
India,Consumer goods,2020,12108,True
Lithuania,Consumer goods,2023,0,True
Canada,Consumer goods,2017,14,True
Portugal,Consumer goods,2022,2,True
United States,Consumer goods,2019,1251,True
Denmark,Consumer goods,2015,2,True
Ireland,Consumer goods,2019,5,True
Ukraine,Consumer goods,2021,0,True
Australia,Cyber Security,2023,0,True
Switzerland,Cyber Security,2022,126,True
Germany,Data and analytics,2015,244,True
Singapore,Data and analytics,2021,919,True
Iceland,Data and analytics,2018,4,True
Qatar,Data and analytics,2021,4,True
Croatia,Data and analytics,2020,1,True
Indonesia,Data and analytics,2021,76,True
Canada,Data and analytics,2022,1938,True
Ireland,Data and analytics,2022,130,True
Estonia,Data and analytics,2023,5,True
Spain,Data and analytics,2019,31,True
Taiwan,Data and analytics,2020,42,True
Malta,Data and analytics,2018,0,True
Belgium,Data and analytics,2022,127,True
Latvia,Data and analytics,2024,2,True
Russia,Data and analytics,2019,21,True
Nigeria,Data and analytics,2025,7,False
South Africa,Data and analytics,2018,14,True
Greece,Data and analytics,2020,11,True
United Arab Emirates,Data and analytics,2021,806,True
Cyprus,Data and analytics,2017,1,True
United States,Education,2022,663,True
Sri Lanka,Education,2023,0,True
Portugal,Education,2025,0,False
Switzerland,Education,2023,2,True
Poland,Education,2019,2,True
China (mainland),Education,2022,20,True
Canada,Education,2019,11,True
Canada,Education,2020,7,True
Sweden,Education,2020,1,True
Taiwan,Energy and natural resources,2024,4,True
Turkey,Energy and natural resources,2019,0,True
Iceland,Energy and natural resources,2023,0,True
Indonesia,Energy and natural resources,2023,1,True
Saudi Arabia,Energy and natural resources,2020,1,True
Japan,Energy and natural resources,2016,2,True
Japan,Energy and natural resources,2018,9,True
France,Energy and natural resources,2016,0,True
Norway,Energy and natural resources,2020,5,True
Spain,Energy and natural resources,2022,2,True
South Korea,Facial Recognition,2022,1,True
Finland,Facial Recognition,2015,1,True
Brazil,Facial Recognition,2024,0,True
Mexico,Finance,2021,6,True
Romania,Finance,2020,1,True
Denmark,Finance,2024,2,True
Iceland,Finance,2015,0,True
Australia,Finance,2015,0,True
Canada,Finance,2020,275,True
Thailand,Finance,2020,2,True
Chile,Finance,2021,1,True
Sweden,Gaming,2020,1,True
Cyprus,Gaming,2023,0,True
Hungary,Gaming,2020,0,True
Israel,Gaming,2016,7,True
Brazil,Gaming,2018,0,True
China (mainland),General purpose,2025,1713,False
Pakistan,General purpose,2021,3,True
Portugal,General purpose,2020,7,True
Canada,General purpose,2019,374,True
Panama,General purpose,2025,15,False
Uruguay,General purpose,2023,0,True
Greece,General purpose,2015,0,True
Sweden,General purpose,2023,52,True
Switzerland,General purpose,2020,104,True
Ireland,General purpose,2018,52,True
Colombia,General purpose,2018,0,True
Slovakia,General purpose,2023,22,True
Turkey,General purpose,2015,0,True
Russia,General purpose,2020,13,True
Honduras,General purpose,2024,0,True
Peru,General purpose,2021,1,True
Iceland,General purpose,2024,2,True
New Zealand,Hardware,2017,0,True
France,Hardware,2017,48,True
Belgium,Hardware,2024,17,True
Chile,Hardware,2024,0,True
Saudi Arabia,Hardware,2019,3,True
Cyprus,Hardware,2021,19,True
Finland,Hardware,2025,11,False
Czechia,Hardware,2016,1,True
Taiwan,Hardware,2015,0,True
Ireland,Hardware,2024,4,True
Brazil,Hardware,2022,10,True
Sweden,Hardware,2018,13,True
Spain,Hardware,2020,18,True
United Kingdom,Hardware,2018,131,True
Australia,Healthcare and Life Sciences,2015,0,True
Australia,Healthcare and Life Sciences,2020,16,True
Denmark,Healthcare and Life Sciences,2022,1,True
Iceland,Healthcare and Life Sciences,2017,0,True
Canada,Healthcare and Life Sciences,2015,8,True
Canada,Healthcare and Life Sciences,2024,32,True
Norway,Healthcare and Life Sciences,2017,1,True
Denmark,Information Technology,2024,9,True
Vietnam,Information Technology,2025,80,False
Spain,Information Technology,2017,33,True
Argentina,Information Technology,2021,2,True
Luxembourg,Information Technology,2024,20,True
Belgium,Information Technology,2025,8,False
Norway,Information Technology,2024,14,True
Sri Lanka,Information Technology,2019,1,True
Turkey,Information Technology,2023,17,True
Turkey,Information Technology,2025,6,False
Chile,Information Technology,2021,3,True
Bulgaria,Information Technology,2018,0,True
North Macedonia,Information Technology,2022,1,True
United States,Lending and Investments,2024,395,True
Singapore,Lending and Investments,2025,6,False
Philippines,Lending and Investments,2021,1,True
Brazil,Lending and Investments,2022,0,True
Switzerland,Manufacturing,2023,35,True
Croatia,Manufacturing,2024,0,True
Sweden,Manufacturing,2021,4538,True
Sweden,Manufacturing,2025,3,False
Australia,Manufacturing,2017,2,True
Japan,Manufacturing,2018,12,True
Egypt,Manufacturing,2022,0,True
Netherlands,Manufacturing,2017,0,True
United Kingdom,Media and Entertainment,2016,166,True
Belgium,Media and Entertainment,2015,1,True
Switzerland,Media and Entertainment,2019,12,True
United Arab Emirates,Media and Entertainment,2023,0,True
New Zealand,"Mobile, platforms & Internet services",2018,0,True
Turkey,"Mobile, platforms & Internet services",2019,1,True
Portugal,"Mobile, platforms & Internet services",2024,3,True
Singapore,"Mobile, platforms & Internet services",2025,455,False
Canada,"Mobile, platforms & Internet services",2018,219,True
Israel,"Mobile, platforms & Internet services",2023,33,True
Italy,"Mobile, platforms & Internet services",2024,9,True
France,"Mobile, platforms & Internet services",2022,46,True
Czechia,"Mobile, platforms & Internet services",2017,2,True
Taiwan,"Mobile, platforms & Internet services",2021,42,True
Brazil,"Mobile, platforms & Internet services",2025,9,False
Azerbaijan,"Mobile, platforms & Internet services",2025,0,False
Russia,"Mobile, platforms & Internet services",2024,0,True
Bulgaria,"Mobile, platforms & Internet services",2022,0,True
Germany,"Mobile, platforms & Internet services",2017,56,True
Germany,"Mobile, platforms & Internet services",2019,32,True
United Arab Emirates,"Mobile, platforms & Internet services",2020,4,True
Colombia,"Mobile, platforms & Internet services",2021,0,True
China (mainland),NLP,2022,95,True
South Korea,NLP,2024,32,True
Brazil,NLP,2017,0,True
Kenya,NLP,2019,0,True
Portugal,NLP,2015,0,True
Chile,NLP,2021,2,True
Romania,NLP,2025,0,False
Germany,NLP,2023,59,True
Poland,NLP,2023,0,True
United Kingdom,Navigation and mapping,2019,2,True
Canada,Navigation and mapping,2017,0,True
Singapore,Navigation and mapping,2016,1,True
Brazil,Other,2017,0,True
Estonia,Other,2019,1,True
Estonia,Other,2021,1,True
Mongolia,Other,2019,0,True
Australia,Other,2023,5,True
Luxembourg,Other,2023,1,True
Spain,Other,2021,2,True
Finland,Other,2016,1,True
Norway,Other,2018,5,True
Poland,Other,2015,2,True
Egypt,Other,2017,0,True
Germany,Other,2020,33,True
South Korea,Other,2023,25,True
Israel,Other,2018,10,True
Nigeria,Privacy and Security,2024,3,True
Portugal,Privacy and Security,2018,0,True
Singapore,Privacy and Security,2025,17,False
Belgium,Professional services,2020,82,True
Norway,Professional services,2022,3,True
Brazil,Professional services,2017,0,True
Australia,Professional services,2022,10,True
Switzerland,Professional services,2023,19,True
Finland,Professional services,2016,0,True
Ireland,Professional services,2020,20,True
Italy,Professional services,2023,2,True
Switzerland,Real estate,2023,2,True
Belgium,Real estate,2017,2,True
Turkey,Real estate,2018,0,True
France,Real estate,2023,4,True
Chile,Real estate,2016,0,True
United States,Robotics,2017,194,True
United States,Robotics,2025,878,False
Switzerland,Robotics,2019,5,True
Sweden,Robotics,2018,2,True
Denmark,Robotics,2023,1,True
Italy,Robotics,2022,2,True
Switzerland,"Sales, retail, commerce, marketing",2015,1,True
Australia,"Sales, retail, commerce, marketing",2021,29,True
Australia,"Sales, retail, commerce, marketing",2023,6,True
Estonia,"Sales, retail, commerce, marketing",2024,2,True
South Korea,"Sales, retail, commerce, marketing",2024,7,True
Turkey,"Sales, retail, commerce, marketing",2017,20,True
New Zealand,"Sales, retail, commerce, marketing",2025,2,False
United Kingdom,"Sales, retail, commerce, marketing",2023,146,True
United States,"Sales, retail, commerce, marketing",2019,1478,True
United States,"Sales, retail, commerce, marketing",2020,954,True
China (mainland),"Sales, retail, commerce, marketing",2019,62,True
Germany,"Sales, retail, commerce, marketing",2024,43,True
Chile,"Sales, retail, commerce, marketing",2024,0,True
Georgia,"Sales, retail, commerce, marketing",2024,0,True
Singapore,Semiconductor,2021,9,True
Finland,Simulation,2018,0,True
Germany,Software,2015,917,True
United Kingdom,Software,2023,1694,True
Italy,Software,2017,5,True
Peru,Software,2023,1,True
Switzerland,Software,2019,237,True
Egypt,Software,2025,8,False
Uruguay,Software,2023,0,True
Japan,Software,2015,34,True
Ghana,Software,2023,0,True
Sri Lanka,Software,2018,2,True
Mexico,Software,2019,5,True
Uganda,Software,2023,0,True
South Africa,Software,2017,29,True
Brazil,Software,2018,18,True
Seychelles,Software,2015,0,True
Jordan,Software,2018,0,True
Spain,Speech Recognition,2022,0,True
Argentina,Sports,2020,0,True
Denmark,Sports,2019,1,True
Turkey,Telecommunications,2023,1,True
Australia,Telecommunications,2025,0,False
United Kingdom,Telecommunications,2024,5,True
Netherlands,Transportation,2019,2,True
Finland,Transportation,2022,579,True
Qatar,Transportation,2020,0,True
Germany,Transportation,2015,670,True
Germany,Transportation,2017,15,True
India,Transportation,2022,58,True
France,Transportation,2020,12,True
France,Transportation,2023,32,True
Spain,Agriculture,2025,2,False
Bangladesh,Agriculture,2019,0,True
New Zealand,Agriculture,2022,0,True
Kenya,Agriculture,2020,4,True
Estonia,Agriculture,2022,2,True
Malaysia,Agriculture,2019,0,True
Colombia,All,2023,11,True
Lithuania,All,2022,1,True
Malta,All,2020,2,True
Norway,All,2019,90,True
Netherlands,All,2024,453,True
Philippines,All,2016,1,True
Philippines,All,2022,62,True
Dominican Republic,All,2021,0,True
Singapore,All,2023,1017,True
Israel,All,2016,309,True
Turkey,All,2019,10,True
Turkey,All,2025,58,False
China (mainland),All,2015,782,True
Nigeria,All,2023,12,True
Brazil,All,2022,958,True
Latvia,All,2016,0,True
Latvia,All,2022,1,True
Taiwan,All,2016,16,True
Ireland,Biotechnology,2016,3,True
France,Biotechnology,2019,9,True
Taiwan,Biotechnology,2023,7,True
Spain,Biotechnology,2020,4,True
United Kingdom,Biotechnology,2025,256,False
Germany,Biotechnology,2020,2,True
Denmark,Community and Lifestyle,2019,0,True
Bangladesh,Community and Lifestyle,2023,0,True
Romania,Community and Lifestyle,2020,0,True
Japan,Community and Lifestyle,2023,2,True
Brazil,Community and Lifestyle,2017,0,True
South Korea,Computer Vision,2020,20,True
Germany,Computer Vision,2019,8,True
Norway,Computer Vision,2024,1,True
United Kingdom,Computer Vision,2015,62,True
Bulgaria,Computer Vision,2021,0,True
France,Consumer goods,2016,4,True
Germany,Consumer goods,2015,11,True
Poland,Consumer goods,2021,1,True
Austria,Consumer goods,2017,1,True
Austria,Consumer goods,2018,1,True
Mexico,Consumer goods,2015,0,True
Singapore,Consumer goods,2017,1,True
Saudi Arabia,Consumer goods,2018,0,True
Estonia,Consumer goods,2019,0,True
Ireland,Cyber Security,2022,4,True
Spain,Cyber Security,2016,0,True
Panama,Data and analytics,2025,15,False
Netherlands,Data and analytics,2022,185,True
Kenya,Data and analytics,2024,5,True
Kazakhstan,Data and analytics,2023,2,True
Philippines,Data and analytics,2025,97,False
Slovakia,Data and analytics,2024,0,True
Taiwan,Data and analytics,2017,9,True
South Korea,Data and analytics,2023,654,True
Australia,Data and analytics,2018,35,True
Uruguay,Data and analytics,2021,0,True
Zambia,Data and analytics,2021,0,True
Côte d'Ivoire,Data and analytics,2023,0,True
Dominican Republic,Data and analytics,2022,0,True
United States,Data and analytics,2015,6934,True
United States,Data and analytics,2022,23264,True
Austria,Data and analytics,2015,1,True
Austria,Education,2022,1,True
India,Education,2020,27,True
Italy,Education,2020,0,True
Estonia,Education,2022,2,True
Germany,Education,2020,10,True
Ukraine,Education,2018,0,True
Finland,Education,2016,0,True
Japan,Education,2023,1,True
China (mainland),Energy and natural resources,2021,71,True
South Korea,Energy and natural resources,2021,5,True
Sweden,Energy and natural resources,2024,980,True
Finland,Energy and natural resources,2022,3,True
Singapore,Energy and natural resources,2022,123,True
South Africa,Energy and natural resources,2025,0,False
United States,Facial Recognition,2019,1,True
Spain,Facial Recognition,2016,0,True
Saudi Arabia,Finance,2023,1193,True
India,Finance,2017,13,True
Cyprus,Finance,2019,1,True
France,Finance,2020,28,True
Portugal,Finance,2015,4,True
Bulgaria,Finance,2021,0,True
Thailand,Finance,2023,2,True
Chile,Finance,2018,0,True
China (mainland),Gaming,2019,2,True
Estonia,Gaming,2022,1,True
Chile,Gaming,2016,0,True
Poland,Gaming,2022,0,True
Qatar,General purpose,2020,0,True
Cyprus,General purpose,2015,2,True
Chile,General purpose,2021,34,True
Uruguay,General purpose,2020,2,True
Hungary,General purpose,2020,2,True
Indonesia,General purpose,2016,2,True
Denmark,General purpose,2021,46,True
Brazil,General purpose,2021,75,True
Bulgaria,General purpose,2023,4,True
Uganda,General purpose,2020,0,True
Israel,Hardware,2016,49,True
Greece,Hardware,2019,1,True
Peru,Hardware,2022,0,True
Ukraine,Hardware,2024,1,True
Latvia,Hardware,2022,1,True
Ireland,Hardware,2023,4,True
Austria,Hardware,2025,22,False
South Korea,Hardware,2017,9,True
Japan,Healthcare and Life Sciences,2015,3,True
South Korea,Healthcare and Life Sciences,2024,59,True
Switzerland,Healthcare and Life Sciences,2016,2,True
Switzerland,Healthcare and Life Sciences,2025,9,False
India,Healthcare and Life Sciences,2023,15,True
France,Healthcare and Life Sciences,2021,147,True
Peru,Healthcare and Life Sciences,2024,0,True
Cyprus,Healthcare and Life Sciences,2025,18,False
Sweden,Healthcare and Life Sciences,2017,6,True
Saudi Arabia,Healthcare and Life Sciences,2019,3,True
South Africa,Information Technology,2025,0,False
Italy,Information Technology,2018,8,True
Taiwan,Information Technology,2018,3,True
Bosnia and Herzegovina,Information Technology,2020,0,True
France,Information Technology,2017,42,True
Indonesia,Information Technology,2016,2,True
Spain,Information Technology,2020,15,True
Dominican Republic,Information Technology,2024,0,True
Belgium,Information Technology,2015,17,True
New Zealand,Information Technology,2019,0,True
Uganda,Information Technology,2019,0,True
Nigeria,Information Technology,2017,0,True
Nigeria,Information Technology,2023,1,True
Chile,Information Technology,2019,0,True
Netherlands,Lending and Investments,2023,165,True
Jamaica,Lending and Investments,2018,0,True
Israel,Manufacturing,2016,6,True
Israel,Manufacturing,2019,27,True
Hungary,Manufacturing,2018,0,True
Cyprus,Manufacturing,2021,2,True
China (mainland),Manufacturing,2017,73,True
Poland,Manufacturing,2020,2,True
Germany,Manufacturing,2019,7,True
Japan,Manufacturing,2019,75,True
Japan,Manufacturing,2021,14,True
Egypt,Manufacturing,2021,0,True
Turkey,Manufacturing,2024,1,True
Sri Lanka,Media and Entertainment,2019,1,True
Italy,Media and Entertainment,2021,3,True
Ireland,Media and Entertainment,2023,14,True
Hungary,Media and Entertainment,2021,1,True
Malaysia,Media and Entertainment,2022,0,True
Lithuania,Media and Entertainment,2025,1,False
United States,Media and Entertainment,2020,299,True
Switzerland,Media and Entertainment,2021,58,True
Switzerland,Media and Entertainment,2022,5,True
United Kingdom,"Military, public safety and government",2025,5,False
South Korea,"Military, public safety and government",2022,7,True
Spain,"Military, public safety and government",2019,0,True
Mexico,"Military, public safety and government",2017,0,True
Lithuania,"Military, public safety and government",2024,0,True
Romania,"Military, public safety and government",2025,3,False
Netherlands,"Military, public safety and government",2016,0,True
Brazil,"Military, public safety and government",2024,3,True
Turkey,"Mobile, platforms & Internet services",2021,8,True
Turkey,"Mobile, platforms & Internet services",2022,13,True
United States,"Mobile, platforms & Internet services",2016,2479,True
Italy,"Mobile, platforms & Internet services",2022,5,True
Vietnam,"Mobile, platforms & Internet services",2024,3,True
Saudi Arabia,"Mobile, platforms & Internet services",2020,9,True
Kenya,"Mobile, platforms & Internet services",2023,0,True
Spain,"Mobile, platforms & Internet services",2015,7,True
Estonia,"Mobile, platforms & Internet services",2022,1,True
Russia,"Mobile, platforms & Internet services",2023,1,True
Cyprus,"Mobile, platforms & Internet services",2024,3,True
Germany,"Mobile, platforms & Internet services",2023,46,True
France,NLP,2020,4,True
France,NLP,2022,1,True
Switzerland,NLP,2021,4,True
India,NLP,2017,3,True
Mongolia,NLP,2019,0,True
United Kingdom,Navigation and mapping,2022,29,True
Australia,Navigation and mapping,2020,0,True
Australia,Navigation and mapping,2023,9,True
Germany,Navigation and mapping,2024,20,True
Italy,Navigation and mapping,2022,0,True
Slovakia,Navigation and mapping,2020,1,True
France,Other,2023,19,True
Chile,Other,2021,4,True
United States,Other,2020,903,True
Bulgaria,Other,2015,0,True
Australia,Other,2019,1,True
Vietnam,Other,2023,0,True
Thailand,Other,2020,1,True
Czechia,Other,2019,0,True
Poland,Other,2019,1,True
Russia,Other,2024,0,True
Chile,Privacy and Security,2022,0,True
Portugal,Privacy and Security,2016,0,True
Australia,Privacy and Security,2015,0,True
Canada,Privacy and Security,2024,43,True
Estonia,Privacy and Security,2019,0,True
Vietnam,Privacy and Security,2023,1,True
Italy,Privacy and Security,2023,5,True
Denmark,Privacy and Security,2024,1,True
China (mainland),Privacy and Security,2017,54,True
United States,Professional services,2016,535,True
Estonia,Professional services,2023,2,True
Canada,Professional services,2022,1003,True
Romania,Professional services,2022,0,True
Netherlands,Professional services,2018,3,True
Switzerland,Professional services,2022,1,True
United Kingdom,Real estate,2021,16,True
Estonia,Real estate,2023,3,True
United States,Real estate,2019,214,True
Mexico,Real estate,2020,25,True
South Korea,Real estate,2020,6,True
Turkey,Real estate,2024,0,True
Poland,Real estate,2021,1,True
Germany,Real estate,2019,12,True
Hungary,Real estate,2024,1,True
Netherlands,Robotics,2024,2,True
Romania,Robotics,2020,1,True
Poland,Robotics,2021,2,True
Germany,Robotics,2025,31,False
China (mainland),Robotics,2017,179,True
Poland,"Sales, retail, commerce, marketing",2021,3,True
Sri Lanka,"Sales, retail, commerce, marketing",2021,0,True
Sweden,"Sales, retail, commerce, marketing",2023,3,True
Brazil,"Sales, retail, commerce, marketing",2020,68,True
United Arab Emirates,"Sales, retail, commerce, marketing",2017,1,True
Portugal,"Sales, retail, commerce, marketing",2023,3,True
Luxembourg,"Sales, retail, commerce, marketing",2016,0,True
South Korea,"Sales, retail, commerce, marketing",2019,3,True
Croatia,"Sales, retail, commerce, marketing",2022,2,True
Hungary,"Sales, retail, commerce, marketing",2022,0,True
Israel,"Sales, retail, commerce, marketing",2022,70,True
Denmark,"Sales, retail, commerce, marketing",2017,0,True
South Korea,Semiconductor,2019,1,True
Japan,Semiconductor,2023,8,True
Germany,Semiconductor,2025,3,False
Austria,Simulation,2023,2,True
United States,Simulation,2019,2,True
United States,Simulation,2023,4,True
Canada,Software,2019,483,True
El Salvador,Software,2021,0,True
Serbia,Software,2020,0,True
Japan,Software,2023,284,True
South Korea,Software,2024,499,True
South Korea,Software,2025,180,False
Azerbaijan,Software,2025,0,False
Kazakhstan,Software,2019,0,True
Sri Lanka,Software,2022,0,True
Cyprus,Software,2016,1,True
Greece,Software,2021,4,True
Argentina,Software,2021,1,True
Indonesia,Software,2018,1,True
Latvia,Software,2016,0,True
Nigeria,Software,2022,3,True
China (mainland),Software,2022,1497,True
Singapore,Software,2016,68,True
France,Speech Recognition,2024,2,True
Israel,Speech Recognition,2023,13,True
Romania,Speech Recognition,2021,0,True
Romania,Speech Recognition,2022,0,True
Russia,Speech Recognition,2018,1,True
South Korea,Sports,2021,7,True
Portugal,Transportation,2019,8,True
Japan,Transportation,2024,13,True
Estonia,Transportation,2025,2,False
Austria,Transportation,2024,13,True
Spain,Transportation,2020,5,True
United Arab Emirates,Transportation,2024,54,True
Singapore,Transportation,2020,2,True
Egypt,Transportation,2020,0,True
Netherlands,Transportation,2022,5,True
Morocco,Transportation,2022,0,True
Belgium,Transportation,2020,0,True
Japan,Agriculture,2019,1,True
Israel,Agriculture,2023,16,True
France,Agriculture,2015,1,True
France,Agriculture,2025,1,False
Norway,Agriculture,2018,0,True
United States,Agriculture,2015,6,True
United States,Agriculture,2018,2148,True
Finland,All,2024,731,True
Italy,All,2021,93,True
South Africa,All,2025,15,False
Norway,All,2025,98,False
Serbia,All,2018,1,True
Japan,All,2019,793,True
Japan,All,2021,1108,True
Thailand,All,2025,2,False
United States,All,2018,36471,True
Canada,Biotechnology,2019,17,True
Romania,Biotechnology,2024,2,True
Uruguay,Biotechnology,2025,0,False
Brazil,Biotechnology,2021,0,True
Turkey,Community and Lifestyle,2020,0,True
Israel,Community and Lifestyle,2019,11,True
Tunisia,Community and Lifestyle,2023,0,True
Singapore,Community and Lifestyle,2023,5,True
Netherlands,Computer Vision,2018,2,True
Japan,Computer Vision,2020,3,True
Japan,Computer Vision,2022,1,True
Saudi Arabia,Computer Vision,2015,1,True
United States,Computer Vision,2022,366,True
France,Consumer goods,2017,4,True
France,Consumer goods,2024,5,True
Portugal,Consumer goods,2021,0,True
Italy,Consumer goods,2018,0,True
China (mainland),Consumer goods,2025,80,False
United Kingdom,Consumer goods,2018,41,True
United Kingdom,Consumer goods,2019,29,True
Australia,Cyber Security,2015,0,True
India,Cyber Security,2021,0,True
India,Data and analytics,2020,165,True
Italy,Data and analytics,2018,10,True
Indonesia,Data and analytics,2025,1,False
New Zealand,Data and analytics,2024,15,True
Netherlands,Data and analytics,2018,41,True
Slovakia,Data and analytics,2018,2,True
Mexico,Data and analytics,2023,75,True
Finland,Data and analytics,2025,44,False
Spain,Data and analytics,2021,85,True
Ghana,Data and analytics,2022,1,True
France,Data and analytics,2018,178,True
Lebanon,Data and analytics,2016,0,True
Czechia,Data and analytics,2017,4,True
Turkey,Data and analytics,2023,30,True
Belize,Data and analytics,2019,0,True
Israel,Data and analytics,2018,200,True
Austria,Data and analytics,2017,5,True
Israel,Education,2024,2,True
New Zealand,Education,2021,0,True
South Africa,Education,2025,0,False
Argentina,Education,2020,0,True
Burkina Faso,Education,2023,0,True
Finland,Education,2020,0,True
Poland,Education,2024,10,True
Vietnam,Education,2021,0,True
South Korea,Energy and natural resources,2022,8,True
Switzerland,Energy and natural resources,2023,2,True
Brazil,Energy and natural resources,2019,1,True
Japan,Energy and natural resources,2017,3,True
Spain,Energy and natural resources,2020,1,True
Germany,Finance,2023,37,True
Spain,Finance,2017,58,True
Turkey,Finance,2025,5,False
Japan,Finance,2015,0,True
Qatar,Finance,2020,0,True
Sweden,Finance,2020,3423,True
Canada,Finance,2023,89,True
Israel,Finance,2016,10,True
Norway,Finance,2017,10,True
Norway,Finance,2019,8,True
Vietnam,Finance,2021,6,True
Switzerland,Gaming,2025,1,False
Malta,Gaming,2020,1,True
India,Gaming,2023,2,True
Bangladesh,General purpose,2019,0,True
Pakistan,General purpose,2022,1,True
Mauritius,General purpose,2022,2,True
Hungary,General purpose,2019,4,True
Sweden,General purpose,2017,25,True
Ireland,General purpose,2020,24,True
Denmark,General purpose,2024,59,True
Taiwan,General purpose,2017,9,True
Israel,Hardware,2022,483,True
Italy,Hardware,2019,2,True
Hungary,Hardware,2021,3,True
Finland,Hardware,2021,48,True
Czechia,Hardware,2024,1,True
Poland,Hardware,2021,9,True
Ireland,Hardware,2016,3,True
Sweden,Hardware,2019,12,True
Malaysia,Hardware,2018,0,True
Sri Lanka,Hardware,2019,1,True
Netherlands,Healthcare and Life Sciences,2022,9,True
Bulgaria,Healthcare and Life Sciences,2023,0,True
Denmark,Healthcare and Life Sciences,2015,0,True
Austria,Healthcare and Life Sciences,2016,1,True
Austria,Healthcare and Life Sciences,2020,3,True
Austria,Healthcare and Life Sciences,2025,8,False
Poland,Healthcare and Life Sciences,2018,2,True
Slovenia,Healthcare and Life Sciences,2015,0,True
Luxembourg,Healthcare and Life Sciences,2024,0,True
South Africa,Healthcare and Life Sciences,2021,2,True
Malaysia,Healthcare and Life Sciences,2019,0,True
Malaysia,Healthcare and Life Sciences,2021,1,True
Saudi Arabia,Healthcare and Life Sciences,2018,0,True
Japan,Information Technology,2018,61,True
Japan,Information Technology,2023,182,True
South Africa,Information Technology,2021,3,True
Austria,Information Technology,2019,1,True
Ireland,Information Technology,2021,36,True
Russia,Information Technology,2023,1,True
Kazakhstan,Information Technology,2023,3,True
Lithuania,Information Technology,2020,0,True
Netherlands,Information Technology,2024,119,True
United Kingdom,Lending and Investments,2018,108,True
Singapore,Lending and Investments,2016,1,True
Saudi Arabia,Lending and Investments,2022,1,True
South Africa,Lending and Investments,2015,18,True
Malaysia,Lending and Investments,2021,49,True
Germany,Lending and Investments,2016,22,True
Australia,Lending and Investments,2016,0,True
Thailand,Manufacturing,2021,4,True
China (mainland),Manufacturing,2018,520,True
Sweden,Manufacturing,2023,9,True
Chile,Manufacturing,2024,0,True
Germany,Manufacturing,2023,82,True
Finland,Manufacturing,2025,326,False
Denmark,Manufacturing,2017,1,True
Denmark,Manufacturing,2024,3,True
Denmark,Manufacturing,2025,1,False
Netherlands,Manufacturing,2021,16,True
Vietnam,Media and Entertainment,2023,0,True
Canada,Media and Entertainment,2021,12,True
Germany,Media and Entertainment,2020,4,True
Romania,Media and Entertainment,2017,0,True
Spain,Media and Entertainment,2020,12,True
United States,Media and Entertainment,2025,5399,False
Netherlands,Media and Entertainment,2015,2,True
China (mainland),Media and Entertainment,2017,145,True
Singapore,Media and Entertainment,2024,19,True
United Arab Emirates,Media and Entertainment,2022,1,True
United Kingdom,"Military, public safety and government",2016,1,True
India,"Military, public safety and government",2019,0,True
Germany,"Military, public safety and government",2021,141,True
Germany,"Military, public safety and government",2022,40,True
France,"Military, public safety and government",2023,2,True
Czechia,"Military, public safety and government",2016,1,True
Portugal,"Mobile, platforms & Internet services",2021,4,True
Poland,"Mobile, platforms & Internet services",2023,3,True
Israel,"Mobile, platforms & Internet services",2016,81,True
Italy,"Mobile, platforms & Internet services",2016,6,True
France,"Mobile, platforms & Internet services",2021,33,True
Vietnam,"Mobile, platforms & Internet services",2021,1,True
Taiwan,"Mobile, platforms & Internet services",2022,7,True
Jordan,"Mobile, platforms & Internet services",2016,0,True
Brazil,"Mobile, platforms & Internet services",2022,76,True
United Kingdom,"Mobile, platforms & Internet services",2023,330,True
Sweden,"Mobile, platforms & Internet services",2018,15,True
Mexico,"Mobile, platforms & Internet services",2016,1,True
Malta,"Mobile, platforms & Internet services",2018,0,True
France,NLP,2021,5,True
Australia,NLP,2017,0,True
Colombia,NLP,2023,0,True
Croatia,NLP,2025,0,False
Japan,NLP,2020,4,True
Japan,NLP,2023,2,True
Belgium,NLP,2020,2,True
Poland,NLP,2017,2,True
Japan,Navigation and mapping,2019,0,True
South Africa,Navigation and mapping,2023,1,True
New Zealand,Navigation and mapping,2021,1050,True
India,Navigation and mapping,2019,0,True
South Korea,Navigation and mapping,2019,1,True
France,Other,2017,31,True
Finland,Other,2017,0,True
Indonesia,Other,2019,3,True
New Zealand,Other,2016,0,True
Singapore,Other,2017,8,True
Italy,Other,2023,0,True
Sweden,Other,2020,6,True
Netherlands,Other,2015,0,True
Romania,Other,2020,1,True
Saudi Arabia,Other,2020,3,True
Israel,Privacy and Security,2022,171,True
Japan,Privacy and Security,2021,9,True
Portugal,Privacy and Security,2020,2,True
United States,Privacy and Security,2015,314,True
United States,Privacy and Security,2021,4664,True
Austria,Privacy and Security,2023,0,True
Czechia,Privacy and Security,2017,1,True
Czechia,Privacy and Security,2021,7,True
Czechia,Privacy and Security,2023,11,True
Singapore,Privacy and Security,2021,23,True
Singapore,Privacy and Security,2023,7,True
France,Privacy and Security,2022,46,True
United Arab Emirates,Professional services,2018,1,True
Hungary,Professional services,2022,0,True
India,Professional services,2017,9,True
South Africa,Professional services,2021,1,True
Spain,Professional services,2017,15,True
Spain,Professional services,2023,7,True
Switzerland,Professional services,2019,2,True
Ireland,Professional services,2024,1,True
Germany,Professional services,2020,30,True
Germany,Professional services,2021,23,True
Germany,Professional services,2025,1000,False
Philippines,Professional services,2022,0,True
Czechia,Real estate,2017,1,True
United Arab Emirates,Real estate,2019,0,True
France,Real estate,2021,61,True
Lithuania,Real estate,2024,0,True
Canada,Real estate,2023,45,True
Croatia,Robotics,2019,0,True
Poland,Robotics,2022,3,True
Estonia,Robotics,2021,0,True
Singapore,Robotics,2023,7,True
Australia,Robotics,2017,2,True
Greece,"Sales, retail, commerce, marketing",2016,5,True
Australia,"Sales, retail, commerce, marketing",2018,3,True
Austria,"Sales, retail, commerce, marketing",2022,0,True
Portugal,"Sales, retail, commerce, marketing",2019,7,True
Slovakia,"Sales, retail, commerce, marketing",2025,1,False
Germany,"Sales, retail, commerce, marketing",2025,1206,False
Mexico,"Sales, retail, commerce, marketing",2019,1,True
Canada,Semiconductor,2019,23,True
Germany,Semiconductor,2024,253,True
France,Simulation,2022,0,True
Finland,Simulation,2019,0,True
Tajikistan,Software,2023,0,True
Morocco,Software,2022,0,True
Pakistan,Software,2019,0,True
Tunisia,Software,2024,2,True
Australia,Software,2018,36,True
Portugal,Software,2022,14,True
Bosnia and Herzegovina,Software,2016,0,True
Mexico,Software,2016,2,True
Spain,Software,2022,378,True
Jordan,Software,2020,0,True
Israel,Software,2022,1471,True
Argentina,Software,2025,0,False
Ireland,Software,2021,106,True
Singapore,Speech Recognition,2022,3,True
Poland,Speech Recognition,2015,0,True
United States,Speech Recognition,2022,75,True
India,Speech Recognition,2023,1,True
France,Sports,2021,4,True
Turkey,Sports,2023,0,True
Czechia,Sports,2022,4,True
Finland,Telecommunications,2021,1,True
Ireland,Transportation,2022,4,True
Thailand,Agriculture,2019,0,True
New Zealand,Agriculture,2019,0,True
Finland,Agriculture,2020,2,True
Germany,All,2018,356,True
Kazakhstan,All,2019,0,True
Cyprus,All,2020,27,True
Belgium,All,2019,117,True
Canada,All,2016,563,True
United Arab Emirates,All,2017,12,True
Slovakia,All,2020,7,True
Malaysia,All,2016,0,True
Russia,All,2018,20,True
South Korea,All,2018,178,True
South Korea,All,2019,499,True
Romania,All,2025,63,False
Argentina,All,2020,3,True
Thailand,All,2024,42,True
Portugal,Biotechnology,2016,0,True
Portugal,Biotechnology,2023,6,True
Sweden,Biotechnology,2019,4,True
Australia,Biotechnology,2020,10,True
Spain,Biotechnology,2025,14,False
Finland,Biotechnology,2015,1,True
Finland,Biotechnology,2018,0,True
Denmark,Community and Lifestyle,2024,0,True
Kenya,Community and Lifestyle,2024,0,True
Oman,Community and Lifestyle,2024,3,True
Bangladesh,Community and Lifestyle,2024,0,True
Indonesia,Community and Lifestyle,2025,0,False
Uruguay,Community and Lifestyle,2021,0,True
United States,Community and Lifestyle,2022,647,True
Belgium,Computer Vision,2022,101,True
Philippines,Computer Vision,2022,0,True
China (mainland),Computer Vision,2018,408,True
Romania,Computer Vision,2020,0,True
Portugal,Computer Vision,2025,2,False
France,Computer Vision,2015,1,True
Cyprus,Computer Vision,2020,2,True
Sweden,Computer Vision,2018,5,True
United Arab Emirates,Computer Vision,2025,2,False
United States,Computer Vision,2018,299,True
France,Consumer goods,2022,10,True
Poland,Consumer goods,2025,4,False
Colombia,Consumer goods,2021,0,True
Italy,Consumer goods,2016,1,True
Saudi Arabia,Consumer goods,2019,2,True
Spain,Consumer goods,2017,1,True
Spain,Consumer goods,2023,4,True
Russia,Consumer goods,2019,1,True
United Kingdom,Cyber Security,2016,2,True
Netherlands,Cyber Security,2017,16,True
Sri Lanka,Cyber Security,2023,0,True
Spain,Cyber Security,2019,1,True
Indonesia,Data and analytics,2016,2,True
Switzerland,Data and analytics,2023,63,True
Estonia,Data and analytics,2025,40,False
Jordan,Data and analytics,2019,0,True
Spain,Data and analytics,2018,31,True
Belgium,Data and analytics,2020,118,True
Belgium,Data and analytics,2023,223,True
Australia,Data and analytics,2019,68,True
Australia,Data and analytics,2020,106,True
Ukraine,Data and analytics,2021,0,True
Ukraine,Data and analytics,2024,1,True
France,Data and analytics,2016,80,True
United Kingdom,Data and analytics,2017,243,True
Lithuania,Data and analytics,2023,2,True
Sweden,Data and analytics,2024,98,True
Bulgaria,Education,2022,0,True
Germany,Education,2018,1,True
United Kingdom,Education,2020,11,True
South Korea,Education,2016,2,True
South Korea,Education,2020,14,True
China (mainland),Energy and natural resources,2019,9,True
United Kingdom,Facial Recognition,2023,1,True
Poland,Facial Recognition,2019,0,True
Saudi Arabia,Finance,2025,603,False
Finland,Finance,2019,0,True
China (mainland),Finance,2019,63,True
Lithuania,Finance,2021,0,True
Indonesia,Finance,2019,1,True
Malaysia,Finance,2019,0,True
Portugal,Finance,2017,17,True
Taiwan,Finance,2020,1,True
South Korea,Gaming,2022,2,True
Lithuania,Gaming,2023,0,True
United Kingdom,Gaming,2021,15,True
Poland,Gaming,2020,3,True
Czechia,General purpose,2017,4,True
Czechia,General purpose,2018,2,True
Pakistan,General purpose,2018,0,True
Cyprus,General purpose,2024,37,True
South Africa,General purpose,2018,1,True
Seychelles,General purpose,2021,1,True
Sweden,General purpose,2025,1269,False
Netherlands,General purpose,2019,54,True
Israel,General purpose,2020,445,True
Kuwait,General purpose,2023,4,True
Indonesia,General purpose,2024,0,True
Nigeria,General purpose,2024,4,True
Philippines,General purpose,2022,24,True
Iceland,General purpose,2023,3,True
Taiwan,General purpose,2019,22,True
Italy,Hardware,2018,1,True
Greece,Hardware,2024,0,True
Hungary,Hardware,2015,1,True
Hungary,Hardware,2022,0,True
Japan,Hardware,2021,28,True
Lithuania,Hardware,2023,2,True
Czechia,Hardware,2019,3,True
Austria,Hardware,2015,0,True
Turkey,Hardware,2019,2,True
Turkey,Hardware,2022,26,True
Brazil,Hardware,2024,255,True
Germany,Hardware,2020,29,True
Spain,Hardware,2015,6,True
Netherlands,Healthcare and Life Sciences,2017,8,True
Austria,Healthcare and Life Sciences,2022,3,True
Egypt,Healthcare and Life Sciences,2018,0,True
Egypt,Healthcare and Life Sciences,2023,0,True
Poland,Healthcare and Life Sciences,2017,3,True
Poland,Healthcare and Life Sciences,2019,3,True
France,Healthcare and Life Sciences,2016,7,True
Portugal,Healthcare and Life Sciences,2025,1,False
Japan,Information Technology,2019,51,True
South Africa,Information Technology,2024,6,True
Costa Rica,Information Technology,2025,1,False
Italy,Information Technology,2019,2,True
Poland,Information Technology,2023,6,True
Tunisia,Information Technology,2024,2,True
Finland,Information Technology,2019,19,True
New Zealand,Information Technology,2022,1,True
Turkey,Information Technology,2022,27,True
United Kingdom,Information Technology,2018,143,True
Czechia,Lending and Investments,2016,0,True
Canada,Lending and Investments,2019,11,True
Brazil,Lending and Investments,2023,0,True
Spain,Manufacturing,2017,1,True
Taiwan,Manufacturing,2024,0,True
Taiwan,Manufacturing,2025,15,False
United Kingdom,Manufacturing,2015,1,True
Italy,Manufacturing,2024,1,True
United States,Manufacturing,2019,340,True
Singapore,Manufacturing,2021,12,True
Italy,Media and Entertainment,2020,2,True
United Kingdom,Media and Entertainment,2021,505,True
Estonia,Media and Entertainment,2024,1,True
Ireland,Media and Entertainment,2016,2,True
Hungary,Media and Entertainment,2018,1,True
Brazil,Media and Entertainment,2022,0,True
Nigeria,Media and Entertainment,2018,5,True
United States,Media and Entertainment,2015,195,True
Saudi Arabia,Media and Entertainment,2018,0,True
Japan,Media and Entertainment,2025,20,False
South Korea,Media and Entertainment,2020,2,True
South Korea,Media and Entertainment,2022,49,True
Luxembourg,Media and Entertainment,2016,0,True
Poland,Media and Entertainment,2021,0,True
India,"Military, public safety and government",2023,0,True
India,"Military, public safety and government",2025,8,False
South Africa,"Mobile, platforms & Internet services",2025,11,False
China (mainland),"Mobile, platforms & Internet services",2020,643,True
India,"Mobile, platforms & Internet services",2022,746,True
Denmark,"Mobile, platforms & Internet services",2019,1,True
Denmark,"Mobile, platforms & Internet services",2023,7,True
Australia,"Mobile, platforms & Internet services",2021,12,True
Netherlands,"Mobile, platforms & Internet services",2021,16,True
South Korea,"Mobile, platforms & Internet services",2015,5,True
South Korea,"Mobile, platforms & Internet services",2017,4,True
Chile,"Mobile, platforms & Internet services",2022,1,True
Serbia,"Mobile, platforms & Internet services",2019,0,True
Slovakia,"Mobile, platforms & Internet services",2021,4,True
Norway,"Mobile, platforms & Internet services",2019,7,True
Norway,"Mobile, platforms & Internet services",2021,43,True
Mexico,NLP,2025,55,False
Cyprus,NLP,2020,20,True
Austria,NLP,2021,15,True
Finland,NLP,2019,1,True
Vietnam,NLP,2025,2,False
Luxembourg,Navigation and mapping,2021,1,True
Brazil,Navigation and mapping,2023,0,True
United Arab Emirates,Navigation and mapping,2021,1,True
United States,Navigation and mapping,2016,45,True
Saudi Arabia,Navigation and mapping,2017,0,True
Netherlands,Navigation and mapping,2016,1,True
Netherlands,Navigation and mapping,2023,2,True
South Korea,Navigation and mapping,2017,1,True
Zimbabwe,Other,2023,0,True
United Kingdom,Other,2020,86,True
Saudi Arabia,Other,2022,13,True
Estonia,Privacy and Security,2025,13,False
Singapore,Privacy and Security,2022,27,True
United Kingdom,Privacy and Security,2025,15,False
Poland,Privacy and Security,2025,1,False
United Arab Emirates,Privacy and Security,2022,10,True
Hungary,Professional services,2016,0,True
Israel,Professional services,2020,30,True
Iceland,Professional services,2015,0,True
Ukraine,Professional services,2024,0,True
Australia,Professional services,2025,37,False
Finland,Professional services,2022,0,True
South Korea,Professional services,2018,4,True
Chile,Professional services,2019,0,True
Australia,Real estate,2018,4,True
South Korea,Real estate,2019,2,True
New Zealand,Real estate,2019,0,True
Sweden,Real estate,2021,4,True
India,Robotics,2022,19,True
United Kingdom,Robotics,2022,25,True
South Korea,Robotics,2015,0,True
Italy,Robotics,2017,1,True
Uruguay,"Sales, retail, commerce, marketing",2021,0,True
Australia,"Sales, retail, commerce, marketing",2020,15,True
Japan,"Sales, retail, commerce, marketing",2024,24,True
Spain,"Sales, retail, commerce, marketing",2025,21,False
Sweden,"Sales, retail, commerce, marketing",2024,13,True
Norway,"Sales, retail, commerce, marketing",2021,7,True
Romania,"Sales, retail, commerce, marketing",2018,0,True
Luxembourg,"Sales, retail, commerce, marketing",2015,0,True
United Kingdom,"Sales, retail, commerce, marketing",2018,110,True
Slovakia,"Sales, retail, commerce, marketing",2024,5,True
Ireland,"Sales, retail, commerce, marketing",2022,101,True
Bulgaria,"Sales, retail, commerce, marketing",2024,3,True
Singapore,"Sales, retail, commerce, marketing",2025,115,False
Tunisia,"Sales, retail, commerce, marketing",2024,2,True
Belgium,"Sales, retail, commerce, marketing",2016,1,True
Bosnia and Herzegovina,"Sales, retail, commerce, marketing",2016,0,True
United States,Semiconductor,2021,285,True
Israel,Semiconductor,2024,13,True
Turkey,Software,2023,33,True
Pakistan,Software,2015,0,True
United Arab Emirates,Software,2024,1716,True
Lithuania,Software,2025,11,False
Australia,Software,2020,120,True
Portugal,Software,2024,16,True
Malaysia,Software,2017,0,True
Bangladesh,Software,2019,0,True
Colombia,Software,2016,1,True
Colombia,Software,2020,4,True
Hungary,Software,2021,7,True
Philippines,Software,2022,24,True
Ukraine,Software,2025,0,False
Argentina,Software,2020,0,True
China (mainland),Software,2023,1912,True
Singapore,Software,2015,72,True
Netherlands,Software,2015,34,True
Slovakia,Software,2023,22,True
Lebanon,Software,2015,0,True
United States,Speech Recognition,2015,6,True
Japan,Speech Recognition,2022,0,True
United Kingdom,Speech Recognition,2017,0,True
India,Sports,2025,0,False
Japan,Sports,2019,2,True
Portugal,Sports,2022,0,True
United Kingdom,Telecommunications,2023,32,True
Hungary,Telecommunications,2017,0,True
Japan,Telecommunications,2022,10,True
Israel,Transportation,2024,492,True
Poland,Transportation,2020,4,True
Turkey,Transportation,2021,3,True
Colombia,Transportation,2015,0,True
Saudi Arabia,Transportation,2015,2,True
United Kingdom,Transportation,2025,106,False
France,Transportation,2024,17,True
Brazil,Agriculture,2015,0,True
Hungary,Agriculture,2023,1,True
Belgium,Agriculture,2024,14,True
Serbia,Agriculture,2022,0,True
China (mainland),Agriculture,2021,45,True
Egypt,Agriculture,2021,0,True
Singapore,Agriculture,2022,3,True
Estonia,Agriculture,2020,0,True
Greece,All,2020,21,True
Portugal,All,2023,51,True
Spain,All,2021,271,True
Zimbabwe,All,2023,0,True
Lithuania,All,2023,7,True
New Zealand,All,2017,2,True
France,All,2019,970,True
France,All,2023,1741,True
Finland,All,2020,211,True
Cyprus,All,2016,1,True
Kenya,All,2018,2,True
Hungary,All,2020,9,True
Ukraine,All,2023,3,True
Netherlands,All,2023,492,True
Australia,All,2024,2184,True
Chile,All,2025,3,False
Romania,All,2023,76,True
Croatia,All,2025,0,False
Tunisia,All,2020,0,True
Peru,All,2025,0,False
Austria,Biotechnology,2020,3,True
South Africa,Biotechnology,2022,4,True
Hungary,Biotechnology,2021,1,True
New Zealand,Biotechnology,2023,0,True
Canada,Biotechnology,2021,31,True
Norway,Biotechnology,2017,0,True
United Kingdom,Biotechnology,2023,103,True
Ireland,Community and Lifestyle,2020,2,True
Egypt,Community and Lifestyle,2024,1,True
Portugal,Community and Lifestyle,2020,0,True
South Korea,Community and Lifestyle,2020,1,True
Japan,Community and Lifestyle,2022,10,True
France,Community and Lifestyle,2021,3,True
Bangladesh,Computer Vision,2019,0,True
Austria,Consumer goods,2019,0,True
South Africa,Consumer goods,2017,0,True
United States,Cyber Security,2023,2007,True
Norway,Cyber Security,2025,2,False
Spain,Cyber Security,2020,3,True
Spain,Cyber Security,2023,0,True
Israel,Cyber Security,2023,33,True
Ireland,Data and analytics,2016,12,True
Netherlands,Data and analytics,2021,195,True
Mexico,Data and analytics,2021,12,True
Mauritius,Data and analytics,2022,2,True
Colombia,Data and analytics,2017,1,True
Argentina,Data and analytics,2016,0,True
Argentina,Data and analytics,2025,0,False
Latvia,Data and analytics,2022,0,True
China (mainland),Data and analytics,2025,1666,False
Lithuania,Data and analytics,2022,0,True
Turkey,Data and analytics,2018,4,True
Greece,Data and analytics,2022,11,True
Brazil,Data and analytics,2021,86,True
Cyprus,Data and analytics,2023,0,True
Cyprus,Data and analytics,2024,34,True
Saudi Arabia,Data and analytics,2021,228,True
Austria,Education,2017,1,True
Italy,Education,2015,0,True
United Kingdom,Education,2017,4,True
Egypt,Education,2022,1,True
South Korea,Education,2025,3,False
Sweden,Education,2021,26,True
Brazil,Energy and natural resources,2022,0,True
Luxembourg,Energy and natural resources,2025,0,False
Japan,Energy and natural resources,2023,0,True
Turkey,Finance,2019,0,True
Ireland,Finance,2020,2,True
South Africa,Finance,2016,0,True
Serbia,Finance,2019,0,True
Taiwan,Finance,2024,10,True
Israel,Finance,2015,12,True
Russia,Finance,2016,3,True
Chile,Gaming,2021,0,True
Cyprus,Gaming,2016,1,True
United States,Gaming,2018,34,True
Thailand,General purpose,2020,1,True
United Kingdom,General purpose,2017,234,True
El Salvador,General purpose,2025,6,False
Sweden,General purpose,2024,93,True
Georgia,General purpose,2023,0,True
Estonia,General purpose,2021,46,True
Zambia,General purpose,2021,0,True
Colombia,General purpose,2021,7,True
Poland,General purpose,2025,24,False
Iceland,General purpose,2025,3,False
Egypt,Hardware,2023,0,True
Italy,Hardware,2024,6,True
South Africa,Hardware,2019,2,True
Kazakhstan,Hardware,2023,1,True
Poland,Hardware,2018,3,True
South Korea,Hardware,2018,13,True
Japan,Healthcare and Life Sciences,2022,41,True
South Korea,Healthcare and Life Sciences,2025,14,False
Mexico,Healthcare and Life Sciences,2025,1,False
Austria,Healthcare and Life Sciences,2021,63,True
Argentina,Healthcare and Life Sciences,2019,1,True
Colombia,Healthcare and Life Sciences,2020,0,True
Sri Lanka,Healthcare and Life Sciences,2023,0,True
Norway,Healthcare and Life Sciences,2018,0,True
Denmark,Information Technology,2025,14,False
United Arab Emirates,Information Technology,2017,5,True
Greece,Information Technology,2018,0,True
Indonesia,Information Technology,2023,2,True
Argentina,Information Technology,2025,0,False
Latvia,Information Technology,2019,2,True
Finland,Information Technology,2017,6,True
Czechia,Information Technology,2020,5,True
New Zealand,Information Technology,2020,0,True
South Korea,Information Technology,2020,58,True
Brazil,Information Technology,2020,203,True
Estonia,Information Technology,2019,1,True
Seychelles,Information Technology,2015,0,True
Chile,Information Technology,2016,0,True
Chile,Information Technology,2018,2,True
Hungary,Information Technology,2019,1,True
Portugal,Information Technology,2025,18,False
North Macedonia,Information Technology,2024,0,True
Romania,Information Technology,2024,2,True
Ireland,Lending and Investments,2020,0,True
United States,Lending and Investments,2020,304,True
Spain,Lending and Investments,2019,3,True
India,Lending and Investments,2024,3,True
Vietnam,Lending and Investments,2022,3,True
France,Lending and Investments,2020,4,True
France,Lending and Investments,2023,5,True
Spain,Manufacturing,2022,7,True
Israel,Manufacturing,2022,160,True
Croatia,Manufacturing,2023,0,True
Australia,Manufacturing,2023,21,True
Iceland,Manufacturing,2018,2,True
Norway,Manufacturing,2019,2,True
Sri Lanka,Manufacturing,2025,0,False
Czechia,Media and Entertainment,2018,0,True
Spain,Media and Entertainment,2015,1,True
Japan,Media and Entertainment,2015,5,True
Cyprus,Media and Entertainment,2022,0,True
South Korea,Media and Entertainment,2015,5,True
South Korea,Media and Entertainment,2017,0,True
China (mainland),Media and Entertainment,2022,37,True
Taiwan,Media and Entertainment,2017,0,True
Germany,"Military, public safety and government",2018,1,True
Belgium,"Military, public safety and government",2019,1,True
New Zealand,"Mobile, platforms & Internet services",2024,1,True
Portugal,"Mobile, platforms & Internet services",2022,2,True
Romania,"Mobile, platforms & Internet services",2024,1,True
Czechia,"Mobile, platforms & Internet services",2021,1,True
Denmark,"Mobile, platforms & Internet services",2024,5,True
South Korea,"Mobile, platforms & Internet services",2023,137,True
Chile,"Mobile, platforms & Internet services",2016,0,True
United Kingdom,"Mobile, platforms & Internet services",2017,176,True
Lithuania,"Mobile, platforms & Internet services",2020,0,True
Colombia,"Mobile, platforms & Internet services",2018,0,True
France,NLP,2024,43,True
Australia,NLP,2019,0,True
North Macedonia,NLP,2024,0,True
United Kingdom,NLP,2020,31,True
Israel,NLP,2021,6,True
Ireland,NLP,2016,0,True
United States,Navigation and mapping,2018,100,True
United States,Navigation and mapping,2021,268,True
South Korea,Navigation and mapping,2024,16,True
Taiwan,Other,2017,2,True
France,Other,2025,30,False
China (mainland),Other,2017,37,True
Ghana,Other,2022,0,True
Indonesia,Other,2025,0,False
New Zealand,Other,2022,0,True
Norway,Other,2023,0,True
Hungary,Other,2020,1,True
Denmark,Other,2023,2,True
India,Other,2015,31,True
Poland,Other,2023,0,True
Egypt,Other,2018,0,True
South Korea,Other,2016,2,True
South Korea,Other,2017,4,True
Lithuania,Privacy and Security,2025,0,False
New Zealand,Privacy and Security,2024,6,True
Portugal,Privacy and Security,2015,4,True
Belgium,Privacy and Security,2022,0,True
Canada,Privacy and Security,2020,15,True
Slovenia,Privacy and Security,2017,0,True
Mexico,Privacy and Security,2020,2,True
Singapore,Privacy and Security,2018,5,True
South Korea,Privacy and Security,2019,6,True
Romania,Privacy and Security,2021,4,True
Japan,Professional services,2021,63,True
Israel,Professional services,2017,7,True
Taiwan,Professional services,2022,0,True
Switzerland,Professional services,2015,0,True
Poland,Professional services,2019,1,True
Poland,Professional services,2022,0,True
Finland,Professional services,2017,0,True
South Korea,Professional services,2019,10,True
Sweden,Professional services,2022,30,True
Italy,Professional services,2016,0,True
Italy,Professional services,2025,16,False
France,Professional services,2016,3,True
Australia,Real estate,2023,1,True
Brazil,Real estate,2024,2,True
Russia,Real estate,2024,1,True
South Korea,Real estate,2015,0,True
South Korea,Real estate,2025,1,False
Mauritius,Real estate,2021,20,True
Vietnam,Real estate,2022,0,True
France,Robotics,2023,0,True
Czechia,Robotics,2021,1,True
Japan,Robotics,2017,115,True
Malaysia,Robotics,2022,0,True
Sweden,"Sales, retail, commerce, marketing",2017,6,True
Sweden,"Sales, retail, commerce, marketing",2025,2,False
Brazil,"Sales, retail, commerce, marketing",2022,303,True
Romania,"Sales, retail, commerce, marketing",2016,1,True
South Korea,"Sales, retail, commerce, marketing",2015,1,True
Russia,"Sales, retail, commerce, marketing",2015,0,True
Egypt,"Sales, retail, commerce, marketing",2023,0,True
India,"Sales, retail, commerce, marketing",2020,23,True
Taiwan,"Sales, retail, commerce, marketing",2024,15,True
Denmark,"Sales, retail, commerce, marketing",2020,17,True
Belgium,"Sales, retail, commerce, marketing",2017,16,True
Saint Kitts and Nevis,"Sales, retail, commerce, marketing",2021,0,True
Belgium,Semiconductor,2018,6,True
Israel,Semiconductor,2019,19,True
Israel,Semiconductor,2020,21,True
Netherlands,Semiconductor,2021,3,True
Denmark,Semiconductor,2024,0,True
Germany,Simulation,2024,1,True
France,Simulation,2018,3,True
Poland,Simulation,2017,0,True
China (mainland),Simulation,2015,2,True
Bulgaria,Software,2019,2,True
Slovenia,Software,2017,0,True
Slovenia,Software,2020,1,True
Italy,Software,2020,25,True
Uzbekistan,Software,2025,0,False
Vietnam,Software,2018,0,True
Australia,Software,2021,866,True
Azerbaijan,Software,2022,0,True
Colombia,Software,2025,1,False
Botswana,Software,2021,0,True
South Africa,Software,2015,18,True
Sweden,Software,2024,100,True
Brazil,Software,2016,4,True
Brazil,Software,2017,7,True
Singapore,Software,2025,569,False
Slovakia,Software,2021,5,True
Spain,Speech Recognition,2017,1,True
United Kingdom,Speech Recognition,2019,7,True
Singapore,Sports,2020,1,True
France,Sports,2020,2,True
Australia,Sports,2025,0,False
Italy,Sports,2018,0,True
Italy,Sports,2022,0,True
China (mainland),Sports,2018,4,True
Canada,Sports,2021,3,True
Canada,Telecommunications,2024,0,True
India,Telecommunications,2016,11,True
Israel,Transportation,2023,79,True
Austria,Transportation,2021,5,True
Austria,Transportation,2022,2,True
Turkey,Transportation,2022,2,True
Singapore,Transportation,2021,22,True
Chile,Transportation,2022,0,True
Italy,Transportation,2015,30,True
Hungary,Agriculture,2024,1,True
Denmark,Agriculture,2020,0,True
India,Agriculture,2018,6,True
India,Agriculture,2024,28,True
Israel,Agriculture,2015,2,True
Chile,Agriculture,2018,0,True
Kenya,Agriculture,2022,3,True
Germany,All,2022,3219,True
Portugal,All,2021,261,True
Colombia,All,2015,0,True
France,All,2020,1228,True
Canada,All,2018,742,True
Tanzania,All,2023,0,True
Denmark,All,2018,193,True
Slovenia,All,2015,0,True
Slovenia,All,2017,0,True
Poland,All,2023,26,True
Sri Lanka,All,2019,1,True
Sri Lanka,All,2022,0,True
Ukraine,All,2020,7,True
Slovakia,All,2018,4,True
Slovakia,All,2025,13,False
Mexico,All,2021,153,True
Chile,All,2022,76,True
Singapore,All,2025,912,False
Luxembourg,All,2016,0,True
Thailand,All,2016,1,True
Canada,Biotechnology,2023,70,True
China (mainland),Biotechnology,2022,121,True
Brazil,Biotechnology,2019,0,True
Estonia,Community and Lifestyle,2020,0,True
Tunisia,Community and Lifestyle,2024,0,True
Mexico,Community and Lifestyle,2023,0,True
Brazil,Community and Lifestyle,2019,0,True
Brazil,Community and Lifestyle,2022,4,True
Germany,Computer Vision,2025,3,False
Netherlands,Computer Vision,2020,1,True
Israel,Computer Vision,2018,47,True
Estonia,Computer Vision,2020,0,True
Brazil,Computer Vision,2019,0,True
France,Computer Vision,2022,17,True
Thailand,Computer Vision,2022,0,True
Ireland,Consumer goods,2020,12,True
Portugal,Cyber Security,2022,2,True
Canada,Cyber Security,2024,18,True
Turkey,Cyber Security,2020,0,True
Turkey,Cyber Security,2021,0,True
Switzerland,Cyber Security,2019,150,True
Japan,Data and analytics,2022,89,True
Egypt,Data and analytics,2021,1,True
Indonesia,Data and analytics,2024,0,True
Canada,Data and analytics,2021,669,True
Ireland,Data and analytics,2024,49,True
Kazakhstan,Data and analytics,2024,0,True
Mexico,Data and analytics,2016,1,True
Uganda,Data and analytics,2022,0,True
Uganda,Data and analytics,2023,0,True
Belgium,Data and analytics,2016,3,True
Peru,Data and analytics,2018,0,True
Seychelles,Data and analytics,2021,1,True
Portugal,Data and analytics,2018,8,True
Dominican Republic,Data and analytics,2024,0,True
Saudi Arabia,Data and analytics,2015,2,True
United States,Education,2024,284,True
Mexico,Education,2023,0,True
United Kingdom,Education,2015,1,True
Ireland,Education,2024,0,True
Finland,Education,2017,2,True
Tunisia,Education,2022,0,True
China (mainland),Energy and natural resources,2017,1,True
Poland,Energy and natural resources,2021,0,True
Germany,Energy and natural resources,2017,5,True
Thailand,Energy and natural resources,2018,0,True
Norway,Energy and natural resources,2025,34,False
Kenya,Energy and natural resources,2017,0,True
Portugal,Energy and natural resources,2019,1,True
Canada,Energy and natural resources,2020,20,True
Spain,Energy and natural resources,2015,1,True
Spain,Energy and natural resources,2018,4,True
United States,Facial Recognition,2025,3,False
Israel,Facial Recognition,2019,0,True
France,Facial Recognition,2022,0,True
Belgium,Finance,2015,0,True
Belgium,Finance,2022,103,True
Brazil,Finance,2023,137,True
Germany,Finance,2020,29,True
Cyprus,Finance,2024,32,True
Zimbabwe,Finance,2024,1,True
Iceland,Finance,2017,0,True
Nigeria,Finance,2017,0,True
Nigeria,Finance,2022,2,True
Nigeria,Finance,2023,2,True
Australia,Finance,2021,397,True
Mauritius,Finance,2020,1,True
Italy,Finance,2021,4,True
Australia,Gaming,2019,1,True
Chile,Gaming,2015,0,True
Israel,Gaming,2022,7,True
United Kingdom,Gaming,2015,2,True
India,Gaming,2022,3,True
Vietnam,General purpose,2022,3,True
France,General purpose,2019,359,True
Portugal,General purpose,2023,19,True
Dominican Republic,General purpose,2020,0,True
United Kingdom,General purpose,2018,410,True
United States,General purpose,2025,96853,False
Egypt,General purpose,2017,0,True
Kenya,General purpose,2019,0,True
Indonesia,General purpose,2021,75,True
South Korea,General purpose,2021,2132,True
Taiwan,General purpose,2021,68,True
Bangladesh,Hardware,2024,0,True
Iceland,Hardware,2018,2,True
Hungary,Hardware,2017,0,True
Chile,Hardware,2022,1,True
Pakistan,Hardware,2015,0,True
Romania,Hardware,2023,1,True
Cyprus,Hardware,2020,2,True
Singapore,Hardware,2023,64,True
Sweden,Hardware,2020,9,True
Malaysia,Hardware,2025,58,False
Canada,Hardware,2017,43,True
Italy,Healthcare and Life Sciences,2019,2,True
Singapore,Healthcare and Life Sciences,2023,63,True
United Kingdom,Healthcare and Life Sciences,2018,72,True
Germany,Healthcare and Life Sciences,2025,49,False
Romania,Healthcare and Life Sciences,2021,11,True
Romania,Healthcare and Life Sciences,2022,0,True
India,Healthcare and Life Sciences,2016,2,True
India,Healthcare and Life Sciences,2025,24,False
Canada,Healthcare and Life Sciences,2022,64,True
France,Healthcare and Life Sciences,2019,96,True
China (mainland),Healthcare and Life Sciences,2020,208,True
Kenya,Healthcare and Life Sciences,2024,1,True
Peru,Healthcare and Life Sciences,2021,0,True
Taiwan,Healthcare and Life Sciences,2017,2,True
South Africa,Healthcare and Life Sciences,2023,1,True
South Africa,Healthcare and Life Sciences,2024,0,True
United Arab Emirates,Information Technology,2023,52,True
Cyprus,Information Technology,2022,0,True
Poland,Information Technology,2020,12,True
Australia,Information Technology,2019,8,True
Finland,Information Technology,2020,21,True
United States,Information Technology,2024,17522,True
Kenya,Information Technology,2019,0,True
Saudi Arabia,Information Technology,2022,93,True
Thailand,Information Technology,2022,0,True
Canada,Information Technology,2019,206,True
Israel,Information Technology,2022,715,True
Norway,Lending and Investments,2017,2,True
Vietnam,Lending and Investments,2018,0,True
United Kingdom,Manufacturing,2024,50,True
Sweden,Manufacturing,2018,3,True
Sweden,Manufacturing,2024,11,True
Singapore,Manufacturing,2020,14,True
Indonesia,Media and Entertainment,2024,0,True
United Kingdom,Media and Entertainment,2025,1631,False
Ireland,Media and Entertainment,2020,4,True
Belgium,Media and Entertainment,2019,2,True
Austria,Media and Entertainment,2021,16,True
Canada,Media and Entertainment,2018,49,True
France,Media and Entertainment,2016,2,True
Germany,Media and Entertainment,2021,18,True
Spain,Media and Entertainment,2016,0,True
Portugal,Media and Entertainment,2016,0,True
United Arab Emirates,Media and Entertainment,2020,0,True
Luxembourg,Media and Entertainment,2020,2,True
United Kingdom,"Military, public safety and government",2023,9,True
Germany,"Military, public safety and government",2015,8,True
Latvia,"Mobile, platforms & Internet services",2019,0,True
Canada,"Mobile, platforms & Internet services",2023,158,True
Nigeria,"Mobile, platforms & Internet services",2025,1,False
Argentina,"Mobile, platforms & Internet services",2015,0,True
South Korea,"Mobile, platforms & Internet services",2025,25,False
Brazil,"Mobile, platforms & Internet services",2023,11,True
Chile,"Mobile, platforms & Internet services",2018,2,True
Slovakia,"Mobile, platforms & Internet services",2020,0,True
Sweden,"Mobile, platforms & Internet services",2025,8,False
Mexico,"Mobile, platforms & Internet services",2017,2,True
Mexico,"Mobile, platforms & Internet services",2022,7,True
Iceland,NLP,2021,0,True
China (mainland),NLP,2015,63,True
China (mainland),NLP,2018,172,True
Brazil,NLP,2019,32,True
Hungary,NLP,2019,2,True
Italy,NLP,2021,32,True
Slovakia,NLP,2015,0,True
Poland,NLP,2018,0,True
Sweden,Navigation and mapping,2024,4,True
Australia,Other,2022,24,True
Cyprus,Other,2024,0,True
Canada,Other,2023,9,True
Czechia,Other,2024,1,True
Denmark,Other,2019,7,True
India,Other,2019,108,True
Slovenia,Other,2019,0,True
Sweden,Other,2019,5,True
Netherlands,Other,2024,8,True
United Kingdom,Other,2021,171,True
Russia,Other,2015,0,True
Greece,Privacy and Security,2022,7,True
Australia,Privacy and Security,2022,3,True
Croatia,Privacy and Security,2024,1,True
Norway,Privacy and Security,2015,0,True
Brazil,Privacy and Security,2019,2,True
Belgium,Professional services,2023,2,True
Japan,Professional services,2018,20,True
Israel,Professional services,2025,37,False
South Africa,Professional services,2017,0,True
Austria,Professional services,2024,11,True
Denmark,Professional services,2024,3,True
Uruguay,Professional services,2025,0,False
France,Professional services,2018,29,True
France,Professional services,2021,53,True
Australia,Real estate,2024,3,True
Slovakia,Real estate,2023,0,True
Japan,Real estate,2025,6,False
United Arab Emirates,Real estate,2025,5,False
Singapore,Real estate,2021,4,True
Israel,Real estate,2015,1,True
Lithuania,Real estate,2020,0,True
Canada,Real estate,2024,19,True
Germany,Robotics,2016,3,True
South Korea,Robotics,2019,3,True
Australia,Robotics,2022,17,True
Portugal,"Sales, retail, commerce, marketing",2021,4,True
New Zealand,"Sales, retail, commerce, marketing",2021,3,True
China (mainland),"Sales, retail, commerce, marketing",2017,46,True
China (mainland),"Sales, retail, commerce, marketing",2024,19,True
Czechia,"Sales, retail, commerce, marketing",2022,56,True
Ireland,"Sales, retail, commerce, marketing",2025,57,False
Bulgaria,"Sales, retail, commerce, marketing",2021,1,True
Mexico,"Sales, retail, commerce, marketing",2024,1,True
Switzerland,Semiconductor,2020,1,True
United States,Semiconductor,2022,107,True
China (mainland),Semiconductor,2022,228,True
France,Semiconductor,2018,8,True
Bulgaria,Software,2015,0,True
Romania,Software,2022,6,True
Canada,Software,2022,2862,True
Russia,Software,2024,4,True
Uruguay,Software,2020,2,True
Uruguay,Software,2022,3,True
Uruguay,Software,2024,1,True
Iceland,Software,2018,4,True
Iceland,Software,2025,3,False
South Korea,Software,2019,268,True
South Korea,Software,2020,148,True
Vietnam,Software,2020,1,True
Finland,Software,2018,7,True
United States,Software,2020,12565,True
United States,Software,2021,38178,True
Greece,Software,2020,11,True
Spain,Software,2018,36,True
Denmark,Software,2017,32,True
Latvia,Software,2024,2,True
Luxembourg,Software,2015,0,True
Luxembourg,Software,2016,0,True
Thailand,Speech Recognition,2022,0,True
Finland,Speech Recognition,2018,0,True
Sweden,Sports,2019,5,True
Kenya,Sports,2021,1,True
Ireland,Sports,2020,6,True
Spain,Sports,2023,1,True
Switzerland,Sports,2021,0,True
Argentina,Sports,2022,1,True
France,Telecommunications,2024,2,True
Japan,Telecommunications,2019,3,True
Australia,Transportation,2019,11,True
South Africa,Transportation,2024,0,True
Bangladesh,Transportation,2018,0,True
Hungary,Transportation,2023,3,True
Chile,Transportation,2021,4,True
Brazil,Transportation,2022,3,True
Switzerland,Transportation,2024,4,True
Italy,Transportation,2025,7,False
Sweden,Agriculture,2023,3,True
Norway,Agriculture,2020,13,True
Norway,Agriculture,2025,1,False
Greece,All,2016,11,True
New Zealand,All,2023,32,True
El Salvador,All,2025,11,False
Italy,All,2019,12,True
South Africa,All,2019,15,True
Kenya,All,2025,1,False
Seychelles,All,2015,0,True
Hungary,All,2023,18,True
Saint Kitts and Nevis,All,2023,0,True
Malta,All,2018,0,True
Slovenia,All,2022,10,True
Norway,All,2023,117,True
United Arab Emirates,All,2020,10,True
Netherlands,All,2021,360,True
Australia,All,2020,238,True
Philippines,All,2020,1,True
Argentina,All,2017,5,True
Turkey,All,2023,49,True
Brazil,All,2019,272,True
Brazil,All,2021,523,True
United States,All,2025,243995,False
Austria,Biotechnology,2018,1,True
Austria,Biotechnology,2019,2,True
Sweden,Biotechnology,2018,1,True
France,Biotechnology,2021,22,True
South Korea,Biotechnology,2015,0,True
United Kingdom,Biotechnology,2021,36,True
India,Community and Lifestyle,2019,4,True
India,Community and Lifestyle,2025,3,False
Norway,Community and Lifestyle,2022,1,True
Tunisia,Community and Lifestyle,2019,0,True
Canada,Community and Lifestyle,2016,10,True
Canada,Community and Lifestyle,2023,8,True
United States,Community and Lifestyle,2024,199,True
Italy,Computer Vision,2018,0,True
Estonia,Computer Vision,2022,0,True
France,Consumer goods,2019,28,True
Mexico,Consumer goods,2016,0,True
Japan,Consumer goods,2023,283,True
United States,Consumer goods,2021,3278,True
Sri Lanka,Consumer goods,2023,0,True
Australia,Cyber Security,2024,1,True
Japan,Data and analytics,2017,201,True
Malaysia,Data and analytics,2025,60,False
Singapore,Data and analytics,2025,564,False
Ireland,Data and analytics,2015,3,True
Ireland,Data and analytics,2019,84,True
Netherlands,Data and analytics,2025,182,False
Philippines,Data and analytics,2016,0,True
Belarus,Data and analytics,2017,1,True
Finland,Data and analytics,2015,26,True
Poland,Data and analytics,2020,68,True
Colombia,Data and analytics,2020,4,True
Taiwan,Data and analytics,2021,68,True
Argentina,Data and analytics,2024,2,True
Australia,Data and analytics,2015,7,True
Nigeria,Data and analytics,2021,0,True
Vietnam,Data and analytics,2018,0,True
Iraq,Education,2022,0,True
Singapore,Education,2025,0,False
Germany,Education,2021,22,True
United Kingdom,Education,2023,52,True
India,Energy and natural resources,2015,1,True
Taiwan,Energy and natural resources,2023,3,True
Netherlands,Energy and natural resources,2016,0,True
New Zealand,Energy and natural resources,2022,0,True
Japan,Energy and natural resources,2019,1,True
Chile,Energy and natural resources,2022,0,True
Romania,Energy and natural resources,2024,1,True
Singapore,Finance,2020,95,True
Singapore,Finance,2024,374,True
Brazil,Finance,2017,2,True
Mexico,Finance,2015,0,True
China (mainland),Finance,2016,114,True
Turkey,Finance,2016,3,True
Colombia,Finance,2024,7,True
Philippines,Finance,2023,6,True
Portugal,Finance,2018,0,True
Norway,Finance,2024,0,True
Ireland,Gaming,2024,0,True
Singapore,Gaming,2024,4,True
Portugal,Gaming,2023,5,True
Czechia,Gaming,2021,2,True
United Kingdom,Gaming,2023,5,True
India,Gaming,2015,0,True
China (mainland),General purpose,2022,1479,True
Serbia,General purpose,2015,0,True
Romania,General purpose,2024,5,True
Singapore,General purpose,2015,29,True
Singapore,General purpose,2019,1653,True
New Zealand,General purpose,2018,1,True
Germany,General purpose,2015,28,True
Saudi Arabia,General purpose,2016,0,True
Luxembourg,General purpose,2017,1,True
Philippines,General purpose,2023,1,True
Peru,General purpose,2017,0,True
New Zealand,Hardware,2019,1,True
Belgium,Hardware,2016,1,True
Finland,Hardware,2018,1,True
Argentina,Hardware,2019,1,True
Singapore,Hardware,2024,1400,True
Singapore,Hardware,2025,22,False
Switzerland,Hardware,2017,24,True
United Kingdom,Hardware,2022,222,True
Canada,Hardware,2023,52,True
South Korea,Healthcare and Life Sciences,2016,2,True
Netherlands,Healthcare and Life Sciences,2019,6,True
Chile,Healthcare and Life Sciences,2015,0,True
Mexico,Healthcare and Life Sciences,2017,1,True
Bulgaria,Healthcare and Life Sciences,2022,1,True
Denmark,Healthcare and Life Sciences,2018,3,True
Singapore,Healthcare and Life Sciences,2019,5,True
United Kingdom,Healthcare and Life Sciences,2016,18,True
United Kingdom,Healthcare and Life Sciences,2022,344,True
India,Healthcare and Life Sciences,2015,0,True
India,Healthcare and Life Sciences,2024,33,True
New Zealand,Healthcare and Life Sciences,2023,5,True
United States,Healthcare and Life Sciences,2017,1198,True
Taiwan,Healthcare and Life Sciences,2023,21,True
Israel,Healthcare and Life Sciences,2025,92,False
France,Information Technology,2019,134,True
Vietnam,Information Technology,2023,0,True
Serbia,Information Technology,2021,0,True
Ecuador,Information Technology,2021,0,True
New Zealand,Information Technology,2018,1,True
Pakistan,Information Technology,2020,0,True
United States,Information Technology,2020,3685,True
United States,Information Technology,2025,39959,False
Singapore,Information Technology,2021,126,True
Sweden,Information Technology,2022,18,True
Saudi Arabia,Information Technology,2023,6,True
Lithuania,Information Technology,2025,8,False
Netherlands,Information Technology,2018,29,True
Canada,Information Technology,2024,180,True
Israel,Information Technology,2023,117,True
United Kingdom,Lending and Investments,2022,138,True
Singapore,Lending and Investments,2023,1,True
Mauritius,Lending and Investments,2022,11,True
Switzerland,Manufacturing,2021,4,True
United Kingdom,Manufacturing,2016,4,True
United Kingdom,Manufacturing,2018,35,True
China (mainland),Manufacturing,2023,1232,True
Brazil,Manufacturing,2023,1,True
India,Manufacturing,2022,27,True
Mexico,Manufacturing,2024,0,True
Netherlands,Manufacturing,2025,22,False
Estonia,Manufacturing,2024,6,True
Ireland,Manufacturing,2021,0,True
Greece,Manufacturing,2025,1,False
Australia,Media and Entertainment,2023,11,True
Hungary,Media and Entertainment,2024,4,True
Canada,Media and Entertainment,2025,16,False
Chile,Media and Entertainment,2019,0,True
Netherlands,Media and Entertainment,2024,0,True
Denmark,Media and Entertainment,2015,2,True
Japan,Media and Entertainment,2022,15,True
Switzerland,Media and Entertainment,2018,2,True
United Kingdom,"Military, public safety and government",2024,32,True
United States,"Military, public safety and government",2015,40,True
Japan,"Military, public safety and government",2025,0,False
Switzerland,"Military, public safety and government",2019,8,True
Turkey,"Mobile, platforms & Internet services",2025,5,False
Portugal,"Mobile, platforms & Internet services",2019,3,True
China (mainland),"Mobile, platforms & Internet services",2019,393,True
India,"Mobile, platforms & Internet services",2021,56,True
Czechia,"Mobile, platforms & Internet services",2023,4,True
Denmark,"Mobile, platforms & Internet services",2018,148,True
Japan,"Mobile, platforms & Internet services",2022,16,True
Uruguay,"Mobile, platforms & Internet services",2017,0,True
United Kingdom,"Mobile, platforms & Internet services",2024,459,True
Sweden,"Mobile, platforms & Internet services",2017,2,True
Ireland,"Mobile, platforms & Internet services",2019,80,True
Georgia,"Mobile, platforms & Internet services",2025,0,False
United Kingdom,NLP,2023,26,True
Saudi Arabia,NLP,2022,1,True
Saudi Arabia,NLP,2025,2,False
Netherlands,NLP,2018,3,True
Germany,NLP,2025,5,False
Singapore,NLP,2019,0,True
United States,NLP,2015,166,True
United States,NLP,2020,423,True
United Kingdom,Navigation and mapping,2018,3,True
United Kingdom,Navigation and mapping,2020,1,True
Turkey,Navigation and mapping,2022,1,True
Switzerland,Navigation and mapping,2019,5,True
India,Navigation and mapping,2021,2,True
Finland,Navigation and mapping,2017,2,True
Finland,Navigation and mapping,2025,1,False
Japan,Other,2018,4,True
Canada,Other,2025,45,False
Malaysia,Other,2023,0,True
Malaysia,Other,2025,0,False
Mexico,Other,2023,1,True
Norway,Other,2022,0,True
Denmark,Other,2016,1,True
Sweden,Other,2024,18,True
Sweden,Other,2025,2,False
Romania,Other,2021,3,True
Turkey,Privacy and Security,2022,2,True
Belgium,Privacy and Security,2024,6,True
Estonia,Privacy and Security,2020,7,True
India,Privacy and Security,2018,1,True
India,Privacy and Security,2020,1,True
Taiwan,Privacy and Security,2019,3,True
Czechia,Privacy and Security,2016,1,True
Singapore,Privacy and Security,2016,0,True
China (mainland),Professional services,2016,8,True
Czechia,Professional services,2016,0,True
Japan,Professional services,2020,80,True
India,Professional services,2024,39,True
Spain,Professional services,2015,2,True
Colombia,Professional services,2016,0,True
Colombia,Professional services,2018,0,True
France,Professional services,2015,13,True
Russia,Professional services,2018,1,True
United Kingdom,Real estate,2022,25,True
United States,Real estate,2022,391,True
Saudi Arabia,Real estate,2023,0,True
Philippines,Real estate,2024,0,True
Finland,Real estate,2025,1,False
Ireland,Real estate,2020,12,True
Hungary,Real estate,2015,0,True
Romania,Robotics,2024,1,True
Poland,Robotics,2018,1,True
Poland,Robotics,2025,11,False
Spain,Robotics,2022,0,True
Portugal,Robotics,2017,0,True
Malaysia,Robotics,2020,2,True
Austria,Robotics,2023,0,True
Sri Lanka,"Sales, retail, commerce, marketing",2023,1,True
Egypt,"Sales, retail, commerce, marketing",2016,0,True
Germany,"Sales, retail, commerce, marketing",2016,1,True
Germany,"Sales, retail, commerce, marketing",2017,96,True
Japan,Semiconductor,2024,26,True
Bulgaria,Software,2022,2,True
Turkey,Software,2021,18,True
Pakistan,Software,2018,0,True
South Korea,Software,2021,2287,True
New Zealand,Software,2017,1,True
New Zealand,Software,2020,9,True
Chile,Software,2025,3,False
Mexico,Software,2018,0,True
Dominican Republic,Software,2024,0,True
Estonia,Software,2016,2,True
Brazil,Software,2023,230,True
Qatar,Software,2025,0,False
Ireland,Software,2020,54,True
China (mainland),Software,2015,367,True
Singapore,Software,2024,2060,True
Thailand,Software,2019,3,True
Lebanon,Software,2022,0,True
Canada,Speech Recognition,2020,1,True
Ireland,Speech Recognition,2016,0,True
Belgium,Speech Recognition,2018,0,True
United States,Speech Recognition,2024,133,True
India,Speech Recognition,2018,1,True
Poland,Sports,2019,2,True
Poland,Sports,2020,3,True
Israel,Transportation,2017,42,True
Austria,Transportation,2023,4,True
Turkey,Transportation,2017,1,True
United Arab Emirates,Transportation,2017,1,True
United States,Transportation,2016,1980,True
Bulgaria,Transportation,2023,3,True
Egypt,Transportation,2018,0,True
Italy,Transportation,2021,1,True
United Kingdom,Transportation,2022,231,True
Argentina,Agriculture,2019,1,True
Uganda,Agriculture,2022,0,True
Germany,All,2024,2414,True
Greece,All,2019,6,True
Portugal,All,2017,53,True
France,All,2016,157,True
South Africa,All,2017,73,True
Slovenia,All,2025,9,False
Norway,All,2016,2,True
Malaysia,All,2018,23,True
Netherlands,All,2015,47,True
Philippines,All,2024,37,True
Algeria,All,2022,0,True
India,All,2020,20490,True
Estonia,All,2021,93,True
Israel,All,2017,474,True
Thailand,All,2017,3,True
United States,All,2017,13973,True
United States,Biotechnology,2021,2714,True
United States,Biotechnology,2024,1029,True
United Kingdom,Biotechnology,2024,37,True
Argentina,Biotechnology,2022,1,True
Ireland,Community and Lifestyle,2023,1,True
Turkey,Community and Lifestyle,2023,1,True
South Korea,Community and Lifestyle,2021,1735,True
Spain,Community and Lifestyle,2023,6,True
Canada,Community and Lifestyle,2021,83,True
Brazil,Community and Lifestyle,2020,1,True
United Arab Emirates,Community and Lifestyle,2015,0,True
Chile,Community and Lifestyle,2023,0,True
Belgium,Computer Vision,2021,0,True
Greece,Computer Vision,2023,110,True
France,Computer Vision,2021,1,True
Australia,Computer Vision,2016,0,True
Germany,Consumer goods,2019,1,True
Canada,Consumer goods,2015,3,True
Portugal,Consumer goods,2020,0,True
Saudi Arabia,Consumer goods,2023,2,True
Israel,Consumer goods,2022,100,True
Norway,Consumer goods,2019,10,True
Spain,Consumer goods,2019,2,True
Switzerland,Consumer goods,2022,15,True
United Kingdom,Consumer goods,2021,42,True
Romania,Consumer goods,2025,3,False
United States,Cyber Security,2022,884,True
Portugal,Cyber Security,2023,0,True
Chile,Cyber Security,2022,0,True
Switzerland,Cyber Security,2023,0,True
India,Data and analytics,2017,37,True
Hungary,Data and analytics,2018,6,True
Hungary,Data and analytics,2019,5,True
Panama,Data and analytics,2024,0,True
Pakistan,Data and analytics,2024,0,True
New Zealand,Data and analytics,2025,46,False
Switzerland,Data and analytics,2019,216,True
Switzerland,Data and analytics,2020,97,True
Kazakhstan,Data and analytics,2021,1,True
Estonia,Data and analytics,2021,45,True
Chile,Data and analytics,2025,3,False
South Korea,Data and analytics,2025,172,False
Russia,Data and analytics,2023,1,True
China (mainland),Data and analytics,2020,2257,True
China (mainland),Data and analytics,2024,5335,True
Nigeria,Data and analytics,2017,0,True
Luxembourg,Data and analytics,2016,0,True
Brazil,Data and analytics,2022,511,True
Hungary,Education,2022,0,True
New Zealand,Education,2019,0,True
Brazil,Education,2020,1,True
Italy,Education,2024,0,True
Germany,Education,2025,6,False
Sweden,Education,2019,10,True
India,Energy and natural resources,2017,0,True
Israel,Energy and natural resources,2023,18,True
Estonia,Energy and natural resources,2024,3,True
Philippines,Energy and natural resources,2024,0,True
Germany,Energy and natural resources,2025,25,False
Finland,Energy and natural resources,2015,0,True
Japan,Energy and natural resources,2025,10,False
Spain,Energy and natural resources,2019,5,True
South Korea,Facial Recognition,2021,0,True
Belgium,Finance,2020,6,True
Brazil,Finance,2019,8,True
Brazil,Finance,2022,286,True
Romania,Finance,2019,0,True
Indonesia,Finance,2021,0,True
Malaysia,Finance,2021,50,True
Switzerland,Finance,2022,16,True
Ireland,Finance,2018,0,True
United States,Finance,2022,9472,True
South Korea,Finance,2018,5,True
Israel,Finance,2022,112,True
Belize,Finance,2022,20,True
United Arab Emirates,Gaming,2025,2,False
South Korea,Gaming,2018,0,True
South Korea,Gaming,2021,1,True
Canada,Gaming,2023,3,True
Bangladesh,General purpose,2024,0,True
Thailand,General purpose,2023,7,True
France,General purpose,2023,463,True
Jordan,General purpose,2022,0,True
Portugal,General purpose,2016,3,True
Cyprus,General purpose,2023,0,True
United Arab Emirates,General purpose,2017,7,True
United Arab Emirates,General purpose,2019,12,True
Botswana,General purpose,2016,0,True
South Africa,General purpose,2019,5,True
United Kingdom,General purpose,2022,1677,True
Canada,General purpose,2015,54,True
Azerbaijan,General purpose,2025,0,False
Greece,General purpose,2016,5,True
Latvia,General purpose,2018,0,True
Belarus,General purpose,2022,0,True
Ghana,General purpose,2022,1,True
Saudi Arabia,General purpose,2020,12,True
India,General purpose,2019,261,True
Malaysia,General purpose,2025,60,False
Indonesia,General purpose,2019,3,True
Argentina,General purpose,2018,0,True
Spain,General purpose,2016,39,True
Lithuania,Hardware,2019,1,True
Brazil,Hardware,2017,2,True
Sweden,Hardware,2025,13,False
Netherlands,Hardware,2016,9,True
Netherlands,Hardware,2021,104,True
Netherlands,Hardware,2023,179,True
Germany,Hardware,2022,183,True
Canada,Hardware,2020,145,True
Netherlands,Healthcare and Life Sciences,2025,4,False
Austria,Information Technology,2021,36,True
Qatar,Information Technology,2023,0,True
Indonesia,Information Technology,2021,75,True
Iceland,Information Technology,2020,3,True
Belgium,Information Technology,2019,22,True
Latvia,Information Technology,2020,3,True
Uganda,Information Technology,2022,0,True
Russia,Information Technology,2019,10,True
Russia,Information Technology,2021,2,True
Kazakhstan,Information Technology,2021,1,True
Portugal,Information Technology,2018,0,True
Canada,Information Technology,2016,40,True
Azerbaijan,Information Technology,2025,0,False
Israel,Information Technology,2021,653,True
China (mainland),Lending and Investments,2018,41,True
Canada,Lending and Investments,2018,3,True
Austria,Lending and Investments,2024,3,True
Austria,Lending and Investments,2025,3,False
South Korea,Lending and Investments,2020,1,True
Australia,Manufacturing,2021,1,True
Germany,Manufacturing,2024,65,True
Italy,Manufacturing,2021,0,True
Egypt,Manufacturing,2025,0,False
Norway,Manufacturing,2022,113,True
France,Manufacturing,2015,3,True
France,Manufacturing,2020,4,True
Peru,Media and Entertainment,2017,0,True
Italy,Media and Entertainment,2016,2,True
Brazil,Media and Entertainment,2020,0,True
Finland,Media and Entertainment,2023,0,True
France,Media and Entertainment,2020,2,True
Spain,Media and Entertainment,2019,17,True
Ireland,"Military, public safety and government",2017,0,True
Switzerland,"Military, public safety and government",2021,1,True
Switzerland,"Military, public safety and government",2022,3,True
Singapore,"Mobile, platforms & Internet services",2024,546,True
Bangladesh,"Mobile, platforms & Internet services",2023,0,True
Canada,"Mobile, platforms & Internet services",2020,125,True
Italy,"Mobile, platforms & Internet services",2018,4,True
Taiwan,"Mobile, platforms & Internet services",2018,2,True
Taiwan,"Mobile, platforms & Internet services",2024,24,True
Malaysia,"Mobile, platforms & Internet services",2019,1,True
Slovakia,"Mobile, platforms & Internet services",2024,5,True
Cyprus,"Mobile, platforms & Internet services",2021,2,True
China (mainland),NLP,2020,35,True
Norway,NLP,2017,8,True
India,NLP,2015,0,True
Turkey,NLP,2021,0,True
United Kingdom,NLP,2016,5,True
Finland,NLP,2017,1,True
Belgium,NLP,2024,4,True
Norway,Navigation and mapping,2021,7,True
Israel,Navigation and mapping,2023,1,True
Australia,Navigation and mapping,2019,6,True
France,Other,2021,29,True
Argentina,Other,2022,2,True
Bulgaria,Other,2023,4,True
Australia,Other,2015,3,True
Vietnam,Other,2022,0,True
Italy,Other,2022,1,True
India,Other,2021,64,True
Ireland,Other,2017,2,True
Sweden,Other,2016,5,True
South Korea,Other,2015,0,True
South Korea,Other,2021,25,True
Portugal,Privacy and Security,2019,1,True
Portugal,Privacy and Security,2024,1,True
Australia,Privacy and Security,2024,1,True
South Korea,Privacy and Security,2022,16,True
Belgium,Professional services,2021,15,True
Japan,Professional services,2016,624,True
Japan,Professional services,2024,38,True
United Kingdom,Professional services,2024,174,True
Ukraine,Professional services,2022,0,True
Australia,Professional services,2015,0,True
Netherlands,Professional services,2020,13,True
Egypt,Professional services,2024,1,True
Ireland,Professional services,2018,0,True
Ireland,Professional services,2025,8,False
Sweden,Professional services,2024,47,True
Germany,Professional services,2018,11,True
Austria,Real estate,2019,0,True
South Korea,Real estate,2022,9,True
Germany,Real estate,2016,2,True
France,Robotics,2015,4,True
India,Robotics,2016,0,True
Poland,"Sales, retail, commerce, marketing",2020,42,True
Norway,"Sales, retail, commerce, marketing",2022,2,True
Nigeria,"Sales, retail, commerce, marketing",2018,5,True
South Korea,"Sales, retail, commerce, marketing",2016,0,True
Turkey,"Sales, retail, commerce, marketing",2020,1,True
Turkey,"Sales, retail, commerce, marketing",2025,0,False
New Zealand,"Sales, retail, commerce, marketing",2020,3,True
United Kingdom,"Sales, retail, commerce, marketing",2017,54,True
Bulgaria,"Sales, retail, commerce, marketing",2016,0,True
Israel,"Sales, retail, commerce, marketing",2016,88,True
Israel,"Sales, retail, commerce, marketing",2020,23,True
Belgium,"Sales, retail, commerce, marketing",2021,22,True
Taiwan,Semiconductor,2020,20,True
Slovenia,Simulation,2016,0,True
France,Simulation,2025,2,False
Poland,Simulation,2020,0,True
Romania,Software,2019,3,True
Turkey,Software,2015,100,True
United Arab Emirates,Software,2017,7,True
Australia,Software,2016,23,True
Portugal,Software,2021,65,True
Iran,Software,2020,0,True
Bangladesh,Software,2018,0,True
Cyprus,Software,2019,2,True
United States,Software,2015,7705,True
Uganda,Software,2020,0,True
Denmark,Software,2024,68,True
South Africa,Software,2023,14,True
Poland,Software,2019,14,True
Austria,Software,2019,12,True
Luxembourg,Software,2023,1,True
Paraguay,Software,2024,0,True
Denmark,Speech Recognition,2018,2,True
China (mainland),Speech Recognition,2020,100,True
India,Sports,2017,0,True
Ireland,Sports,2019,3,True
Japan,Sports,2020,0,True
Slovakia,Telecommunications,2019,1,True
Portugal,Transportation,2021,6,True
Israel,Transportation,2022,80,True
Japan,Transportation,2021,42,True
Sweden,Transportation,2016,0,True
Estonia,Transportation,2018,0,True
Czechia,Transportation,2025,1,False
United States,Transportation,2015,3975,True
Singapore,Transportation,2024,5,True
Brazil,Transportation,2021,10,True
United Kingdom,Transportation,2019,44,True
India,Transportation,2018,3,True
Switzerland,Agriculture,2015,0,True
Paraguay,Agriculture,2024,0,True
United Kingdom,Agriculture,2016,1,True
United Kingdom,Agriculture,2017,2,True
Germany,Agriculture,2017,2,True
Australia,Agriculture,2020,3,True
Germany,All,2015,1022,True
Portugal,All,2016,12,True
Colombia,All,2019,4,True
Colombia,All,2020,4,True
Italy,All,2017,7,True
Ukraine,All,2019,7,True
Slovakia,All,2024,29,True
Côte d'Ivoire,All,2023,0,True
Mexico,All,2015,2,True
Mexico,All,2022,286,True
India,All,2017,112,True
Israel,All,2018,659,True
China (mainland),All,2018,6151,True
Thailand,All,2019,4,True
Bulgaria,All,2021,4,True
Lebanon,All,2019,0,True
Switzerland,All,2017,109,True
Ireland,Biotechnology,2021,6,True
Chile,Biotechnology,2024,0,True
India,Biotechnology,2024,1,True
Switzerland,Biotechnology,2020,2,True
Ireland,Community and Lifestyle,2024,26,True
South Africa,Community and Lifestyle,2024,0,True
Sweden,Community and Lifestyle,2023,3,True
Cyprus,Community and Lifestyle,2023,0,True
Chile,Community and Lifestyle,2017,1,True
United States,Community and Lifestyle,2016,235,True
Canada,Computer Vision,2023,0,True
Russia,Computer Vision,2015,0,True
Spain,Computer Vision,2017,1,True
Mexico,Computer Vision,2024,1,True
Germany,Consumer goods,2022,42,True
Germany,Consumer goods,2023,108,True
Canada,Consumer goods,2024,79,True
South Korea,Consumer goods,2022,14,True
Israel,Consumer goods,2024,35,True
Netherlands,Consumer goods,2023,5,True
Netherlands,Consumer goods,2024,3,True
Turkey,Consumer goods,2023,1,True
Poland,Cyber Security,2019,1,True
United States,Cyber Security,2025,1006,False
Canada,Cyber Security,2016,1,True
Canada,Cyber Security,2019,5,True
France,Cyber Security,2018,7,True
Lithuania,Cyber Security,2025,0,False
Germany,Cyber Security,2024,2,True
Switzerland,Cyber Security,2025,0,False
Germany,Data and analytics,2025,1821,False
Malaysia,Data and analytics,2020,5,True
Iceland,Data and analytics,2017,2,True
Indonesia,Data and analytics,2022,6,True
Canada,Data and analytics,2015,57,True
Switzerland,Data and analytics,2016,4,True
Philippines,Data and analytics,2018,1,True
Finland,Data and analytics,2021,82,True
South Korea,Data and analytics,2015,10,True
Nigeria,Data and analytics,2023,2,True
South Africa,Data and analytics,2019,5,True
Turkey,Data and analytics,2017,2,True
Turkey,Data and analytics,2022,8,True
Sweden,Data and analytics,2018,51,True
Luxembourg,Data and analytics,2023,1,True
United States,Data and analytics,2017,6164,True
Israel,Data and analytics,2017,163,True
Saudi Arabia,Data and analytics,2017,14,True
Slovenia,Data and analytics,2019,0,True
Singapore,Education,2018,1,True
Kenya,Education,2020,1,True
Estonia,Energy and natural resources,2016,0,True
United States,Energy and natural resources,2022,423,True
United States,Energy and natural resources,2024,258,True
United Kingdom,Energy and natural resources,2023,28,True
Norway,Energy and natural resources,2023,0,True
Singapore,Energy and natural resources,2019,1,True
Singapore,Energy and natural resources,2020,1,True
Sri Lanka,Energy and natural resources,2024,0,True
Sri Lanka,Energy and natural resources,2025,0,False
Chile,Energy and natural resources,2019,0,True
Canada,Energy and natural resources,2025,39,False
Finland,Facial Recognition,2017,1,True
Belgium,Finance,2016,1,True
Poland,Finance,2019,2,True
Germany,Finance,2015,215,True
Mexico,Finance,2024,4,True
Mexico,Finance,2025,55,False
United States,Finance,2023,2102,True
Israel,Finance,2025,48,False
United Kingdom,Finance,2017,160,True
Thailand,Finance,2017,1,True
Australia,Gaming,2020,0,True
United States,Gaming,2021,56,True
Czechia,General purpose,2019,15,True
Uzbekistan,General purpose,2024,0,True
Italy,General purpose,2019,5,True
Italy,General purpose,2021,67,True
Panama,General purpose,2023,0,True
Greece,General purpose,2025,4,False
Ukraine,General purpose,2025,0,False
Colombia,General purpose,2025,1,False
India,General purpose,2020,152,True
Israel,General purpose,2016,160,True
Israel,General purpose,2025,914,False
Lithuania,General purpose,2025,9,False
Slovakia,General purpose,2017,6,True
Poland,General purpose,2015,2,True
Argentina,General purpose,2024,2,True
Finland,General purpose,2024,677,True
Israel,Hardware,2018,92,True
United Arab Emirates,Hardware,2024,5,True
France,Hardware,2025,254,False
Belgium,Hardware,2023,2,True
Saudi Arabia,Hardware,2017,2,True
Austria,Hardware,2016,1,True
Mexico,Hardware,2022,2,True
South Korea,Hardware,2015,2,True
South Korea,Hardware,2024,148,True
Malta,Hardware,2018,0,True
Brazil,Healthcare and Life Sciences,2022,6,True
Lithuania,Healthcare and Life Sciences,2024,1,True
Portugal,Healthcare and Life Sciences,2023,6,True
Slovakia,Healthcare and Life Sciences,2023,1,True
Norway,Healthcare and Life Sciences,2019,2,True
Sweden,Healthcare and Life Sciences,2021,10,True
Taiwan,Healthcare and Life Sciences,2024,17,True
Mongolia,Information Technology,2024,0,True
Poland,Information Technology,2017,5,True
Argentina,Information Technology,2019,0,True
New Zealand,Information Technology,2016,1,True
Estonia,Information Technology,2016,2,True
Hungary,Information Technology,2018,5,True
Bulgaria,Information Technology,2017,0,True
Netherlands,Information Technology,2025,73,False
Portugal,Information Technology,2024,7,True
Canada,Information Technology,2017,34,True
Romania,Information Technology,2019,1,True
Poland,Lending and Investments,2019,0,True
United Kingdom,Lending and Investments,2019,43,True
Spain,Lending and Investments,2017,1,True
China (mainland),Lending and Investments,2016,61,True
Singapore,Lending and Investments,2019,7,True
Mexico,Lending and Investments,2017,0,True
Czechia,Manufacturing,2023,1,True
Sweden,Manufacturing,2022,21,True
Australia,Manufacturing,2020,0,True
South Korea,Manufacturing,2021,5,True
South Korea,Manufacturing,2022,13,True
Netherlands,Manufacturing,2019,0,True
France,Manufacturing,2021,9,True
Ireland,Manufacturing,2022,4,True
Greece,Media and Entertainment,2016,5,True
Greece,Media and Entertainment,2023,0,True
Sweden,Media and Entertainment,2022,3,True
Sweden,Media and Entertainment,2023,1,True
Netherlands,Media and Entertainment,2022,2,True
United Kingdom,"Military, public safety and government",2021,8,True
Poland,"Military, public safety and government",2019,0,True
Poland,"Military, public safety and government",2023,1,True
Egypt,"Mobile, platforms & Internet services",2018,0,True
Ghana,"Mobile, platforms & Internet services",2017,0,True
Switzerland,"Mobile, platforms & Internet services",2022,196,True
Italy,"Mobile, platforms & Internet services",2021,13,True
France,"Mobile, platforms & Internet services",2017,33,True
Denmark,"Mobile, platforms & Internet services",2016,2,True
Denmark,"Mobile, platforms & Internet services",2020,3,True
Australia,"Mobile, platforms & Internet services",2023,54,True
Japan,"Mobile, platforms & Internet services",2019,66,True
Netherlands,"Mobile, platforms & Internet services",2016,7,True
Netherlands,"Mobile, platforms & Internet services",2024,4,True
Malaysia,"Mobile, platforms & Internet services",2018,1,True
Mexico,"Mobile, platforms & Internet services",2015,0,True
Austria,"Mobile, platforms & Internet services",2023,2,True
Norway,"Mobile, platforms & Internet services",2025,0,False
Portugal,NLP,2023,3,True
Canada,NLP,2021,65,True
Canada,NLP,2024,225,True
China (mainland),Navigation and mapping,2023,5,True
Belgium,Navigation and mapping,2018,0,True
Sweden,Navigation and mapping,2017,0,True
United States,Other,2024,3764,True
Cyprus,Other,2021,17,True
China (mainland),Other,2024,101,True
Canada,Other,2015,5,True
Austria,Other,2021,0,True
Austria,Other,2025,3,False
New Zealand,Other,2025,41,False
Portugal,Other,2017,0,True
Germany,Other,2017,29,True
Germany,Other,2021,34,True
South Korea,Other,2020,12,True
Portugal,Privacy and Security,2017,17,True
Canada,Privacy and Security,2015,3,True
Ireland,Privacy and Security,2018,2,True
Italy,Privacy and Security,2024,3,True
Taiwan,Privacy and Security,2016,2,True
Netherlands,Privacy and Security,2016,11,True
Netherlands,Privacy and Security,2022,1,True
Singapore,Privacy and Security,2020,8,True
Poland,Privacy and Security,2024,1,True
United Kingdom,Professional services,2022,141,True
Brazil,Professional services,2020,128,True
Iceland,Professional services,2021,0,True
Argentina,Professional services,2024,1,True
Italy,Professional services,2015,0,True
Estonia,Real estate,2018,1,True
Portugal,Real estate,2025,0,False
Sri Lanka,Real estate,2025,0,False
Sweden,Real estate,2023,0,True
Canada,Real estate,2017,3,True
Hungary,Real estate,2022,0,True
Italy,Real estate,2024,1,True
France,Robotics,2021,1,True
United States,Robotics,2019,1230,True
United States,Robotics,2024,796,True
Israel,Robotics,2015,2,True
Israel,Robotics,2016,1,True
Romania,Robotics,2019,1,True
Czechia,Robotics,2022,1,True
Germany,Robotics,2015,0,True
Japan,Robotics,2016,8,True
China (mainland),Robotics,2025,591,False
Ireland,Robotics,2021,3,True
Argentina,Robotics,2019,1,True
Uruguay,"Sales, retail, commerce, marketing",2017,0,True
Greece,"Sales, retail, commerce, marketing",2015,0,True
Sri Lanka,"Sales, retail, commerce, marketing",2019,1,True
Saudi Arabia,"Sales, retail, commerce, marketing",2018,0,True
Saudi Arabia,"Sales, retail, commerce, marketing",2021,135,True
Kazakhstan,"Sales, retail, commerce, marketing",2022,0,True
Portugal,"Sales, retail, commerce, marketing",2018,3,True
Portugal,"Sales, retail, commerce, marketing",2024,10,True
Finland,"Sales, retail, commerce, marketing",2025,337,False
New Zealand,"Sales, retail, commerce, marketing",2022,0,True
Malaysia,"Sales, retail, commerce, marketing",2021,60,True
Singapore,"Sales, retail, commerce, marketing",2017,90,True
Singapore,"Sales, retail, commerce, marketing",2023,185,True
Mexico,"Sales, retail, commerce, marketing",2017,0,True
Mexico,"Sales, retail, commerce, marketing",2025,1,False
Chile,"Sales, retail, commerce, marketing",2018,0,True
South Africa,"Sales, retail, commerce, marketing",2024,0,True
Netherlands,Semiconductor,2024,14,True
South Korea,Semiconductor,2024,17,True
Germany,Simulation,2016,1,True
Canada,Simulation,2019,0,True
Romania,Software,2023,18,True
North Macedonia,Software,2024,0,True
Egypt,Software,2016,0,True
Egypt,Software,2021,6,True
Uruguay,Software,2021,0,True
Australia,Software,2015,7,True
Portugal,Software,2016,3,True
Chile,Software,2018,7,True
Saudi Arabia,Software,2024,77,True
Hungary,Software,2018,7,True
Cyprus,Software,2021,24,True
Norway,Software,2024,125,True
Spain,Software,2025,1179,False
Denmark,Software,2023,42,True
Georgia,Software,2022,0,True
Austria,Software,2017,7,True
Mongolia,Software,2019,0,True
Germany,Sports,2022,7,True
United States,Sports,2025,67,False
Colombia,Sports,2015,0,True
United Kingdom,Telecommunications,2017,4,True
United States,Telecommunications,2020,128,True
Sweden,Transportation,2018,0,True
Estonia,Transportation,2021,1,True
South Africa,Transportation,2021,0,True
Dominican Republic,Transportation,2023,2,True
Oman,Transportation,2024,3,True
Ukraine,Transportation,2024,1,True
Vietnam,Transportation,2021,0,True
Denmark,Transportation,2023,2,True
Denmark,Transportation,2024,3,True
Saudi Arabia,Transportation,2020,9,True
Belgium,Transportation,2024,5,True
Netherlands,Agriculture,2019,3,True
Italy,Agriculture,2023,2,True
Israel,Agriculture,2024,19,True
Germany,Agriculture,2018,14,True
Chile,Agriculture,2020,0,True
Greece,All,2022,113,True
Ghana,All,2024,30,True
Spain,All,2015,26,True
Colombia,All,2025,2,False
Uganda,All,2020,0,True
Uruguay,All,2025,12,False
Poland,All,2024,46,True
Belarus,All,2022,0,True
United Arab Emirates,All,2015,0,True
Slovakia,All,2015,0,True
Czechia,All,2020,18,True
Japan,All,2015,79,True
Turkey,All,2018,507,True
Bulgaria,All,2024,10,True
Brazil,All,2024,715,True
United Kingdom,All,2021,4454,True
Lebanon,All,2025,0,False
Ireland,Biotechnology,2023,1,True
Italy,Biotechnology,2019,2,True
Italy,Biotechnology,2021,31,True
United States,Biotechnology,2020,585,True
Singapore,Biotechnology,2019,2,True
Netherlands,Biotechnology,2018,1,True
Sweden,Biotechnology,2021,3,True
Cyprus,Biotechnology,2021,2,True
Egypt,Community and Lifestyle,2022,1,True
South Korea,Community and Lifestyle,2019,3,True
Austria,Community and Lifestyle,2016,0,True
Slovakia,Community and Lifestyle,2020,0,True
United Kingdom,Community and Lifestyle,2017,10,True
Luxembourg,Community and Lifestyle,2018,6,True
Canada,Community and Lifestyle,2019,4,True
Canada,Community and Lifestyle,2022,145,True
United Arab Emirates,Community and Lifestyle,2024,6,True
Chile,Community and Lifestyle,2022,8,True
Austria,Computer Vision,2019,0,True
Denmark,Computer Vision,2022,0,True
Portugal,Computer Vision,2017,0,True
France,Consumer goods,2018,27,True
Mexico,Consumer goods,2020,0,True
Japan,Consumer goods,2016,4,True
Switzerland,Consumer goods,2024,22,True
Australia,Consumer goods,2016,0,True
Estonia,Cyber Security,2019,0,True
Estonia,Cyber Security,2020,3,True
Italy,Cyber Security,2023,2,True
Italy,Cyber Security,2025,17,False
United Kingdom,Cyber Security,2025,1,False
Taiwan,Cyber Security,2019,3,True
Italy,Data and analytics,2017,5,True
Egypt,Data and analytics,2018,0,True
Croatia,Data and analytics,2021,1,True
Mexico,Data and analytics,2018,0,True
Romania,Data and analytics,2019,3,True
South Korea,Data and analytics,2021,2136,True
Ghana,Data and analytics,2023,0,True
Uruguay,Data and analytics,2022,3,True
United Kingdom,Data and analytics,2025,4040,False
Saint Kitts and Nevis,Data and analytics,2021,0,True
Turkey,Data and analytics,2016,1,True
Greece,Data and analytics,2019,3,True
Bulgaria,Data and analytics,2016,0,True
Brazil,Data and analytics,2017,7,True
Brazil,Data and analytics,2023,99,True
United States,Data and analytics,2023,32048,True
Cyprus,Data and analytics,2021,22,True
Spain,Education,2024,3,True
Switzerland,Education,2022,5,True
Malta,Education,2020,1,True
Israel,Energy and natural resources,2015,2,True
Turkey,Energy and natural resources,2021,1,True
Switzerland,Energy and natural resources,2020,0,True
Poland,Energy and natural resources,2022,3,True
Belgium,Energy and natural resources,2025,0,False
Germany,Energy and natural resources,2022,39,True
France,Energy and natural resources,2018,15,True
Canada,Energy and natural resources,2016,9,True
United States,Facial Recognition,2024,1,True
Canada,Facial Recognition,2017,0,True
India,Finance,2019,52,True
Brazil,Finance,2020,8,True
Turkey,Finance,2018,0,True
Colombia,Finance,2017,0,True
Japan,Finance,2019,7,True
Portugal,Finance,2019,1,True
Kazakhstan,Finance,2025,0,False
Chile,Finance,2022,0,True
Switzerland,Gaming,2020,0,True
Spain,Gaming,2023,4,True
Japan,Gaming,2019,1,True
Turkey,Gaming,2023,1,True
Norway,Gaming,2024,0,True
United States,Gaming,2017,17,True
United States,Gaming,2023,20,True
Japan,General purpose,2023,134,True
Lebanon,General purpose,2020,0,True
Botswana,General purpose,2021,0,True
United States,General purpose,2021,27873,True
Switzerland,General purpose,2021,179,True
Netherlands,General purpose,2021,194,True
Egypt,General purpose,2016,0,True
Lithuania,General purpose,2023,2,True
Kazakhstan,General purpose,2021,1,True
Austria,General purpose,2016,2,True
Egypt,Hardware,2025,3,False
United Arab Emirates,Hardware,2023,42,True
Japan,Hardware,2017,135,True
Peru,Hardware,2021,0,True
Poland,Hardware,2025,18,False
Norway,Hardware,2022,16,True
Brazil,Hardware,2021,5,True
Estonia,Hardware,2025,22,False
South Korea,Hardware,2020,48,True
Malaysia,Hardware,2017,0,True
Sri Lanka,Hardware,2021,0,True
Australia,Hardware,2020,10,True
South Korea,Healthcare and Life Sciences,2015,0,True
Tunisia,Healthcare and Life Sciences,2022,0,True
Italy,Healthcare and Life Sciences,2024,2,True
Spain,Healthcare and Life Sciences,2019,2,True
Singapore,Healthcare and Life Sciences,2016,0,True
Brazil,Healthcare and Life Sciences,2024,2,True
Germany,Healthcare and Life Sciences,2020,21,True
Lithuania,Healthcare and Life Sciences,2020,0,True
New Zealand,Healthcare and Life Sciences,2016,1,True
Norway,Healthcare and Life Sciences,2023,19,True
Bangladesh,Healthcare and Life Sciences,2023,0,True
Sweden,Healthcare and Life Sciences,2023,32,True
Denmark,Information Technology,2021,28,True
India,Information Technology,2019,170,True
India,Information Technology,2023,2430,True
Ukraine,Information Technology,2019,4,True
France,Information Technology,2022,179,True
Ireland,Information Technology,2023,93,True
Australia,Information Technology,2020,65,True
Argentina,Information Technology,2023,0,True
Iceland,Information Technology,2022,1,True
Colombia,Information Technology,2023,5,True
Egypt,Information Technology,2023,0,True
Nigeria,Information Technology,2022,0,True
Russia,Information Technology,2020,1,True
Saudi Arabia,Information Technology,2019,7,True
Netherlands,Information Technology,2015,30,True
Canada,Information Technology,2025,888,False
Romania,Information Technology,2020,1,True
Thailand,Lending and Investments,2016,0,True
Israel,Lending and Investments,2022,2,True
India,Lending and Investments,2022,7,True
Sweden,Lending and Investments,2022,4,True
Israel,Manufacturing,2025,11,False
Switzerland,Manufacturing,2025,39,False
Luxembourg,Manufacturing,2018,0,True
Poland,Manufacturing,2025,4,False
Ecuador,Manufacturing,2021,0,True
Germany,Manufacturing,2025,1087,False
India,Media and Entertainment,2015,107,True
Canada,Media and Entertainment,2020,4,True
Nigeria,Media and Entertainment,2017,0,True
Nigeria,Media and Entertainment,2024,0,True
Germany,Media and Entertainment,2015,3,True
Netherlands,Media and Entertainment,2025,1,False
South Korea,Media and Entertainment,2016,45,True
Taiwan,Media and Entertainment,2021,2,True
Turkey,Media and Entertainment,2020,0,True
Poland,Media and Entertainment,2022,0,True
United States,"Military, public safety and government",2019,90,True
Italy,"Military, public safety and government",2023,2,True
Switzerland,"Military, public safety and government",2024,4,True
New Zealand,"Mobile, platforms & Internet services",2019,0,True
Singapore,"Mobile, platforms & Internet services",2018,165,True
Singapore,"Mobile, platforms & Internet services",2023,390,True
France,"Mobile, platforms & Internet services",2016,20,True
Thailand,"Mobile, platforms & Internet services",2020,0,True
Saudi Arabia,"Mobile, platforms & Internet services",2017,1,True
Croatia,"Mobile, platforms & Internet services",2024,0,True
Lithuania,"Mobile, platforms & Internet services",2024,1,True
Ireland,"Mobile, platforms & Internet services",2022,5,True
Austria,"Mobile, platforms & Internet services",2016,1,True
Spain,NLP,2015,0,True
France,NLP,2019,15,True
China (mainland),Navigation and mapping,2015,0,True
Brazil,Navigation and mapping,2015,60,True
Australia,Navigation and mapping,2018,3,True
Switzerland,Navigation and mapping,2024,0,True
South Korea,Navigation and mapping,2022,1,True
Mongolia,Other,2022,0,True
Australia,Other,2020,2,True
Australia,Other,2021,5,True
Hungary,Other,2018,0,True
Italy,Other,2024,2,True
Sweden,Other,2021,21,True
United Kingdom,Other,2025,87,False
Israel,Privacy and Security,2015,91,True
United States,Privacy and Security,2022,1281,True
Switzerland,Privacy and Security,2022,126,True
United Kingdom,Privacy and Security,2019,37,True
United Kingdom,Professional services,2025,181,False
Zimbabwe,Professional services,2024,1,True
Taiwan,Professional services,2025,0,False
Saudi Arabia,Professional services,2020,2,True
Denmark,Professional services,2021,32,True
Poland,Professional services,2021,2,True
Sweden,Professional services,2018,0,True
Dominican Republic,Professional services,2021,0,True
Estonia,Real estate,2025,3,False
United Arab Emirates,Real estate,2022,3,True
United Arab Emirates,Real estate,2023,0,True
China (mainland),Real estate,2017,21,True
Poland,Real estate,2018,1,True
New Zealand,Real estate,2021,0,True
Italy,Real estate,2023,0,True
Netherlands,Robotics,2025,0,False
India,Robotics,2021,7,True
Switzerland,Robotics,2015,0,True
Switzerland,Robotics,2018,7,True
Sri Lanka,Robotics,2021,0,True
Denmark,Robotics,2018,6,True
Norway,Robotics,2024,101,True
Canada,Robotics,2018,9,True
Italy,Robotics,2023,0,True
Switzerland,"Sales, retail, commerce, marketing",2019,2,True
Switzerland,"Sales, retail, commerce, marketing",2023,11,True
Switzerland,"Sales, retail, commerce, marketing",2025,5,False
Kenya,"Sales, retail, commerce, marketing",2022,0,True
Uruguay,"Sales, retail, commerce, marketing",2020,2,True
Japan,"Sales, retail, commerce, marketing",2017,31,True
Sri Lanka,"Sales, retail, commerce, marketing",2017,2,True
Sri Lanka,"Sales, retail, commerce, marketing",2022,0,True
Oman,"Sales, retail, commerce, marketing",2025,1,False
Brazil,"Sales, retail, commerce, marketing",2025,31,False
Norway,"Sales, retail, commerce, marketing",2023,7,True
Lebanon,"Sales, retail, commerce, marketing",2016,0,True
Canada,"Sales, retail, commerce, marketing",2023,21,True
Egypt,"Sales, retail, commerce, marketing",2022,1,True
Germany,"Sales, retail, commerce, marketing",2021,53,True
Denmark,"Sales, retail, commerce, marketing",2022,4,True
Belgium,"Sales, retail, commerce, marketing",2018,0,True
South Africa,"Sales, retail, commerce, marketing",2018,0,True
Netherlands,Semiconductor,2023,7,True
South Korea,Semiconductor,2025,44,False
Slovakia,Semiconductor,2018,1,True
India,Semiconductor,2024,26,True
Germany,Semiconductor,2022,3,True
United States,Simulation,2022,17,True
Slovenia,Software,2016,0,True
United Kingdom,Software,2020,1361,True
France,Software,2015,46,True
Italy,Software,2015,34,True
Tunisia,Software,2023,0,True
Egypt,Software,2022,2,True
Egypt,Software,2023,3,True
Lithuania,Software,2023,3,True
Kenya,Software,2017,0,True
New Zealand,Software,2023,16,True
Ukraine,Software,2017,0,True
Greece,Software,2019,3,True
Sweden,Software,2019,40,True
Seychelles,Software,2016,0,True
Ireland,Software,2015,3,True
Denmark,Speech Recognition,2020,2,True
China (mainland),Speech Recognition,2016,21,True
China (mainland),Speech Recognition,2018,54,True
Germany,Sports,2019,0,True
Sweden,Sports,2016,0,True
Brazil,Sports,2023,0,True
Japan,Sports,2022,0,True
Germany,Telecommunications,2020,6,True
United Kingdom,Telecommunications,2021,18,True
South Korea,Transportation,2016,0,True
United States,Transportation,2025,3074,False
Singapore,Transportation,2018,2,True
Romania,Transportation,2025,0,False
Netherlands,Transportation,2025,0,False
Qatar,Transportation,2021,4,True
Greece,Transportation,2016,0,True
Brazil,Agriculture,2016,2,True
Netherlands,Agriculture,2020,2,True
Mexico,Agriculture,2020,0,True
United Kingdom,Agriculture,2024,1,True
Canada,Agriculture,2018,7,True
New Zealand,All,2024,69,True
Indonesia,All,2016,2,True
El Salvador,All,2021,0,True
Finland,All,2017,33,True
Kenya,All,2017,0,True
Kenya,All,2024,18,True
Poland,All,2019,26,True
Ireland,All,2024,151,True
United Arab Emirates,All,2019,18,True
Russia,All,2020,28,True
Argentina,All,2021,15,True
Lebanon,All,2016,0,True
Ireland,Biotechnology,2018,34,True
Singapore,Biotechnology,2020,7,True
Belgium,Biotechnology,2021,0,True
Belgium,Biotechnology,2024,3,True
Turkey,Biotechnology,2025,2,False
Japan,Biotechnology,2025,3,False
China (mainland),Biotechnology,2019,46,True
Egypt,Community and Lifestyle,2021,0,True
United Kingdom,Community and Lifestyle,2024,208,True
New Zealand,Community and Lifestyle,2024,0,True
Israel,Community and Lifestyle,2025,62,False
Spain,Community and Lifestyle,2020,5,True
Canada,Community and Lifestyle,2017,3,True
Pakistan,Community and Lifestyle,2022,0,True
Canada,Computer Vision,2017,1,True
Ireland,Computer Vision,2022,2,True
Finland,Computer Vision,2021,13,True
Israel,Computer Vision,2019,22,True
Belarus,Computer Vision,2017,1,True
France,Computer Vision,2018,12,True
Sweden,Computer Vision,2024,2,True
France,Consumer goods,2020,15,True
France,Consumer goods,2025,26,False
Germany,Consumer goods,2017,0,True
South Korea,Consumer goods,2018,2,True
China (mainland),Consumer goods,2018,201,True
China (mainland),Consumer goods,2019,119,True
Taiwan,Consumer goods,2016,6,True
Taiwan,Consumer goods,2022,5,True
South Africa,Consumer goods,2018,1,True
Turkey,Consumer goods,2025,1,False
Chile,Consumer goods,2019,1,True
Ireland,Cyber Security,2021,1,True
Canada,Cyber Security,2015,3,True
Turkey,Cyber Security,2024,15,True
India,Data and analytics,2023,279,True
Japan,Data and analytics,2018,191,True
Malaysia,Data and analytics,2015,0,True
Malaysia,Data and analytics,2018,11,True
Thailand,Data and analytics,2015,0,True
North Macedonia,Data and analytics,2024,0,True
Switzerland,Data and analytics,2022,257,True
Philippines,Data and analytics,2023,7,True
Tajikistan,Data and analytics,2023,0,True
Finland,Data and analytics,2017,20,True
Taiwan,Data and analytics,2025,39,False
Sri Lanka,Data and analytics,2018,2,True
Argentina,Data and analytics,2019,1,True
Australia,Data and analytics,2021,622,True
Australia,Data and analytics,2024,1858,True
United Kingdom,Data and analytics,2024,1642,True
Turkey,Data and analytics,2019,2,True
Greece,Data and analytics,2015,0,True
Vietnam,Data and analytics,2019,0,True
Seychelles,Data and analytics,2024,0,True
Portugal,Data and analytics,2025,21,False
Norway,Data and analytics,2017,29,True
United States,Data and analytics,2021,33754,True
Saudi Arabia,Education,2021,0,True
France,Education,2023,14,True
Germany,Education,2024,48,True
Egypt,Education,2023,1,True
India,Energy and natural resources,2021,10,True
Turkey,Energy and natural resources,2020,1,True
Denmark,Energy and natural resources,2023,8,True
Spain,Energy and natural resources,2024,4,True
Belgium,Finance,2023,1,True
Singapore,Finance,2018,23,True
Croatia,Finance,2020,0,True
Romania,Finance,2023,11,True
United Arab Emirates,Finance,2021,1,True
Jamaica,Finance,2018,0,True
Austria,Finance,2017,0,True
Italy,Finance,2025,16,False
Israel,Finance,2017,22,True
United Arab Emirates,Gaming,2021,0,True
Canada,Gaming,2024,2,True
Cyprus,Gaming,2019,1,True
India,Gaming,2019,48,True
Japan,General purpose,2024,271,True
Qatar,General purpose,2025,0,False
Vietnam,General purpose,2020,1,True
Zimbabwe,General purpose,2019,0,True
Zimbabwe,General purpose,2024,1,True
Cyprus,General purpose,2018,2,True
Italy,General purpose,2023,41,True
Hungary,General purpose,2016,2,True
Hungary,General purpose,2018,6,True
Hungary,General purpose,2021,7,True
Serbia,General purpose,2023,43,True
Estonia,General purpose,2017,1,True
Estonia,General purpose,2018,3,True
Netherlands,General purpose,2017,107,True
Singapore,General purpose,2022,516,True
Latvia,General purpose,2023,0,True
Egypt,General purpose,2024,1,True
Indonesia,General purpose,2017,1,True
Tajikistan,General purpose,2022,0,True
Israel,Hardware,2025,102,False
Cyprus,Hardware,2016,1,True
Japan,Hardware,2020,47,True
Portugal,Hardware,2020,2,True
Denmark,Hardware,2016,0,True
Finland,Hardware,2024,7,True
Nigeria,Hardware,2018,5,True
Belarus,Hardware,2017,1,True
Switzerland,Hardware,2022,54,True
Brazil,Hardware,2023,2,True
Russia,Hardware,2020,1,True
Sweden,Hardware,2015,1,True
Sweden,Hardware,2024,14,True
Mexico,Hardware,2020,0,True
Ghana,Hardware,2023,0,True
United Kingdom,Hardware,2020,463,True
Japan,Healthcare and Life Sciences,2017,9,True
Greece,Healthcare and Life Sciences,2018,0,True
Spain,Healthcare and Life Sciences,2020,14,True
Argentina,Healthcare and Life Sciences,2020,0,True
India,Healthcare and Life Sciences,2019,20,True
Sri Lanka,Healthcare and Life Sciences,2019,0,True
United States,Healthcare and Life Sciences,2025,18238,False
Israel,Healthcare and Life Sciences,2019,61,True
United Arab Emirates,Information Technology,2024,1560,True
Slovakia,Information Technology,2015,0,True
Italy,Information Technology,2025,49,False
Germany,Information Technology,2025,1615,False
Georgia,Information Technology,2023,0,True
Greece,Information Technology,2020,1,True
Indonesia,Information Technology,2022,0,True
Latvia,Information Technology,2023,0,True
New Zealand,Information Technology,2024,3,True
Uganda,Information Technology,2023,0,True
Sweden,Information Technology,2021,29,True
Estonia,Information Technology,2015,0,True
Russia,Information Technology,2016,0,True
Kazakhstan,Information Technology,2024,1,True
Saudi Arabia,Information Technology,2021,15,True
United Kingdom,Information Technology,2019,234,True
Romania,Information Technology,2022,4,True
Romania,Information Technology,2025,10,False
Burkina Faso,Lending and Investments,2023,0,True
Germany,Lending and Investments,2021,6,True
Philippines,Lending and Investments,2023,6,True
Austria,Manufacturing,2021,0,True
United Kingdom,Manufacturing,2022,31,True
Ireland,Media and Entertainment,2024,0,True
Belgium,Media and Entertainment,2021,0,True
Nigeria,Media and Entertainment,2023,1,True
Sweden,Media and Entertainment,2016,3,True
Sweden,Media and Entertainment,2018,5,True
Lithuania,Media and Entertainment,2023,0,True
Switzerland,Media and Entertainment,2015,1,True
Belgium,"Military, public safety and government",2022,0,True
Canada,"Military, public safety and government",2019,1,True
South Korea,"Military, public safety and government",2018,1,True
Poland,"Military, public safety and government",2024,1,True
Netherlands,"Military, public safety and government",2022,2,True
Sri Lanka,"Mobile, platforms & Internet services",2018,0,True
Slovenia,"Mobile, platforms & Internet services",2022,3,True
China (mainland),"Mobile, platforms & Internet services",2022,263,True
Israel,"Mobile, platforms & Internet services",2025,42,False
Saudi Arabia,"Mobile, platforms & Internet services",2025,82,False
Kenya,"Mobile, platforms & Internet services",2018,0,True
United Kingdom,"Mobile, platforms & Internet services",2018,244,True
Colombia,"Mobile, platforms & Internet services",2017,1,True
Iceland,NLP,2023,0,True
Hungary,NLP,2016,1,True
Norway,NLP,2018,0,True
Portugal,NLP,2019,5,True
Switzerland,NLP,2018,2,True
Israel,NLP,2025,21,False
Germany,Navigation and mapping,2025,228,False
New Zealand,Navigation and mapping,2020,0,True
Turkey,Other,2022,11,True
Bosnia and Herzegovina,Other,2023,0,True
United States,Other,2015,502,True
South Africa,Other,2017,0,True
Cyprus,Other,2023,0,True
China (mainland),Other,2022,76,True
Switzerland,Other,2022,2,True
Indonesia,Other,2016,1,True
Czechia,Other,2018,1,True
Norway,Other,2025,1,False
Hungary,Other,2019,2,True
Slovakia,Other,2020,1,True
Oman,Other,2025,1,False
Ukraine,Other,2018,0,True
New Zealand,Privacy and Security,2015,0,True
Switzerland,Privacy and Security,2017,8,True
Ireland,Privacy and Security,2022,19,True
Poland,Privacy and Security,2019,1,True
Russia,Privacy and Security,2019,0,True
Canada,Professional services,2015,1,True
Australia,Professional services,2019,2,True
Denmark,Professional services,2016,1,True
El Salvador,Professional services,2025,5,False
Argentina,Professional services,2022,1,True
Germany,Professional services,2017,3,True
Singapore,Professional services,2020,455,True
Czechia,Real estate,2021,0,True
Brazil,Real estate,2023,1,True
Spain,Real estate,2022,3,True
Croatia,Real estate,2023,0,True
France,Real estate,2022,19,True
New Zealand,Real estate,2025,0,False
Chile,Real estate,2019,0,True
Sweden,Real estate,2019,3,True
Germany,Robotics,2022,85,True
Norway,Robotics,2018,3,True
Hungary,Robotics,2018,4,True
United Kingdom,Robotics,2015,6,True
China (mainland),Robotics,2022,276,True
Mexico,Robotics,2024,0,True
Switzerland,"Sales, retail, commerce, marketing",2018,2,True
Switzerland,"Sales, retail, commerce, marketing",2022,2,True
Poland,"Sales, retail, commerce, marketing",2024,4,True
Japan,"Sales, retail, commerce, marketing",2021,20,True
Estonia,"Sales, retail, commerce, marketing",2018,0,True
Turkey,"Sales, retail, commerce, marketing",2019,2,True
Turkey,"Sales, retail, commerce, marketing",2024,1,True
France,"Sales, retail, commerce, marketing",2024,29,True
China (mainland),"Sales, retail, commerce, marketing",2016,30,True
Egypt,"Sales, retail, commerce, marketing",2024,0,True
Singapore,"Sales, retail, commerce, marketing",2015,45,True
Colombia,"Sales, retail, commerce, marketing",2016,0,True
Taiwan,"Sales, retail, commerce, marketing",2016,3,True
United States,Semiconductor,2018,94,True
United Kingdom,Semiconductor,2020,32,True
Japan,Simulation,2023,0,True
Bulgaria,Software,2018,0,True
India,Software,2019,297,True
Peru,Software,2025,0,False
Bosnia and Herzegovina,Software,2021,0,True
Czechia,Software,2023,20,True
Philippines,Software,2024,16,True
United States,Software,2024,34752,True
Estonia,Software,2023,8,True
Estonia,Software,2024,24,True
Georgia,Software,2025,1,False
Argentina,Software,2018,0,True
Latvia,Software,2019,2,True
Cambodia,Software,2018,0,True
Israel,Speech Recognition,2025,8,False
United Arab Emirates,Speech Recognition,2017,1,True
India,Speech Recognition,2016,7,True
Belgium,Sports,2021,0,True
Mexico,Sports,2022,0,True
Australia,Sports,2018,0,True
Italy,Sports,2025,0,False
Japan,Sports,2018,3,True
Turkey,Sports,2017,0,True
Australia,Telecommunications,2024,3,True
United States,Telecommunications,2017,50,True
Kenya,Telecommunications,2024,0,True
Japan,Transportation,2019,103,True
China (mainland),Transportation,2017,142,True
China (mainland),Transportation,2020,443,True
Netherlands,Transportation,2024,5,True
Ukraine,Transportation,2023,2,True
Venezuela,Transportation,2019,1,True
Ireland,Transportation,2017,1,True
Denmark,Agriculture,2023,7,True
Kenya,Agriculture,2021,11,True
Canada,Agriculture,2017,2,True
Estonia,Agriculture,2018,0,True
Saudi Arabia,Agriculture,2017,0,True
Saudi Arabia,Agriculture,2019,1,True
United States,Agriculture,2019,130,True
Austria,All,2025,94,False
Cyprus,All,2015,7,True
Norway,All,2020,372,True
Serbia,All,2022,8,True
Australia,All,2016,56,True
Mauritius,All,2021,21,True
Chile,All,2023,4,True
Switzerland,All,2016,14,True
Mexico,Biotechnology,2021,0,True
Turkey,Biotechnology,2022,12,True
Chile,Biotechnology,2022,0,True
Sri Lanka,Biotechnology,2024,0,True
Finland,Community and Lifestyle,2023,0,True
South Korea,Community and Lifestyle,2023,11,True
India,Community and Lifestyle,2017,1,True
Singapore,Community and Lifestyle,2022,1,True
Malaysia,Community and Lifestyle,2021,2,True
Netherlands,Community and Lifestyle,2016,0,True
Germany,Community and Lifestyle,2021,157,True
United States,Community and Lifestyle,2023,244,True
Czechia,Community and Lifestyle,2018,0,True
Czechia,Community and Lifestyle,2019,1,True
Belgium,Computer Vision,2024,14,True
United Kingdom,Computer Vision,2020,23,True
Russia,Computer Vision,2018,1,True
Singapore,Computer Vision,2024,1,True
Lithuania,Computer Vision,2019,1,True
Hungary,Computer Vision,2024,4,True
France,Computer Vision,2020,10,True
United States,Consumer goods,2020,334,True
Turkey,Consumer goods,2017,0,True
Brazil,Cyber Security,2020,5,True
Romania,Cyber Security,2021,4,True
Canada,Cyber Security,2021,2,True
Estonia,Cyber Security,2021,35,True
Netherlands,Cyber Security,2022,1,True
China (mainland),Cyber Security,2018,16,True
Japan,Cyber Security,2025,0,False
Armenia,Data and analytics,2020,0,True
Malaysia,Data and analytics,2016,0,True
Hungary,Data and analytics,2022,7,True
Canada,Data and analytics,2018,357,True
Ireland,Data and analytics,2020,20,True
Kenya,Data and analytics,2020,5,True
Estonia,Data and analytics,2024,19,True
Chile,Data and analytics,2018,7,True
Poland,Data and analytics,2017,37,True
Uganda,Data and analytics,2019,0,True
Colombia,Data and analytics,2025,1,False
Belgium,Data and analytics,2024,215,True
Latvia,Data and analytics,2023,0,True
Morocco,Data and analytics,2022,0,True
Sweden,Data and analytics,2020,3447,True
Norway,Data and analytics,2021,245,True
Cyprus,Data and analytics,2022,3,True
Mongolia,Data and analytics,2019,0,True
Turkey,Education,2024,1,True
South Africa,Education,2017,4,True
United Kingdom,Education,2025,42,False
Poland,Education,2016,0,True
Vietnam,Education,2023,0,True
Nigeria,Education,2018,0,True
China (mainland),Energy and natural resources,2025,47,False
Netherlands,Energy and natural resources,2019,1,True
New Zealand,Energy and natural resources,2021,1050,True
Poland,Energy and natural resources,2023,0,True
Singapore,Energy and natural resources,2025,4,False
Austria,Energy and natural resources,2019,0,True
Austria,Energy and natural resources,2025,3,False
Romania,Energy and natural resources,2022,1,True
China (mainland),Facial Recognition,2018,7,True
Argentina,Finance,2020,2,True
India,Finance,2018,15,True
Germany,Finance,2024,43,True
Germany,Finance,2025,247,False
Denmark,Finance,2025,2,False
Ireland,Finance,2022,17,True
Ireland,Finance,2025,5,False
France,Finance,2023,33,True
United Arab Emirates,Finance,2020,0,True
South Africa,Finance,2022,0,True
South Korea,Finance,2021,13,True
Canada,Finance,2018,87,True
Norway,Finance,2021,20,True
Chile,Finance,2023,0,True
Chile,Finance,2024,3,True
Singapore,Gaming,2025,14,False
Sweden,Gaming,2021,30,True
Australia,Gaming,2015,0,True
Canada,Gaming,2020,3,True
United Kingdom,Gaming,2018,4,True
India,Gaming,2017,1,True
Jordan,General purpose,2019,0,True
Portugal,General purpose,2024,13,True
United Arab Emirates,General purpose,2022,31,True
United Arab Emirates,General purpose,2023,214,True
Slovenia,General purpose,2017,0,True
Dominican Republic,General purpose,2024,0,True
United Kingdom,General purpose,2023,1627,True
Canada,General purpose,2020,521,True
Greece,General purpose,2024,2,True
Switzerland,General purpose,2018,55,True
Romania,General purpose,2025,26,False
Bulgaria,General purpose,2016,0,True
Spain,General purpose,2023,90,True
Austria,General purpose,2022,19,True
Italy,Hardware,2025,6,False
Belgium,Hardware,2019,1,True
South Africa,Hardware,2018,1,True
Japan,Hardware,2018,84,True
Portugal,Hardware,2019,5,True
Portugal,Hardware,2022,6,True
India,Hardware,2017,14,True
Slovakia,Hardware,2018,1,True
Czechia,Hardware,2020,2,True
Estonia,Hardware,2019,2,True
Malaysia,Hardware,2015,0,True
Malaysia,Hardware,2020,2,True
South Korea,Healthcare and Life Sciences,2017,1,True
Turkey,Healthcare and Life Sciences,2022,1,True
Switzerland,Healthcare and Life Sciences,2020,10,True
Philippines,Healthcare and Life Sciences,2018,0,True
Slovenia,Healthcare and Life Sciences,2017,0,True
Canada,Healthcare and Life Sciences,2020,41,True
New Zealand,Healthcare and Life Sciences,2022,1,True
United States,Healthcare and Life Sciences,2020,1497,True
Cyprus,Healthcare and Life Sciences,2024,0,True
Sweden,Healthcare and Life Sciences,2025,69,False
Vietnam,Healthcare and Life Sciences,2021,0,True
Israel,Healthcare and Life Sciences,2018,32,True
India,Information Technology,2017,9,True
Austria,Information Technology,2018,3,True
Switzerland,Information Technology,2023,38,True
Spain,Information Technology,2015,6,True
Argentina,Information Technology,2022,1,True
Luxembourg,Information Technology,2015,0,True
Belgium,Information Technology,2017,67,True
Latvia,Information Technology,2017,0,True
Colombia,Information Technology,2019,2,True
Nigeria,Information Technology,2020,0,True
Hungary,Information Technology,2021,0,True
Lithuania,Information Technology,2022,0,True
Mexico,Information Technology,2016,0,True
Czechia,Lending and Investments,2020,1,True
Singapore,Lending and Investments,2020,5,True
Singapore,Lending and Investments,2021,25,True
Philippines,Lending and Investments,2024,11,True
South Korea,Lending and Investments,2016,0,True
Sweden,Lending and Investments,2021,0,True
Malaysia,Manufacturing,2022,15,True
Poland,Manufacturing,2022,0,True
Belgium,Manufacturing,2021,185,True
Japan,Manufacturing,2020,26,True
Finland,Manufacturing,2020,1,True
Iceland,Manufacturing,2020,3,True
Israel,Media and Entertainment,2015,33,True
Israel,Media and Entertainment,2016,9,True
Australia,Media and Entertainment,2021,72,True
Austria,Media and Entertainment,2025,0,False
Canada,Media and Entertainment,2017,23,True
Romania,Media and Entertainment,2020,0,True
Denmark,Media and Entertainment,2017,31,True
Saudi Arabia,Media and Entertainment,2017,10,True
Portugal,Media and Entertainment,2022,3,True
United Arab Emirates,Media and Entertainment,2025,5,False
Luxembourg,Media and Entertainment,2015,0,True
United States,"Military, public safety and government",2016,150,True
South Korea,"Military, public safety and government",2020,1,True
Egypt,"Mobile, platforms & Internet services",2024,0,True
New Zealand,"Mobile, platforms & Internet services",2025,41,False
South Africa,"Mobile, platforms & Internet services",2017,22,True
South Africa,"Mobile, platforms & Internet services",2024,0,True
Portugal,"Mobile, platforms & Internet services",2017,0,True
Bangladesh,"Mobile, platforms & Internet services",2024,0,True
Romania,"Mobile, platforms & Internet services",2021,6,True
Philippines,"Mobile, platforms & Internet services",2021,0,True
Australia,"Mobile, platforms & Internet services",2020,36,True
Nigeria,"Mobile, platforms & Internet services",2022,0,True
Greece,"Mobile, platforms & Internet services",2021,0,True
Germany,"Mobile, platforms & Internet services",2015,10,True
Germany,"Mobile, platforms & Internet services",2022,147,True
United Arab Emirates,"Mobile, platforms & Internet services",2023,11,True
Norway,"Mobile, platforms & Internet services",2022,7,True
United Arab Emirates,NLP,2017,1,True
South Korea,NLP,2025,15,False
Brazil,NLP,2024,20,True
Portugal,NLP,2018,3,True
Netherlands,NLP,2021,6,True
Germany,NLP,2021,18,True
Turkey,Other,2019,0,True
France,Other,2018,24,True
France,Other,2019,12,True
Argentina,Other,2023,0,True
Philippines,Other,2025,6,False
Vietnam,Other,2021,6,True
Denmark,Other,2020,15,True
Spain,Privacy and Security,2019,2,True
Spain,Privacy and Security,2020,5,True
Canada,Privacy and Security,2018,19,True
Canada,Privacy and Security,2023,2,True
Italy,Privacy and Security,2021,2,True
Taiwan,Privacy and Security,2018,3,True
Netherlands,Privacy and Security,2017,19,True
Netherlands,Privacy and Security,2018,18,True
France,Privacy and Security,2023,33,True
United Arab Emirates,Professional services,2021,0,True
Mexico,Professional services,2020,0,True
Germany,Professional services,2024,182,True
Armenia,Professional services,2024,0,True
Australia,Real estate,2022,18,True
United States,Real estate,2015,31,True
United States,Real estate,2020,377,True
Thailand,Real estate,2025,0,False
Vietnam,Real estate,2021,1,True
Norway,Real estate,2023,1,True
Norway,Real estate,2025,0,False
Italy,Real estate,2016,0,True
Poland,Robotics,2016,0,True
Switzerland,Robotics,2022,6,True
Sweden,Robotics,2019,7,True
Sri Lanka,Robotics,2017,2,True
Japan,Robotics,2025,5,False
Denmark,Robotics,2016,0,True
Malaysia,Robotics,2024,0,True
China (mainland),Robotics,2015,20,True
Australia,Robotics,2024,2,True
Sri Lanka,"Sales, retail, commerce, marketing",2025,1,False
Sweden,"Sales, retail, commerce, marketing",2015,4,True
United Arab Emirates,"Sales, retail, commerce, marketing",2022,1,True
Tanzania,"Sales, retail, commerce, marketing",2025,0,False
Ireland,"Sales, retail, commerce, marketing",2018,9,True
Bulgaria,"Sales, retail, commerce, marketing",2023,0,True
Singapore,"Sales, retail, commerce, marketing",2021,645,True
Colombia,"Sales, retail, commerce, marketing",2018,0,True
Taiwan,"Sales, retail, commerce, marketing",2022,6,True
Singapore,Semiconductor,2022,25,True
Canada,Software,2017,146,True
Germany,Software,2018,175,True
North Macedonia,Software,2022,1,True
Switzerland,Software,2018,69,True
Iceland,Software,2019,7,True
Japan,Software,2021,345,True
Kenya,Software,2020,6,True
Finland,Software,2022,647,True
Sri Lanka,Software,2024,7,True
Tanzania,Software,2017,0,True
Hungary,Software,2023,16,True
Botswana,Software,2016,0,True
Cyprus,Software,2025,18,False
Dominican Republic,Software,2021,0,True
Qatar,Software,2022,2,True
Nigeria,Software,2017,0,True
Nigeria,Software,2024,5,True
Singapore,Software,2018,339,True
Netherlands,Software,2020,64,True
Serbia,Speech Recognition,2018,0,True
United States,Speech Recognition,2017,10,True
China (mainland),Speech Recognition,2015,67,True
United Kingdom,Speech Recognition,2015,0,True
United States,Sports,2016,32,True
Kenya,Sports,2019,2,True
New Zealand,Sports,2021,1,True
Ireland,Sports,2021,26,True
Cyprus,Sports,2019,1,True
Czechia,Sports,2020,1,True
Saudi Arabia,Sports,2024,0,True
United States,Telecommunications,2022,251,True
United Arab Emirates,Telecommunications,2016,0,True
Malaysia,Telecommunications,2020,2,True
Malaysia,Telecommunications,2022,1,True
Israel,Telecommunications,2024,16,True
Mexico,Transportation,2019,1,True
China (mainland),Transportation,2022,362,True
Czechia,Transportation,2021,1,True
United States,Transportation,2021,8616,True
Hungary,Transportation,2016,1,True
Hungary,Transportation,2021,1,True
Hungary,Transportation,2025,0,False
Chile,Transportation,2018,1,True
Bulgaria,Transportation,2017,1,True
Netherlands,Transportation,2018,2,True
Slovakia,Transportation,2023,1,True
Mexico,Agriculture,2016,0,True
Taiwan,Agriculture,2023,2,True
Norway,Agriculture,2019,2,True
Germany,Agriculture,2016,3,True
Ireland,Agriculture,2020,0,True
Kenya,Agriculture,2023,7,True
Argentina,Agriculture,2024,0,True
Singapore,Agriculture,2020,14,True
Ukraine,Agriculture,2016,0,True
Saudi Arabia,Agriculture,2021,6,True
Greece,Agriculture,2019,1,True
Ghana,All,2019,0,True
Uganda,All,2019,0,True
Cyprus,All,2018,10,True
Iraq,All,2022,0,True
Sri Lanka,All,2017,2,True
Qatar,All,2023,0,True
Malaysia,All,2022,49,True
Netherlands,All,2019,224,True
Pakistan,All,2020,0,True
Russia,All,2024,4,True
South Korea,All,2022,1706,True
Chile,All,2021,275,True
Bulgaria,All,2015,0,True
United Kingdom,All,2018,1538,True
Latvia,All,2023,1,True
Ghana,Biotechnology,2022,1,True
Singapore,Biotechnology,2022,2,True
Brazil,Biotechnology,2020,0,True
Spain,Biotechnology,2024,8,True
Colombia,Community and Lifestyle,2023,0,True
Switzerland,Community and Lifestyle,2018,18,True
Switzerland,Computer Vision,2023,2,True
Austria,Computer Vision,2016,1,True
China (mainland),Computer Vision,2025,60,False
Canada,Computer Vision,2015,2,True
Portugal,Computer Vision,2020,0,True
Hungary,Computer Vision,2019,2,True
Israel,Computer Vision,2020,47,True
Estonia,Computer Vision,2023,1,True
Poland,Computer Vision,2021,3,True
Cyprus,Computer Vision,2015,1,True
Cyprus,Computer Vision,2022,1,True
India,Computer Vision,2020,3,True
Australia,Computer Vision,2020,1,True
United States,Computer Vision,2025,16160,False
Mexico,Computer Vision,2025,55,False
Austria,Consumer goods,2016,1,True
Norway,Consumer goods,2022,7,True
Greece,Consumer goods,2021,0,True
Taiwan,Consumer goods,2019,1,True
Georgia,Consumer goods,2025,0,False
Estonia,Consumer goods,2016,0,True
Estonia,Consumer goods,2018,0,True
Brazil,Cyber Security,2022,17,True
India,Data and analytics,2025,1632,False
Hungary,Data and analytics,2020,5,True
Ireland,Data and analytics,2025,135,False
Bosnia and Herzegovina,Data and analytics,2020,0,True
Romania,Data and analytics,2016,1,True
Romania,Data and analytics,2021,15,True
Australia,Data and analytics,2016,21,True
Serbia,Data and analytics,2015,0,True
Denmark,Data and analytics,2021,46,True
Norway,Data and analytics,2025,43,False
Saudi Arabia,Data and analytics,2020,29,True
New Zealand,Education,2022,0,True
Sri Lanka,Education,2021,0,True
Romania,Education,2022,0,True
Brazil,Education,2025,2,False
India,Education,2024,22,True
Singapore,Education,2022,30,True
France,Education,2015,1,True
Italy,Education,2022,7,True
Colombia,Education,2022,2,True
Canada,Education,2023,33,True
Israel,Energy and natural resources,2020,19,True
Israel,Energy and natural resources,2025,22,False
Sweden,Energy and natural resources,2023,9,True
Norway,Energy and natural resources,2022,1,True
Portugal,Energy and natural resources,2015,0,True
United States,Facial Recognition,2017,6,True
Israel,Facial Recognition,2018,3,True
Saudi Arabia,Finance,2018,1,True
Slovakia,Finance,2020,5,True
Singapore,Finance,2016,9,True
Spain,Finance,2023,50,True
Portugal,Finance,2016,0,True
Taiwan,Finance,2022,4,True
Panama,Finance,2024,0,True
Seychelles,Finance,2017,1,True
Italy,Gaming,2015,0,True
Estonia,Gaming,2023,0,True
Czechia,General purpose,2021,33,True
Japan,General purpose,2025,173,False
China (mainland),General purpose,2023,1858,True
Pakistan,General purpose,2017,0,True
France,General purpose,2024,774,True
Italy,General purpose,2016,8,True
Italy,General purpose,2025,85,False
Switzerland,General purpose,2022,244,True
Ireland,General purpose,2015,3,True
Estonia,General purpose,2019,3,True
Colombia,General purpose,2017,1,True
Slovakia,General purpose,2019,5,True
Slovakia,General purpose,2020,7,True
Indonesia,General purpose,2023,10,True
Belgium,General purpose,2016,1,True
Brazil,General purpose,2025,122,False
Nigeria,General purpose,2021,0,True
Russia,General purpose,2021,2,True
Philippines,General purpose,2018,1,True
Philippines,General purpose,2021,0,True
Argentina,General purpose,2019,1,True
Taiwan,General purpose,2025,52,False
Austria,General purpose,2017,5,True
Israel,Hardware,2017,121,True
Israel,Hardware,2019,104,True
Uruguay,Hardware,2017,0,True
Pakistan,Hardware,2022,1,True
China (mainland),Hardware,2019,747,True
Estonia,Hardware,2018,0,True
Spain,Hardware,2022,11,True
United Kingdom,Hardware,2019,128,True
Netherlands,Healthcare and Life Sciences,2018,13,True
Italy,Healthcare and Life Sciences,2023,3,True
Switzerland,Healthcare and Life Sciences,2023,12,True
Spain,Healthcare and Life Sciences,2025,21,False
Germany,Healthcare and Life Sciences,2018,5,True
Kenya,Healthcare and Life Sciences,2025,1,False
Denmark,Information Technology,2019,11,True
Taiwan,Information Technology,2021,24,True
Uruguay,Information Technology,2025,1,False
Croatia,Information Technology,2019,0,True
Philippines,Information Technology,2018,0,True
South Korea,Information Technology,2022,96,True
South Korea,Information Technology,2025,72,False
Kenya,Information Technology,2023,7,True
Lithuania,Information Technology,2016,0,True
Portugal,Information Technology,2016,0,True
Portugal,Information Technology,2017,17,True
Israel,Information Technology,2020,72,True
United States,Lending and Investments,2017,173,True
Czechia,Lending and Investments,2021,7,True
Switzerland,Manufacturing,2018,0,True
Switzerland,Manufacturing,2019,4,True
Chile,Manufacturing,2023,0,True
South Africa,Manufacturing,2022,9,True
South Africa,Manufacturing,2023,1,True
Finland,Manufacturing,2017,0,True
Denmark,Manufacturing,2015,3,True
United States,Manufacturing,2022,748,True
Estonia,Manufacturing,2022,3,True
Albania,Media and Entertainment,2024,5,True
United Kingdom,Media and Entertainment,2017,36,True
United Kingdom,Media and Entertainment,2018,67,True
Belgium,Media and Entertainment,2018,0,True
Brazil,Media and Entertainment,2019,6,True
Brazil,Media and Entertainment,2023,1,True
France,Media and Entertainment,2025,36,False
Luxembourg,Media and Entertainment,2017,1,True
Israel,"Military, public safety and government",2024,21,True
United Kingdom,"Military, public safety and government",2020,22,True
Germany,"Military, public safety and government",2020,6,True
Norway,"Military, public safety and government",2023,0,True
Switzerland,"Military, public safety and government",2018,4,True
Sri Lanka,"Mobile, platforms & Internet services",2020,0,True
Luxembourg,"Mobile, platforms & Internet services",2015,0,True
New Zealand,"Mobile, platforms & Internet services",2023,0,True
South Africa,"Mobile, platforms & Internet services",2023,1,True
Switzerland,"Mobile, platforms & Internet services",2015,3,True
Romania,"Mobile, platforms & Internet services",2018,0,True
Italy,"Mobile, platforms & Internet services",2025,48,False
Germany,"Mobile, platforms & Internet services",2021,95,True
South Korea,NLP,2020,2,True
Switzerland,NLP,2019,0,True
Japan,NLP,2021,14,True
Turkey,NLP,2023,0,True
Qatar,NLP,2023,0,True
Lebanon,NLP,2017,0,True
Poland,NLP,2015,1,True
Indonesia,NLP,2017,0,True
Serbia,Navigation and mapping,2019,0,True
Germany,Navigation and mapping,2023,34,True
India,Navigation and mapping,2022,101,True
India,Navigation and mapping,2023,1,True
Singapore,Navigation and mapping,2021,31,True
Lithuania,Other,2025,0,False
Estonia,Other,2023,1,True
Turkey,Other,2018,0,True
Turkey,Other,2021,1,True
Saint Kitts and Nevis,Other,2021,0,True
Iceland,Other,2015,0,True
Iceland,Other,2023,0,True
Norway,Other,2017,8,True
Singapore,Other,2018,6,True
Singapore,Other,2020,539,True
Egypt,Other,2024,1,True
Germany,Other,2022,105,True
Saudi Arabia,Other,2023,3,True
Lithuania,Privacy and Security,2024,0,True
Turkey,Privacy and Security,2019,0,True
Australia,Privacy and Security,2023,5,True
Singapore,Privacy and Security,2017,9,True
Poland,Privacy and Security,2020,0,True
United States,Professional services,2020,1001,True
China (mainland),Professional services,2015,13,True
Lebanon,Professional services,2018,0,True
Belgium,Professional services,2025,0,False
India,Professional services,2016,23,True
Australia,Professional services,2016,1,True
Netherlands,Professional services,2022,3,True
Colombia,Professional services,2015,0,True
Bulgaria,Professional services,2023,0,True
Dominican Republic,Professional services,2024,0,True
Chile,Professional services,2022,0,True
Malaysia,Professional services,2015,5,True
Philippines,Professional services,2023,0,True
United Kingdom,Real estate,2016,2,True
India,Real estate,2019,0,True
Denmark,Real estate,2022,1,True
Israel,Real estate,2019,29,True
Turkey,Real estate,2020,0,True
Romania,Real estate,2021,4,True
Japan,Robotics,2022,4,True
Denmark,Robotics,2022,51,True
Turkey,Robotics,2024,1,True
Poland,"Sales, retail, commerce, marketing",2022,23,True
Luxembourg,"Sales, retail, commerce, marketing",2023,1,True
Finland,"Sales, retail, commerce, marketing",2015,107,True
Finland,"Sales, retail, commerce, marketing",2021,5,True
Ireland,"Sales, retail, commerce, marketing",2016,5,True
United Kingdom,Semiconductor,2025,235,False
India,Simulation,2022,165,True
United States,Simulation,2024,11,True
Belgium,Software,2017,157,True
Bosnia and Herzegovina,Software,2025,0,False
Malaysia,Software,2023,66,True
Hungary,Software,2025,3,False
Cyprus,Software,2015,2,True
Malta,Software,2020,1,True
Greece,Software,2025,5,False
Spain,Software,2019,38,True
Spain,Software,2024,72,True
Sweden,Software,2015,8,True
Sweden,Software,2016,19,True
Poland,Software,2022,54,True
Israel,Software,2015,212,True
Singapore,Speech Recognition,2020,2,True
Serbia,Speech Recognition,2020,0,True
Germany,Speech Recognition,2023,1,True
Germany,Sports,2023,1,True
France,Sports,2022,5,True
Brazil,Sports,2018,0,True
Canada,Sports,2018,1,True
Taiwan,Telecommunications,2023,0,True
Romania,Telecommunications,2025,1,False
Norway,Telecommunications,2021,30,True
Portugal,Transportation,2020,0,True
Japan,Transportation,2023,52,True
China (mainland),Transportation,2019,290,True
South Africa,Transportation,2018,0,True
South Africa,Transportation,2023,1,True
Czechia,Transportation,2020,1,True
United States,Transportation,2024,7978,True
Nigeria,Transportation,2019,0,True
Italy,Transportation,2018,0,True
Brazil,Agriculture,2024,15,True
Poland,Agriculture,2022,0,True
New Zealand,Agriculture,2020,0,True
Egypt,All,2020,0,True
Portugal,All,2020,16,True
Lithuania,All,2024,314,True
Austria,All,2017,13,True
Italy,All,2020,28,True
Cyprus,All,2024,37,True
Oman,All,2025,1,False
Hungary,All,2018,41,True
Saint Kitts and Nevis,All,2021,3,True
Belarus,All,2017,2,True
Philippines,All,2018,1,True
Czechia,All,2017,8,True
Tunisia,All,2018,1,True
Turkey,All,2015,100,True
United Kingdom,All,2017,918,True
Vietnam,All,2020,1,True
Vietnam,All,2022,28,True
Italy,Biotechnology,2018,3,True
Turkey,Biotechnology,2019,1,True
Poland,Biotechnology,2020,2,True
Romania,Biotechnology,2020,1,True
Indonesia,Biotechnology,2020,1,True
Thailand,Biotechnology,2021,1,True
Switzerland,Biotechnology,2017,7,True
Taiwan,Community and Lifestyle,2023,2,True
Hungary,Community and Lifestyle,2022,0,True
Hungary,Community and Lifestyle,2024,0,True
Bulgaria,Community and Lifestyle,2016,0,True
Estonia,Community and Lifestyle,2019,1,True
Estonia,Community and Lifestyle,2022,0,True
Japan,Community and Lifestyle,2018,40,True
France,Community and Lifestyle,2020,22,True
France,Community and Lifestyle,2022,2,True
Singapore,Community and Lifestyle,2016,1,True
Malaysia,Community and Lifestyle,2023,0,True
Pakistan,Computer Vision,2015,0,True
Canada,Computer Vision,2022,7,True
Romania,Computer Vision,2022,0,True
United Kingdom,Computer Vision,2021,57,True
Singapore,Computer Vision,2020,3,True
Germany,Consumer goods,2024,106,True
Lithuania,Consumer goods,2018,0,True
Poland,Consumer goods,2024,0,True
Japan,Consumer goods,2018,8,True
Norway,Consumer goods,2023,0,True
Hungary,Consumer goods,2019,0,True
New Zealand,Consumer goods,2022,1,True
Canada,Cyber Security,2020,6,True
United Kingdom,Cyber Security,2015,0,True
Sweden,Cyber Security,2020,0,True
Sweden,Cyber Security,2021,2,True
Bangladesh,Data and analytics,2023,1,True
Malaysia,Data and analytics,2017,0,True
Venezuela,Data and analytics,2019,1,True
Canada,Data and analytics,2024,838,True
Ireland,Data and analytics,2018,52,True
Jordan,Data and analytics,2025,0,False
Colombia,Data and analytics,2021,7,True
Spain,Data and analytics,2024,55,True
China (mainland),Data and analytics,2021,2945,True
United Kingdom,Data and analytics,2016,625,True
United Kingdom,Data and analytics,2022,1707,True
Nigeria,Data and analytics,2019,8,True
Cyprus,Data and analytics,2025,18,False
Lebanon,Education,2017,0,True
United States,Education,2025,449,False
Spain,Education,2016,0,True
Chile,Education,2023,0,True
Indonesia,Education,2023,1,True
Finland,Education,2019,3,True
South Korea,Education,2023,13,True
China (mainland),Energy and natural resources,2020,8,True
United Arab Emirates,Energy and natural resources,2023,3,True
Turkey,Energy and natural resources,2018,0,True
Finland,Energy and natural resources,2019,2,True
Kenya,Energy and natural resources,2025,0,False
Austria,Energy and natural resources,2016,0,True
Belgium,Facial Recognition,2018,2,True
Russia,Facial Recognition,2020,8,True
Belgium,Finance,2021,14,True
Singapore,Finance,2015,5,True
Singapore,Finance,2025,133,False
Ghana,Finance,2022,11,True
Ghana,Finance,2023,0,True
Spain,Finance,2015,7,True
Ireland,Finance,2019,1,True
France,Finance,2024,70,True
Iceland,Finance,2016,1,True
Estonia,Finance,2020,3,True
China (mainland),Gaming,2018,0,True
Switzerland,Gaming,2019,0,True
Lithuania,Gaming,2019,0,True
India,Gaming,2018,1,True
Japan,General purpose,2018,198,True
Japan,General purpose,2022,78,True
China (mainland),General purpose,2024,5568,True
France,General purpose,2020,168,True
France,General purpose,2025,581,False
Jordan,General purpose,2021,0,True
Portugal,General purpose,2025,21,False
Lebanon,General purpose,2021,0,True
Chile,General purpose,2024,6,True
Slovenia,General purpose,2023,20,True
Sri Lanka,General purpose,2017,2,True
Romania,General purpose,2021,15,True
Germany,General purpose,2019,167,True
Germany,General purpose,2023,489,True
Israel,General purpose,2024,2019,True
Australia,General purpose,2021,617,True
Argentina,General purpose,2021,2,True
Argentina,General purpose,2025,0,False
Iceland,General purpose,2022,13,True
Taiwan,General purpose,2015,12,True
Hungary,Hardware,2025,1,False
South Africa,Hardware,2020,16,True
Finland,Hardware,2017,14,True
Turkey,Hardware,2021,7,True
South Korea,Hardware,2023,73,True
Germany,Hardware,2019,18,True
Indonesia,Hardware,2021,0,True
Ukraine,Healthcare and Life Sciences,2025,0,False
Italy,Healthcare and Life Sciences,2015,0,True
Italy,Healthcare and Life Sciences,2025,9,False
Spain,Healthcare and Life Sciences,2021,40,True
South Africa,Information Technology,2019,1,True
South Africa,Information Technology,2020,8,True
Austria,Information Technology,2025,4,False
Indonesia,Information Technology,2018,0,True
Egypt,Information Technology,2025,3,False
Uganda,Information Technology,2020,0,True
South Korea,Information Technology,2016,50,True
United States,Information Technology,2019,7089,True
Netherlands,Information Technology,2016,35,True
Switzerland,Lending and Investments,2024,2,True
France,Lending and Investments,2018,1,True
France,Lending and Investments,2019,1,True
Czechia,Manufacturing,2025,0,False
Canada,Manufacturing,2019,14,True
Saudi Arabia,Manufacturing,2020,1,True
Slovakia,Manufacturing,2019,3,True
Norway,Manufacturing,2020,75,True
Ireland,Manufacturing,2025,19,False
Israel,Media and Entertainment,2023,11,True
Hungary,Media and Entertainment,2016,0,True
Hungary,Media and Entertainment,2022,0,True
Germany,Media and Entertainment,2022,42,True
Spain,Media and Entertainment,2025,10,False
Taiwan,Media and Entertainment,2018,2,True
South Africa,"Military, public safety and government",2021,0,True
Israel,"Military, public safety and government",2022,3,True
Turkey,"Military, public safety and government",2022,0,True
Poland,"Mobile, platforms & Internet services",2016,10,True
Japan,"Mobile, platforms & Internet services",2016,645,True
Japan,"Mobile, platforms & Internet services",2021,231,True
Nigeria,"Mobile, platforms & Internet services",2018,5,True
Malaysia,"Mobile, platforms & Internet services",2021,15,True
Spain,"Mobile, platforms & Internet services",2020,17,True
Cyprus,"Mobile, platforms & Internet services",2015,1,True
Indonesia,"Mobile, platforms & Internet services",2022,0,True
United Arab Emirates,"Mobile, platforms & Internet services",2022,11,True
China (mainland),NLP,2021,18,True
France,NLP,2025,233,False
India,NLP,2021,42,True
Chile,NLP,2018,1,True
Poland,NLP,2016,3,True
Estonia,Navigation and mapping,2018,0,True
Italy,Navigation and mapping,2018,0,True
United Arab Emirates,Other,2022,13,True
Switzerland,Other,2025,53,False
Singapore,Other,2019,4,True
India,Other,2016,16,True
Egypt,Other,2019,0,True
Ireland,Other,2021,1,True
Netherlands,Other,2017,18,True
Norway,Privacy and Security,2025,3,False
Austria,Privacy and Security,2024,0,True
Philippines,Privacy and Security,2022,0,True
Estonia,Professional services,2018,0,True
Norway,Professional services,2021,31,True
Turkey,Professional services,2025,0,False
Austria,Professional services,2018,1,True
Denmark,Professional services,2020,14,True
Sweden,Professional services,2023,9,True
Italy,Professional services,2021,31,True
Singapore,Professional services,2021,29,True
Singapore,Professional services,2025,15,False
Mexico,Real estate,2019,1,True
Israel,Real estate,2025,9,False
China (mainland),Real estate,2023,15,True
Germany,Real estate,2022,25,True
Italy,Real estate,2018,0,True
Belgium,Robotics,2021,0,True
Sweden,"Sales, retail, commerce, marketing",2018,24,True
Panama,"Sales, retail, commerce, marketing",2023,0,True
Lithuania,"Sales, retail, commerce, marketing",2020,0,True
Lithuania,"Sales, retail, commerce, marketing",2022,0,True
Norway,"Sales, retail, commerce, marketing",2024,0,True
Austria,"Sales, retail, commerce, marketing",2023,0,True
Ghana,"Sales, retail, commerce, marketing",2023,0,True
Canada,"Sales, retail, commerce, marketing",2015,18,True
Canada,"Sales, retail, commerce, marketing",2016,11,True
Turkey,"Sales, retail, commerce, marketing",2021,1,True
Finland,"Sales, retail, commerce, marketing",2022,571,True
United Kingdom,"Sales, retail, commerce, marketing",2015,111,True
United States,"Sales, retail, commerce, marketing",2016,814,True
Czechia,"Sales, retail, commerce, marketing",2020,4,True
Italy,"Sales, retail, commerce, marketing",2015,4,True
Israel,Semiconductor,2021,38,True
Japan,Simulation,2021,1,True
Bulgaria,Software,2023,5,True
South Korea,Software,2018,62,True
New Zealand,Software,2015,4,True
Chile,Software,2023,3,True
Norway,Software,2015,1,True
Taiwan,Software,2023,35,True
Brazil,Software,2022,698,True
Ireland,Software,2019,89,True
China (mainland),Software,2021,3107,True
Singapore,Software,2022,547,True
Netherlands,Software,2022,186,True
Lebanon,Software,2017,1,True
Colombia,Speech Recognition,2019,0,True
Lithuania,Speech Recognition,2021,0,True
Singapore,Sports,2019,2,True
United Kingdom,Telecommunications,2015,0,True
United Kingdom,Telecommunications,2016,1,True
Brazil,Telecommunications,2021,6,True
India,Telecommunications,2020,6,True
Portugal,Transportation,2018,3,True
Estonia,Transportation,2019,0,True
China (mainland),Transportation,2021,1017,True
Luxembourg,Transportation,2021,1,True
Vietnam,Transportation,2022,0,True
Denmark,Transportation,2020,2,True
Greece,Transportation,2021,1,True
United Kingdom,Transportation,2016,10,True
Japan,Agriculture,2016,1,True
Spain,All,2020,133,True
Kazakhstan,All,2022,0,True
Italy,All,2024,110,True
Uruguay,All,2023,0,True
Denmark,All,2015,13,True
Norway,All,2015,1,True
Sri Lanka,All,2021,0,True
Costa Rica,All,2022,0,True
Costa Rica,All,2025,2,False
Albania,All,2019,7,True
Serbia,All,2015,0,True
Luxembourg,All,2021,5,True
Luxembourg,All,2023,1,True
China (mainland),All,2021,12430,True
United Kingdom,All,2022,5067,True
Lebanon,All,2020,0,True
Peru,All,2021,1,True
Ukraine,Biotechnology,2018,0,True
Iceland,Biotechnology,2024,1,True
United States,Biotechnology,2022,1498,True
Canada,Biotechnology,2020,31,True
Czechia,Biotechnology,2024,0,True
Japan,Biotechnology,2018,58,True
France,Biotechnology,2025,17,False
South Korea,Biotechnology,2025,5,False
Denmark,Biotechnology,2020,2,True
Cyprus,Biotechnology,2024,3,True
Thailand,Biotechnology,2023,2,True
Turkey,Community and Lifestyle,2022,1,True
Sweden,Community and Lifestyle,2019,1,True
New Zealand,Community and Lifestyle,2021,3,True
Malaysia,Community and Lifestyle,2017,0,True
Malaysia,Community and Lifestyle,2025,0,False
Italy,Community and Lifestyle,2022,0,True
South Korea,Computer Vision,2025,1,False
Switzerland,Computer Vision,2015,1,True
United Kingdom,Computer Vision,2022,69,True
Poland,Computer Vision,2025,3,False
Italy,Consumer goods,2015,1,True
Greece,Consumer goods,2015,0,True
Hungary,Consumer goods,2021,1,True
United Kingdom,Consumer goods,2017,15,True
New Zealand,Consumer goods,2019,1,True
Brazil,Cyber Security,2025,9,False
United States,Cyber Security,2015,106,True
Germany,Cyber Security,2022,1,True
Taiwan,Cyber Security,2025,1,False
Israel,Cyber Security,2020,10,True
Hungary,Data and analytics,2021,7,True
Singapore,Data and analytics,2024,2032,True
Switzerland,Data and analytics,2017,92,True
Switzerland,Data and analytics,2024,119,True
Finland,Data and analytics,2024,677,True
Romania,Data and analytics,2020,2,True
Zambia,Data and analytics,2023,0,True
United Kingdom,Data and analytics,2020,932,True
United Kingdom,Data and analytics,2021,1982,True
Nigeria,Data and analytics,2024,4,True
Slovenia,Data and analytics,2020,1,True
Slovenia,Data and analytics,2022,3,True
Algeria,Data and analytics,2022,0,True
Australia,Education,2025,1,False
India,Education,2023,80,True
Taiwan,Education,2023,6,True
Malta,Education,2017,1,True
United Arab Emirates,Education,2021,1,True
China (mainland),Education,2015,80,True
South Korea,Education,2019,22,True
Sweden,Education,2016,1,True
Denmark,Energy and natural resources,2022,10,True
New Zealand,Energy and natural resources,2020,0,True
Luxembourg,Energy and natural resources,2018,0,True
United Kingdom,Energy and natural resources,2015,5,True
South Africa,Energy and natural resources,2020,0,True
Israel,Facial Recognition,2022,4,True
Singapore,Finance,2023,203,True
China (mainland),Finance,2023,14,True
Cambodia,Finance,2018,0,True
Japan,Finance,2018,26,True
Iceland,Finance,2020,2,True
United States,Finance,2019,1681,True
Australia,Finance,2020,26,True
Portugal,Finance,2025,15,False
Serbia,Finance,2021,0,True
Czechia,Finance,2020,1,True
Sweden,Finance,2023,2,True
Canada,Finance,2022,33,True
Singapore,Gaming,2021,2,True
Australia,Gaming,2023,0,True
Japan,General purpose,2016,675,True
Vietnam,General purpose,2019,0,True
Cyprus,General purpose,2020,5,True
United Arab Emirates,General purpose,2024,1710,True
South Africa,General purpose,2024,6,True
Greece,General purpose,2020,3,True
Ukraine,General purpose,2022,0,True
Colombia,General purpose,2015,0,True
Ghana,General purpose,2023,0,True
India,General purpose,2015,139,True
Tunisia,General purpose,2021,0,True
Australia,General purpose,2024,1842,True
Denmark,General purpose,2023,39,True
Turkey,General purpose,2022,31,True
Peru,General purpose,2020,3,True
New Zealand,Hardware,2024,0,True
Israel,Hardware,2024,86,True
Italy,Hardware,2022,4,True
France,Hardware,2021,55,True
Colombia,Hardware,2023,0,True
Latvia,Hardware,2018,8,True
Singapore,Hardware,2019,110,True
Ireland,Hardware,2021,8,True
China (mainland),Hardware,2018,1176,True
Estonia,Hardware,2020,4,True
Australia,Hardware,2023,68,True
Japan,Healthcare and Life Sciences,2023,10,True
Turkey,Healthcare and Life Sciences,2024,0,True
Chile,Healthcare and Life Sciences,2021,3,True
Italy,Healthcare and Life Sciences,2017,0,True
Singapore,Healthcare and Life Sciences,2022,15,True
Singapore,Healthcare and Life Sciences,2025,1,False
Poland,Healthcare and Life Sciences,2025,11,False
Colombia,Healthcare and Life Sciences,2021,0,True
Norway,Healthcare and Life Sciences,2016,0,True
Belgium,Healthcare and Life Sciences,2016,0,True
United Arab Emirates,Healthcare and Life Sciences,2025,3,False
Denmark,Information Technology,2016,4,True
Taiwan,Information Technology,2017,7,True
Austria,Information Technology,2023,8,True
Uruguay,Information Technology,2021,0,True
Spain,Information Technology,2022,41,True
Latvia,Information Technology,2025,0,False
Czechia,Information Technology,2023,9,True
Egypt,Information Technology,2016,0,True
Pakistan,Information Technology,2022,0,True
United States,Information Technology,2016,1885,True
Nigeria,Information Technology,2025,0,False
Sri Lanka,Information Technology,2023,3,True
Sweden,Information Technology,2025,9,False
Kenya,Information Technology,2024,5,True
Mexico,Information Technology,2017,0,True
Israel,Information Technology,2019,71,True
Finland,Lending and Investments,2015,85,True
Russia,Lending and Investments,2017,1,True
United Arab Emirates,Lending and Investments,2025,3,False
Malaysia,Manufacturing,2025,0,False
Russia,Manufacturing,2019,2,True
China (mainland),Manufacturing,2021,684,True
Poland,Manufacturing,2024,1,True
India,Manufacturing,2016,1,True
Canada,Manufacturing,2023,39,True
Bulgaria,Manufacturing,2023,0,True
Germany,Manufacturing,2017,1,True
Iceland,Manufacturing,2024,1,True
United States,Manufacturing,2023,495,True
Estonia,Manufacturing,2021,0,True
Hungary,Media and Entertainment,2019,1,True
Finland,Media and Entertainment,2020,8,True
Spain,Media and Entertainment,2017,0,True
China (mainland),Media and Entertainment,2019,32,True
China (mainland),Media and Entertainment,2025,38,False
Turkey,"Military, public safety and government",2019,0,True
Singapore,"Military, public safety and government",2022,2,True
Norway,"Military, public safety and government",2019,0,True
Australia,"Military, public safety and government",2020,0,True
China (mainland),"Mobile, platforms & Internet services",2024,151,True
Latvia,"Mobile, platforms & Internet services",2022,0,True
Thailand,"Mobile, platforms & Internet services",2016,0,True
Croatia,"Mobile, platforms & Internet services",2019,0,True
Iceland,"Mobile, platforms & Internet services",2017,0,True
Brazil,"Mobile, platforms & Internet services",2016,0,True
Finland,"Mobile, platforms & Internet services",2022,33,True
Spain,"Mobile, platforms & Internet services",2019,30,True
United Kingdom,"Mobile, platforms & Internet services",2020,414,True
Estonia,"Mobile, platforms & Internet services",2018,0,True
Estonia,"Mobile, platforms & Internet services",2025,20,False
Greece,"Mobile, platforms & Internet services",2020,0,True
Lithuania,"Mobile, platforms & Internet services",2018,0,True
Colombia,"Mobile, platforms & Internet services",2022,2,True
Colombia,"Mobile, platforms & Internet services",2024,1,True
Austria,"Mobile, platforms & Internet services",2020,9,True
South Korea,NLP,2019,4,True
Colombia,NLP,2022,1,True
Italy,NLP,2016,2,True
India,NLP,2025,1,False
Luxembourg,NLP,2022,0,True
Czechia,NLP,2021,1,True
Netherlands,NLP,2024,3,True
Germany,NLP,2016,1,True
United States,NLP,2017,232,True
Denmark,NLP,2019,0,True
United States,Navigation and mapping,2025,87,False
Brazil,Other,2019,145,True
Turkey,Other,2017,0,True
Chile,Other,2022,0,True
Japan,Other,2023,68,True
Philippines,Other,2021,0,True
Austria,Other,2023,0,True
Czechia,Other,2022,1,True
Germany,Other,2025,2039,False
Romania,Other,2019,0,True
Israel,Privacy and Security,2017,7,True
Spain,Privacy and Security,2018,2,True
Turkey,Privacy and Security,2025,2,False
Hungary,Privacy and Security,2021,0,True
Canada,Privacy and Security,2025,25,False
Kazakhstan,Privacy and Security,2023,1,True
Sri Lanka,Professional services,2023,0,True
Canada,Professional services,2024,120,True
Saudi Arabia,Professional services,2025,4,False
Switzerland,Professional services,2016,0,True
France,Professional services,2023,41,True
United Kingdom,Real estate,2018,15,True
United Kingdom,Real estate,2024,12,True
Chile,Real estate,2023,1,True
Romania,Real estate,2022,0,True
Hungary,Real estate,2018,0,True
Hungary,Real estate,2025,0,False
Brazil,Robotics,2020,5,True
Israel,Robotics,2018,5,True
United Kingdom,Robotics,2021,10,True
United Kingdom,Robotics,2024,23,True
Kenya,"Sales, retail, commerce, marketing",2019,0,True
Uruguay,"Sales, retail, commerce, marketing",2024,1,True
Nigeria,"Sales, retail, commerce, marketing",2017,0,True
Netherlands,"Sales, retail, commerce, marketing",2025,6,False
New Zealand,"Sales, retail, commerce, marketing",2023,1,True
Hungary,"Sales, retail, commerce, marketing",2024,1,True
Latvia,"Sales, retail, commerce, marketing",2016,0,True
Latvia,"Sales, retail, commerce, marketing",2024,0,True
Cyprus,"Sales, retail, commerce, marketing",2022,1,True
United States,Semiconductor,2019,364,True
China (mainland),Semiconductor,2020,72,True
Canada,Simulation,2018,2,True
Belgium,Software,2020,123,True
Canada,Software,2023,580,True
United Arab Emirates,Software,2016,0,True
Serbia,Software,2015,0,True
Colombia,Software,2015,0,True
Hungary,Software,2024,7,True
Cyprus,Software,2024,37,True
Mexico,Software,2022,52,True
Venezuela,Software,2019,1,True
Denmark,Software,2016,7,True
Israel,Software,2025,962,False
Ireland,Software,2017,24,True
Ireland,Software,2018,64,True
Thailand,Software,2015,0,True
United States,Speech Recognition,2018,39,True
Brazil,Sports,2021,2,True
Italy,Sports,2023,0,True
Croatia,Sports,2021,0,True
Italy,Telecommunications,2024,3,True
India,Telecommunications,2024,1,True
Sweden,Telecommunications,2024,0,True
Switzerland,Telecommunications,2019,1,True
Switzerland,Telecommunications,2022,0,True
Mexico,Transportation,2024,0,True
South Korea,Transportation,2025,27,False
Australia,Transportation,2022,30,True
Israel,Transportation,2016,15,True
Latvia,Transportation,2015,0,True
Turkey,Transportation,2023,2,True
Norway,Transportation,2023,0,True
Taiwan,Transportation,2019,5,True
Italy,Transportation,2022,1,True
Colombia,Transportation,2018,0,True
Saudi Arabia,Transportation,2016,1,True
Belgium,Transportation,2025,0,False
Brazil,Agriculture,2022,10,True
Thailand,Agriculture,2020,1,True
India,Agriculture,2025,9,False
Finland,Agriculture,2019,1,True
Canada,Agriculture,2019,36,True
Slovenia,Agriculture,2020,1,True
New Zealand,All,2018,3,True
Indonesia,All,2023,29,True
France,All,2022,1453,True
South Africa,All,2016,1,True
Mongolia,All,2021,0,True
Dominican Republic,All,2024,0,True
Singapore,All,2016,90,True
Argentina,All,2019,2,True
Estonia,All,2017,4,True
Thailand,All,2022,25,True
Sweden,All,2022,1058,True
Taiwan,All,2019,46,True
United States,Biotechnology,2016,261,True
Malaysia,Biotechnology,2025,0,False
Japan,Biotechnology,2020,7,True
Taiwan,Biotechnology,2025,3,False
United Kingdom,Biotechnology,2016,4,True
Austria,Community and Lifestyle,2023,0,True
Spain,Community and Lifestyle,2019,3,True
Singapore,Community and Lifestyle,2018,10,True
Brazil,Community and Lifestyle,2024,26,True
Poland,Community and Lifestyle,2020,0,True
Germany,Community and Lifestyle,2015,6,True
Germany,Community and Lifestyle,2017,5,True
Italy,Community and Lifestyle,2024,1,True
Switzerland,Computer Vision,2022,33,True
Italy,Computer Vision,2019,1,True
China (mainland),Computer Vision,2022,115,True
United Kingdom,Computer Vision,2019,55,True
Spain,Computer Vision,2019,1,True
United States,Computer Vision,2017,270,True
Slovenia,Computer Vision,2020,1,True
Latvia,Consumer goods,2022,1,True
Poland,Consumer goods,2020,1,True
Japan,Consumer goods,2025,0,False
Sweden,Consumer goods,2020,1,True
Singapore,Cyber Security,2016,0,True
India,Cyber Security,2017,0,True
India,Cyber Security,2018,0,True
Israel,Cyber Security,2025,111,False
Japan,Cyber Security,2021,3,True
Italy,Data and analytics,2024,34,True
Iceland,Data and analytics,2022,13,True
Canada,Data and analytics,2016,59,True
Kenya,Data and analytics,2023,7,True
Switzerland,Data and analytics,2015,3,True
Philippines,Data and analytics,2022,24,True
Estonia,Data and analytics,2018,3,True
Australia,Data and analytics,2022,352,True
Austria,Data and analytics,2020,17,True
Turkey,Education,2017,0,True
Sri Lanka,Education,2024,1,True
Brazil,Education,2024,5,True
India,Education,2015,6,True
Estonia,Education,2017,1,True
Denmark,Education,2024,1,True
Switzerland,Education,2024,3,True
South Korea,Education,2022,13,True
India,Energy and natural resources,2023,7,True
Sweden,Energy and natural resources,2019,1,True
Italy,Energy and natural resources,2025,1,False
Brazil,Energy and natural resources,2016,0,True
United Kingdom,Energy and natural resources,2025,21,False
Japan,Energy and natural resources,2024,51,True
Ireland,Energy and natural resources,2025,0,False
Canada,Energy and natural resources,2022,26,True
United Kingdom,Facial Recognition,2021,0,True
Belgium,Finance,2025,1,False
Brazil,Finance,2024,18,True
Finland,Finance,2025,9,False
Spain,Finance,2025,18,False
Hungary,Finance,2022,0,True
South Korea,Finance,2024,10,True
Canada,Finance,2015,1,True
Israel,Finance,2018,43,True
Bulgaria,Finance,2023,1,True
Kenya,Finance,2020,4,True
Seychelles,Finance,2021,1,True
Germany,Gaming,2024,1,True
Spain,Gaming,2020,4,True
Denmark,Gaming,2024,0,True
United Kingdom,Gaming,2017,26,True
United Kingdom,Gaming,2019,3,True
India,Gaming,2025,0,False
Czechia,General purpose,2023,18,True
Vietnam,General purpose,2025,82,False
Bangladesh,General purpose,2022,2,True
Chile,General purpose,2017,1,True
United Arab Emirates,General purpose,2020,5,True
Italy,General purpose,2017,4,True
Switzerland,General purpose,2016,5,True
Estonia,General purpose,2024,20,True
Egypt,General purpose,2025,8,False
Belgium,General purpose,2019,24,True
Poland,General purpose,2021,21,True
Poland,General purpose,2023,12,True
Russia,General purpose,2023,1,True
Finland,General purpose,2022,76,True
Costa Rica,Hardware,2022,0,True
Italy,Hardware,2021,2,True
Taiwan,Hardware,2024,29,True
Latvia,Hardware,2020,3,True
Poland,Hardware,2016,0,True
Poland,Hardware,2022,7,True
Poland,Hardware,2023,4,True
Switzerland,Hardware,2019,37,True
Mexico,Hardware,2019,0,True
Canada,Hardware,2025,81,False
Australia,Healthcare and Life Sciences,2016,2,True
Egypt,Healthcare and Life Sciences,2022,1,True
Czechia,Healthcare and Life Sciences,2023,1,True
Belgium,Healthcare and Life Sciences,2022,4,True
United Arab Emirates,Information Technology,2025,278,False
China (mainland),Information Technology,2017,488,True
Italy,Information Technology,2021,10,True
Germany,Information Technology,2017,43,True
Tunisia,Information Technology,2022,1,True
Tunisia,Information Technology,2023,2,True
Switzerland,Information Technology,2024,62,True
Australia,Information Technology,2015,1,True
Dominican Republic,Information Technology,2021,0,True
Finland,Information Technology,2025,350,False
Mauritius,Information Technology,2021,0,True
Sweden,Information Technology,2018,2,True
United Kingdom,Information Technology,2021,1180,True
Kenya,Lending and Investments,2021,0,True
Kenya,Lending and Investments,2022,0,True
Singapore,Lending and Investments,2018,4,True
Mexico,Lending and Investments,2019,0,True
Israel,Manufacturing,2021,22,True
Austria,Manufacturing,2022,3,True
Austria,Manufacturing,2023,0,True
Japan,Manufacturing,2025,33,False
United States,Manufacturing,2024,4745,True
Estonia,Manufacturing,2020,3,True
Czechia,Media and Entertainment,2025,0,False
United Kingdom,Media and Entertainment,2023,33,True
Australia,Media and Entertainment,2022,9,True
Finland,Media and Entertainment,2018,2,True
France,Media and Entertainment,2024,21,True
Germany,Media and Entertainment,2024,5,True
Lithuania,Media and Entertainment,2018,0,True
Netherlands,Media and Entertainment,2023,0,True
Israel,"Military, public safety and government",2023,18,True
South Korea,"Military, public safety and government",2023,4,True
Hungary,"Mobile, platforms & Internet services",2025,0,False
Philippines,"Mobile, platforms & Internet services",2023,0,True
Iceland,"Mobile, platforms & Internet services",2015,0,True
Iceland,"Mobile, platforms & Internet services",2022,1,True
Spain,"Mobile, platforms & Internet services",2017,16,True
Chile,"Mobile, platforms & Internet services",2015,0,True
Azerbaijan,"Mobile, platforms & Internet services",2023,0,True
Bulgaria,"Mobile, platforms & Internet services",2019,0,True
Spain,NLP,2017,3,True
Brazil,NLP,2020,51,True
Cambodia,NLP,2018,0,True
Israel,NLP,2015,4,True
Dominican Republic,NLP,2024,0,True
Spain,Navigation and mapping,2025,0,False
Saudi Arabia,Navigation and mapping,2021,0,True
Spain,Other,2023,7,True
Spain,Other,2025,19,False
China (mainland),Other,2015,57,True
Austria,Other,2022,1,True
Czechia,Other,2025,1,False
Italy,Other,2025,3,False
Ireland,Other,2018,7,True
Germany,Other,2019,49,True
Russia,Other,2017,1,True
Romania,Other,2023,10,True
Israel,Privacy and Security,2016,67,True
Portugal,Privacy and Security,2021,52,True
Switzerland,Privacy and Security,2025,0,False
Ireland,Privacy and Security,2017,0,True
Italy,Privacy and Security,2017,0,True
Sri Lanka,Privacy and Security,2024,1,True
China (mainland),Privacy and Security,2025,23,False
Brazil,Privacy and Security,2023,1,True
France,Privacy and Security,2018,9,True
South Korea,Privacy and Security,2024,7,True
Estonia,Professional services,2015,0,True
Estonia,Professional services,2024,6,True
India,Professional services,2015,0,True
India,Professional services,2025,28,False
Spain,Professional services,2016,0,True
South Korea,Professional services,2015,0,True
Portugal,Real estate,2015,0,True
Singapore,Real estate,2018,0,True
Singapore,Real estate,2019,1,True
Switzerland,Real estate,2022,1,True
Austria,Real estate,2025,1,False
Denmark,Real estate,2024,2,True
South Korea,Real estate,2024,17,True
Poland,Real estate,2025,0,False
India,Robotics,2017,3,True
India,Robotics,2019,6,True
Spain,Robotics,2020,4,True
Singapore,Robotics,2019,2,True
Ukraine,Robotics,2023,2,True
Spain,"Sales, retail, commerce, marketing",2020,4,True
Romania,"Sales, retail, commerce, marketing",2025,1,False
South Korea,"Sales, retail, commerce, marketing",2025,24,False
New Zealand,"Sales, retail, commerce, marketing",2024,2,True
Ireland,"Sales, retail, commerce, marketing",2024,24,True
Israel,"Sales, retail, commerce, marketing",2021,121,True
Israel,"Sales, retail, commerce, marketing",2023,27,True
Egypt,"Sales, retail, commerce, marketing",2019,0,True
Turkey,Software,2025,17,False
Germany,Software,2025,2733,False
Lithuania,Software,2019,1,True
Kenya,Software,2022,3,True
Australia,Software,2022,403,True
Australia,Software,2024,1858,True
Portugal,Software,2017,19,True
Kazakhstan,Software,2021,1,True
Mauritius,Software,2021,20,True
Mexico,Software,2025,60,False
Greece,Software,2018,2,True
Sweden,Software,2021,368,True
Poland,Software,2015,2,True
Qatar,Software,2020,0,True
Argentina,Software,2023,0,True
Indonesia,Software,2022,6,True
Thailand,Software,2024,42,True
Slovakia,Software,2015,0,True
Lebanon,Software,2023,0,True
Canada,Speech Recognition,2015,2,True
Serbia,Speech Recognition,2022,0,True
Ireland,Speech Recognition,2017,1,True
Australia,Sports,2024,0,True
New Zealand,Sports,2020,0,True
China (mainland),Sports,2022,1,True
New Zealand,Telecommunications,2022,1,True
India,Telecommunications,2022,40,True
Poland,Telecommunications,2022,0,True
Japan,Transportation,2022,33,True
Canada,Transportation,2025,32,False
Czechia,Transportation,2022,17,True
Spain,Transportation,2022,1,True
United Arab Emirates,Transportation,2020,2,True
Hungary,Transportation,2022,1,True
Hungary,Transportation,2024,1,True
Brazil,Transportation,2025,1,False
Switzerland,Transportation,2020,3,True
Egypt,Transportation,2024,1,True
Italy,Transportation,2017,2,True
Colombia,Transportation,2024,3,True
Greece,Transportation,2019,1,True
United Kingdom,Transportation,2017,24,True
India,Transportation,2015,2,True
Israel,Agriculture,2017,5,True
Israel,Agriculture,2025,17,False
Germany,Agriculture,2022,6,True
Turkey,Agriculture,2019,0,True
Singapore,Agriculture,2024,2,True
Australia,Agriculture,2021,5,True
United States,Agriculture,2017,44,True
Egypt,All,2018,0,True
Lithuania,All,2025,68,False
Italy,All,2018,15,True
Kenya,All,2019,3,True
North Macedonia,All,2024,0,True
Denmark,All,2016,20,True
Denmark,All,2020,78,True
Poland,All,2020,99,True
Panama,All,2025,15,False
Slovakia,All,2021,9,True
Serbia,All,2021,0,True
Bangladesh,All,2024,0,True
Chile,All,2019,32,True
Dominican Republic,All,2020,0,True
Czechia,All,2022,158,True
Croatia,All,2019,0,True
Israel,All,2023,1300,True
Saudi Arabia,All,2022,1792,True
Saudi Arabia,All,2024,277,True
Canada,Biotechnology,2025,35,False
Turkey,Biotechnology,2018,0,True
Australia,Biotechnology,2021,18,True
Australia,Biotechnology,2022,3,True
South Korea,Biotechnology,2016,1,True
Denmark,Community and Lifestyle,2022,0,True
Norway,Community and Lifestyle,2024,1,True
New Zealand,Community and Lifestyle,2019,0,True
Bulgaria,Community and Lifestyle,2017,0,True
Canada,Community and Lifestyle,2025,0,False
Singapore,Community and Lifestyle,2017,1,True
Germany,Community and Lifestyle,2025,15,False
China (mainland),Computer Vision,2016,29,True
Sri Lanka,Computer Vision,2024,0,True
Portugal,Computer Vision,2022,2,True
Singapore,Computer Vision,2017,84,True
Israel,Computer Vision,2022,28,True
Brazil,Computer Vision,2024,0,True
India,Computer Vision,2021,5,True
Spain,Computer Vision,2015,0,True
Germany,Consumer goods,2018,3,True
India,Consumer goods,2025,31,False
Austria,Consumer goods,2020,1,True
Singapore,Consumer goods,2015,12,True
Israel,Consumer goods,2016,4,True
Denmark,Consumer goods,2020,1,True
Hungary,Consumer goods,2016,0,True
Hungary,Consumer goods,2018,0,True
Turkey,Consumer goods,2024,0,True
Estonia,Consumer goods,2021,1,True
United States,Cyber Security,2024,3737,True
Czechia,Cyber Security,2016,0,True
Sweden,Cyber Security,2022,0,True
Germany,Data and analytics,2020,221,True
Italy,Data and analytics,2020,22,True
New Zealand,Data and analytics,2015,4,True
Slovakia,Data and analytics,2015,0,True
Slovakia,Data and analytics,2023,22,True
Poland,Data and analytics,2018,12,True
China (mainland),Data and analytics,2015,311,True
Australia,Data and analytics,2023,119,True
Serbia,Data and analytics,2022,0,True
Lithuania,Data and analytics,2019,1,True
Czechia,Data and analytics,2021,34,True
Saudi Arabia,Data and analytics,2016,1,True
Saudi Arabia,Data and analytics,2022,1238,True
Turkey,Education,2021,2,True
Mexico,Education,2021,0,True
Bulgaria,Education,2018,0,True
Chile,Education,2018,5,True
France,Education,2016,2,True
Colombia,Education,2025,0,False
South Korea,Education,2017,4,True
Australia,Energy and natural resources,2017,2,True
Switzerland,Energy and natural resources,2025,23,False
Netherlands,Energy and natural resources,2024,13,True
Belgium,Energy and natural resources,2015,10,True
United Kingdom,Energy and natural resources,2021,34,True
France,Energy and natural resources,2024,10,True
China (mainland),Facial Recognition,2019,159,True
Cyprus,Facial Recognition,2020,1,True
Germany,Finance,2017,133,True
Spain,Finance,2016,0,True
Spain,Finance,2019,12,True
Nigeria,Finance,2020,1,True
Philippines,Finance,2025,90,False
Czechia,Finance,2025,55,False
Sweden,Finance,2024,2,True
Austria,Finance,2016,0,True
Italy,Finance,2024,10,True
Canada,Finance,2024,34,True
United Kingdom,Finance,2021,349,True
Chile,Finance,2020,0,True
Chile,Finance,2025,0,False
Italy,Gaming,2021,0,True
Hungary,Gaming,2016,0,True
United States,Gaming,2016,25,True
Mongolia,General purpose,2019,0,True
Vietnam,General purpose,2023,3,True
United Kingdom,General purpose,2021,1569,True
Georgia,General purpose,2025,1,False
Estonia,General purpose,2015,3,True
Sri Lanka,General purpose,2019,1,True
Singapore,General purpose,2017,124,True
Latvia,General purpose,2015,0,True
Germany,General purpose,2017,150,True
India,General purpose,2021,303,True
Tunisia,General purpose,2022,2,True
Slovakia,General purpose,2018,1,True
Belgium,General purpose,2015,18,True
Nigeria,General purpose,2017,0,True
Poland,General purpose,2016,10,True
Spain,General purpose,2025,183,False
United Arab Emirates,Hardware,2022,0,True
Romania,Hardware,2024,1,True
Saudi Arabia,Hardware,2024,8,True
Japan,Hardware,2016,27,True
Portugal,Hardware,2017,2,True
Taiwan,Hardware,2016,8,True
Argentina,Hardware,2018,0,True
Singapore,Hardware,2018,81,True
China (mainland),Hardware,2017,496,True
China (mainland),Hardware,2023,758,True
Mexico,Healthcare and Life Sciences,2021,1,True
Uruguay,Healthcare and Life Sciences,2021,2,True
Austria,Healthcare and Life Sciences,2018,2,True
Finland,Healthcare and Life Sciences,2017,4,True
Finland,Healthcare and Life Sciences,2025,6,False
Iceland,Healthcare and Life Sciences,2015,0,True
Canada,Healthcare and Life Sciences,2016,6,True
Canada,Healthcare and Life Sciences,2018,11,True
Hungary,Healthcare and Life Sciences,2022,3,True
New Zealand,Healthcare and Life Sciences,2021,4,True
Israel,Healthcare and Life Sciences,2015,20,True
Slovakia,Information Technology,2018,2,True
Germany,Information Technology,2021,335,True
Mongolia,Information Technology,2022,0,True
Spain,Information Technology,2018,11,True
Malaysia,Information Technology,2024,1,True
Singapore,Information Technology,2018,71,True
Saudi Arabia,Information Technology,2025,32,False
United States,Lending and Investments,2022,1146,True
Israel,Lending and Investments,2021,2,True
India,Lending and Investments,2015,0,True
Uruguay,Lending and Investments,2025,0,False
Canada,Lending and Investments,2017,23,True
Brazil,Lending and Investments,2017,0,True
Ukraine,Manufacturing,2025,0,False
Brazil,Manufacturing,2021,0,True
India,Manufacturing,2020,1,True
South Korea,Manufacturing,2025,40,False
Italy,Manufacturing,2018,0,True
Ireland,Media and Entertainment,2025,55,False
Belgium,Media and Entertainment,2025,0,False
Brazil,Media and Entertainment,2016,0,True
Brazil,Media and Entertainment,2024,4,True
Canada,Media and Entertainment,2023,1,True
Panama,Media and Entertainment,2025,0,False
Romania,Media and Entertainment,2021,0,True
United States,Media and Entertainment,2022,580,True
South Korea,Media and Entertainment,2019,2,True
Mexico,Media and Entertainment,2017,1,True
China (mainland),"Military, public safety and government",2017,2,True
Canada,"Military, public safety and government",2020,0,True
Brazil,"Military, public safety and government",2019,0,True
South Africa,"Mobile, platforms & Internet services",2019,2,True
Switzerland,"Mobile, platforms & Internet services",2021,167,True
France,"Mobile, platforms & Internet services",2019,88,True
Czechia,"Mobile, platforms & Internet services",2016,0,True
Denmark,"Mobile, platforms & Internet services",2022,4,True
Japan,"Mobile, platforms & Internet services",2020,128,True
South Korea,"Mobile, platforms & Internet services",2018,24,True
Kenya,"Mobile, platforms & Internet services",2019,2,True
Serbia,"Mobile, platforms & Internet services",2018,0,True
Russia,"Mobile, platforms & Internet services",2019,0,True
Malta,"Mobile, platforms & Internet services",2020,1,True
United Arab Emirates,NLP,2022,0,True
Spain,NLP,2018,0,True
Australia,NLP,2018,7,True
Hungary,NLP,2020,1,True
Mexico,NLP,2022,1,True
Nigeria,NLP,2019,0,True
Saudi Arabia,NLP,2020,0,True
Israel,NLP,2016,8,True
Israel,NLP,2017,5,True
Dominican Republic,NLP,2021,0,True
Poland,NLP,2021,1,True
Taiwan,NLP,2023,6,True
Vietnam,NLP,2022,3,True
Denmark,NLP,2016,2,True
China (mainland),Navigation and mapping,2021,192,True
Spain,Navigation and mapping,2017,1,True
United Kingdom,Navigation and mapping,2023,9,True
United States,Navigation and mapping,2019,60,True
Belize,Other,2022,20,True
Taiwan,Other,2023,7,True
Spain,Other,2018,5,True
Finland,Other,2021,0,True
United Kingdom,Other,2017,94,True
Israel,Other,2022,168,True
Australia,Privacy and Security,2018,3,True
Netherlands,Privacy and Security,2024,1,True
Serbia,Privacy and Security,2021,0,True
United States,Professional services,2023,3434,True
China (mainland),Professional services,2022,32,True
India,Professional services,2019,104,True
India,Professional services,2021,25,True
Israel,Professional services,2018,14,True
Switzerland,Professional services,2017,1,True
Egypt,Professional services,2022,0,True
Italy,Professional services,2017,2,True
Russia,Professional services,2021,1,True
Japan,Real estate,2020,4,True
Spain,Real estate,2024,11,True
Romania,Real estate,2020,1,True
Norway,Real estate,2019,4,True
Canada,Real estate,2016,2,True
Italy,Real estate,2021,1,True
Israel,Robotics,2020,11,True
Israel,Robotics,2025,1,False
Japan,Robotics,2020,16,True
Taiwan,Robotics,2024,3,True
Canada,Robotics,2023,26,True
Qatar,Robotics,2023,0,True
South Korea,Robotics,2016,2,True
Russia,"Sales, retail, commerce, marketing",2020,4,True
Slovakia,"Sales, retail, commerce, marketing",2019,1,True
Slovakia,"Sales, retail, commerce, marketing",2021,4,True
Albania,"Sales, retail, commerce, marketing",2019,7,True
Cyprus,"Sales, retail, commerce, marketing",2018,1,True
Germany,"Sales, retail, commerce, marketing",2023,23,True
South Korea,Semiconductor,2021,12,True
Slovakia,Simulation,2022,0,True
Belgium,Software,2015,26,True
India,Software,2018,388,True
Tunisia,Software,2019,0,True
Tunisia,Software,2020,0,True
Australia,Software,2017,19,True
Czechia,Software,2021,35,True
United States,Software,2019,16608,True
Norway,Software,2017,29,True
Denmark,Software,2022,75,True
Brazil,Software,2015,1,True
Brazil,Software,2020,161,True
Jordan,Software,2016,0,True
Bahrain,Software,2020,0,True
Netherlands,Software,2016,44,True
Luxembourg,Software,2017,1,True
Lebanon,Software,2018,0,True
Thailand,Speech Recognition,2024,0,True
China (mainland),Speech Recognition,2019,15,True
United States,Sports,2021,302,True
Brazil,Sports,2017,0,True
Brazil,Sports,2020,1,True
India,Sports,2015,0,True
Saudi Arabia,Sports,2022,1,True
France,Telecommunications,2016,4,True
Colombia,Telecommunications,2021,0,True
Portugal,Telecommunications,2023,0,True
Spain,Telecommunications,2021,2,True
India,Telecommunications,2017,1,True
India,Telecommunications,2023,1,True
Australia,Transportation,2017,0,True
China (mainland),Transportation,2023,1411,True
Peru,Transportation,2022,0,True
Switzerland,Transportation,2023,0,True
Taiwan,Transportation,2023,2,True
France,Transportation,2022,34,True
Serbia,Agriculture,2015,0,True
South Africa,Agriculture,2018,1,True
Chile,Agriculture,2024,0,True
Ireland,Agriculture,2018,0,True
Ireland,Agriculture,2022,0,True
Singapore,Agriculture,2021,7,True
Greece,Agriculture,2023,110,True
Zambia,Agriculture,2021,0,True
Germany,All,2020,841,True
Germany,All,2023,2199,True
Lithuania,All,2019,5,True
Indonesia,All,2022,72,True
France,All,2024,2074,True
Canada,All,2019,1191,True
Canada,All,2024,3521,True
Denmark,All,2024,132,True
Jordan,All,2020,0,True
Norway,All,2024,201,True
Russia,All,2016,6,True
Bahrain,All,2020,0,True
India,All,2019,419,True
India,All,2023,4298,True
Estonia,All,2025,97,False
Israel,All,2024,3401,True
Latvia,All,2019,2,True
Taiwan,All,2015,14,True
Hungary,Biotechnology,2019,1,True
Turkey,Biotechnology,2024,0,True
China (mainland),Biotechnology,2017,31,True
Germany,Biotechnology,2016,1,True
Switzerland,Biotechnology,2015,0,True
United Kingdom,Community and Lifestyle,2021,40,True
Sweden,Community and Lifestyle,2018,8,True
Hungary,Community and Lifestyle,2015,0,True
Switzerland,Community and Lifestyle,2025,1,False
Singapore,Community and Lifestyle,2024,7,True
Netherlands,Community and Lifestyle,2021,3,True
Belgium,Computer Vision,2020,1,True
Canada,Computer Vision,2019,14,True
Netherlands,Computer Vision,2019,2,True
Chile,Computer Vision,2019,0,True
India,Computer Vision,2016,1,True
Sweden,Computer Vision,2022,1,True
Lithuania,Consumer goods,2019,0,True
Austria,Consumer goods,2015,0,True
Spain,Consumer goods,2020,5,True
Australia,Consumer goods,2015,0,True
Poland,Cyber Security,2018,3,True
Ireland,Cyber Security,2017,0,True
Singapore,Cyber Security,2025,5,False
Germany,Cyber Security,2023,6,True
Italy,Data and analytics,2021,66,True
Egypt,Data and analytics,2024,1,True
Slovakia,Data and analytics,2021,1,True
Romania,Data and analytics,2022,5,True
Botswana,Data and analytics,2016,0,True
Costa Rica,Data and analytics,2025,1,False
South Korea,Data and analytics,2016,11,True
Argentina,Data and analytics,2020,2,True
China (mainland),Data and analytics,2018,2421,True
Ukraine,Data and analytics,2023,2,True
Vietnam,Data and analytics,2025,82,False
Norway,Data and analytics,2022,152,True
Tunisia,Data and analytics,2022,2,True
Austria,Data and analytics,2021,102,True
India,Education,2021,61,True
Italy,Education,2021,0,True
Estonia,Education,2016,2,True
Tanzania,Education,2017,0,True
South Korea,Education,2018,8,True
Canada,Education,2022,19,True
Norway,Education,2023,2,True
Estonia,Energy and natural resources,2020,0,True
Sweden,Energy and natural resources,2020,3,True
United Kingdom,Energy and natural resources,2024,121,True
France,Energy and natural resources,2020,1,True
France,Energy and natural resources,2025,71,False
Austria,Energy and natural resources,2017,2,True
United States,Facial Recognition,2018,37,True
Saudi Arabia,Finance,2017,10,True
Côte d'Ivoire,Finance,2022,0,True
Poland,Finance,2018,3,True
Germany,Finance,2018,32,True
China (mainland),Finance,2021,92,True
Turkey,Finance,2024,5,True
Switzerland,Finance,2017,11,True
Switzerland,Finance,2021,10,True
Netherlands,Finance,2019,15,True
Australia,Finance,2024,17,True
Ukraine,Finance,2022,0,True
Sweden,Finance,2025,25,False
Italy,Finance,2016,0,True
Malta,Finance,2020,1,True
Estonia,Finance,2023,0,True
Chile,Finance,2019,0,True
Singapore,Gaming,2022,16,True
Portugal,Gaming,2022,0,True
South Korea,Gaming,2019,1,True
Denmark,Gaming,2022,2,True
Chile,Gaming,2019,0,True
Norway,Gaming,2018,0,True
United States,Gaming,2015,24,True
Portugal,General purpose,2021,66,True
Norway,General purpose,2021,245,True
Sri Lanka,General purpose,2022,0,True
Netherlands,General purpose,2015,4,True
Germany,General purpose,2020,174,True
Mexico,General purpose,2017,1,True
Lithuania,General purpose,2016,0,True
Turkey,General purpose,2021,18,True
Austria,General purpose,2020,16,True
Finland,General purpose,2019,41,True
Qatar,Hardware,2023,0,True
Greece,Hardware,2015,0,True
Greece,Hardware,2023,110,True
France,Hardware,2024,317,True
India,Hardware,2021,20,True
China (mainland),Hardware,2025,1031,False
Sweden,Hardware,2021,4543,True
Australia,Healthcare and Life Sciences,2019,13,True
Spain,Healthcare and Life Sciences,2016,1,True
Iceland,Healthcare and Life Sciences,2024,2,True
Brazil,Healthcare and Life Sciences,2018,0,True
Estonia,Healthcare and Life Sciences,2023,0,True
Ghana,Healthcare and Life Sciences,2021,0,True
Taiwan,Healthcare and Life Sciences,2018,19,True
United Arab Emirates,Healthcare and Life Sciences,2023,0,True
Poland,Information Technology,2019,5,True
Australia,Information Technology,2017,9,True
Belgium,Information Technology,2024,21,True
South Korea,Information Technology,2019,25,True
Brazil,Information Technology,2019,187,True
Brazil,Information Technology,2024,280,True
Sweden,Information Technology,2019,4,True
Kenya,Information Technology,2018,2,True
Peru,Information Technology,2021,0,True
Canada,Information Technology,2018,162,True
United States,Lending and Investments,2025,1766,False
Singapore,Lending and Investments,2024,6,True
Netherlands,Lending and Investments,2017,40,True
Switzerland,Lending and Investments,2022,0,True
Canada,Lending and Investments,2015,1,True
Canada,Lending and Investments,2024,2,True
Australia,Lending and Investments,2019,0,True
Brazil,Lending and Investments,2018,0,True
China (mainland),Manufacturing,2016,30,True
Belgium,Manufacturing,2024,15,True
Netherlands,Manufacturing,2015,0,True
France,Manufacturing,2019,22,True
Peru,Media and Entertainment,2015,0,True
Czechia,Media and Entertainment,2022,39,True
Italy,Media and Entertainment,2024,5,True
Italy,Media and Entertainment,2025,7,False
Indonesia,Media and Entertainment,2019,1,True
Estonia,Media and Entertainment,2025,0,False
Ireland,Media and Entertainment,2015,0,True
Belgium,Media and Entertainment,2020,6,True
New Zealand,Media and Entertainment,2015,3,True
India,Media and Entertainment,2016,1,True
Finland,Media and Entertainment,2016,2,True
Spain,Media and Entertainment,2022,6,True
United States,Media and Entertainment,2023,532,True
China (mainland),Media and Entertainment,2016,38,True
Spain,"Military, public safety and government",2020,0,True
Poland,"Military, public safety and government",2021,0,True
South Africa,"Mobile, platforms & Internet services",2018,9,True
Poland,"Mobile, platforms & Internet services",2022,11,True
China (mainland),"Mobile, platforms & Internet services",2016,3215,True
Belgium,"Mobile, platforms & Internet services",2018,0,True
India,"Mobile, platforms & Internet services",2025,256,False
Philippines,"Mobile, platforms & Internet services",2022,2,True
Australia,"Mobile, platforms & Internet services",2017,4,True
Kenya,"Mobile, platforms & Internet services",2021,1,True
Brazil,"Mobile, platforms & Internet services",2021,52,True
Chile,"Mobile, platforms & Internet services",2021,2,True
Sweden,"Mobile, platforms & Internet services",2024,10,True
Lithuania,"Mobile, platforms & Internet services",2021,0,True
Ireland,"Mobile, platforms & Internet services",2018,13,True
Bulgaria,"Mobile, platforms & Internet services",2021,0,True
Colombia,"Mobile, platforms & Internet services",2023,0,True
South Korea,NLP,2022,5,True
Qatar,NLP,2024,0,True
Czechia,NLP,2018,1,True
Czechia,NLP,2023,0,True
Finland,NLP,2015,1,True
Ireland,NLP,2020,2,True
Taiwan,NLP,2018,18,True
Israel,Navigation and mapping,2019,4,True
Belgium,Navigation and mapping,2023,0,True
Italy,Navigation and mapping,2025,2,False
Brazil,Other,2023,9,True
Taiwan,Other,2020,21,True
Estonia,Other,2016,2,True
Estonia,Other,2025,0,False
Chile,Other,2023,0,True
Kenya,Other,2019,0,True
Canada,Other,2017,29,True
Iceland,Other,2016,1,True
Poland,Other,2020,0,True
Russia,Other,2023,0,True
Israel,Other,2020,34,True
New Zealand,Privacy and Security,2016,0,True
Spain,Privacy and Security,2022,0,True
Germany,Privacy and Security,2022,84,True
Portugal,Privacy and Security,2025,15,False
Belgium,Privacy and Security,2020,79,True
Slovenia,Privacy and Security,2015,0,True
Estonia,Privacy and Security,2021,35,True
India,Privacy and Security,2022,8,True
Austria,Privacy and Security,2019,0,True
Czechia,Privacy and Security,2020,1,True
Canada,Professional services,2018,138,True
India,Professional services,2018,3,True
Australia,Professional services,2021,535,True
Egypt,Professional services,2019,0,True
Ireland,Professional services,2019,2,True
Ireland,Professional services,2022,2,True
Cyprus,Professional services,2023,0,True
Sweden,Professional services,2025,1146,False
Singapore,Professional services,2024,10,True
Estonia,Real estate,2020,4,True
United States,Real estate,2018,128,True
Saudi Arabia,Real estate,2015,1,True
Saudi Arabia,Real estate,2025,0,False
Finland,Real estate,2021,1,True
France,Real estate,2024,6,True
New Zealand,Real estate,2020,0,True
Mauritius,Real estate,2022,2,True
India,Robotics,2018,1,True
Spain,Robotics,2023,2,True
Sweden,Robotics,2021,30,True
Czechia,Robotics,2020,0,True
Germany,Robotics,2021,34,True
Turkey,Robotics,2025,1,False
Canada,Robotics,2024,3,True
Greece,Robotics,2021,0,True
South Korea,Robotics,2018,3,True
Spain,"Sales, retail, commerce, marketing",2019,31,True
Brazil,"Sales, retail, commerce, marketing",2018,5,True
Lithuania,"Sales, retail, commerce, marketing",2025,0,False
Luxembourg,"Sales, retail, commerce, marketing",2021,0,True
China (mainland),"Sales, retail, commerce, marketing",2020,37,True
Czechia,"Sales, retail, commerce, marketing",2023,1,True
Ireland,"Sales, retail, commerce, marketing",2019,3,True
Cyprus,"Sales, retail, commerce, marketing",2020,1,True
India,"Sales, retail, commerce, marketing",2018,9,True
Colombia,"Sales, retail, commerce, marketing",2020,2,True
Taiwan,"Sales, retail, commerce, marketing",2020,6,True
Italy,"Sales, retail, commerce, marketing",2023,1,True
China (mainland),Semiconductor,2017,36,True
Austria,Simulation,2025,4,False
Turkey,Software,2019,8,True
Armenia,Software,2024,2,True
India,Software,2023,2609,True
France,Software,2022,337,True
Iceland,Software,2021,3,True
Ghana,Software,2017,0,True
Malaysia,Software,2025,60,False
Estonia,Software,2025,42,False
Austria,Software,2024,26,True
Indonesia,Software,2017,1,True
Latvia,Software,2022,1,True
Netherlands,Software,2021,221,True
Saint Kitts and Nevis,Software,2023,0,True
Saudi Arabia,Speech Recognition,2025,3,False
France,Speech Recognition,2015,0,True
United States,Sports,2018,103,True
Brazil,Sports,2016,0,True
Netherlands,Sports,2022,2,True
Spain,Sports,2018,0,True
Cyprus,Sports,2025,18,False
Switzerland,Sports,2016,0,True
Australia,Telecommunications,2020,0,True
South Korea,Transportation,2023,495,True
Israel,Transportation,2025,57,False
Bangladesh,Transportation,2020,0,True
Norway,Transportation,2019,4,True
Finland,Transportation,2019,200,True
Kuwait,Transportation,2023,4,True
Brazil,Agriculture,2025,0,False
Switzerland,Agriculture,2016,2,True
United Kingdom,Agriculture,2022,24,True
South Korea,Agriculture,2021,1,True
Australia,Agriculture,2023,15,True
Saudi Arabia,Agriculture,2022,5,True
Germany,All,2025,5641,False
Egypt,All,2025,26,False
France,All,2018,515,True
Belgium,All,2025,95,False
Norway,All,2021,334,True
Malaysia,All,2017,1,True
Russia,All,2015,4,True
Bangladesh,All,2021,1,True
Singapore,All,2022,1309,True
Argentina,All,2015,0,True
Luxembourg,All,2018,8,True
Croatia,All,2024,108,True
Estonia,All,2016,3,True
United States,All,2023,55913,True
Italy,Biotechnology,2023,3,True
Canada,Biotechnology,2022,44,True
Ghana,Biotechnology,2021,0,True
India,Biotechnology,2022,2,True
United Kingdom,Biotechnology,2018,18,True
Peru,Biotechnology,2022,0,True
Taiwan,Community and Lifestyle,2015,10,True
India,Community and Lifestyle,2021,7,True
United Kingdom,Community and Lifestyle,2015,6,True
China (mainland),Community and Lifestyle,2025,58,False
Spain,Community and Lifestyle,2021,5,True
Singapore,Community and Lifestyle,2025,12,False
Australia,Community and Lifestyle,2020,2,True
Netherlands,Community and Lifestyle,2018,1,True
United States,Community and Lifestyle,2020,294,True
Japan,Computer Vision,2017,4,True
Hungary,Computer Vision,2022,0,True
Sweden,Computer Vision,2025,2,False
Mexico,Consumer goods,2019,0,True
Singapore,Consumer goods,2021,12,True
United States,Consumer goods,2018,4232,True
Israel,Consumer goods,2015,3,True
Israel,Consumer goods,2025,17,False
Turkey,Consumer goods,2019,0,True
Ireland,Consumer goods,2024,2,True
China (mainland),Cyber Security,2016,3,True
Switzerland,Cyber Security,2017,6,True
India,Data and analytics,2021,470,True
Italy,Data and analytics,2016,7,True
Iceland,Data and analytics,2020,10,True
New Zealand,Data and analytics,2022,6,True
Netherlands,Data and analytics,2015,34,True
Colombia,Data and analytics,2023,4,True
Costa Rica,Data and analytics,2022,0,True
Serbia,Data and analytics,2018,0,True
Uruguay,Data and analytics,2023,0,True
Lebanon,Data and analytics,2015,0,True
Lebanon,Data and analytics,2018,0,True
Greece,Data and analytics,2023,110,True
Sweden,Data and analytics,2023,68,True
Tunisia,Data and analytics,2023,0,True
United States,Data and analytics,2020,12287,True
Saudi Arabia,Data and analytics,2018,2,True
Mongolia,Data and analytics,2018,0,True
Bangladesh,Education,2023,1,True
United Kingdom,Education,2019,17,True
Egypt,Education,2021,0,True
India,Energy and natural resources,2022,25,True
Australia,Energy and natural resources,2022,12,True
Brazil,Energy and natural resources,2020,0,True
Japan,Energy and natural resources,2022,2,True
Portugal,Energy and natural resources,2018,1,True
Canada,Energy and natural resources,2024,7,True
Belgium,Finance,2019,3,True
Côte d'Ivoire,Finance,2023,0,True
China (mainland),Finance,2024,301,True
Romania,Finance,2024,1,True
Indonesia,Finance,2025,1,False
Turkey,Finance,2021,7,True
Netherlands,Finance,2024,50,True
South Korea,Finance,2020,10,True
South Korea,Finance,2023,26,True
Austria,Finance,2019,0,True
United Kingdom,Finance,2024,252,True
Estonia,Finance,2018,1,True
China (mainland),Gaming,2023,0,True
Switzerland,Gaming,2021,1,True
Sweden,Gaming,2017,1,True
Canada,Gaming,2017,0,True
Panama,Gaming,2023,0,True
United Kingdom,Gaming,2016,1,True
Brazil,Gaming,2024,0,True
Poland,Gaming,2018,0,True
Mongolia,General purpose,2018,0,True
China (mainland),General purpose,2018,2447,True
France,General purpose,2022,271,True
United Arab Emirates,General purpose,2021,804,True
Switzerland,General purpose,2015,5,True
Sri Lanka,General purpose,2025,2,False
Armenia,General purpose,2021,1,True
Denmark,General purpose,2018,164,True
Denmark,General purpose,2025,35,False
Nigeria,General purpose,2020,1,True
Russia,General purpose,2017,5,True
Argentina,General purpose,2017,4,True
New Zealand,Hardware,2018,0,True
Iceland,Hardware,2016,2,True
Slovenia,Hardware,2016,0,True
Bulgaria,Hardware,2021,0,True
Portugal,Hardware,2015,1,True
India,Hardware,2020,12114,True
Lithuania,Hardware,2025,0,False
Taiwan,Hardware,2025,18,False
Poland,Hardware,2024,1,True
Singapore,Hardware,2016,45,True
Norway,Hardware,2024,108,True
Turkey,Hardware,2017,1,True
Netherlands,Hardware,2025,76,False
Germany,Hardware,2021,356,True
Spain,Hardware,2021,16,True
South Korea,Healthcare and Life Sciences,2019,19,True
Ireland,Healthcare and Life Sciences,2021,4,True
Tunisia,Healthcare and Life Sciences,2021,0,True
Chile,Healthcare and Life Sciences,2024,0,True
Italy,Healthcare and Life Sciences,2020,1,True
Germany,Healthcare and Life Sciences,2015,3,True
Germany,Healthcare and Life Sciences,2017,13,True
United States,Healthcare and Life Sciences,2023,1992,True
Belgium,Healthcare and Life Sciences,2025,2,False
Israel,Healthcare and Life Sciences,2017,64,True
Venezuela,Information Technology,2019,1,True
Belgium,Information Technology,2018,9,True
Malaysia,Information Technology,2022,3,True
Czechia,Information Technology,2018,2,True
Norway,Information Technology,2016,0,True
Hungary,Information Technology,2024,1,True
Lithuania,Information Technology,2019,0,True
United States,Lending and Investments,2015,268,True
United Kingdom,Lending and Investments,2016,13,True
Estonia,Lending and Investments,2015,0,True
Germany,Lending and Investments,2023,5,True
Brazil,Lending and Investments,2025,2,False
Spain,Manufacturing,2018,2,True
Spain,Manufacturing,2020,3,True
Cyprus,Manufacturing,2024,3,True
Croatia,Manufacturing,2020,1,True
Lithuania,Manufacturing,2017,0,True
Australia,Manufacturing,2018,3,True
Chile,Manufacturing,2019,0,True
Sweden,Media and Entertainment,2020,4,True
Germany,Media and Entertainment,2017,16,True
Armenia,Media and Entertainment,2020,0,True
Denmark,Media and Entertainment,2024,0,True
Switzerland,Media and Entertainment,2020,4,True
Pakistan,Media and Entertainment,2021,3,True
Canada,"Military, public safety and government",2023,2,True
Switzerland,"Military, public safety and government",2017,6,True
Hungary,"Mobile, platforms & Internet services",2015,1,True
New Zealand,"Mobile, platforms & Internet services",2020,2,True
Poland,"Mobile, platforms & Internet services",2019,4,True
India,"Mobile, platforms & Internet services",2023,2371,True
Italy,"Mobile, platforms & Internet services",2023,8,True
Philippines,"Mobile, platforms & Internet services",2024,11,True
Brazil,"Mobile, platforms & Internet services",2018,1,True
Chile,"Mobile, platforms & Internet services",2024,0,True
Bulgaria,"Mobile, platforms & Internet services",2018,0,True
Uzbekistan,"Mobile, platforms & Internet services",2024,0,True
Spain,NLP,2016,7,True
Russia,NLP,2018,1,True
United States,NLP,2016,79,True
Canada,NLP,2018,7,True
India,Navigation and mapping,2018,1,True
South Korea,Navigation and mapping,2015,1,True
Brazil,Other,2025,14,False
Turkey,Other,2020,0,True
France,Other,2020,8,True
United States,Other,2022,6439,True
Jordan,Other,2023,0,True
South Africa,Other,2018,0,True
United Arab Emirates,Other,2024,9,True
Australia,Other,2024,5,True
China (mainland),Other,2016,2899,True
Slovakia,Other,2021,4,True
Germany,Other,2015,671,True
Netherlands,Other,2020,1,True
United Kingdom,Other,2022,280,True
Uzbekistan,Other,2024,0,True
Israel,Other,2016,12,True
Bulgaria,Privacy and Security,2021,0,True
Israel,Privacy and Security,2021,130,True
Seychelles,Privacy and Security,2016,0,True
Australia,Privacy and Security,2019,2,True
Sweden,Privacy and Security,2017,1,True
Brazil,Privacy and Security,2024,0,True
France,Privacy and Security,2024,7,True
South Korea,Privacy and Security,2018,1,True
Romania,Privacy and Security,2023,1,True
China (mainland),Professional services,2019,79,True
Lebanon,Professional services,2016,0,True
Lebanon,Professional services,2020,0,True
Japan,Professional services,2025,47,False
India,Professional services,2020,8,True
Switzerland,Professional services,2021,4,True
Finland,Professional services,2023,5,True
Indonesia,Professional services,2019,0,True
Malaysia,Professional services,2023,0,True
United Kingdom,Real estate,2025,19,False
Australia,Real estate,2025,1,False
United States,Real estate,2016,215,True
Singapore,Real estate,2025,0,False
Spain,Real estate,2019,11,True
China (mainland),Real estate,2020,32,True
Sweden,Real estate,2024,0,True
Ireland,Real estate,2018,4,True
Sweden,Robotics,2016,1,True
Canada,Robotics,2020,9,True
China (mainland),Robotics,2024,187,True
Japan,"Sales, retail, commerce, marketing",2018,47,True
Spain,"Sales, retail, commerce, marketing",2015,4,True
Estonia,"Sales, retail, commerce, marketing",2021,2,True
United Arab Emirates,"Sales, retail, commerce, marketing",2016,0,True
United Arab Emirates,"Sales, retail, commerce, marketing",2020,2,True
Nigeria,"Sales, retail, commerce, marketing",2021,0,True
Tanzania,"Sales, retail, commerce, marketing",2023,0,True
United States,"Sales, retail, commerce, marketing",2017,704,True
China (mainland),"Sales, retail, commerce, marketing",2025,24,False
Hungary,"Sales, retail, commerce, marketing",2017,0,True
Italy,"Sales, retail, commerce, marketing",2018,4,True
Belgium,"Sales, retail, commerce, marketing",2024,0,True
Georgia,"Sales, retail, commerce, marketing",2025,1,False
China (mainland),Semiconductor,2023,409,True
France,Semiconductor,2022,5,True
Romania,Software,2021,18,True
Turkey,Software,2024,81,True
Belgium,Software,2016,3,True
Belgium,Software,2019,29,True
United Arab Emirates,Software,2023,223,True
Germany,Software,2016,52,True
Peru,Software,2017,0,True
Côte d'Ivoire,Software,2024,0,True
Iceland,Software,2023,3,True
Kuwait,Software,2023,4,True
Malaysia,Software,2019,15,True
Belarus,Software,2017,1,True
New Zealand,Software,2016,1,True
Estonia,Software,2021,46,True
Poland,Software,2021,25,True
Seychelles,Software,2021,1,True
Latvia,Software,2018,8,True
Saint Kitts and Nevis,Software,2021,0,True
Canada,Speech Recognition,2022,0,True
India,Speech Recognition,2021,8,True
United States,Sports,2017,45,True
Hungary,Sports,2018,0,True
Sri Lanka,Sports,2024,1,True
India,Sports,2020,0,True
Spain,Sports,2024,1,True
United Kingdom,Telecommunications,2020,0,True
Kenya,Telecommunications,2023,0,True
Spain,Telecommunications,2022,0,True
Singapore,Telecommunications,2019,1,True
Mexico,Transportation,2020,2,True
Portugal,Transportation,2016,0,True
Australia,Transportation,2016,4,True
Japan,Transportation,2025,41,False
Sweden,Transportation,2022,335,True
Poland,Transportation,2023,2,True
Spain,Transportation,2018,1,True
Egypt,Transportation,2017,0,True
Taiwan,Transportation,2024,15,True
France,Transportation,2015,7,True
China (mainland),Agriculture,2018,8,True
Peru,Agriculture,2021,1,True
Turkey,Agriculture,2025,3,False
Argentina,Agriculture,2025,0,False
Canada,Agriculture,2024,16,True
Ghana,All,2022,38,True
New Zealand,All,2020,20,True
New Zealand,All,2021,1105,True
Botswana,All,2015,1,True
South Africa,All,2024,9,True
Pakistan,All,2015,1,True
South Korea,All,2024,1416,True
Mexico,All,2016,9,True
Mongolia,All,2022,0,True
Mongolia,All,2024,0,True
Argentina,All,2025,3,False
Czechia,All,2024,17,True
Turkey,All,2024,91,True
Brazil,All,2020,374,True
Iceland,All,2019,14,True
Latvia,All,2020,4,True
Vietnam,All,2021,9,True
United States,All,2021,92842,True
Turkey,Biotechnology,2020,0,True
Poland,Biotechnology,2022,1,True
China (mainland),Biotechnology,2025,63,False
Brazil,Biotechnology,2022,0,True
India,Biotechnology,2015,0,True
Finland,Biotechnology,2017,2,True
Israel,Biotechnology,2021,5,True
Portugal,Community and Lifestyle,2022,1,True
Bulgaria,Community and Lifestyle,2018,0,True
Japan,Community and Lifestyle,2015,3,True
Australia,Community and Lifestyle,2024,2,True
Netherlands,Community and Lifestyle,2023,0,True
Poland,Community and Lifestyle,2024,0,True
Germany,Community and Lifestyle,2018,4,True
Germany,Community and Lifestyle,2019,15,True
Germany,Computer Vision,2023,3,True
Netherlands,Computer Vision,2023,0,True
Saudi Arabia,Computer Vision,2024,2,True
Taiwan,Computer Vision,2016,2,True
Hungary,Computer Vision,2016,2,True
Israel,Computer Vision,2015,6,True
Sweden,Computer Vision,2015,1,True
Sweden,Computer Vision,2023,2,True
Latvia,Consumer goods,2016,0,True
Germany,Consumer goods,2016,0,True
India,Consumer goods,2018,322,True
Canada,Consumer goods,2020,18,True
South Korea,Consumer goods,2016,1,True
Mexico,Consumer goods,2024,0,True
Singapore,Consumer goods,2018,11,True
China (mainland),Consumer goods,2021,469,True
Hungary,Consumer goods,2025,0,False
Turkey,Consumer goods,2020,0,True
South Korea,Cyber Security,2019,3,True
Belgium,Cyber Security,2020,79,True
France,Cyber Security,2020,9,True
United Kingdom,Cyber Security,2017,6,True
Israel,Cyber Security,2021,25,True
Hungary,Data and analytics,2015,1,True
Hungary,Data and analytics,2024,7,True
Italy,Data and analytics,2015,36,True
Iceland,Data and analytics,2025,3,False
Indonesia,Data and analytics,2018,1,True
Pakistan,Data and analytics,2017,0,True
Switzerland,Data and analytics,2025,496,False
Estonia,Data and analytics,2016,2,True
Chile,Data and analytics,2021,35,True
Czechia,Data and analytics,2018,2,True
El Salvador,Data and analytics,2025,6,False
United Arab Emirates,Data and analytics,2019,12,True
Portugal,Data and analytics,2015,5,True
Portugal,Data and analytics,2021,64,True
Norway,Data and analytics,2020,350,True
Tunisia,Data and analytics,2021,0,True
United States,Data and analytics,2018,20759,True
United States,Data and analytics,2025,96229,False
Austria,Education,2024,2,True
Turkey,Education,2016,0,True
Netherlands,Education,2024,0,True
Denmark,Education,2016,2,True
United Kingdom,Education,2016,4,True
United Kingdom,Education,2022,44,True
United Kingdom,Education,2024,10,True
Malaysia,Education,2019,0,True
Japan,Education,2017,3,True
Russia,Energy and natural resources,2017,2,True
Mexico,Energy and natural resources,2019,0,True
Estonia,Energy and natural resources,2023,2,True
United States,Energy and natural resources,2025,1292,False
Brazil,Energy and natural resources,2018,1,True
Belgium,Energy and natural resources,2024,0,True
Saudi Arabia,Energy and natural resources,2023,0,True
United States,Facial Recognition,2016,20,True
United States,Facial Recognition,2020,6,True
Croatia,Finance,2021,0,True
Oman,Finance,2025,1,False
Poland,Finance,2017,27,True
Netherlands,Finance,2018,21,True
Netherlands,Finance,2025,2,False
Philippines,Finance,2022,24,True
United Arab Emirates,Finance,2024,57,True
Kazakhstan,Finance,2023,1,True
Spain,Gaming,2015,0,True
Sweden,Gaming,2018,2,True
Finland,Gaming,2022,0,True
Israel,Gaming,2020,5,True
Brazil,Gaming,2023,0,True
India,Gaming,2020,0,True
Poland,Gaming,2015,0,True
Vietnam,General purpose,2024,2,True
Zimbabwe,General purpose,2023,0,True
Cyprus,General purpose,2022,1,True
Lebanon,General purpose,2017,1,True
South Africa,General purpose,2022,112,True
Hungary,General purpose,2022,5,True
Georgia,General purpose,2024,0,True
Mexico,General purpose,2023,53,True
Kenya,General purpose,2025,0,False
Malaysia,General purpose,2020,4,True
Australia,General purpose,2015,6,True
Denmark,General purpose,2015,6,True
Belgium,General purpose,2020,114,True
Nigeria,General purpose,2025,7,False
Bangladesh,Hardware,2019,0,True
Hungary,Hardware,2020,1,True
Serbia,Hardware,2018,0,True
Ukraine,Hardware,2017,0,True
Argentina,Hardware,2021,0,True
Singapore,Hardware,2021,99,True
Austria,Hardware,2018,1,True
Mexico,Hardware,2024,1,True
South Korea,Hardware,2019,198,True
Japan,Healthcare and Life Sciences,2021,13,True
Tunisia,Healthcare and Life Sciences,2020,0,True
Bulgaria,Healthcare and Life Sciences,2021,0,True
Denmark,Healthcare and Life Sciences,2019,1,True
Finland,Healthcare and Life Sciences,2021,20,True
Canada,Healthcare and Life Sciences,2023,126,True
France,Healthcare and Life Sciences,2025,57,False
Portugal,Healthcare and Life Sciences,2021,3,True
Sri Lanka,Healthcare and Life Sciences,2022,0,True
United States,Healthcare and Life Sciences,2015,386,True
Malaysia,Healthcare and Life Sciences,2022,3,True
Malaysia,Healthcare and Life Sciences,2024,0,True
Malaysia,Healthcare and Life Sciences,2025,2,False
Saudi Arabia,Healthcare and Life Sciences,2017,1,True
Slovakia,Information Technology,2022,1,True
Italy,Information Technology,2016,2,True
Ghana,Information Technology,2018,0,True
Switzerland,Information Technology,2015,0,True
Argentina,Information Technology,2017,4,True
Finland,Information Technology,2024,671,True
Czechia,Information Technology,2016,2,True
Norway,Information Technology,2021,176,True
Singapore,Information Technology,2015,16,True
Singapore,Information Technology,2024,41,True
Malta,Information Technology,2020,1,True
Kazakhstan,Information Technology,2020,0,True
Saudi Arabia,Information Technology,2018,1,True
Seychelles,Lending and Investments,2021,1,True
Malaysia,Manufacturing,2024,0,True
Switzerland,Manufacturing,2020,19,True
United Kingdom,Manufacturing,2019,19,True
Russia,Manufacturing,2018,0,True
United States,Manufacturing,2025,1737,False
India,Media and Entertainment,2024,111,True
Sweden,Media and Entertainment,2025,3,False
Denmark,Media and Entertainment,2022,1,True
Poland,Media and Entertainment,2016,0,True
Mexico,Media and Entertainment,2020,0,True
Canada,"Military, public safety and government",2025,3,False
South Korea,"Military, public safety and government",2015,0,True
Norway,"Military, public safety and government",2024,0,True
Sri Lanka,"Mobile, platforms & Internet services",2017,0,True
Luxembourg,"Mobile, platforms & Internet services",2023,1,True
Switzerland,"Mobile, platforms & Internet services",2024,19,True
Latvia,"Mobile, platforms & Internet services",2024,0,True
India,"Mobile, platforms & Internet services",2017,19,True
Israel,"Mobile, platforms & Internet services",2019,81,True
Romania,"Mobile, platforms & Internet services",2019,1,True
Ukraine,"Mobile, platforms & Internet services",2020,1,True
Australia,"Mobile, platforms & Internet services",2025,198,False
Netherlands,"Mobile, platforms & Internet services",2015,2,True
South Korea,"Mobile, platforms & Internet services",2021,1874,True
Kenya,"Mobile, platforms & Internet services",2024,0,True
Spain,"Mobile, platforms & Internet services",2021,20,True
Russia,"Mobile, platforms & Internet services",2018,4,True
United Kingdom,NLP,2018,10,True
Israel,NLP,2023,21,True
China (mainland),Navigation and mapping,2020,4,True
Mexico,Navigation and mapping,2024,1,True
Canada,Navigation and mapping,2023,8,True
Switzerland,Navigation and mapping,2021,1,True
Germany,Navigation and mapping,2020,0,True
United States,Navigation and mapping,2020,82,True
Belgium,Navigation and mapping,2024,0,True
Japan,Other,2015,1,True
Nigeria,Other,2022,0,True
South Africa,Other,2020,0,True
South Africa,Other,2023,3,True
Belgium,Other,2019,21,True
Czechia,Other,2016,1,True
South Korea,Other,2025,1,False
Israel,Privacy and Security,2023,74,True
Lithuania,Privacy and Security,2021,0,True
United States,Privacy and Security,2019,1847,True
Estonia,Privacy and Security,2018,1,True
Italy,Privacy and Security,2022,0,True
United Kingdom,Privacy and Security,2024,26,True
United Arab Emirates,Privacy and Security,2021,1,True
China (mainland),Professional services,2024,102,True
Czechia,Professional services,2021,2,True
Lebanon,Professional services,2019,0,True
Belgium,Professional services,2024,166,True
Egypt,Professional services,2021,0,True
New Zealand,Professional services,2020,2,True
Argentina,Professional services,2018,0,True
Portugal,Real estate,2022,0,True
Kenya,Real estate,2025,0,False
Croatia,Real estate,2024,0,True
Finland,Real estate,2019,11,True
Finland,Real estate,2022,26,True
China (mainland),Robotics,2020,226,True
Sweden,"Sales, retail, commerce, marketing",2020,13,True
Brazil,"Sales, retail, commerce, marketing",2023,7,True
Vietnam,"Sales, retail, commerce, marketing",2023,0,True
United Arab Emirates,"Sales, retail, commerce, marketing",2021,4,True
South Korea,"Sales, retail, commerce, marketing",2023,41,True
Turkey,"Sales, retail, commerce, marketing",2016,10,True
France,"Sales, retail, commerce, marketing",2025,73,False
United States,"Sales, retail, commerce, marketing",2021,6974,True
Hungary,"Sales, retail, commerce, marketing",2016,0,True
Czechia,"Sales, retail, commerce, marketing",2017,1,True
Egypt,"Sales, retail, commerce, marketing",2021,6,True
India,"Sales, retail, commerce, marketing",2017,11,True
Denmark,"Sales, retail, commerce, marketing",2016,4,True
Thailand,"Sales, retail, commerce, marketing",2025,0,False
United States,Semiconductor,2025,1602,False
Israel,Semiconductor,2023,40,True
United Kingdom,Semiconductor,2016,4,True
China (mainland),Semiconductor,2025,304,False
Austria,Simulation,2021,5,True
Russia,Software,2021,4,True
Russia,Software,2023,1,True
United Kingdom,Software,2024,1674,True
Italy,Software,2022,26,True
Bosnia and Herzegovina,Software,2020,0,True
Malaysia,Software,2021,147,True
Finland,Software,2021,82,True
Sri Lanka,Software,2017,2,True
Hungary,Software,2022,7,True
Uganda,Software,2019,0,True
Sweden,Software,2020,3460,True
Ireland,Software,2024,55,True
Latvia,Software,2020,3,True
Nigeria,Software,2019,8,True
Thailand,Software,2025,0,False
Estonia,Speech Recognition,2015,0,True
China (mainland),Sports,2019,6,True
Japan,Sports,2015,1,True
United States,Telecommunications,2018,78,True
South Korea,Transportation,2019,16,True
United States,Transportation,2020,4395,True
Luxembourg,Transportation,2018,1,True
Switzerland,Transportation,2015,0,True
Switzerland,Transportation,2017,28,True
Slovenia,Transportation,2015,0,True
United Kingdom,Transportation,2015,21,True
Germany,Transportation,2021,237,True
India,Transportation,2025,59,False
Belgium,Transportation,2019,0,True
Ireland,Transportation,2020,7,True
Sri Lanka,Agriculture,2018,0,True
South Korea,Agriculture,2025,6,False
Canada,Agriculture,2020,10,True
Egypt,All,2019,2,True
France,All,2025,3429,False
Finland,All,2019,259,True
Uruguay,All,2021,9,True
Canada,All,2020,1141,True
Poland,All,2015,3,True
Poland,All,2018,17,True
Ireland,All,2015,11,True
Malaysia,All,2015,5,True
Australia,All,2022,804,True
South Korea,All,2015,17,True
Romania,All,2016,1,True
Sweden,All,2019,92,True
Lebanon,All,2015,0,True
Lebanon,All,2018,0,True
Italy,Biotechnology,2016,4,True
Italy,Biotechnology,2025,4,False
Poland,Biotechnology,2024,1,True
Denmark,Biotechnology,2019,0,True
India,Biotechnology,2018,0,True
United Kingdom,Community and Lifestyle,2023,82,True
Sweden,Community and Lifestyle,2024,1,True
China (mainland),Community and Lifestyle,2019,22,True
Nigeria,Community and Lifestyle,2019,0,True
Netherlands,Community and Lifestyle,2020,1,True
Czechia,Community and Lifestyle,2021,1,True
Austria,Computer Vision,2023,2,True
Germany,Computer Vision,2015,3,True
Canada,Computer Vision,2021,70,True
Norway,Computer Vision,2019,0,True
Serbia,Computer Vision,2015,0,True
Japan,Computer Vision,2023,36,True
Finland,Computer Vision,2024,0,True
Singapore,Computer Vision,2021,72,True
Spain,Computer Vision,2021,1,True
India,Consumer goods,2016,5,True
Poland,Consumer goods,2017,2,True
Colombia,Consumer goods,2023,3,True
Japan,Consumer goods,2019,13,True
United States,Consumer goods,2023,539,True
Israel,Consumer goods,2017,54,True
Hungary,Consumer goods,2017,0,True
Ireland,Consumer goods,2022,0,True
Australia,Consumer goods,2018,8,True
Australia,Consumer goods,2024,0,True
Netherlands,Cyber Security,2019,88,True
Spain,Cyber Security,2018,2,True
India,Data and analytics,2015,149,True
Japan,Data and analytics,2024,274,True
Malaysia,Data and analytics,2024,4,True
Singapore,Data and analytics,2022,507,True
Egypt,Data and analytics,2025,8,False
Thailand,Data and analytics,2023,7,True
Thailand,Data and analytics,2024,42,True
Canada,Data and analytics,2025,1448,False
New Zealand,Data and analytics,2021,1067,True
Chile,Data and analytics,2023,3,True
Spain,Data and analytics,2025,1172,False
Belgium,Data and analytics,2018,15,True
Uruguay,Data and analytics,2020,2,True
Peru,Data and analytics,2017,0,True
Lebanon,Data and analytics,2017,1,True
Lebanon,Data and analytics,2021,0,True
South Africa,Data and analytics,2016,0,True
South Africa,Data and analytics,2020,34,True
South Africa,Data and analytics,2021,36,True
Bulgaria,Data and analytics,2024,3,True
United Arab Emirates,Data and analytics,2023,214,True
Brazil,Data and analytics,2015,61,True
Turkey,Education,2023,0,True
Belgium,Education,2023,1,True
France,Education,2025,2,False
Taiwan,Education,2025,0,False
Ireland,Education,2025,5,False
Japan,Education,2020,13,True
China (mainland),Education,2018,258,True
Oman,Education,2025,1,False
Canada,Education,2017,4,True
Tunisia,Energy and natural resources,2021,0,True
Estonia,Energy and natural resources,2021,1,True
Saudi Arabia,Energy and natural resources,2018,0,True
Zimbabwe,Energy and natural resources,2023,0,True
United States,Facial Recognition,2015,0,True
Malaysia,Finance,2025,2,False
Switzerland,Finance,2024,5,True
Hungary,Finance,2021,0,True
Australia,Finance,2022,18,True
South Africa,Finance,2019,2,True
Sweden,Finance,2021,1,True
Thailand,Finance,2021,4,True
Seychelles,Gaming,2024,0,True
Germany,Gaming,2025,6,False
Chile,Gaming,2018,0,True
United States,Gaming,2024,62,True
Tanzania,General purpose,2017,0,True
Bangladesh,General purpose,2021,0,True
Thailand,General purpose,2015,0,True
Portugal,General purpose,2017,17,True
Portugal,General purpose,2018,8,True
Lebanon,General purpose,2022,0,True
United Kingdom,General purpose,2015,149,True
Hungary,General purpose,2024,7,True
Netherlands,General purpose,2016,42,True
Netherlands,General purpose,2024,137,True
Belize,General purpose,2022,20,True
Latvia,General purpose,2016,0,True
Germany,General purpose,2018,132,True
Mexico,General purpose,2015,0,True
Mexico,General purpose,2020,2,True
Australia,General purpose,2020,104,True
Belgium,General purpose,2017,116,True
Iceland,General purpose,2015,0,True
United Arab Emirates,Hardware,2018,8,True
United Arab Emirates,Hardware,2020,1,True
Belgium,Hardware,2022,1,True
Bulgaria,Hardware,2019,0,True
Japan,Hardware,2015,21,True
Denmark,Hardware,2020,4,True
Czechia,Hardware,2018,0,True
United States,Hardware,2015,580,True
Brazil,Hardware,2025,106,False
Canada,Hardware,2024,131,True
Netherlands,Healthcare and Life Sciences,2020,8,True
Mongolia,Healthcare and Life Sciences,2022,0,True
Denmark,Healthcare and Life Sciences,2020,8,True
Hungary,Healthcare and Life Sciences,2023,6,True
Portugal,Healthcare and Life Sciences,2015,1,True
Portugal,Healthcare and Life Sciences,2017,1,True
Portugal,Healthcare and Life Sciences,2020,1,True
Vietnam,Healthcare and Life Sciences,2024,0,True
United Arab Emirates,Information Technology,2018,8,True
Germany,Information Technology,2024,232,True
Vietnam,Information Technology,2024,1,True
Ireland,Information Technology,2022,21,True
Switzerland,Information Technology,2017,58,True
Switzerland,Information Technology,2021,135,True
Indonesia,Information Technology,2017,1,True
Belgium,Information Technology,2016,1,True
Nigeria,Information Technology,2019,0,True
Estonia,Information Technology,2024,9,True
Turkey,Information Technology,2017,0,True
Mexico,Information Technology,2018,0,True
Netherlands,Information Technology,2019,154,True
Italy,Lending and Investments,2025,1,False
Estonia,Lending and Investments,2021,0,True
Mexico,Lending and Investments,2022,25,True
Ukraine,Manufacturing,2023,2,True
Lithuania,Manufacturing,2019,0,True
Australia,Manufacturing,2025,3,False
Turkey,Manufacturing,2020,0,True
Turkey,Manufacturing,2023,4,True
United States,Manufacturing,2021,1145,True
France,Manufacturing,2024,37,True
United Kingdom,Media and Entertainment,2015,37,True
Romania,Media and Entertainment,2023,0,True
Lebanon,Media and Entertainment,2016,0,True
Japan,Media and Entertainment,2016,18,True
South Korea,Media and Entertainment,2025,16,False
Switzerland,"Military, public safety and government",2015,1,True
Switzerland,"Mobile, platforms & Internet services",2017,45,True
Bangladesh,"Mobile, platforms & Internet services",2021,0,True
India,"Mobile, platforms & Internet services",2016,38,True
Ukraine,"Mobile, platforms & Internet services",2021,0,True
Australia,"Mobile, platforms & Internet services",2015,1,True
Australia,"Mobile, platforms & Internet services",2019,7,True
Australia,"Mobile, platforms & Internet services",2024,7,True
Estonia,"Mobile, platforms & Internet services",2020,0,True
Cyprus,"Mobile, platforms & Internet services",2023,0,True
Mexico,"Mobile, platforms & Internet services",2019,2,True
Albania,"Mobile, platforms & Internet services",2019,7,True
Israel,NLP,2018,2,True
Sweden,NLP,2024,0,True
Ireland,NLP,2019,4,True
Taiwan,NLP,2022,13,True
China (mainland),Navigation and mapping,2017,19,True
United Kingdom,Navigation and mapping,2024,6,True
Israel,Navigation and mapping,2017,2,True
Australia,Navigation and mapping,2021,10,True
Switzerland,Navigation and mapping,2018,0,True
United Arab Emirates,Navigation and mapping,2019,0,True
Tunisia,Navigation and mapping,2024,0,True
Slovakia,Navigation and mapping,2023,1,True
Canada,Other,2022,1027,True
Norway,Other,2021,54,True
India,Other,2023,18,True
Romania,Other,2022,0,True
Greece,Privacy and Security,2025,3,False
Turkey,Privacy and Security,2024,56,True
Germany,Privacy and Security,2024,2,True
Japan,Privacy and Security,2025,9,False
United States,Privacy and Security,2023,3030,True
Norway,Privacy and Security,2023,2,True
Romania,Privacy and Security,2020,1,True
United States,Professional services,2025,6675,False
Estonia,Professional services,2022,4,True
Czechia,Professional services,2024,0,True
United Kingdom,Professional services,2016,42,True
United Kingdom,Professional services,2017,97,True
Ecuador,Professional services,2021,0,True
Saudi Arabia,Professional services,2021,1,True
Austria,Professional services,2023,2,True
Ireland,Professional services,2017,1,True
Argentina,Professional services,2019,0,True
Vietnam,Professional services,2022,0,True
Vietnam,Professional services,2024,0,True
France,Professional services,2019,32,True
Singapore,Professional services,2019,1456,True
Malaysia,Professional services,2025,0,False
Lithuania,Professional services,2020,0,True
Saudi Arabia,Real estate,2020,0,True
Saudi Arabia,Real estate,2022,42,True
Spain,Real estate,2015,0,True
Finland,Real estate,2018,1,True
Finland,Real estate,2024,1,True
Chile,Real estate,2021,0,True
Canada,Real estate,2025,42,False
United States,Robotics,2018,413,True
Germany,Robotics,2020,10,True
South Korea,Robotics,2021,7,True
Poland,"Sales, retail, commerce, marketing",2019,4,True
Uruguay,"Sales, retail, commerce, marketing",2023,0,True
Pakistan,"Sales, retail, commerce, marketing",2020,0,True
Estonia,"Sales, retail, commerce, marketing",2025,0,False
Lithuania,"Sales, retail, commerce, marketing",2024,2,True
Bahrain,"Sales, retail, commerce, marketing",2020,0,True
Saudi Arabia,"Sales, retail, commerce, marketing",2025,480,False
Uzbekistan,"Sales, retail, commerce, marketing",2024,0,True
Finland,"Sales, retail, commerce, marketing",2019,200,True
Russia,"Sales, retail, commerce, marketing",2017,2,True
United Kingdom,"Sales, retail, commerce, marketing",2016,104,True
Ireland,"Sales, retail, commerce, marketing",2021,61,True
Israel,"Sales, retail, commerce, marketing",2019,44,True
Germany,"Sales, retail, commerce, marketing",2018,8,True
Germany,"Sales, retail, commerce, marketing",2020,15,True
Taiwan,"Sales, retail, commerce, marketing",2023,2,True
Belgium,"Sales, retail, commerce, marketing",2025,2,False
Israel,Semiconductor,2025,5,False
Romania,Software,2020,2,True
India,Software,2024,402,True
United Arab Emirates,Software,2022,34,True
Tunisia,Software,2021,0,True
Tunisia,Software,2022,2,True
Japan,Software,2025,181,False
Ghana,Software,2024,0,True
Malaysia,Software,2024,4,True
Bangladesh,Software,2022,2,True
Algeria,Software,2022,0,True
Taiwan,Software,2022,30,True
Taiwan,Software,2025,52,False
Malta,Software,2018,0,True
Israel,Software,2024,2400,True
Austria,Software,2021,102,True
China (mainland),Software,2017,1493,True
Costa Rica,Software,2025,1,False
Portugal,Speech Recognition,2023,0,True
United Kingdom,Speech Recognition,2024,11,True
Israel,Sports,2017,44,True
Portugal,Sports,2023,5,True
Canada,Telecommunications,2016,0,True
Vietnam,Telecommunications,2020,1,True
Sweden,Transportation,2019,7,True
China (mainland),Transportation,2015,58,True
Canada,Transportation,2019,16,True
Bahrain,Transportation,2020,0,True
Indonesia,Transportation,2022,0,True
Norway,Transportation,2024,0,True
Slovenia,Transportation,2017,0,True
Belgium,Transportation,2021,0,True
Ireland,Transportation,2025,0,False
Hungary,Agriculture,2015,0,True
Switzerland,Agriculture,2017,5,True
Denmark,Agriculture,2022,9,True
Spain,Agriculture,2016,2,True
China (mainland),Agriculture,2023,10,True
United Kingdom,Agriculture,2018,6,True
Chile,Agriculture,2021,1,True
New Zealand,All,2016,5,True
Cambodia,All,2018,0,True
Italy,All,2016,12,True
Oman,All,2024,3,True
Venezuela,All,2019,1,True
Norway,All,2022,220,True
Ireland,All,2023,215,True
Albania,All,2024,5,True
Netherlands,All,2025,485,False
South Korea,All,2021,3199,True
Chile,All,2016,0,True
India,All,2022,2992,True
Romania,All,2021,28,True
Thailand,All,2018,1,True
Thailand,All,2021,17,True
United Kingdom,All,2015,461,True
United Kingdom,All,2016,952,True
Peru,All,2022,0,True
Portugal,Biotechnology,2021,1,True
Hungary,Biotechnology,2022,3,True
Belgium,Biotechnology,2017,0,True
Japan,Biotechnology,2022,4,True
France,Biotechnology,2018,0,True
France,Biotechnology,2024,39,True
China (mainland),Biotechnology,2023,82,True
Denmark,Biotechnology,2016,0,True
Indonesia,Biotechnology,2018,1,True
Egypt,Community and Lifestyle,2023,1,True
South Korea,Community and Lifestyle,2025,2,False
Malta,Community and Lifestyle,2020,1,True
Estonia,Community and Lifestyle,2021,1,True
Canada,Community and Lifestyle,2018,16,True
Switzerland,Computer Vision,2025,223,False
Canada,Computer Vision,2025,0,False
Turkey,Computer Vision,2016,0,True
Singapore,Computer Vision,2016,40,True
Greece,Computer Vision,2021,2,True
United Arab Emirates,Computer Vision,2018,1,True
Latvia,Consumer goods,2017,0,True
Austria,Consumer goods,2024,6,True
Switzerland,Consumer goods,2018,7,True
Ireland,Consumer goods,2025,1,False
Sri Lanka,Consumer goods,2021,0,True
Australia,Consumer goods,2022,19,True
Australia,Cyber Security,2016,0,True
Denmark,Cyber Security,2023,0,True
Hungary,Cyber Security,2025,2,False
Turkey,Cyber Security,2025,1,False
Singapore,Cyber Security,2023,2,True
Japan,Cyber Security,2023,0,True
Bangladesh,Data and analytics,2022,2,True
Germany,Data and analytics,2019,203,True
Singapore,Data and analytics,2019,1654,True
Qatar,Data and analytics,2020,0,True
Thailand,Data and analytics,2022,3,True
Estonia,Data and analytics,2022,32,True
Russia,Data and analytics,2016,3,True
Russia,Data and analytics,2018,8,True
Georgia,Data and analytics,2023,0,True
Saint Kitts and Nevis,Data and analytics,2023,0,True
Nigeria,Data and analytics,2022,3,True
Lithuania,Data and analytics,2020,1,True
Sweden,Data and analytics,2021,345,True
Denmark,Data and analytics,2020,34,True
Cyprus,Data and analytics,2016,1,True
Austria,Data and analytics,2025,37,False
Slovenia,Data and analytics,2017,0,True
Netherlands,Education,2025,0,False
Belgium,Education,2022,0,True
Bulgaria,Education,2015,0,True
Kazakhstan,Education,2020,0,True
Chile,Education,2022,0,True
China (mainland),Education,2025,7,False
United Arab Emirates,Energy and natural resources,2022,0,True
Netherlands,Energy and natural resources,2022,4,True
Lithuania,Energy and natural resources,2018,0,True
United Kingdom,Energy and natural resources,2019,34,True
France,Energy and natural resources,2023,12,True
Norway,Energy and natural resources,2024,4,True
Canada,Energy and natural resources,2017,5,True
Australia,Facial Recognition,2020,0,True
Japan,Facial Recognition,2017,0,True
Saudi Arabia,Finance,2019,4,True
Saudi Arabia,Finance,2020,7,True
Singapore,Finance,2021,628,True
Ghana,Finance,2021,0,True
Finland,Finance,2023,4,True
China (mainland),Finance,2018,226,True
Indonesia,Finance,2024,6,True
Colombia,Finance,2016,1,True
Colombia,Finance,2025,1,False
Qatar,Finance,2021,4,True
South Africa,Finance,2024,0,True
Ukraine,Finance,2019,3,True
South Korea,Finance,2022,170,True
Israel,Finance,2020,92,True
Estonia,Finance,2022,27,True
Iceland,Gaming,2018,1,True
Chile,Gaming,2022,0,True
Romania,Gaming,2024,1,True
Mongolia,General purpose,2022,0,True
Qatar,General purpose,2021,4,True
Thailand,General purpose,2022,3,True
Slovenia,General purpose,2020,1,True
Seychelles,General purpose,2024,0,True
Singapore,General purpose,2025,567,False
New Zealand,General purpose,2016,1,True
Latvia,General purpose,2021,0,True
Indonesia,General purpose,2022,5,True
Nigeria,General purpose,2019,8,True
Poland,General purpose,2024,17,True
Argentina,General purpose,2020,2,True
Austria,General purpose,2023,28,True
Austria,General purpose,2024,23,True
Qatar,Hardware,2024,0,True
Iceland,Hardware,2015,0,True
South Africa,Hardware,2023,0,True
Romania,Hardware,2019,1,True
Romania,Hardware,2021,0,True
Japan,Hardware,2019,121,True
Lithuania,Hardware,2021,0,True
Slovakia,Hardware,2020,1,True
Argentina,Hardware,2023,0,True
Switzerland,Hardware,2020,57,True
Brazil,Hardware,2018,5,True
Sri Lanka,Hardware,2024,0,True
Canada,Hardware,2016,21,True
Poland,Healthcare and Life Sciences,2021,10,True
New Zealand,Healthcare and Life Sciences,2018,0,True
United States,Healthcare and Life Sciences,2024,2480,True
Taiwan,Healthcare and Life Sciences,2021,22,True
Israel,Healthcare and Life Sciences,2022,128,True
Slovakia,Information Technology,2019,3,True
Uruguay,Information Technology,2022,0,True
France,Information Technology,2020,75,True
Tunisia,Information Technology,2019,0,True
Luxembourg,Information Technology,2023,1,True
Latvia,Information Technology,2024,0,True
Sri Lanka,Information Technology,2018,0,True
Estonia,Information Technology,2022,27,True
Kazakhstan,Information Technology,2025,5,False
Saudi Arabia,Information Technology,2015,2,True
Japan,Lending and Investments,2021,15,True
United States,Lending and Investments,2023,295,True
Singapore,Lending and Investments,2022,5,True
South Africa,Lending and Investments,2020,18,True
India,Manufacturing,2025,49,False
New Zealand,Manufacturing,2019,0,True
Canada,Manufacturing,2017,6,True
Iceland,Manufacturing,2022,10,True
Israel,Media and Entertainment,2022,100,True
Indonesia,Media and Entertainment,2025,0,False
Australia,Media and Entertainment,2016,5,True
Australia,Media and Entertainment,2019,35,True
Canada,Media and Entertainment,2016,0,True
France,Media and Entertainment,2022,17,True
United States,Media and Entertainment,2017,333,True
Luxembourg,Media and Entertainment,2024,20,True
United States,"Military, public safety and government",2024,336,True
Brazil,"Military, public safety and government",2021,0,True
Switzerland,"Mobile, platforms & Internet services",2016,1,True
China (mainland),"Mobile, platforms & Internet services",2017,791,True
Belgium,"Mobile, platforms & Internet services",2024,23,True
Canada,"Mobile, platforms & Internet services",2019,169,True
France,"Mobile, platforms & Internet services",2023,40,True
Japan,"Mobile, platforms & Internet services",2018,75,True
Estonia,"Mobile, platforms & Internet services",2021,2,True
Tunisia,"Mobile, platforms & Internet services",2018,1,True
Italy,NLP,2015,0,True
Singapore,NLP,2021,2,True
Singapore,NLP,2023,5,True
Canada,Navigation and mapping,2018,2,True
Israel,Navigation and mapping,2022,4,True
Switzerland,Navigation and mapping,2020,1,True
South Korea,Navigation and mapping,2025,4,False
Bosnia and Herzegovina,Other,2025,0,False
Chile,Other,2020,1,True
United States,Other,2016,326,True
Kenya,Other,2018,0,True
Spain,Other,2024,2,True
China (mainland),Other,2025,59,False
Malaysia,Other,2022,1,True
Switzerland,Other,2024,5,True
Hungary,Other,2015,0,True
Ireland,Other,2016,2,True
Costa Rica,Other,2025,1,False
Israel,Privacy and Security,2024,404,True
New Zealand,Privacy and Security,2021,5,True
Turkey,Privacy and Security,2018,2,True
Germany,Privacy and Security,2025,38,False
Singapore,Privacy and Security,2024,5,True
United Kingdom,Privacy and Security,2023,20,True
Poland,Privacy and Security,2021,1,True
Estonia,Professional services,2016,2,True
Lebanon,Professional services,2015,0,True
Norway,Professional services,2020,11,True
Brazil,Professional services,2021,67,True
Thailand,Professional services,2016,0,True
Saudi Arabia,Professional services,2018,0,True
Saudi Arabia,Professional services,2019,0,True
Slovakia,Professional services,2020,1,True
Colombia,Professional services,2023,0,True
Sweden,Professional services,2021,27,True
Bulgaria,Professional services,2021,0,True
Singapore,Professional services,2022,15,True
Serbia,Professional services,2021,0,True
Latvia,Real estate,2021,0,True
South Africa,Real estate,2025,0,False
Netherlands,Robotics,2020,0,True
Norway,Robotics,2019,3,True
Turkey,Robotics,2019,0,True
United Kingdom,Robotics,2025,15,False
Australia,"Sales, retail, commerce, marketing",2017,2,True
Sri Lanka,"Sales, retail, commerce, marketing",2024,1,True
Panama,"Sales, retail, commerce, marketing",2024,0,True
Austria,"Sales, retail, commerce, marketing",2021,17,True
Saudi Arabia,"Sales, retail, commerce, marketing",2020,11,True
Canada,"Sales, retail, commerce, marketing",2018,124,True
Czechia,"Sales, retail, commerce, marketing",2016,0,True
Czechia,"Sales, retail, commerce, marketing",2019,2,True
Latvia,"Sales, retail, commerce, marketing",2018,0,True
Bulgaria,"Sales, retail, commerce, marketing",2018,0,True
El Salvador,"Sales, retail, commerce, marketing",2025,1,False
Italy,"Sales, retail, commerce, marketing",2017,3,True
Belgium,"Sales, retail, commerce, marketing",2022,19,True
Sweden,Semiconductor,2016,1,True
China (mainland),Simulation,2024,28,True
United Kingdom,Simulation,2024,7,True
Canada,Software,2018,365,True
Armenia,Software,2023,0,True
Germany,Software,2019,231,True
Peru,Software,2018,0,True
Egypt,Software,2017,0,True
Portugal,Software,2019,19,True
Finland,Software,2023,25,True
New Zealand,Software,2021,1067,True
Sri Lanka,Software,2021,0,True
Hungary,Software,2020,6,True
Ukraine,Software,2024,1,True
United States,Software,2025,96342,False
Norway,Software,2025,46,False
Estonia,Software,2017,1,True
Brazil,Software,2025,291,False
Israel,Software,2016,166,True
Ireland,Software,2016,13,True
China (mainland),Software,2025,1747,False
Canada,Speech Recognition,2016,2,True
United States,Speech Recognition,2021,102,True
Spain,Speech Recognition,2023,2,True
Singapore,Sports,2022,2,True
Colombia,Telecommunications,2017,0,True
Germany,Telecommunications,2025,16,False
United States,Telecommunications,2024,223,True
Russia,Telecommunications,2019,0,True
Israel,Telecommunications,2015,0,True
Israel,Telecommunications,2021,3,True
Singapore,Transportation,2025,4,False
Switzerland,Transportation,2022,55,True
Germany,Transportation,2025,127,False
