country,field,year,num_patent_granted,complete
New Zealand,Agriculture,2018,1,True
Bulgaria,Agriculture,2022,0,False
Australia,Agriculture,2018,30,True
Hungary,Agriculture,2020,0,False
Ukraine,All,2017,1,True
Ukraine,All,2023,7,False
Mexico,All,2022,2,False
Bulgaria,All,2018,4,True
Denmark,All,2017,24,True
Denmark,All,2020,18,False
Russia,All,2021,55,False
Morocco,All,2015,2,True
Hungary,All,2017,6,True
Taiwan,All,2024,2,False
Philippines,All,2015,5,True
China (mainland),Banking and Finance,2021,931,False
Portugal,Banking and Finance,2021,0,False
European Patent Organization,Banking and Finance,2018,13,True
Germany,Banking and Finance,2021,16,False
South Korea,Banking and Finance,2016,25,True
Turkey,Banking and Finance,2016,1,True
France,Banking and Finance,2015,1,True
Canada,Banking and Finance,2018,37,True
Finland,Banking and Finance,2022,0,False
Poland,Banking and Finance,2015,1,True
Poland,Banking and Finance,2021,1,False
Italy,Business,2021,4,False
Austria,Business,2020,2,False
Turkey,Business,2018,2,True
European Patent Organization,Business,2015,8,True
Germany,Business,2017,20,True
New Zealand,Business,2017,2,True
Switzerland,Business,2016,1,True
France,Business,2018,13,True
France,Business,2019,11,False
Mexico,Business,2022,0,False
Malaysia,Business,2019,3,False
Peru,Energy Management,2019,0,False
Finland,Energy Management,2021,2,False
World Intellectual Property Organization (WIPO),Energy Management,2020,3,False
Iran,Energy Management,2018,0,True
Japan,Energy Management,2021,109,False
Austria,Energy Management,2020,1,False
France,Energy Management,2015,3,True
Morocco,Energy Management,2020,0,False
Romania,Industry and Manufacturing,2018,0,True
Spain,Industry and Manufacturing,2016,5,True
Italy,Industry and Manufacturing,2020,3,False
Hungary,Industry and Manufacturing,2017,0,True
European Patent Organization,Industry and Manufacturing,2017,16,True
Morocco,Industry and Manufacturing,2015,0,True
Morocco,Industry and Manufacturing,2017,0,True
China (mainland),Industry and Manufacturing,2020,2072,False
Austria,Industry and Manufacturing,2017,0,True
Austria,Industry and Manufacturing,2022,0,False
Netherlands,Life Sciences,2015,2,True
Australia,Life Sciences,2018,132,True
European Patent Organization,Life Sciences,2015,10,True
Philippines,Life Sciences,2018,1,True
Japan,Life Sciences,2022,103,False
Romania,Life Sciences,2019,0,False
Austria,Life Sciences,2016,3,True
Serbia,Personal Devices and Computing,2017,0,True
Peru,Personal Devices and Computing,2017,1,True
Israel,Personal Devices and Computing,2021,2,False
Jordan,Personal Devices and Computing,2021,0,False
Australia,Personal Devices and Computing,2023,5,False
Mexico,Physical Sciences and Engineering,2015,2,True
Slovenia,Physical Sciences and Engineering,2018,1,True
Hungary,Physical Sciences and Engineering,2019,1,False
Canada,Physical Sciences and Engineering,2019,49,False
Austria,Physical Sciences and Engineering,2021,1,False
Argentina,Physical Sciences and Engineering,2018,3,True
Uruguay,Physical Sciences and Engineering,2020,0,False
Luxembourg,Physical Sciences and Engineering,2022,5,False
Russia,Security,2015,3,True
Morocco,Security,2018,0,True
Portugal,Security,2022,0,False
China (mainland),Security,2022,1175,False
Israel,Security,2016,1,True
Lithuania,Security,2016,1,True
Germany,Security,2021,13,False
Bulgaria,Security,2019,0,False
Croatia,Telecommunications,2019,0,False
San Marino,Telecommunications,2015,0,True
Israel,Telecommunications,2019,4,False
Israel,Telecommunications,2020,8,False
Greece,Telecommunications,2015,0,True
Hungary,Telecommunications,2019,1,False
Netherlands,Telecommunications,2023,1,False
Brazil,Telecommunications,2016,11,True
South Korea,Telecommunications,2022,615,False
South Korea,Telecommunications,2024,2,False
Latvia,Telecommunications,2020,1,False
New Zealand,Telecommunications,2016,0,True
New Zealand,Telecommunications,2021,1,False
Russia,Telecommunications,2019,23,False
Mexico,Transportation,2018,8,True
Bulgaria,Transportation,2018,0,True
Spain,Transportation,2019,8,False
Israel,Transportation,2015,1,True
United States,Transportation,2017,1089,True
European Patent Organization,Transportation,2022,34,False
Portugal,Transportation,2022,0,False
Philippines,Agriculture,2018,0,True
South Africa,Agriculture,2018,0,True
Netherlands,Agriculture,2021,4,False
European Patent Organization,Agriculture,2015,2,True
Morocco,Agriculture,2020,1,False
Colombia,All,2015,1,True
Netherlands,All,2023,3,False
Romania,All,2022,1,False
Lithuania,All,2020,4,False
Belgium,All,2021,7,False
Morocco,All,2016,1,True
Costa Rica,All,2020,1,False
Norway,All,2018,5,True
Norway,All,2019,5,False
Australia,Banking and Finance,2021,38,False
Netherlands,Banking and Finance,2024,0,False
United States,Banking and Finance,2016,223,True
Morocco,Banking and Finance,2016,0,True
Denmark,Banking and Finance,2015,2,True
Greece,Banking and Finance,2023,0,False
Switzerland,Banking and Finance,2017,0,True
Germany,Banking and Finance,2020,13,False
Mexico,Banking and Finance,2021,3,False
South Korea,Banking and Finance,2023,23,False
Ukraine,Banking and Finance,2016,0,True
Ukraine,Banking and Finance,2023,0,False
Colombia,Banking and Finance,2015,0,True
Hungary,Business,2019,0,False
Italy,Business,2020,2,False
India,Business,2021,0,False
Austria,Business,2021,1,False
Finland,Business,2022,0,False
Australia,Business,2023,0,False
Lithuania,Energy Management,2018,1,True
Finland,Energy Management,2015,0,True
Denmark,Energy Management,2017,0,True
Portugal,Industry and Manufacturing,2017,1,True
Netherlands,Industry and Manufacturing,2018,0,True
Turkey,Industry and Manufacturing,2015,0,True
Philippines,Industry and Manufacturing,2020,0,False
Hungary,Industry and Manufacturing,2020,1,False
Luxembourg,Industry and Manufacturing,2021,3,False
Denmark,Industry and Manufacturing,2017,0,True
Sweden,Life Sciences,2019,5,False
Australia,Life Sciences,2019,173,False
South Africa,Life Sciences,2022,0,False
France,Life Sciences,2017,18,True
France,Life Sciences,2020,23,False
Philippines,Life Sciences,2017,0,True
Italy,Life Sciences,2019,10,False
Spain,Life Sciences,2016,24,True
Romania,Life Sciences,2016,1,True
Greece,Personal Devices and Computing,2018,4,True
Peru,Personal Devices and Computing,2018,2,True
Israel,Personal Devices and Computing,2019,6,False
Sweden,Personal Devices and Computing,2017,2,True
South Africa,Personal Devices and Computing,2020,1,False
South Africa,Personal Devices and Computing,2022,0,False
Argentina,Personal Devices and Computing,2022,1,False
Morocco,Personal Devices and Computing,2021,0,False
Luxembourg,Personal Devices and Computing,2019,5,False
Luxembourg,Personal Devices and Computing,2020,7,False
Colombia,Physical Sciences and Engineering,2019,0,False
Netherlands,Physical Sciences and Engineering,2019,0,False
European Patent Organization,Physical Sciences and Engineering,2015,2,True
Australia,Physical Sciences and Engineering,2023,1,False
Austria,Physical Sciences and Engineering,2018,0,True
Argentina,Physical Sciences and Engineering,2020,0,False
Spain,Physical Sciences and Engineering,2024,0,False
Singapore,Physical Sciences and Engineering,2016,4,True
Singapore,Physical Sciences and Engineering,2018,12,True
United States,Physical Sciences and Engineering,2018,295,True
United States,Physical Sciences and Engineering,2023,14,False
Russia,Security,2020,17,False
Finland,Security,2015,0,True
Romania,Security,2021,0,False
Turkey,Security,2018,0,True
Romania,Telecommunications,2019,1,False
Italy,Telecommunications,2018,5,True
Denmark,Telecommunications,2019,7,False
Peru,Telecommunications,2017,0,True
Singapore,Telecommunications,2021,1,False
United States,Telecommunications,2019,3221,False
Singapore,Transportation,2019,8,False
Romania,Transportation,2015,0,True
Malaysia,Transportation,2015,6,True
South Africa,Transportation,2023,0,False
Japan,Transportation,2016,252,True
European Patent Organization,Transportation,2020,51,False
Taiwan,Transportation,2017,2,True
Greece,Transportation,2022,1,False
World Intellectual Property Organization (WIPO),Transportation,2016,2,True
Canada,Transportation,2015,31,True
China (mainland),Agriculture,2017,90,True
Sweden,Agriculture,2021,1,False
Russia,Agriculture,2018,0,True
Romania,Agriculture,2016,0,True
World Intellectual Property Organization (WIPO),Agriculture,2021,1,False
Hungary,Agriculture,2017,1,True
Canada,Agriculture,2016,8,True
Ukraine,All,2018,4,True
Mexico,All,2020,74,False
Slovakia,All,2023,2,False
Taiwan,All,2020,534,False
South Korea,All,2023,1177,False
San Marino,All,2015,1,True
Croatia,Banking and Finance,2015,0,True
Greece,Banking and Finance,2016,0,True
Portugal,Banking and Finance,2019,0,False
Sweden,Banking and Finance,2018,1,True
South Africa,Banking and Finance,2021,0,False
Ukraine,Banking and Finance,2022,0,False
United Kingdom,Banking and Finance,2020,11,False
Israel,Banking and Finance,2015,0,True
Brazil,Business,2016,4,True
Sweden,Business,2018,0,True
Serbia,Business,2020,0,False
Denmark,Business,2018,2,True
Italy,Business,2018,2,True
Switzerland,Business,2018,0,True
United Kingdom,Business,2016,24,True
United Kingdom,Business,2022,11,False
India,Energy Management,2021,0,False
Denmark,Energy Management,2020,0,False
Czechia,Energy Management,2017,0,True
Switzerland,Energy Management,2020,0,False
Ukraine,Energy Management,2022,0,False
Italy,Energy Management,2017,1,True
Israel,Energy Management,2018,0,True
India,Industry and Manufacturing,2020,0,False
Lithuania,Industry and Manufacturing,2019,0,False
Eurasian Patent Organization,Industry and Manufacturing,2015,0,True
World Intellectual Property Organization (WIPO),Industry and Manufacturing,2017,0,True
Luxembourg,Industry and Manufacturing,2018,0,True
Taiwan,Life Sciences,2021,54,False
South Korea,Life Sciences,2017,295,True
Germany,Life Sciences,2020,62,False
Peru,Personal Devices and Computing,2016,0,True
Israel,Personal Devices and Computing,2023,1,False
Eurasian Patent Organization,Personal Devices and Computing,2016,1,True
Malaysia,Personal Devices and Computing,2018,8,True
Japan,Personal Devices and Computing,2015,226,True
Luxembourg,Personal Devices and Computing,2018,4,True
Finland,Personal Devices and Computing,2015,2,True
Israel,Physical Sciences and Engineering,2022,0,False
European Patent Organization,Physical Sciences and Engineering,2021,22,False
Peru,Physical Sciences and Engineering,2015,1,True
Norway,Physical Sciences and Engineering,2023,1,False
Poland,Physical Sciences and Engineering,2019,1,False
Portugal,Physical Sciences and Engineering,2022,0,False
Poland,Security,2021,2,False
Sweden,Security,2016,0,True
Canada,Security,2017,27,True
Singapore,Security,2021,1,False
European Patent Organization,Security,2021,19,False
Philippines,Security,2021,0,False
Peru,Security,2018,0,True
United Kingdom,Security,2016,17,True
Australia,Security,2016,23,True
Australia,Security,2017,16,True
France,Security,2022,7,False
South Africa,Security,2017,0,True
United States,Security,2019,1018,False
Lithuania,Security,2018,0,True
Denmark,Security,2015,0,True
Romania,Telecommunications,2018,0,True
Czechia,Telecommunications,2021,0,False
Norway,Telecommunications,2020,1,False
Italy,Telecommunications,2021,4,False
South Africa,Telecommunications,2023,0,False
Luxembourg,Telecommunications,2024,1,False
Philippines,Telecommunications,2017,0,True
Russia,Telecommunications,2018,30,True
Austria,Transportation,2019,3,False
Philippines,Transportation,2018,0,True
International Bureau of WIPO,Transportation,2015,0,True
Romania,Transportation,2021,0,False
France,Transportation,2017,12,True
Finland,Transportation,2018,0,True
Morocco,Transportation,2015,0,True
Ireland,Transportation,2023,0,False
Hungary,Transportation,2020,2,False
Germany,Transportation,2023,11,False
Portugal,Transportation,2016,1,True
Estonia,Agriculture,2022,0,False
United Kingdom,Agriculture,2024,0,False
Poland,Agriculture,2022,0,False
Ukraine,Agriculture,2015,1,True
Jordan,Agriculture,2021,0,False
Greece,Agriculture,2020,1,False
Mexico,Agriculture,2020,11,False
Luxembourg,Agriculture,2018,0,True
Japan,Agriculture,2018,34,True
Spain,Agriculture,2021,1,False
Taiwan,Agriculture,2023,0,False
Poland,All,2020,16,False
United Kingdom,All,2023,46,False
Australia,All,2019,449,False
Austria,All,2016,9,True
Austria,All,2017,10,True
Austria,All,2019,4,False
Slovakia,All,2021,1,False
Australia,Banking and Finance,2018,27,True
Netherlands,Banking and Finance,2016,0,True
Austria,Banking and Finance,2019,0,False
Austria,Banking and Finance,2021,1,False
Sweden,Banking and Finance,2015,0,True
European Patent Organization,Banking and Finance,2023,0,False
Spain,Banking and Finance,2018,3,True
Japan,Banking and Finance,2015,17,True
Brazil,Banking and Finance,2020,2,False
Luxembourg,Business,2017,0,True
Denmark,Business,2022,0,False
Hungary,Business,2022,0,False
China (mainland),Business,2023,2828,False
India,Business,2020,0,False
Portugal,Business,2016,0,True
International Bureau of WIPO,Energy Management,2016,0,True
Peru,Energy Management,2015,0,True
Lithuania,Energy Management,2016,0,True
Canada,Energy Management,2019,11,False
Switzerland,Energy Management,2017,0,True
Ukraine,Energy Management,2021,0,False
Philippines,Energy Management,2016,0,True
Cuba,Energy Management,2020,1,False
Japan,Industry and Manufacturing,2016,98,True
Belgium,Industry and Manufacturing,2022,3,False
Brazil,Industry and Manufacturing,2021,8,False
Latvia,Industry and Manufacturing,2020,0,False
Taiwan,Industry and Manufacturing,2015,3,True
United States,Industry and Manufacturing,2022,83,False
Canada,Industry and Manufacturing,2016,22,True
Czechia,Industry and Manufacturing,2017,0,True
Denmark,Industry and Manufacturing,2015,2,True
Malaysia,Industry and Manufacturing,2016,0,True
Sweden,Life Sciences,2018,3,True
Australia,Life Sciences,2022,20,False
European Patent Organization,Life Sciences,2018,132,True
France,Life Sciences,2022,7,False
Argentina,Life Sciences,2020,1,False
San Marino,Life Sciences,2015,1,True
Japan,Life Sciences,2017,335,True
Finland,Life Sciences,2023,0,False
South Korea,Personal Devices and Computing,2020,1801,False
South Korea,Personal Devices and Computing,2024,3,False
France,Personal Devices and Computing,2021,34,False
Malaysia,Personal Devices and Computing,2015,1,True
Bulgaria,Personal Devices and Computing,2017,0,True
Japan,Personal Devices and Computing,2016,448,True
India,Personal Devices and Computing,2017,138,True
Australia,Personal Devices and Computing,2019,187,False
Mexico,Physical Sciences and Engineering,2017,3,True
Brazil,Physical Sciences and Engineering,2016,7,True
Brazil,Physical Sciences and Engineering,2021,3,False
Russia,Physical Sciences and Engineering,2016,4,True
Japan,Physical Sciences and Engineering,2023,3,False
Greece,Physical Sciences and Engineering,2015,0,True
South Africa,Physical Sciences and Engineering,2023,0,False
Czechia,Physical Sciences and Engineering,2022,0,False
Singapore,Physical Sciences and Engineering,2021,0,False
Costa Rica,Physical Sciences and Engineering,2020,0,False
Serbia,Security,2017,0,True
Peru,Security,2022,0,False
Morocco,Security,2022,0,False
Hungary,Security,2019,1,False
New Zealand,Security,2022,0,False
Malaysia,Security,2015,0,True
Argentina,Security,2019,0,False
Czechia,Security,2017,0,True
Switzerland,Telecommunications,2021,0,False
Finland,Telecommunications,2016,1,True
Brazil,Telecommunications,2017,7,True
Japan,Telecommunications,2024,0,False
Taiwan,Telecommunications,2019,46,False
Belgium,Telecommunications,2021,2,False
Philippines,Telecommunications,2016,0,True
Philippines,Transportation,2015,0,True
Serbia,Transportation,2020,0,False
Iran,Transportation,2018,0,True
International Bureau of WIPO,Transportation,2018,3,True
Spain,Transportation,2016,7,True
Spain,Transportation,2017,10,True
Slovenia,Transportation,2022,0,False
Poland,Agriculture,2019,0,False
Finland,Agriculture,2016,0,True
South Africa,Agriculture,2022,0,False
Romania,Agriculture,2022,0,False
Mexico,Agriculture,2017,4,True
United States,Agriculture,2018,130,True
Germany,Agriculture,2023,1,False
Canada,Agriculture,2022,2,False
Taiwan,Agriculture,2022,5,False
Malaysia,All,2021,5,False
Peru,All,2019,2,False
Turkey,All,2018,5,True
Sweden,All,2017,9,True
Sweden,All,2021,14,False
South Korea,All,2021,5964,False
World Intellectual Property Organization (WIPO),Banking and Finance,2021,6,False
Greece,Banking and Finance,2017,0,True
Russia,Banking and Finance,2016,2,True
European Patent Organization,Banking and Finance,2022,3,False
Slovenia,Banking and Finance,2018,0,True
Slovenia,Banking and Finance,2022,0,False
Germany,Banking and Finance,2023,4,False
Taiwan,Banking and Finance,2019,3,False
South Korea,Banking and Finance,2022,154,False
Argentina,Banking and Finance,2019,0,False
San Marino,Business,2015,0,True
Austria,Business,2018,0,True
Colombia,Business,2015,0,True
Eurasian Patent Organization,Business,2016,0,True
United States,Business,2023,53,False
Denmark,Energy Management,2019,1,False
Turkey,Energy Management,2016,0,True
China (mainland),Energy Management,2023,2087,False
Sweden,Energy Management,2021,0,False
Spain,Energy Management,2018,4,True
Portugal,Energy Management,2022,0,False
Saudi Arabia,Energy Management,2021,0,False
Finland,Industry and Manufacturing,2019,5,False
Bulgaria,Industry and Manufacturing,2018,0,True
Japan,Industry and Manufacturing,2023,8,False
Italy,Industry and Manufacturing,2016,2,True
United Kingdom,Life Sciences,2024,0,False
Israel,Life Sciences,2019,0,False
China (mainland),Life Sciences,2024,1199,False
United States,Life Sciences,2018,1471,True
Taiwan,Life Sciences,2022,52,False
Norway,Life Sciences,2018,0,True
Germany,Life Sciences,2016,31,True
Brazil,Life Sciences,2020,28,False
Lithuania,Personal Devices and Computing,2020,1,False
Peru,Personal Devices and Computing,2015,0,True
Peru,Personal Devices and Computing,2023,0,False
Croatia,Personal Devices and Computing,2019,1,False
Germany,Personal Devices and Computing,2015,18,True
Japan,Personal Devices and Computing,2022,216,False
Romania,Personal Devices and Computing,2015,0,True
Romania,Personal Devices and Computing,2022,0,False
Canada,Personal Devices and Computing,2017,164,True
Canada,Personal Devices and Computing,2018,273,True
Brazil,Personal Devices and Computing,2022,0,False
Hungary,Personal Devices and Computing,2015,3,True
Denmark,Personal Devices and Computing,2015,7,True
Slovakia,Physical Sciences and Engineering,2023,0,False
China (mainland),Physical Sciences and Engineering,2015,44,True
Japan,Physical Sciences and Engineering,2015,26,True
United Kingdom,Physical Sciences and Engineering,2023,6,False
Canada,Physical Sciences and Engineering,2016,21,True
Greece,Physical Sciences and Engineering,2016,0,True
Bulgaria,Physical Sciences and Engineering,2015,0,True
Taiwan,Physical Sciences and Engineering,2018,8,True
Luxembourg,Physical Sciences and Engineering,2024,0,False
Luxembourg,Security,2023,7,False
Spain,Security,2016,1,True
Switzerland,Security,2020,0,False
Slovakia,Security,2021,0,False
Brazil,Security,2022,0,False
South Korea,Security,2016,48,True
India,Security,2018,15,True
Denmark,Security,2019,1,False
Croatia,Security,2019,0,False
Czechia,Security,2021,0,False
Poland,Telecommunications,2017,3,True
World Intellectual Property Organization (WIPO),Telecommunications,2019,30,False
Japan,Telecommunications,2020,403,False
Spain,Telecommunications,2015,7,True
Argentina,Telecommunications,2017,0,True
Kenya,Telecommunications,2016,0,True
China (mainland),Telecommunications,2018,1719,True
Portugal,Telecommunications,2019,1,False
Sweden,Transportation,2016,3,True
Uruguay,Transportation,2020,0,False
South Korea,Transportation,2015,75,True
South Korea,Transportation,2024,0,False
Spain,Transportation,2024,0,False
Malaysia,Transportation,2021,0,False
United States,Transportation,2019,1365,False
World Intellectual Property Organization (WIPO),Transportation,2019,6,False
Luxembourg,Transportation,2024,0,False
Croatia,Transportation,2015,0,True
United Kingdom,Agriculture,2015,0,True
Poland,Agriculture,2015,1,True
China (mainland),Agriculture,2024,320,False
Czechia,Agriculture,2018,0,True
Chile,Agriculture,2015,0,True
Mexico,Agriculture,2021,3,False
Germany,Agriculture,2018,3,True
Canada,Agriculture,2020,27,False
Taiwan,Agriculture,2016,1,True
United Kingdom,All,2020,246,False
Netherlands,All,2019,24,False
Peru,All,2017,1,True
Argentina,All,2020,7,False
Philippines,All,2021,22,False
Netherlands,Banking and Finance,2021,1,False
Portugal,Banking and Finance,2022,0,False
Belgium,Banking and Finance,2019,0,False
Germany,Banking and Finance,2017,11,True
Bulgaria,Banking and Finance,2017,0,True
South Korea,Banking and Finance,2024,1,False
United Kingdom,Banking and Finance,2015,2,True
Finland,Banking and Finance,2023,0,False
South Korea,Business,2019,809,False
Morocco,Business,2016,0,True
Spain,Business,2015,3,True
Russia,Business,2017,19,True
Lithuania,Business,2017,1,True
Russia,Energy Management,2018,1,True
Russia,Energy Management,2020,0,False
Netherlands,Energy Management,2015,0,True
China (mainland),Energy Management,2024,1165,False
Sri Lanka,Energy Management,2016,0,True
United States,Energy Management,2017,158,True
South Africa,Energy Management,2016,0,True
France,Energy Management,2019,5,False
Norway,Energy Management,2021,0,False
Bulgaria,Energy Management,2018,0,True
Luxembourg,Energy Management,2021,2,False
India,Industry and Manufacturing,2018,9,True
Serbia,Industry and Manufacturing,2020,1,False
Germany,Industry and Manufacturing,2021,45,False
New Zealand,Industry and Manufacturing,2020,0,False
Jordan,Industry and Manufacturing,2021,1,False
France,Industry and Manufacturing,2017,1,True
Greece,Industry and Manufacturing,2018,1,True
Peru,Industry and Manufacturing,2015,0,True
Denmark,Industry and Manufacturing,2020,1,False
European Patent Organization,Life Sciences,2016,15,True
Kenya,Life Sciences,2016,0,True
South Africa,Life Sciences,2024,0,False
Taiwan,Life Sciences,2024,0,False
France,Life Sciences,2018,23,True
Ukraine,Life Sciences,2016,0,True
Philippines,Life Sciences,2020,1,False
Greece,Life Sciences,2020,0,False
Italy,Life Sciences,2023,0,False
Germany,Life Sciences,2019,71,False
Uruguay,Life Sciences,2020,0,False
Czechia,Life Sciences,2019,0,False
Denmark,Life Sciences,2016,3,True
United Kingdom,Personal Devices and Computing,2022,40,False
International Bureau of WIPO,Personal Devices and Computing,2015,0,True
Sweden,Personal Devices and Computing,2016,4,True
South Africa,Personal Devices and Computing,2021,0,False
Taiwan,Personal Devices and Computing,2020,142,False
Norway,Personal Devices and Computing,2023,1,False
Bulgaria,Personal Devices and Computing,2020,0,False
Slovakia,Personal Devices and Computing,2023,0,False
Romania,Personal Devices and Computing,2017,0,True
Switzerland,Personal Devices and Computing,2016,1,True
Russia,Physical Sciences and Engineering,2018,5,True
World Intellectual Property Organization (WIPO),Physical Sciences and Engineering,2023,0,False
Peru,Physical Sciences and Engineering,2022,0,False
Ireland,Physical Sciences and Engineering,2023,0,False
Switzerland,Physical Sciences and Engineering,2017,0,True
Spain,Physical Sciences and Engineering,2016,5,True
Spain,Physical Sciences and Engineering,2020,3,False
Poland,Physical Sciences and Engineering,2016,1,True
Poland,Physical Sciences and Engineering,2018,0,True
Poland,Security,2022,1,False
Philippines,Security,2020,0,False
Peru,Security,2023,0,False
Uruguay,Security,2017,0,True
Croatia,Security,2015,0,True
Turkey,Security,2016,0,True
Serbia,Telecommunications,2020,0,False
Italy,Telecommunications,2020,5,False
Israel,Telecommunications,2018,4,True
South Africa,Telecommunications,2016,0,True
Malaysia,Telecommunications,2019,5,False
Belgium,Telecommunications,2016,0,True
Canada,Telecommunications,2018,91,True
Uruguay,Telecommunications,2017,0,True
United States,Telecommunications,2022,871,False
Bulgaria,Transportation,2023,0,False
India,Transportation,2018,11,True
China (mainland),Transportation,2021,4170,False
Belgium,Transportation,2018,1,True
Israel,Transportation,2017,5,True
United Kingdom,Agriculture,2020,12,False
Philippines,Agriculture,2015,0,True
Argentina,Agriculture,2020,3,False
New Zealand,Agriculture,2015,0,True
Peru,Agriculture,2016,0,True
Spain,Agriculture,2015,1,True
Spain,Agriculture,2020,6,False
Germany,Agriculture,2021,7,False
Taiwan,Agriculture,2021,3,False
World Intellectual Property Organization (WIPO),All,2018,39,True
Ukraine,All,2022,1,False
India,All,2016,111,True
International Bureau of WIPO,All,2017,12,True
Sri Lanka,All,2016,1,True
Malaysia,All,2016,11,True
South Africa,All,2021,22,False
Lithuania,All,2016,3,True
Japan,All,2020,3271,False
Germany,All,2015,98,True
Czechia,All,2022,2,False
Chile,All,2018,1,True
United States,All,2024,8,False
Israel,All,2016,3,True
Israel,All,2021,6,False
Denmark,Banking and Finance,2021,0,False
Austria,Banking and Finance,2018,0,True
Sweden,Banking and Finance,2020,0,False
Singapore,Banking and Finance,2018,16,True
South Africa,Banking and Finance,2024,0,False
International Bureau of WIPO,Banking and Finance,2018,0,True
Brazil,Banking and Finance,2021,4,False
Norway,Banking and Finance,2023,0,False
Peru,Business,2015,0,True
Croatia,Business,2018,0,True
World Intellectual Property Organization (WIPO),Business,2016,1,True
World Intellectual Property Organization (WIPO),Business,2017,3,True
New Zealand,Business,2015,2,True
Indonesia,Business,2016,1,True
Sri Lanka,Business,2016,0,True
United Kingdom,Business,2018,34,True
Mexico,Business,2017,6,True
Canada,Business,2022,4,False
Malaysia,Business,2018,3,True
Colombia,Energy Management,2019,0,False
New Zealand,Energy Management,2017,1,True
New Zealand,Energy Management,2022,0,False
European Patent Organization,Energy Management,2021,22,False
Portugal,Energy Management,2016,0,True
United Kingdom,Energy Management,2015,4,True
Luxembourg,Energy Management,2017,0,True
Argentina,Industry and Manufacturing,2020,0,False
United Kingdom,Industry and Manufacturing,2023,3,False
Taiwan,Industry and Manufacturing,2016,8,True
Taiwan,Industry and Manufacturing,2017,11,True
Ukraine,Industry and Manufacturing,2017,0,True
Czechia,Industry and Manufacturing,2023,1,False
Canada,Life Sciences,2018,169,True
Malaysia,Life Sciences,2022,0,False
Luxembourg,Life Sciences,2021,3,False
European Patent Organization,Life Sciences,2023,2,False
Slovakia,Life Sciences,2021,0,False
South Africa,Life Sciences,2016,0,True
France,Life Sciences,2016,11,True
Bulgaria,Life Sciences,2022,0,False
Peru,Life Sciences,2016,0,True
India,Life Sciences,2021,1,False
Brazil,Life Sciences,2019,40,False
Austria,Personal Devices and Computing,2018,3,True
Italy,Personal Devices and Computing,2017,5,True
World Intellectual Property Organization (WIPO),Personal Devices and Computing,2018,20,True
Romania,Personal Devices and Computing,2021,0,False
New Zealand,Personal Devices and Computing,2018,6,True
Mexico,Physical Sciences and Engineering,2021,8,False
Netherlands,Physical Sciences and Engineering,2017,0,True
Eurasian Patent Organization,Physical Sciences and Engineering,2016,0,True
New Zealand,Physical Sciences and Engineering,2017,1,True
Portugal,Physical Sciences and Engineering,2017,0,True
Philippines,Physical Sciences and Engineering,2017,0,True
Poland,Security,2020,1,False
Switzerland,Security,2021,0,False
United Kingdom,Security,2023,0,False
South Korea,Security,2023,20,False
Israel,Security,2021,2,False
Bulgaria,Security,2015,0,True
Bulgaria,Security,2021,0,False
International Bureau of WIPO,Telecommunications,2017,2,True
Denmark,Telecommunications,2018,9,True
Hungary,Telecommunications,2018,1,True
Peru,Telecommunications,2018,0,True
Japan,Telecommunications,2022,117,False
South Korea,Telecommunications,2021,884,False
Taiwan,Telecommunications,2024,0,False
Spain,Telecommunications,2016,11,True
Turkey,Telecommunications,2021,1,False
Mexico,Telecommunications,2021,10,False
Belgium,Telecommunications,2017,0,True
Russia,Telecommunications,2016,28,True
Singapore,Transportation,2020,4,False
Austria,Transportation,2016,3,True
Mexico,Transportation,2015,12,True
United Kingdom,Transportation,2019,32,False
Turkey,Transportation,2018,0,True
Hungary,Transportation,2017,0,True
Hungary,Transportation,2018,0,True
Denmark,Transportation,2018,7,True
Japan,Transportation,2020,229,False
Czechia,Transportation,2022,1,False
Croatia,Agriculture,2019,0,False
United Kingdom,Agriculture,2018,5,True
Greece,Agriculture,2021,1,False
Bulgaria,Agriculture,2018,0,True
World Intellectual Property Organization (WIPO),Agriculture,2020,1,False
South Korea,Agriculture,2018,49,True
European Patent Organization,Agriculture,2022,1,False
Ireland,Agriculture,2023,0,False
World Intellectual Property Organization (WIPO),All,2019,125,False
Romania,All,2019,1,False
Peru,All,2021,1,False
Morocco,All,2017,2,True
Portugal,All,2020,8,False
Serbia,All,2020,1,False
United States,Banking and Finance,2023,18,False
Chile,Banking and Finance,2015,0,True
Taiwan,Banking and Finance,2023,0,False
Spain,Banking and Finance,2021,1,False
Turkey,Banking and Finance,2019,0,False
Romania,Banking and Finance,2015,0,True
Israel,Banking and Finance,2022,0,False
Sri Lanka,Banking and Finance,2016,0,True
Saudi Arabia,Business,2021,0,False
Peru,Business,2018,0,True
Netherlands,Business,2018,0,True
Singapore,Business,2021,1,False
Bulgaria,Business,2017,0,True
Malaysia,Business,2020,4,False
Lithuania,Business,2016,0,True
India,Energy Management,2017,1,True
Russia,Energy Management,2017,0,True
South Africa,Energy Management,2022,0,False
Estonia,Energy Management,2022,0,False
United Kingdom,Energy Management,2021,5,False
Bulgaria,Energy Management,2019,0,False
International Bureau of WIPO,Industry and Manufacturing,2016,0,True
Saudi Arabia,Industry and Manufacturing,2022,1,False
Sri Lanka,Industry and Manufacturing,2016,0,True
Indonesia,Industry and Manufacturing,2016,0,True
Morocco,Life Sciences,2016,0,True
Sweden,Life Sciences,2021,3,False
Luxembourg,Life Sciences,2016,0,True
Mexico,Life Sciences,2020,19,False
Serbia,Life Sciences,2015,0,True
South Africa,Life Sciences,2020,0,False
France,Life Sciences,2015,7,True
New Zealand,Life Sciences,2021,0,False
Italy,Life Sciences,2020,7,False
Spain,Life Sciences,2022,11,False
Brazil,Life Sciences,2015,10,True
Czechia,Life Sciences,2022,0,False
Denmark,Life Sciences,2018,9,True
Lithuania,Life Sciences,2022,0,False
Austria,Life Sciences,2022,0,False
Austria,Personal Devices and Computing,2017,1,True
United Kingdom,Personal Devices and Computing,2021,64,False
France,Personal Devices and Computing,2018,68,True
Israel,Personal Devices and Computing,2017,9,True
Croatia,Personal Devices and Computing,2018,0,True
Italy,Personal Devices and Computing,2016,1,True
Poland,Personal Devices and Computing,2015,4,True
Brazil,Personal Devices and Computing,2015,19,True
Belgium,Personal Devices and Computing,2018,3,True
Denmark,Physical Sciences and Engineering,2016,1,True
Brazil,Physical Sciences and Engineering,2015,5,True
European Patent Organization,Physical Sciences and Engineering,2016,1,True
United Kingdom,Physical Sciences and Engineering,2024,0,False
Malaysia,Physical Sciences and Engineering,2018,1,True
Morocco,Physical Sciences and Engineering,2022,0,False
United States,Physical Sciences and Engineering,2020,313,False
Philippines,Security,2019,1,False
Ukraine,Security,2018,0,True
Australia,Security,2023,0,False
Finland,Security,2017,1,True
Taiwan,Security,2015,0,True
Taiwan,Security,2018,11,True
Uruguay,Security,2020,0,False
United States,Security,2015,193,True
United States,Security,2024,2,False
Greece,Security,2015,0,True
Romania,Telecommunications,2021,0,False
Norway,Telecommunications,2018,3,True
Netherlands,Telecommunications,2022,6,False
Poland,Telecommunications,2021,1,False
Peru,Telecommunications,2023,0,False
Japan,Telecommunications,2017,291,True
United Kingdom,Telecommunications,2023,9,False
Malaysia,Telecommunications,2018,0,True
Morocco,Telecommunications,2021,0,False
Austria,Transportation,2015,0,True
Austria,Transportation,2018,4,True
Australia,Transportation,2016,18,True
Netherlands,Transportation,2022,2,False
New Zealand,Transportation,2020,1,False
Greece,Transportation,2016,0,True
Lithuania,Transportation,2015,0,True
International Bureau of WIPO,Agriculture,2018,0,True
Greece,Agriculture,2022,2,False
Sweden,Agriculture,2020,2,False
Iran,Agriculture,2018,0,True
Peru,Agriculture,2017,0,True
Belgium,Agriculture,2023,0,False
India,All,2015,68,True
Canada,All,2018,541,True
Spain,All,2020,75,False
Malaysia,All,2022,2,False
Greece,All,2022,12,False
New Zealand,All,2016,4,True
Norway,All,2016,2,True
Sweden,All,2020,19,False
Australia,Banking and Finance,2016,8,True
United States,Banking and Finance,2017,412,True
Philippines,Banking and Finance,2019,2,False
Denmark,Banking and Finance,2020,0,False
Belgium,Banking and Finance,2021,0,False
Belgium,Banking and Finance,2022,0,False
Germany,Banking and Finance,2018,18,True
Germany,Banking and Finance,2022,4,False
Bulgaria,Banking and Finance,2020,0,False
Lithuania,Banking and Finance,2017,1,True
Brazil,Business,2015,5,True
Poland,Business,2023,0,False
Norway,Business,2016,0,True
Slovakia,Business,2021,0,False
Belgium,Business,2023,1,False
Morocco,Business,2018,0,True
Spain,Business,2022,1,False
European Patent Organization,Business,2016,5,True
Germany,Business,2020,19,False
Ukraine,Business,2021,0,False
New Zealand,Business,2021,0,False
Bulgaria,Business,2020,0,False
France,Business,2020,11,False
France,Business,2022,2,False
Finland,Business,2023,0,False
Finland,Energy Management,2019,1,False
Singapore,Energy Management,2020,0,False
Japan,Energy Management,2016,40,True
Italy,Energy Management,2015,0,True
Greece,Energy Management,2022,0,False
Taiwan,Energy Management,2022,5,False
Serbia,Energy Management,2018,0,True
Finland,Industry and Manufacturing,2023,0,False
Bulgaria,Industry and Manufacturing,2022,0,False
Slovakia,Industry and Manufacturing,2021,0,False
Spain,Industry and Manufacturing,2015,5,True
Argentina,Industry and Manufacturing,2018,1,True
United Kingdom,Industry and Manufacturing,2022,7,False
Germany,Industry and Manufacturing,2020,76,False
United States,Industry and Manufacturing,2019,479,False
Ukraine,Industry and Manufacturing,2023,0,False
European Patent Organization,Industry and Manufacturing,2018,19,True
Peru,Industry and Manufacturing,2016,0,True
Netherlands,Life Sciences,2020,4,False
Russia,Life Sciences,2015,14,True
Belgium,Life Sciences,2022,2,False
Bulgaria,Life Sciences,2019,0,False
New Zealand,Life Sciences,2015,3,True
India,Life Sciences,2015,15,True
International Bureau of WIPO,Life Sciences,2015,2,True
Czechia,Life Sciences,2017,0,True
United Kingdom,Personal Devices and Computing,2019,149,False
Sweden,Personal Devices and Computing,2022,4,False
Sri Lanka,Personal Devices and Computing,2016,0,True
Belgium,Personal Devices and Computing,2019,0,False
Brazil,Physical Sciences and Engineering,2020,5,False
Russia,Physical Sciences and Engineering,2021,3,False
Belgium,Physical Sciences and Engineering,2017,0,True
Finland,Physical Sciences and Engineering,2023,0,False
Japan,Physical Sciences and Engineering,2021,91,False
Peru,Physical Sciences and Engineering,2023,0,False
Bulgaria,Physical Sciences and Engineering,2019,0,False
Morocco,Physical Sciences and Engineering,2015,0,True
Turkey,Physical Sciences and Engineering,2017,0,True
United States,Physical Sciences and Engineering,2024,0,False
Morocco,Security,2020,0,False
Saudi Arabia,Security,2022,0,False
Indonesia,Security,2016,0,True
Romania,Security,2017,0,True
San Marino,Security,2018,0,True
Austria,Security,2016,1,True
Switzerland,Telecommunications,2017,0,True
Italy,Telecommunications,2016,1,True
France,Telecommunications,2020,36,False
Lithuania,Telecommunications,2022,1,False
Taiwan,Telecommunications,2021,42,False
Taiwan,Telecommunications,2022,27,False
United Kingdom,Telecommunications,2022,35,False
Spain,Telecommunications,2020,11,False
Mexico,Telecommunications,2020,17,False
Finland,Transportation,2019,2,False
New Zealand,Transportation,2017,0,True
New Zealand,Transportation,2019,0,False
Israel,Transportation,2016,1,True
Poland,Agriculture,2021,1,False
Portugal,Agriculture,2021,0,False
Romania,Agriculture,2019,0,False
Netherlands,Agriculture,2017,0,True
Australia,Agriculture,2022,0,False
Japan,Agriculture,2024,0,False
Slovenia,Agriculture,2016,0,True
Slovenia,Agriculture,2018,1,True
Austria,Agriculture,2020,0,False
India,All,2019,8,False
Uruguay,All,2017,1,True
Turkey,All,2021,3,False
Chile,All,2015,2,True
China (mainland),All,2019,26932,False
Singapore,All,2018,145,True
Singapore,All,2019,111,False
World Intellectual Property Organization (WIPO),Banking and Finance,2022,1,False
United States,Banking and Finance,2021,316,False
Malaysia,Banking and Finance,2019,1,False
Russia,Banking and Finance,2017,7,True
Austria,Banking and Finance,2015,0,True
Sweden,Banking and Finance,2022,4,False
Switzerland,Banking and Finance,2020,0,False
Taiwan,Banking and Finance,2016,1,True
Taiwan,Banking and Finance,2020,6,False
Romania,Banking and Finance,2023,0,False
Peru,Banking and Finance,2016,0,True
Israel,Banking and Finance,2023,0,False
Poland,Business,2021,2,False
Japan,Business,2015,57,True
Japan,Business,2024,0,False
Hungary,Business,2020,2,False
World Intellectual Property Organization (WIPO),Business,2019,10,False
Germany,Business,2019,21,False
Singapore,Business,2018,16,True
Singapore,Business,2020,8,False
Bulgaria,Business,2022,0,False
Estonia,Business,2022,0,False
Romania,Business,2021,0,False
Singapore,Energy Management,2016,1,True
Netherlands,Energy Management,2022,4,False
Japan,Energy Management,2023,5,False
Argentina,Energy Management,2017,1,True
South Africa,Energy Management,2020,0,False
Austria,Energy Management,2018,1,True
Austria,Energy Management,2023,1,False
Morocco,Energy Management,2021,1,False
Saudi Arabia,Energy Management,2022,0,False
Portugal,Industry and Manufacturing,2015,0,True
Portugal,Industry and Manufacturing,2021,1,False
Netherlands,Industry and Manufacturing,2022,3,False
Italy,Industry and Manufacturing,2018,3,True
Germany,Industry and Manufacturing,2017,37,True
Norway,Industry and Manufacturing,2017,0,True
Canada,Industry and Manufacturing,2019,39,False
Malaysia,Industry and Manufacturing,2015,1,True
Israel,Life Sciences,2015,2,True
Luxembourg,Life Sciences,2022,7,False
Russia,Life Sciences,2016,30,True
Taiwan,Life Sciences,2015,10,True
Switzerland,Life Sciences,2020,0,False
Norway,Life Sciences,2020,1,False
Germany,Life Sciences,2022,48,False
Denmark,Life Sciences,2017,12,True
Austria,Personal Devices and Computing,2021,5,False
Israel,Personal Devices and Computing,2015,7,True
Morocco,Personal Devices and Computing,2018,1,True
Bulgaria,Personal Devices and Computing,2019,0,False
Poland,Personal Devices and Computing,2017,11,True
Singapore,Personal Devices and Computing,2017,39,True
Australia,Personal Devices and Computing,2022,17,False
Portugal,Personal Devices and Computing,2017,3,True
New Zealand,Personal Devices and Computing,2022,0,False
Mexico,Physical Sciences and Engineering,2022,0,False
Belgium,Physical Sciences and Engineering,2022,3,False
Hungary,Physical Sciences and Engineering,2020,0,False
European Patent Organization,Physical Sciences and Engineering,2023,1,False
Finland,Physical Sciences and Engineering,2020,1,False
Peru,Physical Sciences and Engineering,2016,1,True
Canada,Physical Sciences and Engineering,2018,52,True
Latvia,Physical Sciences and Engineering,2020,0,False
Spain,Physical Sciences and Engineering,2018,5,True
South Korea,Physical Sciences and Engineering,2015,9,True
Bulgaria,Physical Sciences and Engineering,2017,0,True
Taiwan,Physical Sciences and Engineering,2024,0,False
Switzerland,Security,2016,1,True
South Africa,Security,2024,0,False
United States,Security,2017,586,True
United States,Security,2020,933,False
Austria,Security,2023,0,False
Czechia,Security,2020,0,False
Czechia,Telecommunications,2022,0,False
Slovakia,Telecommunications,2023,0,False
South Korea,Telecommunications,2015,58,True
United Kingdom,Telecommunications,2015,18,True
Slovenia,Telecommunications,2015,0,True
New Zealand,Telecommunications,2017,4,True
New Zealand,Telecommunications,2020,1,False
New Zealand,Transportation,2016,1,True
Luxembourg,Transportation,2021,0,False
Portugal,Transportation,2015,1,True
Turkey,Agriculture,2018,0,True
Portugal,Agriculture,2016,0,True
Norway,Agriculture,2022,0,False
Norway,Agriculture,2023,0,False
Russia,Agriculture,2017,5,True
Italy,Agriculture,2017,1,True
Luxembourg,Agriculture,2016,0,True
United States,Agriculture,2020,144,False
European Patent Organization,Agriculture,2017,9,True
European Patent Organization,Agriculture,2020,3,False
Canada,Agriculture,2019,21,False
Morocco,Agriculture,2016,0,True
Ukraine,All,2016,4,True
Bulgaria,All,2017,2,True
Bulgaria,All,2022,2,False
Malaysia,All,2017,27,True
South Africa,All,2020,3,False
Denmark,All,2015,21,True
Portugal,All,2021,3,False
China (mainland),All,2017,8564,True
Israel,All,2019,10,False
Israel,All,2023,2,False
Hungary,Banking and Finance,2017,0,True
United States,Banking and Finance,2020,637,False
Italy,Banking and Finance,2015,0,True
Slovenia,Banking and Finance,2015,1,True
Ukraine,Banking and Finance,2019,0,False
United Kingdom,Banking and Finance,2024,1,False
Norway,Banking and Finance,2021,0,False
South Africa,Business,2024,0,False
Sweden,Business,2020,2,False
Philippines,Business,2017,1,True
Italy,Business,2016,1,True
Argentina,Business,2022,0,False
Slovenia,Business,2022,0,False
Lithuania,Energy Management,2020,1,False
Belgium,Energy Management,2016,1,True
Poland,Energy Management,2016,0,True
Malaysia,Energy Management,2016,0,True
Malaysia,Energy Management,2017,1,True
Japan,Energy Management,2020,98,False
China (mainland),Energy Management,2019,1066,False
Mexico,Energy Management,2016,2,True
Romania,Energy Management,2023,0,False
Norway,Energy Management,2020,0,False
Greece,Energy Management,2016,0,True
Jordan,Energy Management,2021,0,False
United States,Industry and Manufacturing,2021,228,False
Ukraine,Industry and Manufacturing,2021,0,False
Hungary,Industry and Manufacturing,2016,3,True
China (mainland),Industry and Manufacturing,2022,3539,False
Austria,Industry and Manufacturing,2019,0,False
Canada,Industry and Manufacturing,2020,41,False
Morocco,Life Sciences,2017,0,True
Bulgaria,Life Sciences,2023,0,False
Argentina,Life Sciences,2019,1,False
South Korea,Personal Devices and Computing,2019,1735,False
Russia,Personal Devices and Computing,2021,13,False
Netherlands,Personal Devices and Computing,2017,1,True
Taiwan,Personal Devices and Computing,2021,95,False
Romania,Personal Devices and Computing,2023,0,False
Switzerland,Personal Devices and Computing,2020,1,False
Kenya,Physical Sciences and Engineering,2016,0,True
Brazil,Physical Sciences and Engineering,2018,14,True
Netherlands,Physical Sciences and Engineering,2015,0,True
Israel,Physical Sciences and Engineering,2018,0,True
European Patent Organization,Physical Sciences and Engineering,2018,14,True
Malaysia,Physical Sciences and Engineering,2016,0,True
Austria,Physical Sciences and Engineering,2023,0,False
New Zealand,Physical Sciences and Engineering,2021,1,False
Lithuania,Physical Sciences and Engineering,2017,0,True
United States,Physical Sciences and Engineering,2017,209,True
Slovakia,Security,2023,0,False
Brazil,Security,2021,3,False
Taiwan,Security,2022,5,False
South Korea,Security,2019,339,False
China (mainland),Security,2017,202,True
Israel,Security,2023,0,False
Denmark,Security,2018,2,True
Greece,Security,2023,1,False
Argentina,Security,2018,0,True
Czechia,Security,2023,0,False
Japan,Security,2019,97,False
Serbia,Telecommunications,2017,0,True
Czechia,Telecommunications,2017,0,True
Norway,Telecommunications,2022,1,False
Slovakia,Telecommunications,2021,0,False
Netherlands,Telecommunications,2015,1,True
World Intellectual Property Organization (WIPO),Telecommunications,2016,2,True
Japan,Telecommunications,2019,439,False
South Korea,Telecommunications,2018,630,True
Taiwan,Telecommunications,2017,14,True
New Zealand,Telecommunications,2019,3,False
United States,Telecommunications,2018,2827,True
United States,Telecommunications,2020,3137,False
Ukraine,Telecommunications,2017,0,True
Poland,Transportation,2020,2,False
Australia,Transportation,2015,13,True
Australia,Transportation,2021,38,False
Australia,Transportation,2023,0,False
Spain,Transportation,2020,4,False
Netherlands,Transportation,2016,1,True
Colombia,Transportation,2019,0,False
New Zealand,Transportation,2022,0,False
Slovenia,Transportation,2016,0,True
Lithuania,Transportation,2019,1,False
Canada,Transportation,2021,15,False
Poland,Agriculture,2018,2,True
International Bureau of WIPO,Agriculture,2015,0,True
Malaysia,Agriculture,2021,1,False
South Africa,Agriculture,2016,1,True
Romania,Agriculture,2018,0,True
Netherlands,Agriculture,2024,0,False
Ireland,Agriculture,2022,0,False
Spain,Agriculture,2019,4,False
Switzerland,Agriculture,2018,0,True
Canada,Agriculture,2017,15,True
Israel,Agriculture,2021,0,False
Russia,All,2017,174,True
Morocco,All,2020,2,False
Portugal,All,2022,2,False
Taiwan,All,2017,154,True
Taiwan,All,2021,535,False
Serbia,All,2018,2,True
Hungary,Banking and Finance,2015,0,True
Denmark,Banking and Finance,2016,0,True
Denmark,Banking and Finance,2017,2,True
Greece,Banking and Finance,2022,0,False
Austria,Banking and Finance,2016,0,True
Austria,Banking and Finance,2020,1,False
European Patent Organization,Banking and Finance,2019,19,False
European Patent Organization,Banking and Finance,2020,6,False
Singapore,Banking and Finance,2015,3,True
Bulgaria,Banking and Finance,2018,0,True
Colombia,Banking and Finance,2019,0,False
Slovakia,Banking and Finance,2023,0,False
Argentina,Banking and Finance,2022,0,False
South Africa,Business,2016,2,True
Czechia,Business,2019,0,False
Japan,Business,2016,96,True
Hungary,Business,2021,0,False
International Bureau of WIPO,Business,2017,2,True
Greece,Business,2015,0,True
Greece,Business,2020,0,False
Peru,Business,2021,0,False
Netherlands,Business,2024,2,False
International Bureau of WIPO,Energy Management,2015,0,True
World Intellectual Property Organization (WIPO),Energy Management,2017,0,True
Belgium,Energy Management,2021,0,False
Ireland,Energy Management,2022,0,False
Netherlands,Energy Management,2020,0,False
European Patent Organization,Energy Management,2015,3,True
Italy,Energy Management,2019,5,False
Hungary,Energy Management,2021,1,False
Romania,Industry and Manufacturing,2019,0,False
Spain,Industry and Manufacturing,2017,4,True
Japan,Industry and Manufacturing,2018,252,True
New Zealand,Industry and Manufacturing,2017,2,True
Kenya,Industry and Manufacturing,2016,0,True
Eurasian Patent Organization,Industry and Manufacturing,2018,0,True
Morocco,Industry and Manufacturing,2021,1,False
South Korea,Industry and Manufacturing,2023,45,False
Netherlands,Life Sciences,2018,3,True
Netherlands,Life Sciences,2019,8,False
Israel,Life Sciences,2017,1,True
South Korea,Life Sciences,2024,1,False
Brazil,Life Sciences,2017,25,True
Brazil,Life Sciences,2018,36,True
Lithuania,Life Sciences,2016,0,True
Austria,Life Sciences,2018,2,True
Peru,Personal Devices and Computing,2022,1,False
Taiwan,Personal Devices and Computing,2023,14,False
Philippines,Personal Devices and Computing,2019,5,False
United States,Personal Devices and Computing,2015,1617,True
United States,Personal Devices and Computing,2016,2722,True
Spain,Personal Devices and Computing,2016,23,True
Singapore,Personal Devices and Computing,2015,12,True
Singapore,Personal Devices and Computing,2018,69,True
Hungary,Personal Devices and Computing,2018,1,True
Hungary,Physical Sciences and Engineering,2021,0,False
Japan,Physical Sciences and Engineering,2020,132,False
Sweden,Physical Sciences and Engineering,2022,3,False
Australia,Physical Sciences and Engineering,2020,38,False
Germany,Physical Sciences and Engineering,2017,13,True
Lithuania,Physical Sciences and Engineering,2015,0,True
Taiwan,Physical Sciences and Engineering,2021,4,False
Turkey,Physical Sciences and Engineering,2015,0,True
Poland,Security,2016,0,True
Luxembourg,Security,2018,0,True
Mexico,Security,2018,3,True
Philippines,Security,2015,0,True
Brazil,Security,2020,1,False
Israel,Security,2019,3,False
Malaysia,Security,2022,0,False
European Patent Organization,Telecommunications,2016,18,True
European Patent Organization,Telecommunications,2021,145,False
Netherlands,Telecommunications,2018,1,True
Lithuania,Telecommunications,2018,1,True
World Intellectual Property Organization (WIPO),Telecommunications,2018,11,True
World Intellectual Property Organization (WIPO),Telecommunications,2020,30,False
Spain,Telecommunications,2018,25,True
Spain,Telecommunications,2023,1,False
Mexico,Telecommunications,2016,8,True
Mexico,Telecommunications,2022,0,False
Germany,Telecommunications,2017,60,True
China (mainland),Telecommunications,2019,2454,False
Ireland,Telecommunications,2018,0,True
Singapore,Transportation,2018,13,True
Italy,Transportation,2019,8,False
Serbia,Transportation,2015,0,True
France,Transportation,2020,33,False
Spain,Transportation,2022,0,False
Norway,Transportation,2021,0,False
Israel,Transportation,2020,0,False
China (mainland),Agriculture,2018,141,True
Russia,Agriculture,2020,4,False
Netherlands,Agriculture,2022,2,False
Brazil,All,2022,1,False
European Patent Organization,All,2021,588,False
Malaysia,All,2018,22,True
Switzerland,All,2016,4,True
Japan,All,2018,3051,True
Austria,All,2023,1,False
Germany,All,2016,194,True
Taiwan,All,2016,89,True
Morocco,Banking and Finance,2017,0,True
China (mainland),Banking and Finance,2020,794,False
Philippines,Banking and Finance,2020,2,False
Switzerland,Banking and Finance,2018,0,True
Belgium,Banking and Finance,2023,0,False
Turkey,Banking and Finance,2015,0,True
France,Banking and Finance,2018,11,True
Romania,Banking and Finance,2016,0,True
United Kingdom,Banking and Finance,2019,12,False
International Bureau of WIPO,Banking and Finance,2015,0,True
Luxembourg,Banking and Finance,2019,0,False
Norway,Business,2017,0,True
Italy,Business,2023,0,False
Latvia,Business,2020,0,False
Turkey,Business,2019,0,False
Netherlands,Business,2021,4,False
Ukraine,Business,2018,0,True
United Kingdom,Business,2020,12,False
United Kingdom,Business,2023,0,False
Romania,Business,2016,0,True
Australia,Business,2021,110,False
Denmark,Energy Management,2021,0,False
Turkey,Energy Management,2015,0,True
Philippines,Energy Management,2015,0,True
Australia,Energy Management,2020,26,False
Germany,Energy Management,2021,19,False
Sweden,Energy Management,2017,0,True
Bulgaria,Energy Management,2015,0,True
Portugal,Industry and Manufacturing,2019,1,False
Ireland,Industry and Manufacturing,2023,0,False
Taiwan,Industry and Manufacturing,2023,4,False
European Patent Organization,Industry and Manufacturing,2023,0,False
Norway,Industry and Manufacturing,2018,1,True
Morocco,Life Sciences,2015,1,True
Canada,Life Sciences,2017,122,True
United Kingdom,Life Sciences,2020,36,False
China (mainland),Life Sciences,2023,2155,False
Turkey,Life Sciences,2017,1,True
South Africa,Life Sciences,2021,0,False
Ukraine,Life Sciences,2017,0,True
South Korea,Life Sciences,2018,509,True
Slovenia,Life Sciences,2022,0,False
India,Life Sciences,2016,19,True
Romania,Life Sciences,2023,0,False
Estonia,Life Sciences,2022,0,False
World Intellectual Property Organization (WIPO),Life Sciences,2022,5,False
Latvia,Life Sciences,2020,0,False
United Kingdom,Personal Devices and Computing,2015,29,True
Peru,Personal Devices and Computing,2019,1,False
Sweden,Personal Devices and Computing,2021,7,False
United States,Personal Devices and Computing,2017,4593,True
Saudi Arabia,Personal Devices and Computing,2022,0,False
India,Personal Devices and Computing,2016,70,True
Poland,Personal Devices and Computing,2022,2,False
Hungary,Personal Devices and Computing,2020,1,False
Portugal,Personal Devices and Computing,2015,1,True
Belgium,Personal Devices and Computing,2023,1,False
Uruguay,Personal Devices and Computing,2017,0,True
Ukraine,Physical Sciences and Engineering,2018,1,True
Israel,Physical Sciences and Engineering,2021,0,False
Ireland,Physical Sciences and Engineering,2016,0,True
Singapore,Physical Sciences and Engineering,2020,0,False
South Korea,Physical Sciences and Engineering,2018,145,True
Philippines,Physical Sciences and Engineering,2015,0,True
Poland,Security,2023,0,False
Slovenia,Security,2016,0,True
Serbia,Security,2018,0,True
France,Security,2021,9,False
Taiwan,Security,2017,1,True
Denmark,Security,2016,1,True
Eurasian Patent Organization,Security,2018,0,True
Netherlands,Security,2015,1,True
Japan,Security,2018,95,True
European Patent Organization,Telecommunications,2017,44,True
Croatia,Telecommunications,2018,1,True
Italy,Telecommunications,2017,4,True
Greece,Telecommunications,2016,0,True
Greece,Telecommunications,2022,1,False
Brazil,Telecommunications,2019,38,False
Taiwan,Telecommunications,2020,56,False
Germany,Telecommunications,2015,17,True
Ukraine,Transportation,2016,0,True
India,Transportation,2015,2,True
Switzerland,Transportation,2021,0,False
China (mainland),Transportation,2020,3263,False
Malaysia,Transportation,2016,2,True
Israel,Transportation,2023,1,False
Hungary,Transportation,2015,2,True
Japan,Transportation,2023,3,False
Japan,Transportation,2024,0,False
Germany,Transportation,2018,164,True
Taiwan,Transportation,2019,7,False
San Marino,Agriculture,2018,1,True
Norway,Agriculture,2020,1,False
Netherlands,Agriculture,2023,0,False
Australia,Agriculture,2021,56,False
Peru,Agriculture,2018,0,True
Switzerland,Agriculture,2016,0,True
Colombia,All,2019,1,False
Brazil,All,2017,72,True
Spain,All,2016,61,True
South Africa,All,2017,3,True
Russia,All,2020,177,False
Austria,All,2020,11,False
France,All,2021,171,False
China (mainland),All,2022,40495,False
Hungary,Banking and Finance,2019,0,False
China (mainland),Banking and Finance,2016,61,True
Portugal,Banking and Finance,2015,0,True
Japan,Banking and Finance,2024,0,False
Poland,Banking and Finance,2016,0,True
Kenya,Banking and Finance,2016,0,True
Japan,Business,2020,198,False
Denmark,Business,2020,3,False
European Patent Organization,Business,2021,33,False
United Kingdom,Business,2017,16,True
Russia,Business,2021,1,False
Lithuania,Business,2018,0,True
International Bureau of WIPO,Energy Management,2017,0,True
Peru,Energy Management,2017,0,True
Finland,Energy Management,2023,0,False
Latvia,Energy Management,2020,0,False
Poland,Energy Management,2017,0,True
Netherlands,Energy Management,2018,0,True
South Korea,Energy Management,2015,26,True
United States,Energy Management,2016,96,True
Norway,Energy Management,2022,2,False
Greece,Energy Management,2018,0,True
Bulgaria,Energy Management,2022,0,False
Portugal,Industry and Manufacturing,2020,0,False
Singapore,Industry and Manufacturing,2020,0,False
Poland,Industry and Manufacturing,2022,1,False
Australia,Industry and Manufacturing,2016,16,True
European Patent Organization,Industry and Manufacturing,2015,1,True
Sweden,Industry and Manufacturing,2020,4,False
Lithuania,Industry and Manufacturing,2017,1,True
World Intellectual Property Organization (WIPO),Industry and Manufacturing,2023,0,False
South Korea,Industry and Manufacturing,2016,51,True
South Korea,Industry and Manufacturing,2018,215,True
Israel,Life Sciences,2020,3,False
Malaysia,Life Sciences,2015,3,True
China (mainland),Life Sciences,2016,379,True
Bulgaria,Life Sciences,2020,0,False
Ireland,Life Sciences,2022,0,False
Spain,Life Sciences,2018,30,True
Poland,Life Sciences,2019,6,False
Peru,Life Sciences,2020,1,False
China (mainland),Personal Devices and Computing,2017,3781,True
China (mainland),Personal Devices and Computing,2019,12035,False
Netherlands,Personal Devices and Computing,2020,7,False
Ukraine,Personal Devices and Computing,2021,0,False
Ukraine,Personal Devices and Computing,2023,0,False
Eurasian Patent Organization,Personal Devices and Computing,2017,1,True
Philippines,Personal Devices and Computing,2016,1,True
India,Personal Devices and Computing,2020,1,False
Canada,Personal Devices and Computing,2022,7,False
New Zealand,Personal Devices and Computing,2021,0,False
France,Physical Sciences and Engineering,2016,3,True
Japan,Physical Sciences and Engineering,2024,0,False
Italy,Physical Sciences and Engineering,2016,1,True
Spain,Physical Sciences and Engineering,2015,1,True
Norway,Physical Sciences and Engineering,2017,0,True
Belgium,Security,2017,0,True
Morocco,Security,2017,0,True
Ukraine,Security,2016,0,True
Bulgaria,Security,2020,0,False
Italy,Security,2017,0,True
Austria,Telecommunications,2016,2,True
Hungary,Telecommunications,2017,3,True
World Intellectual Property Organization (WIPO),Telecommunications,2023,1,False
United Kingdom,Telecommunications,2021,34,False
Mexico,Telecommunications,2018,9,True
Slovenia,Telecommunications,2016,2,True
Philippines,Telecommunications,2019,1,False
Singapore,Telecommunications,2016,12,True
Singapore,Telecommunications,2020,5,False
Argentina,Telecommunications,2020,1,False
Saudi Arabia,Telecommunications,2021,0,False
Portugal,Telecommunications,2021,3,False
Peru,Transportation,2015,0,True
South Korea,Transportation,2019,466,False
Romania,Transportation,2018,0,True
Morocco,Transportation,2017,1,True
Taiwan,Transportation,2024,0,False
Slovakia,Transportation,2015,0,True
Sweden,Agriculture,2019,1,False
Sweden,Agriculture,2022,0,False
Luxembourg,Agriculture,2017,0,True
Japan,Agriculture,2020,28,False
Morocco,Agriculture,2015,0,True
Taiwan,Agriculture,2015,0,True
Austria,Agriculture,2018,0,True
Poland,All,2015,13,True
United Kingdom,All,2022,145,False
Brazil,All,2016,67,True
Romania,All,2017,1,True
Slovenia,All,2022,1,False
Denmark,All,2018,25,True
Australia,All,2022,64,False
Lithuania,All,2019,2,False
Japan,All,2019,3560,False
Portugal,All,2018,11,True
Croatia,Banking and Finance,2018,0,True
China (mainland),Banking and Finance,2023,339,False
Denmark,Banking and Finance,2018,1,True
Malaysia,Banking and Finance,2018,3,True
Eurasian Patent Organization,Banking and Finance,2017,0,True
India,Banking and Finance,2018,4,True
Taiwan,Banking and Finance,2021,2,False
South Africa,Banking and Finance,2022,0,False
Lithuania,Banking and Finance,2015,1,True
Peru,Banking and Finance,2015,0,True
Czechia,Banking and Finance,2017,0,True
Japan,Business,2018,227,True
South Korea,Business,2024,2,False
Ireland,Business,2022,0,False
Austria,Business,2023,0,False
Slovakia,Business,2015,0,True
Taiwan,Business,2015,3,True
Canada,Business,2016,59,True
Canada,Business,2017,40,True
Lithuania,Business,2020,0,False
United States,Business,2021,826,False
Uruguay,Energy Management,2020,0,False
South Korea,Energy Management,2020,307,False
European Patent Organization,Energy Management,2016,0,True
Argentina,Energy Management,2019,0,False
United States,Energy Management,2020,194,False
Israel,Energy Management,2015,0,True
Israel,Energy Management,2017,0,True
Taiwan,Energy Management,2019,4,False
Slovakia,Energy Management,2023,0,False
Australia,Industry and Manufacturing,2022,4,False
World Intellectual Property Organization (WIPO),Industry and Manufacturing,2016,1,True
Norway,Industry and Manufacturing,2021,1,False
Denmark,Industry and Manufacturing,2016,2,True
Netherlands,Life Sciences,2022,11,False
Morocco,Life Sciences,2020,0,False
Canada,Life Sciences,2019,189,False
Eurasian Patent Organization,Life Sciences,2017,2,True
China (mainland),Life Sciences,2021,3043,False
Taiwan,Life Sciences,2020,66,False
Singapore,Life Sciences,2018,41,True
Japan,Life Sciences,2020,513,False
Japan,Life Sciences,2024,0,False
India,Life Sciences,2020,0,False
Costa Rica,Life Sciences,2020,0,False
China (mainland),Personal Devices and Computing,2021,30444,False
Lithuania,Personal Devices and Computing,2018,3,True
Romania,Personal Devices and Computing,2019,0,False
Denmark,Personal Devices and Computing,2016,2,True
Denmark,Personal Devices and Computing,2020,6,False
New Zealand,Personal Devices and Computing,2020,3,False
Ukraine,Physical Sciences and Engineering,2016,0,True
Hungary,Physical Sciences and Engineering,2018,0,True
Australia,Physical Sciences and Engineering,2017,15,True
Argentina,Physical Sciences and Engineering,2022,2,False
Singapore,Physical Sciences and Engineering,2017,4,True
South Korea,Physical Sciences and Engineering,2016,35,True
Poland,Physical Sciences and Engineering,2015,0,True
Taiwan,Physical Sciences and Engineering,2017,2,True
Portugal,Physical Sciences and Engineering,2015,0,True
Philippines,Physical Sciences and Engineering,2019,1,False
European Patent Organization,Security,2016,7,True
Belgium,Security,2016,0,True
India,Security,2015,2,True
Denmark,Security,2020,2,False
Malaysia,Security,2017,0,True
Malaysia,Security,2018,3,True
World Intellectual Property Organization (WIPO),Telecommunications,2017,3,True
Chile,Telecommunications,2015,1,True
Spain,Telecommunications,2022,4,False
India,Telecommunications,2016,24,True
Portugal,Telecommunications,2017,3,True
Argentina,Transportation,2017,0,True
South Korea,Transportation,2018,255,True
Poland,Transportation,2022,0,False
Romania,Transportation,2016,0,True
Australia,Transportation,2017,26,True
Spain,Transportation,2018,21,True
Norway,Transportation,2022,2,False
Israel,Transportation,2019,3,False
Hungary,Transportation,2019,0,False
Japan,Transportation,2015,136,True
Argentina,Agriculture,2018,4,True
Singapore,Agriculture,2016,0,True
Singapore,Agriculture,2018,0,True
Ukraine,Agriculture,2017,0,True
Greece,Agriculture,2019,0,False
Australia,Agriculture,2019,21,False
United States,Agriculture,2023,6,False
European Patent Organization,Agriculture,2018,4,True
Hungary,Agriculture,2015,0,True
Latvia,Agriculture,2020,0,False
European Patent Organization,All,2019,591,False
Finland,All,2016,8,True
New Zealand,All,2015,11,True
New Zealand,All,2019,11,False
Austria,All,2015,2,True
Slovakia,All,2015,2,True
Czechia,All,2021,2,False
China (mainland),All,2016,4742,True
China (mainland),All,2021,51180,False
Argentina,All,2019,7,False
South Korea,All,2016,910,True
Netherlands,Banking and Finance,2020,1,False
World Intellectual Property Organization (WIPO),Banking and Finance,2016,0,True
Singapore,Banking and Finance,2016,5,True
Romania,Banking and Finance,2018,0,True
South Africa,Banking and Finance,2023,0,False
United Kingdom,Banking and Finance,2017,6,True
Finland,Banking and Finance,2016,0,True
Luxembourg,Banking and Finance,2018,0,True
Poland,Business,2019,3,False
Norway,Business,2019,2,False
International Bureau of WIPO,Business,2016,1,True
Peru,Business,2022,1,False
Austria,Business,2016,0,True
Singapore,Business,2019,17,False
Bulgaria,Business,2023,0,False
France,Business,2015,1,True
Poland,Energy Management,2020,3,False
Canada,Energy Management,2017,12,True
Switzerland,Energy Management,2016,1,True
Spain,Energy Management,2017,3,True
Israel,Energy Management,2022,0,False
Luxembourg,Energy Management,2020,0,False
Turkey,Industry and Manufacturing,2017,1,True
Philippines,Industry and Manufacturing,2016,0,True
Taiwan,Industry and Manufacturing,2018,19,True
European Patent Organization,Industry and Manufacturing,2019,58,False
China (mainland),Industry and Manufacturing,2018,661,True
France,Industry and Manufacturing,2020,12,False
Denmark,Industry and Manufacturing,2022,1,False
United Kingdom,Life Sciences,2016,17,True
Australia,Life Sciences,2021,274,False
Australia,Life Sciences,2023,2,False
Luxembourg,Life Sciences,2018,3,True
European Patent Organization,Life Sciences,2021,119,False
Turkey,Life Sciences,2015,0,True
Croatia,Life Sciences,2019,0,False
New Zealand,Life Sciences,2016,3,True
Peru,Life Sciences,2018,2,True
World Intellectual Property Organization (WIPO),Life Sciences,2021,14,False
Austria,Personal Devices and Computing,2022,1,False
Sweden,Personal Devices and Computing,2018,5,True
United States,Personal Devices and Computing,2018,6725,True
Poland,Personal Devices and Computing,2018,7,True
Switzerland,Personal Devices and Computing,2021,0,False
Australia,Personal Devices and Computing,2016,110,True
Belgium,Personal Devices and Computing,2017,0,True
Mexico,Physical Sciences and Engineering,2016,1,True
Brazil,Physical Sciences and Engineering,2022,0,False
Slovenia,Physical Sciences and Engineering,2016,0,True
International Bureau of WIPO,Physical Sciences and Engineering,2018,0,True
Ireland,Physical Sciences and Engineering,2022,0,False
Argentina,Physical Sciences and Engineering,2017,1,True
Czechia,Physical Sciences and Engineering,2017,0,True
Czechia,Physical Sciences and Engineering,2021,0,False
Lithuania,Physical Sciences and Engineering,2016,0,True
Luxembourg,Physical Sciences and Engineering,2016,0,True
Spain,Security,2022,2,False
Ireland,Security,2018,0,True
International Bureau of WIPO,Security,2017,0,True
United States,Security,2023,35,False
China (mainland),Security,2020,1345,False
European Patent Organization,Telecommunications,2018,87,True
Australia,Telecommunications,2023,2,False
Sweden,Telecommunications,2021,3,False
South Africa,Telecommunications,2017,0,True
Singapore,Telecommunications,2019,22,False
China (mainland),Telecommunications,2016,464,True
Saudi Arabia,Telecommunications,2022,0,False
Austria,Transportation,2022,1,False
Brazil,Transportation,2021,2,False
India,Transportation,2016,4,True
Netherlands,Transportation,2024,0,False
Turkey,Transportation,2015,1,True
European Patent Organization,Transportation,2016,14,True
Czechia,Transportation,2021,0,False
Lithuania,Transportation,2016,0,True
Croatia,Transportation,2018,0,True
Croatia,Agriculture,2015,0,True
Ukraine,Agriculture,2019,0,False
Australia,Agriculture,2023,0,False
Switzerland,Agriculture,2017,0,True
Germany,Agriculture,2017,3,True
Austria,Agriculture,2019,0,False
Estonia,All,2022,1,False
Latvia,All,2020,1,False
New Zealand,All,2018,13,True
New Zealand,All,2020,6,False
Taiwan,All,2018,311,True
Serbia,All,2015,1,True
Greece,Banking and Finance,2015,0,True
Belgium,Banking and Finance,2017,0,True
India,Banking and Finance,2017,11,True
India,Banking and Finance,2021,0,False
Mexico,Banking and Finance,2015,1,True
South Korea,Banking and Finance,2017,54,True
Spain,Banking and Finance,2017,2,True
France,Banking and Finance,2016,3,True
New Zealand,Banking and Finance,2018,0,True
New Zealand,Banking and Finance,2019,0,False
Czechia,Banking and Finance,2021,0,False
Norway,Banking and Finance,2018,1,True
Poland,Banking and Finance,2017,1,True
Poland,Banking and Finance,2020,2,False
South Korea,Business,2015,20,True
Israel,Business,2021,1,False
India,Business,2016,24,True
Romania,Business,2019,0,False
Belgium,Energy Management,2023,0,False
Malaysia,Energy Management,2015,0,True
New Zealand,Energy Management,2015,1,True
United Kingdom,Energy Management,2018,8,True
Romania,Industry and Manufacturing,2023,0,False
Italy,Industry and Manufacturing,2022,0,False
Ireland,Industry and Manufacturing,2016,0,True
Cuba,Industry and Manufacturing,2020,1,False
South Africa,Industry and Manufacturing,2021,0,False
Costa Rica,Industry and Manufacturing,2020,1,False
United States,Life Sciences,2017,1049,True
Taiwan,Life Sciences,2018,44,True
Japan,Life Sciences,2019,630,False
India,Life Sciences,2018,21,True
Finland,Life Sciences,2021,1,False
Germany,Life Sciences,2017,30,True
Denmark,Life Sciences,2015,10,True
Greece,Personal Devices and Computing,2021,2,False
Cuba,Personal Devices and Computing,2020,0,False
France,Personal Devices and Computing,2019,74,False
Taiwan,Personal Devices and Computing,2017,63,True
Czechia,Personal Devices and Computing,2017,0,True
Italy,Personal Devices and Computing,2015,2,True
Portugal,Personal Devices and Computing,2022,0,False
Belgium,Personal Devices and Computing,2020,1,False
European Patent Organization,Personal Devices and Computing,2018,202,True
New Zealand,Personal Devices and Computing,2016,0,True
New Zealand,Personal Devices and Computing,2019,3,False
Slovenia,Physical Sciences and Engineering,2022,0,False
Israel,Physical Sciences and Engineering,2016,0,True
France,Physical Sciences and Engineering,2015,3,True
Greece,Physical Sciences and Engineering,2018,0,True
Greece,Physical Sciences and Engineering,2022,0,False
Spain,Physical Sciences and Engineering,2023,0,False
Turkey,Physical Sciences and Engineering,2018,0,True
Spain,Security,2017,1,True
International Bureau of WIPO,Security,2016,0,True
Portugal,Security,2017,0,True
Israel,Security,2018,0,True
Israel,Security,2020,9,False
Germany,Security,2020,20,False
Romania,Telecommunications,2023,0,False
Norway,Telecommunications,2019,1,False
Finland,Telecommunications,2020,19,False
Lithuania,Telecommunications,2020,1,False
Poland,Telecommunications,2016,2,True
Poland,Telecommunications,2019,13,False
Luxembourg,Telecommunications,2018,1,True
Malaysia,Telecommunications,2016,4,True
Malaysia,Telecommunications,2022,0,False
India,Telecommunications,2017,39,True
India,Telecommunications,2019,1,False
Belgium,Telecommunications,2020,0,False
Morocco,Telecommunications,2020,1,False
Germany,Telecommunications,2021,45,False
Russia,Telecommunications,2020,23,False
Italy,Transportation,2020,4,False
Sweden,Transportation,2020,1,False
Russia,Transportation,2016,15,True
Estonia,Transportation,2022,0,False
United Kingdom,Transportation,2020,22,False
China (mainland),Transportation,2018,866,True
United States,Transportation,2016,713,True
Lithuania,Transportation,2018,0,True
United Kingdom,Agriculture,2016,2,True
Czechia,Agriculture,2022,0,False
Portugal,Agriculture,2018,1,True
Malaysia,Agriculture,2022,0,False
Norway,Agriculture,2021,1,False
Russia,Agriculture,2016,0,True
Eurasian Patent Organization,Agriculture,2017,0,True
Australia,Agriculture,2020,40,False
Peru,Agriculture,2021,0,False
Peru,Agriculture,2023,0,False
United States,Agriculture,2019,124,False
Hungary,Agriculture,2022,0,False
Ireland,All,2022,1,False
International Bureau of WIPO,All,2015,3,True
Greece,All,2021,6,False
Australia,All,2015,108,True
New Zealand,All,2021,3,False
Japan,All,2016,1188,True
Italy,All,2018,19,True
Hungary,All,2022,6,False
Taiwan,All,2023,121,False
World Intellectual Property Organization (WIPO),Banking and Finance,2023,0,False
Croatia,Banking and Finance,2019,0,False
Italy,Banking and Finance,2017,0,True
Ukraine,Banking and Finance,2015,0,True
Ukraine,Banking and Finance,2017,0,True
Israel,Banking and Finance,2017,1,True
Serbia,Banking and Finance,2018,0,True
Slovakia,Banking and Finance,2021,0,False
Japan,Business,2021,163,False
Norway,Business,2021,0,False
Greece,Business,2023,0,False
Ukraine,Business,2022,0,False
United Kingdom,Business,2024,1,False
Chile,Energy Management,2018,0,True
Canada,Energy Management,2016,7,True
South Korea,Energy Management,2019,303,False
European Patent Organization,Energy Management,2023,1,False
Germany,Energy Management,2022,16,False
Mexico,Energy Management,2022,1,False
Slovenia,Energy Management,2022,0,False
Slovakia,Energy Management,2015,0,True
Romania,Industry and Manufacturing,2015,0,True
Philippines,Industry and Manufacturing,2017,0,True
Taiwan,Industry and Manufacturing,2021,19,False
United States,Industry and Manufacturing,2023,10,False
China (mainland),Industry and Manufacturing,2024,1066,False
Mexico,Industry and Manufacturing,2015,2,True
Luxembourg,Industry and Manufacturing,2022,4,False
Czechia,Industry and Manufacturing,2021,0,False
Netherlands,Life Sciences,2017,3,True
China (mainland),Life Sciences,2017,570,True
United States,Life Sciences,2020,1341,False
United States,Life Sciences,2024,1,False
Taiwan,Life Sciences,2017,23,True
Portugal,Life Sciences,2020,3,False
Hungary,Life Sciences,2021,1,False
Greece,Personal Devices and Computing,2016,2,True
Serbia,Personal Devices and Computing,2018,0,True
Czechia,Personal Devices and Computing,2020,1,False
Eurasian Patent Organization,Personal Devices and Computing,2018,4,True
Philippines,Personal Devices and Computing,2015,1,True
Morocco,Personal Devices and Computing,2020,1,False
World Intellectual Property Organization (WIPO),Personal Devices and Computing,2020,47,False
Poland,Personal Devices and Computing,2016,4,True
Brazil,Personal Devices and Computing,2021,14,False
Denmark,Personal Devices and Computing,2017,10,True
Portugal,Personal Devices and Computing,2021,2,False
Belgium,Personal Devices and Computing,2021,0,False
Netherlands,Physical Sciences and Engineering,2024,0,False
Belgium,Physical Sciences and Engineering,2018,1,True
World Intellectual Property Organization (WIPO),Physical Sciences and Engineering,2017,0,True
Finland,Physical Sciences and Engineering,2018,3,True
Canada,Physical Sciences and Engineering,2022,2,False
Austria,Physical Sciences and Engineering,2020,4,False
South Korea,Physical Sciences and Engineering,2024,0,False
Morocco,Physical Sciences and Engineering,2018,1,True
Morocco,Physical Sciences and Engineering,2019,1,False
Morocco,Physical Sciences and Engineering,2021,0,False
Mexico,Security,2021,2,False
Singapore,Security,2020,4,False
World Intellectual Property Organization (WIPO),Security,2017,0,True
World Intellectual Property Organization (WIPO),Security,2018,1,True
Ireland,Security,2022,0,False
Taiwan,Security,2023,0,False
Austria,Security,2020,0,False
Turkey,Security,2015,0,True
European Patent Organization,Telecommunications,2020,130,False
Czechia,Telecommunications,2018,0,True
Austria,Telecommunications,2020,0,False
Norway,Telecommunications,2021,2,False
Australia,Telecommunications,2016,53,True
France,Telecommunications,2019,41,False
Hungary,Telecommunications,2016,2,True
Netherlands,Telecommunications,2024,1,False
Lithuania,Telecommunications,2015,0,True
South Korea,Telecommunications,2023,59,False
Spain,Telecommunications,2019,27,False
Portugal,Telecommunications,2018,1,True
Brazil,Transportation,2019,11,False
Netherlands,Transportation,2021,2,False
South Africa,Transportation,2021,0,False
Taiwan,Transportation,2021,4,False
Greece,Transportation,2018,0,True
Greece,Transportation,2020,0,False
Denmark,Agriculture,2016,1,True
Indonesia,Agriculture,2016,0,True
Turkey,Agriculture,2017,0,True
Greece,Agriculture,2023,0,False
Australia,Agriculture,2016,8,True
Israel,Agriculture,2016,0,True
Israel,Agriculture,2019,0,False
Poland,All,2022,7,False
Ukraine,All,2021,6,False
Canada,All,2019,529,False
Brazil,All,2018,123,True
Denmark,All,2021,6,False
Lithuania,All,2015,4,True
Indonesia,All,2016,1,True
France,All,2016,53,True
Netherlands,Banking and Finance,2015,0,True
United States,Banking and Finance,2022,131,False
Greece,Banking and Finance,2021,0,False
Malaysia,Banking and Finance,2017,1,True
Russia,Banking and Finance,2018,5,True
Belgium,Banking and Finance,2016,0,True
Romania,Banking and Finance,2019,0,False
Romania,Banking and Finance,2021,0,False
Peru,Banking and Finance,2018,0,True
Peru,Banking and Finance,2021,1,False
Czechia,Banking and Finance,2019,0,False
Japan,Banking and Finance,2018,74,True
Brazil,Banking and Finance,2015,1,True
Sweden,Business,2022,0,False
Czechia,Business,2020,1,False
Hungary,Business,2016,2,True
Netherlands,Business,2020,2,False
Spain,Business,2019,5,False
European Patent Organization,Business,2017,18,True
European Patent Organization,Business,2020,36,False
United Kingdom,Business,2021,9,False
Finland,Business,2021,1,False
Australia,Business,2022,4,False
India,Energy Management,2016,2,True
Eurasian Patent Organization,Energy Management,2016,1,True
Japan,Energy Management,2015,50,True
Hungary,Energy Management,2020,2,False
Finland,Industry and Manufacturing,2020,1,False
Japan,Industry and Manufacturing,2017,189,True
India,Industry and Manufacturing,2019,0,False
India,Industry and Manufacturing,2021,0,False
Italy,Industry and Manufacturing,2017,1,True
Saudi Arabia,Industry and Manufacturing,2021,0,False
Taiwan,Industry and Manufacturing,2024,0,False
New Zealand,Industry and Manufacturing,2015,1,True
Hungary,Industry and Manufacturing,2018,1,True
South Africa,Industry and Manufacturing,2022,0,False
Morocco,Industry and Manufacturing,2022,0,False
Slovenia,Industry and Manufacturing,2018,0,True
United Kingdom,Life Sciences,2021,22,False
Israel,Life Sciences,2023,0,False
Colombia,Life Sciences,2019,1,False
Belgium,Life Sciences,2016,0,True
Philippines,Life Sciences,2016,0,True
Singapore,Life Sciences,2019,36,False
Ireland,Life Sciences,2016,1,True
Croatia,Life Sciences,2015,2,True
Switzerland,Life Sciences,2017,1,True
South Korea,Life Sciences,2020,977,False
Peru,Life Sciences,2015,1,True
Germany,Life Sciences,2015,19,True
Germany,Life Sciences,2018,41,True
Greece,Personal Devices and Computing,2019,1,False
Greece,Personal Devices and Computing,2022,6,False
Austria,Personal Devices and Computing,2015,0,True
Chile,Personal Devices and Computing,2018,0,True
Malaysia,Personal Devices and Computing,2019,7,False
World Intellectual Property Organization (WIPO),Personal Devices and Computing,2019,58,False
India,Personal Devices and Computing,2018,127,True
Singapore,Personal Devices and Computing,2019,58,False
Canada,Personal Devices and Computing,2015,68,True
Hungary,Personal Devices and Computing,2016,3,True
Portugal,Personal Devices and Computing,2018,3,True
European Patent Organization,Personal Devices and Computing,2021,200,False
Netherlands,Physical Sciences and Engineering,2021,2,False
France,Physical Sciences and Engineering,2020,13,False
Greece,Physical Sciences and Engineering,2021,2,False
New Zealand,Physical Sciences and Engineering,2018,0,True
Portugal,Physical Sciences and Engineering,2019,1,False
Luxembourg,Security,2017,0,True
Spain,Security,2019,7,False
Switzerland,Security,2018,0,True
Russia,Security,2019,17,False
Singapore,Security,2018,19,True
Philippines,Security,2018,1,True
Peru,Security,2016,0,True
United Kingdom,Security,2017,17,True
South Korea,Security,2018,183,True
Eurasian Patent Organization,Security,2016,1,True
Italy,Security,2023,0,False
San Marino,Telecommunications,2018,1,True
Australia,Telecommunications,2017,48,True
Hungary,Telecommunications,2020,1,False
South Africa,Telecommunications,2021,0,False
Luxembourg,Telecommunications,2022,8,False
Malaysia,Telecommunications,2021,0,False
Jordan,Telecommunications,2021,0,False
United States,Telecommunications,2016,1218,True
United States,Telecommunications,2024,4,False
Russia,Telecommunications,2017,30,True
Singapore,Transportation,2017,7,True
Spain,Transportation,2021,3,False
Morocco,Transportation,2018,0,True
China (mainland),Transportation,2019,1775,False
Norway,Transportation,2017,2,True
New Zealand,Transportation,2018,0,True
Denmark,Transportation,2020,1,False
Germany,Transportation,2015,51,True
Germany,Transportation,2019,137,False
United States,Transportation,2022,244,False
Greece,Transportation,2019,0,False
Turkey,Agriculture,2016,0,True
New Zealand,Agriculture,2017,3,True
Malaysia,Agriculture,2019,0,False
Brazil,Agriculture,2018,17,True
Russia,Agriculture,2015,0,True
Eurasian Patent Organization,Agriculture,2016,0,True
Netherlands,Agriculture,2016,0,True
Italy,Agriculture,2016,1,True
Italy,Agriculture,2020,1,False
South Korea,Agriculture,2017,28,True
Peru,Agriculture,2022,0,False
Japan,Agriculture,2022,14,False
Taiwan,Agriculture,2017,1,True
Kenya,All,2016,1,True
Spain,All,2017,90,True
Finland,All,2022,14,False
Russia,All,2018,196,True
Morocco,All,2022,3,False
Austria,All,2022,4,False
Cuba,All,2020,1,False
France,All,2019,181,False
Norway,All,2022,3,False
United States,All,2021,7696,False
Netherlands,Banking and Finance,2023,0,False
Hungary,Banking and Finance,2016,2,True
Hungary,Banking and Finance,2021,0,False
Morocco,Banking and Finance,2022,0,False
Denmark,Banking and Finance,2022,0,False
Ireland,Banking and Finance,2022,0,False
Slovenia,Banking and Finance,2016,0,True
Lithuania,Banking and Finance,2019,0,False
New Zealand,Banking and Finance,2022,0,False
Peru,Banking and Finance,2020,1,False
Czechia,Banking and Finance,2022,0,False
Argentina,Banking and Finance,2017,0,True
Argentina,Banking and Finance,2018,0,True
Luxembourg,Business,2019,1,False
Netherlands,Business,2022,6,False
Germany,Business,2024,5,False
Romania,Business,2018,0,True
Canada,Business,2020,61,False
Belgium,Energy Management,2017,0,True
Netherlands,Energy Management,2016,0,True
Netherlands,Energy Management,2021,2,False
China (mainland),Energy Management,2022,2485,False
Brazil,Energy Management,2016,1,True
United Kingdom,Energy Management,2020,8,False
Morocco,Energy Management,2022,0,False
Turkey,Industry and Manufacturing,2018,0,True
Japan,Industry and Manufacturing,2019,312,False
Israel,Industry and Manufacturing,2021,0,False
Germany,Industry and Manufacturing,2019,44,False
New Zealand,Industry and Manufacturing,2016,0,True
Lithuania,Industry and Manufacturing,2020,0,False
Croatia,Industry and Manufacturing,2018,0,True
Croatia,Industry and Manufacturing,2019,0,False
Bulgaria,Life Sciences,2017,0,True
Greece,Life Sciences,2015,0,True
Spain,Life Sciences,2023,0,False
Poland,Life Sciences,2023,2,False
Romania,Life Sciences,2017,0,True
World Intellectual Property Organization (WIPO),Life Sciences,2017,3,True
Mexico,Personal Devices and Computing,2022,1,False
Morocco,Personal Devices and Computing,2015,1,True
United States,Personal Devices and Computing,2021,3977,False
Japan,Personal Devices and Computing,2017,802,True
Finland,Personal Devices and Computing,2017,9,True
Australia,Personal Devices and Computing,2021,347,False
Brazil,Personal Devices and Computing,2016,21,True
Portugal,Personal Devices and Computing,2019,4,False
New Zealand,Personal Devices and Computing,2017,8,True
Denmark,Physical Sciences and Engineering,2018,1,True
Chile,Physical Sciences and Engineering,2018,1,True
India,Physical Sciences and Engineering,2020,0,False
Finland,Physical Sciences and Engineering,2019,2,False
Italy,Physical Sciences and Engineering,2015,0,True
Poland,Security,2019,1,False
Canada,Security,2020,29,False
European Patent Organization,Security,2018,20,True
European Patent Organization,Security,2020,30,False
United Kingdom,Security,2024,1,False
Australia,Security,2015,6,True
Romania,Security,2022,0,False
United States,Security,2021,586,False
China (mainland),Security,2024,666,False
Greece,Security,2019,0,False
Czechia,Telecommunications,2023,0,False
Israel,Telecommunications,2023,0,False
Denmark,Telecommunications,2017,7,True
Denmark,Telecommunications,2021,3,False
Netherlands,Telecommunications,2017,0,True
Lithuania,Telecommunications,2017,0,True
Brazil,Telecommunications,2020,16,False
India,Telecommunications,2015,12,True
Canada,Telecommunications,2021,60,False
Philippines,Telecommunications,2018,1,True
Germany,Telecommunications,2024,1,False
Peru,Transportation,2017,0,True
Finland,Transportation,2022,0,False
United Kingdom,Transportation,2022,19,False
Netherlands,Transportation,2015,0,True
United States,Transportation,2020,966,False
Czechia,Agriculture,2020,0,False
Sweden,Agriculture,2015,1,True
Sweden,Agriculture,2018,3,True
Malaysia,Agriculture,2017,1,True
Malaysia,Agriculture,2018,0,True
South Korea,Agriculture,2019,75,False
South Korea,Agriculture,2022,95,False
Luxembourg,All,2016,1,True
Luxembourg,All,2024,7,False
Uruguay,All,2020,1,False
Denmark,All,2016,14,True
Germany,All,2020,497,False
Denmark,Banking and Finance,2019,0,False
Greece,Banking and Finance,2018,0,True
Malaysia,Banking and Finance,2016,0,True
Singapore,Banking and Finance,2020,3,False
Bulgaria,Banking and Finance,2015,0,True
South Africa,Banking and Finance,2020,0,False
Japan,Banking and Finance,2022,20,False
Japan,Banking and Finance,2023,0,False
Serbia,Business,2015,1,True
Ireland,Business,2016,0,True
Netherlands,Business,2017,0,True
Argentina,Business,2018,3,True
Taiwan,Business,2021,15,False
Malaysia,Business,2022,0,False
Lithuania,Business,2019,0,False
International Bureau of WIPO,Energy Management,2018,0,True
Finland,Energy Management,2022,1,False
Turkey,Energy Management,2017,0,True
South Korea,Energy Management,2021,309,False
South Africa,Energy Management,2021,0,False
Mexico,Energy Management,2019,4,False
Hungary,Energy Management,2016,0,True
Italy,Industry and Manufacturing,2015,0,True
Brazil,Industry and Manufacturing,2022,0,False
Germany,Industry and Manufacturing,2024,2,False
United Kingdom,Life Sciences,2018,59,True
Saudi Arabia,Life Sciences,2021,0,False
Mexico,Life Sciences,2017,16,True
Belgium,Life Sciences,2020,2,False
Argentina,Life Sciences,2017,0,True
Portugal,Life Sciences,2016,1,True
Peru,Life Sciences,2023,1,False
Romania,Life Sciences,2022,0,False
Turkey,Personal Devices and Computing,2019,1,False
United Kingdom,Personal Devices and Computing,2024,2,False
China (mainland),Personal Devices and Computing,2020,23849,False
Russia,Personal Devices and Computing,2019,78,False
Netherlands,Personal Devices and Computing,2019,8,False
Netherlands,Personal Devices and Computing,2021,5,False
Taiwan,Personal Devices and Computing,2022,57,False
Malaysia,Personal Devices and Computing,2017,9,True
Italy,Personal Devices and Computing,2020,9,False
United States,Personal Devices and Computing,2024,3,False
Luxembourg,Personal Devices and Computing,2017,2,True
Finland,Personal Devices and Computing,2018,9,True
Finland,Personal Devices and Computing,2019,12,False
Slovakia,Personal Devices and Computing,2015,0,True
Canada,Personal Devices and Computing,2019,236,False
India,Physical Sciences and Engineering,2016,1,True
Brazil,Physical Sciences and Engineering,2019,13,False
European Patent Organization,Physical Sciences and Engineering,2020,21,False
United Kingdom,Physical Sciences and Engineering,2017,18,True
Italy,Physical Sciences and Engineering,2022,0,False
San Marino,Physical Sciences and Engineering,2015,0,True
Australia,Physical Sciences and Engineering,2016,19,True
Czechia,Physical Sciences and Engineering,2023,0,False
Lithuania,Physical Sciences and Engineering,2018,1,True
Luxembourg,Physical Sciences and Engineering,2017,0,True
Spain,Security,2021,3,False
Mexico,Security,2022,0,False
Sweden,Security,2021,2,False
European Patent Organization,Security,2017,14,True
World Intellectual Property Organization (WIPO),Security,2020,7,False
Hungary,Security,2017,0,True
Australia,Security,2019,39,False
Portugal,Security,2020,0,False
Romania,Security,2018,0,True
United States,Security,2016,387,True
Germany,Security,2017,13,True
Chile,Security,2015,0,True
Austria,Security,2019,0,False
Bulgaria,Security,2017,0,True
Czechia,Telecommunications,2019,1,False
Australia,Telecommunications,2020,136,False
Australia,Telecommunications,2021,162,False
Israel,Telecommunications,2016,3,True
Lithuania,Telecommunications,2016,2,True
South Africa,Telecommunications,2018,0,True
Bulgaria,Telecommunications,2018,0,True
United States,Telecommunications,2015,743,True
Singapore,Transportation,2016,3,True
Mexico,Transportation,2016,11,True
South Korea,Transportation,2017,190,True
Poland,Transportation,2015,2,True
Switzerland,Transportation,2016,1,True
South Africa,Transportation,2020,0,False
Hungary,Transportation,2021,0,False
Czechia,Transportation,2019,0,False
Taiwan,Transportation,2015,0,True
United Kingdom,Agriculture,2021,1,False
Philippines,Agriculture,2020,1,False
New Zealand,Agriculture,2021,0,False
Poland,Agriculture,2016,0,True
Ukraine,Agriculture,2023,0,False
Mexico,Agriculture,2019,6,False
India,Agriculture,2018,1,True
Taiwan,Agriculture,2020,1,False
India,All,2021,1,False
Mexico,All,2018,71,True
New Zealand,All,2017,18,True
France,All,2020,214,False
Eurasian Patent Organization,All,2018,7,True
South Korea,All,2017,1874,True
China (mainland),Banking and Finance,2018,269,True
China (mainland),Banking and Finance,2022,480,False
Philippines,Banking and Finance,2016,0,True
Iran,Banking and Finance,2018,0,True
Italy,Banking and Finance,2020,0,False
Peru,Banking and Finance,2022,2,False
Costa Rica,Banking and Finance,2020,0,False
Saudi Arabia,Banking and Finance,2022,0,False
Finland,Banking and Finance,2018,0,True
Luxembourg,Banking and Finance,2020,0,False
Poland,Banking and Finance,2018,0,True
Serbia,Business,2018,0,True
Philippines,Business,2021,0,False
Slovakia,Business,2023,0,False
Portugal,Business,2018,0,True
Taiwan,Business,2024,0,False
Mexico,Business,2020,10,False
Peru,Energy Management,2022,0,False
Belgium,Energy Management,2018,0,True
Canada,Energy Management,2022,3,False
India,Energy Management,2015,2,True
Turkey,Energy Management,2019,0,False
Sweden,Energy Management,2020,3,False
Romania,Energy Management,2019,0,False
Romania,Energy Management,2022,0,False
San Marino,Industry and Manufacturing,2015,0,True
Japan,Industry and Manufacturing,2021,184,False
India,Industry and Manufacturing,2017,8,True
United Kingdom,Industry and Manufacturing,2015,1,True
United Kingdom,Industry and Manufacturing,2019,10,False
Israel,Industry and Manufacturing,2016,0,True
Uruguay,Industry and Manufacturing,2020,1,False
Austria,Industry and Manufacturing,2021,2,False
Norway,Industry and Manufacturing,2016,0,True
Canada,Industry and Manufacturing,2022,0,False
European Patent Organization,Life Sciences,2020,101,False
Belgium,Life Sciences,2019,0,False
Singapore,Life Sciences,2017,24,True
Singapore,Life Sciences,2020,0,False
Italy,Life Sciences,2016,5,True
Germany,Life Sciences,2021,42,False
Lithuania,Life Sciences,2019,1,False
Austria,Life Sciences,2023,0,False
Sri Lanka,Life Sciences,2016,1,True
Costa Rica,Personal Devices and Computing,2020,0,False
Germany,Personal Devices and Computing,2017,103,True
Philippines,Personal Devices and Computing,2021,14,False
Japan,Personal Devices and Computing,2023,28,False
Spain,Personal Devices and Computing,2015,15,True
India,Personal Devices and Computing,2015,43,True
Israel,Physical Sciences and Engineering,2020,0,False
Canada,Physical Sciences and Engineering,2015,22,True
Sweden,Physical Sciences and Engineering,2019,2,False
Greece,Physical Sciences and Engineering,2023,0,False
Australia,Physical Sciences and Engineering,2019,41,False
New Zealand,Physical Sciences and Engineering,2016,0,True
Poland,Physical Sciences and Engineering,2017,3,True
Switzerland,Security,2017,0,True
Peru,Security,2017,0,True
France,Security,2017,4,True
Brazil,Security,2018,5,True
China (mainland),Security,2018,400,True
Germany,Security,2024,2,False
Eurasian Patent Organization,Security,2015,0,True
Netherlands,Security,2020,1,False
Netherlands,Security,2022,0,False
Japan,Security,2020,107,False
European Patent Organization,Telecommunications,2019,134,False
Brazil,Telecommunications,2021,10,False
Poland,Telecommunications,2015,1,True
Peru,Telecommunications,2019,1,False
South Korea,Telecommunications,2019,1047,False
Turkey,Telecommunications,2015,2,True
Philippines,Telecommunications,2020,2,False
Argentina,Telecommunications,2018,0,True
Philippines,Transportation,2019,1,False
Argentina,Transportation,2018,0,True
Argentina,Transportation,2020,0,False
Cuba,Transportation,2020,0,False
India,Transportation,2020,0,False
China (mainland),Transportation,2017,438,True
China (mainland),Transportation,2022,4675,False
Netherlands,Transportation,2017,1,True
Slovenia,Transportation,2015,0,True
Israel,Transportation,2021,1,False
Philippines,Agriculture,2016,2,True
Ukraine,Agriculture,2018,1,True
International Bureau of WIPO,Agriculture,2016,0,True
Portugal,Agriculture,2015,0,True
Romania,Agriculture,2017,0,True
Italy,Agriculture,2022,0,False
Mexico,Agriculture,2022,0,False
South Korea,Agriculture,2020,116,False
Morocco,Agriculture,2022,1,False
Brazil,All,2015,50,True
Netherlands,All,2017,5,True
Bulgaria,All,2020,10,False
Spain,All,2021,56,False
Japan,All,2024,6,False
Germany,All,2022,291,False
France,All,2015,32,True
France,All,2022,127,False
Eurasian Patent Organization,All,2016,3,True
Sweden,All,2022,18,False
Singapore,All,2020,30,False
United States,All,2015,3168,True
Israel,All,2018,10,True
Philippines,All,2018,4,True
United States,Banking and Finance,2018,521,True
China (mainland),Banking and Finance,2024,170,False
Russia,Banking and Finance,2015,1,True
Romania,Banking and Finance,2022,0,False
Luxembourg,Banking and Finance,2017,0,True
San Marino,Business,2018,0,True
Poland,Business,2020,2,False
World Intellectual Property Organization (WIPO),Business,2020,7,False
Germany,Business,2016,17,True
United Kingdom,Business,2019,20,False
Eurasian Patent Organization,Business,2018,0,True
United States,Business,2016,813,True
Canada,Energy Management,2015,11,True
Russia,Energy Management,2021,0,False
Czechia,Energy Management,2020,1,False
China (mainland),Energy Management,2016,257,True
South Africa,Energy Management,2023,0,False
Sweden,Energy Management,2016,0,True
Israel,Energy Management,2016,0,True
Taiwan,Energy Management,2020,16,False
Singapore,Industry and Manufacturing,2016,2,True
Switzerland,Industry and Manufacturing,2017,0,True
Netherlands,Industry and Manufacturing,2020,2,False
Italy,Industry and Manufacturing,2023,1,False
United Kingdom,Industry and Manufacturing,2018,20,True
South Africa,Industry and Manufacturing,2023,0,False
Canada,Industry and Manufacturing,2015,8,True
Malaysia,Industry and Manufacturing,2018,2,True
Canada,Life Sciences,2021,83,False
Israel,Life Sciences,2021,0,False
Malaysia,Life Sciences,2020,2,False
Russia,Life Sciences,2017,33,True
Belgium,Life Sciences,2023,0,False
Switzerland,Life Sciences,2021,0,False
New Zealand,Life Sciences,2020,3,False
Chile,Life Sciences,2018,0,True
Spain,Life Sciences,2017,33,True
Poland,Life Sciences,2016,6,True
Slovenia,Life Sciences,2015,1,True
Denmark,Life Sciences,2020,2,False
Lithuania,Life Sciences,2015,3,True
World Intellectual Property Organization (WIPO),Life Sciences,2016,0,True
Turkey,Personal Devices and Computing,2021,1,False
South Korea,Personal Devices and Computing,2016,375,True
China (mainland),Personal Devices and Computing,2022,17255,False
Ukraine,Personal Devices and Computing,2015,2,True
Taiwan,Personal Devices and Computing,2016,30,True
Italy,Personal Devices and Computing,2019,9,False
Norway,Personal Devices and Computing,2017,0,True
Argentina,Personal Devices and Computing,2018,4,True
Bulgaria,Personal Devices and Computing,2022,0,False
Spain,Personal Devices and Computing,2020,18,False
Saudi Arabia,Personal Devices and Computing,2021,0,False
Australia,Personal Devices and Computing,2015,53,True
European Patent Organization,Personal Devices and Computing,2015,25,True
China (mainland),Physical Sciences and Engineering,2021,1324,False
Ukraine,Physical Sciences and Engineering,2019,0,False
Netherlands,Physical Sciences and Engineering,2022,5,False
Finland,Physical Sciences and Engineering,2017,0,True
United Kingdom,Physical Sciences and Engineering,2020,13,False
United Kingdom,Physical Sciences and Engineering,2021,8,False
Malaysia,Physical Sciences and Engineering,2021,1,False
Greece,Physical Sciences and Engineering,2020,0,False
Austria,Physical Sciences and Engineering,2022,1,False
Luxembourg,Physical Sciences and Engineering,2019,0,False
Luxembourg,Security,2024,0,False
Spain,Security,2018,4,True
Mexico,Security,2016,4,True
Lithuania,Security,2019,0,False
Turkey,Security,2017,0,True
Japan,Security,2016,58,True
Luxembourg,Telecommunications,2019,4,False
Luxembourg,Telecommunications,2021,4,False
India,Telecommunications,2020,0,False
India,Telecommunications,2021,0,False
Philippines,Telecommunications,2015,3,True
Philippines,Telecommunications,2021,2,False
Russia,Transportation,2017,18,True
Romania,Transportation,2022,0,False
Eurasian Patent Organization,Transportation,2017,0,True
Norway,Transportation,2018,2,True
Malaysia,Transportation,2020,0,False
Hungary,Transportation,2022,0,False
European Patent Organization,Transportation,2017,32,True
Lithuania,Transportation,2017,0,True
Luxembourg,Transportation,2020,1,False
Denmark,Agriculture,2019,0,False
France,Agriculture,2017,0,True
Lithuania,Agriculture,2022,0,False
Germany,Agriculture,2022,5,False
Israel,Agriculture,2022,0,False
Austria,Agriculture,2021,1,False
Ukraine,All,2019,2,False
India,All,2018,201,True
India,All,2020,2,False
Romania,All,2021,2,False
Spain,All,2015,42,True
Malaysia,All,2019,18,False
Greece,All,2023,6,False
Turkey,All,2016,1,True
Germany,All,2017,310,True
Germany,All,2019,503,False
Czechia,All,2023,3,False
China (mainland),All,2020,42530,False
South Korea,All,2019,5026,False
World Intellectual Property Organization (WIPO),Banking and Finance,2018,0,True
Malaysia,Banking and Finance,2015,2,True
Uruguay,Banking and Finance,2020,0,False
South Africa,Banking and Finance,2016,0,True
New Zealand,Banking and Finance,2020,0,False
Ukraine,Banking and Finance,2021,0,False
Latvia,Banking and Finance,2020,0,False
Peru,Banking and Finance,2019,0,False
Serbia,Banking and Finance,2017,0,True
Luxembourg,Banking and Finance,2024,1,False
Norway,Banking and Finance,2020,0,False
Japan,Business,2017,176,True
Denmark,Business,2019,1,False
Italy,Business,2022,0,False
Bulgaria,Business,2021,0,False
Malaysia,Business,2016,1,True
United States,Business,2020,1571,False
World Intellectual Property Organization (WIPO),Energy Management,2018,1,True
Canada,Energy Management,2021,8,False
China (mainland),Energy Management,2015,131,True
South Korea,Energy Management,2022,215,False
Argentina,Energy Management,2018,0,True
Australia,Energy Management,2018,12,True
Germany,Energy Management,2016,12,True
Germany,Energy Management,2019,22,False
Norway,Energy Management,2017,0,True
Bulgaria,Industry and Manufacturing,2017,0,True
Poland,Industry and Manufacturing,2020,4,False
Japan,Industry and Manufacturing,2024,0,False
Iran,Industry and Manufacturing,2018,0,True
Ukraine,Industry and Manufacturing,2019,0,False
European Patent Organization,Industry and Manufacturing,2016,4,True
Sweden,Industry and Manufacturing,2022,2,False
Greece,Industry and Manufacturing,2021,1,False
Netherlands,Life Sciences,2016,0,True
Morocco,Life Sciences,2019,1,False
Saudi Arabia,Life Sciences,2022,1,False
China (mainland),Life Sciences,2019,1716,False
Belgium,Life Sciences,2017,0,True
Taiwan,Life Sciences,2016,11,True
France,Life Sciences,2021,30,False
Ukraine,Life Sciences,2015,1,True
Singapore,Life Sciences,2021,0,False
New Zealand,Life Sciences,2018,9,True
Portugal,Life Sciences,2021,0,False
Finland,Life Sciences,2018,7,True
Finland,Life Sciences,2019,9,False
Czechia,Life Sciences,2021,1,False
Greece,Personal Devices and Computing,2023,3,False
Mexico,Personal Devices and Computing,2020,24,False
International Bureau of WIPO,Personal Devices and Computing,2016,1,True
Czechia,Personal Devices and Computing,2021,0,False
Malaysia,Personal Devices and Computing,2016,4,True
Serbia,Physical Sciences and Engineering,2017,0,True
China (mainland),Physical Sciences and Engineering,2017,183,True
India,Physical Sciences and Engineering,2015,0,True
Romania,Physical Sciences and Engineering,2016,0,True
Germany,Physical Sciences and Engineering,2023,8,False
Spain,Physical Sciences and Engineering,2017,6,True
Spain,Physical Sciences and Engineering,2021,6,False
Taiwan,Physical Sciences and Engineering,2019,10,False
Poland,Security,2017,0,True
Spain,Security,2023,0,False
Sweden,Security,2015,0,True
Russia,Security,2021,3,False
Australia,Security,2022,5,False
Finland,Security,2019,2,False
Romania,Security,2016,0,True
Japan,Security,2024,0,False
Switzerland,Telecommunications,2020,0,False
Romania,Telecommunications,2017,1,True
Denmark,Telecommunications,2020,9,False
France,Telecommunications,2022,21,False
Netherlands,Telecommunications,2021,3,False
South Africa,Telecommunications,2024,0,False
Chile,Telecommunications,2018,0,True
Bulgaria,Telecommunications,2017,0,True
Eurasian Patent Organization,Telecommunications,2016,1,True
India,Telecommunications,2018,30,True
China (mainland),Telecommunications,2017,964,True
Portugal,Telecommunications,2020,1,False
Italy,Transportation,2015,1,True
South Korea,Transportation,2023,15,False
Finland,Transportation,2021,1,False
Morocco,Transportation,2021,0,False
Belgium,Transportation,2019,0,False
South Africa,Transportation,2022,0,False
Greece,Transportation,2017,0,True
Slovakia,Transportation,2021,0,False
Luxembourg,Transportation,2017,0,True
France,Agriculture,2018,0,True
Finland,Agriculture,2020,0,False
Finland,Agriculture,2023,0,False
Brazil,Agriculture,2017,11,True
South Africa,Agriculture,2024,0,False
Russia,Agriculture,2021,0,False
Bulgaria,Agriculture,2015,0,True
Bulgaria,Agriculture,2021,0,False
World Intellectual Property Organization (WIPO),Agriculture,2016,0,True
Peru,Agriculture,2015,0,True
Luxembourg,Agriculture,2023,2,False
Hungary,Agriculture,2016,0,True
Spain,Agriculture,2022,0,False
Sri Lanka,Agriculture,2016,0,True
Canada,Agriculture,2018,29,True
Morocco,Agriculture,2019,0,False
Poland,All,2019,25,False
European Patent Organization,All,2022,259,False
South Africa,All,2022,71,False
Russia,All,2016,125,True
Lithuania,All,2022,1,False
Japan,All,2017,2081,True
Morocco,All,2021,1,False
Hungary,All,2016,7,True
Serbia,All,2017,1,True
South Korea,All,2018,3310,True
Australia,Banking and Finance,2023,0,False
Morocco,Banking and Finance,2021,0,False
Austria,Banking and Finance,2017,0,True
Italy,Banking and Finance,2018,1,True
Sweden,Banking and Finance,2019,0,False
Singapore,Banking and Finance,2021,0,False
Spain,Banking and Finance,2022,0,False
New Zealand,Banking and Finance,2015,3,True
Finland,Banking and Finance,2019,0,False
Norway,Banking and Finance,2016,0,True
Czechia,Business,2017,0,True
Peru,Business,2023,0,False
Portugal,Business,2015,0,True
New Zealand,Business,2016,0,True
Switzerland,Business,2021,0,False
United Kingdom,Business,2015,9,True
Finland,Business,2015,1,True
Taiwan,Business,2017,12,True
Mexico,Business,2019,17,False
Romania,Business,2015,0,True
Chile,Energy Management,2015,0,True
Peru,Energy Management,2023,0,False
World Intellectual Property Organization (WIPO),Energy Management,2022,2,False
World Intellectual Property Organization (WIPO),Energy Management,2023,0,False
Poland,Energy Management,2022,0,False
Ireland,Energy Management,2018,0,True
Eurasian Patent Organization,Energy Management,2015,0,True
South Korea,Energy Management,2024,0,False
Australia,Energy Management,2016,14,True
Austria,Energy Management,2022,2,False
Mexico,Energy Management,2018,3,True
Mexico,Energy Management,2020,3,False
Romania,Energy Management,2018,0,True
Norway,Energy Management,2023,0,False
Hungary,Energy Management,2018,0,True
Luxembourg,Energy Management,2016,0,True
Luxembourg,Energy Management,2023,9,False
Poland,Industry and Manufacturing,2016,1,True
Japan,Industry and Manufacturing,2022,80,False
India,Industry and Manufacturing,2016,2,True
Belgium,Industry and Manufacturing,2019,0,False
Philippines,Industry and Manufacturing,2018,0,True
Israel,Industry and Manufacturing,2019,0,False
Germany,Industry and Manufacturing,2022,29,False
Lithuania,Industry and Manufacturing,2022,0,False
United Kingdom,Life Sciences,2022,11,False
Australia,Life Sciences,2017,89,True
Malaysia,Life Sciences,2017,6,True
United States,Life Sciences,2019,1647,False
Philippines,Life Sciences,2015,0,True
Ireland,Life Sciences,2023,0,False
Spain,Life Sciences,2021,13,False
Poland,Life Sciences,2022,0,False
Croatia,Personal Devices and Computing,2015,1,True
Italy,Personal Devices and Computing,2021,5,False
Uruguay,Personal Devices and Computing,2020,1,False
Slovakia,Physical Sciences and Engineering,2015,0,True
India,Physical Sciences and Engineering,2019,0,False
Slovenia,Physical Sciences and Engineering,2015,0,True
World Intellectual Property Organization (WIPO),Physical Sciences and Engineering,2019,3,False
France,Physical Sciences and Engineering,2018,8,True
Indonesia,Physical Sciences and Engineering,2016,0,True
Italy,Physical Sciences and Engineering,2023,0,False
Canada,Physical Sciences and Engineering,2021,15,False
Australia,Physical Sciences and Engineering,2015,13,True
Lithuania,Physical Sciences and Engineering,2022,0,False
Canada,Security,2021,20,False
Morocco,Security,2021,0,False
United Kingdom,Security,2019,21,False
Colombia,Security,2015,0,True
South Africa,Security,2022,0,False
Taiwan,Security,2020,11,False
India,Security,2016,5,True
India,Security,2020,0,False
European Patent Organization,Telecommunications,2022,59,False
Serbia,Telecommunications,2018,1,True
Sweden,Telecommunications,2015,1,True
Turkey,Telecommunications,2018,2,True
Belgium,Telecommunications,2023,0,False
Germany,Telecommunications,2023,6,False
United States,Telecommunications,2017,2104,True
Russia,Telecommunications,2015,13,True
Bulgaria,Transportation,2017,0,True
Russia,Transportation,2015,17,True
France,Transportation,2015,6,True
Australia,Transportation,2018,39,True
United Kingdom,Transportation,2023,2,False
Japan,Transportation,2018,389,True
Japan,Transportation,2022,59,False
Taiwan,Transportation,2018,14,True
Taiwan,Transportation,2020,5,False
Saudi Arabia,Agriculture,2022,0,False
Ukraine,Agriculture,2021,0,False
Sweden,Agriculture,2016,0,True
Brazil,Agriculture,2020,11,False
Norway,Agriculture,2018,1,True
Lithuania,Agriculture,2020,0,False
Spain,Agriculture,2016,1,True
Spain,Agriculture,2018,7,True
Canada,Agriculture,2015,4,True
Taiwan,Agriculture,2018,1,True
Netherlands,All,2018,10,True
Finland,All,2018,23,True
Finland,All,2021,17,False
Lithuania,All,2018,9,True
Belgium,All,2017,2,True
Greece,Banking and Finance,2019,0,False
Chile,Banking and Finance,2018,0,True
Uruguay,Banking and Finance,2017,0,True
Israel,Banking and Finance,2018,0,True
Norway,Banking and Finance,2022,0,False
Denmark,Business,2015,3,True
Denmark,Business,2016,1,True
Norway,Business,2018,1,True
Norway,Business,2020,0,False
China (mainland),Business,2017,662,True
Israel,Business,2015,2,True
Argentina,Business,2017,1,True
Uruguay,Business,2017,0,True
Finland,Business,2016,0,True
Malaysia,Energy Management,2020,0,False
Eurasian Patent Organization,Energy Management,2017,0,True
South Korea,Energy Management,2018,173,True
European Patent Organization,Energy Management,2018,10,True
Austria,Energy Management,2019,2,False
Germany,Energy Management,2020,19,False
Romania,Energy Management,2021,0,False
Israel,Energy Management,2019,0,False
Taiwan,Energy Management,2017,4,True
Romania,Industry and Manufacturing,2016,0,True
Netherlands,Industry and Manufacturing,2016,0,True
United Kingdom,Industry and Manufacturing,2020,20,False
Israel,Industry and Manufacturing,2020,1,False
Hungary,Industry and Manufacturing,2022,1,False
France,Industry and Manufacturing,2018,8,True
Czechia,Industry and Manufacturing,2020,0,False
United Kingdom,Life Sciences,2023,6,False
Mexico,Life Sciences,2021,12,False
South Africa,Life Sciences,2017,1,True
Ukraine,Life Sciences,2023,0,False
Greece,Life Sciences,2022,4,False
Norway,Life Sciences,2021,1,False
Portugal,Life Sciences,2015,4,True
Cuba,Life Sciences,2020,0,False
India,Life Sciences,2019,0,False
International Bureau of WIPO,Life Sciences,2017,4,True
Denmark,Life Sciences,2019,9,False
World Intellectual Property Organization (WIPO),Life Sciences,2018,6,True
Turkey,Personal Devices and Computing,2018,4,True
Greece,Personal Devices and Computing,2017,5,True
Greece,Personal Devices and Computing,2020,1,False
United Kingdom,Personal Devices and Computing,2020,92,False
Ukraine,Personal Devices and Computing,2019,0,False
Colombia,Personal Devices and Computing,2019,0,False
Germany,Personal Devices and Computing,2023,28,False
Norway,Personal Devices and Computing,2022,0,False
Morocco,Personal Devices and Computing,2022,1,False
Ireland,Personal Devices and Computing,2023,0,False
Poland,Personal Devices and Computing,2019,10,False
Brazil,Personal Devices and Computing,2020,26,False
Denmark,Physical Sciences and Engineering,2015,0,True
Russia,Physical Sciences and Engineering,2019,8,False
Eurasian Patent Organization,Physical Sciences and Engineering,2017,0,True
Italy,Physical Sciences and Engineering,2017,0,True
Peru,Physical Sciences and Engineering,2020,2,False
Malaysia,Physical Sciences and Engineering,2022,1,False
Norway,Physical Sciences and Engineering,2018,0,True
Singapore,Security,2017,9,True
World Intellectual Property Organization (WIPO),Security,2021,5,False
Hungary,Security,2018,0,True
Finland,Security,2020,2,False
New Zealand,Security,2017,1,True
Bulgaria,Security,2018,0,True
Netherlands,Security,2016,0,True
International Bureau of WIPO,Telecommunications,2018,8,True
Finland,Telecommunications,2018,11,True
Denmark,Telecommunications,2016,3,True
World Intellectual Property Organization (WIPO),Telecommunications,2021,13,False
Bulgaria,Telecommunications,2019,0,False
Bulgaria,Telecommunications,2020,0,False
Morocco,Telecommunications,2018,2,True
China (mainland),Telecommunications,2015,219,True
United States,Telecommunications,2021,2044,False
Serbia,Transportation,2017,1,True
Saudi Arabia,Transportation,2021,0,False
Poland,Transportation,2023,0,False
Romania,Transportation,2019,0,False
Romania,Transportation,2023,0,False
Eurasian Patent Organization,Transportation,2015,0,True
United Kingdom,Transportation,2018,35,True
China (mainland),Transportation,2016,271,True
Netherlands,Transportation,2020,1,False
Japan,Transportation,2019,311,False
Germany,Transportation,2016,93,True
Germany,Transportation,2020,101,False
Germany,Transportation,2022,51,False
United States,Transportation,2024,0,False
European Patent Organization,Transportation,2019,56,False
Greece,Transportation,2015,0,True
World Intellectual Property Organization (WIPO),Transportation,2017,1,True
World Intellectual Property Organization (WIPO),Transportation,2020,5,False
Canada,Transportation,2017,49,True
Portugal,Transportation,2017,1,True
Kenya,Agriculture,2016,0,True
United States,Agriculture,2016,56,True
European Patent Organization,Agriculture,2021,8,False
Lithuania,Agriculture,2017,0,True
Belgium,Agriculture,2018,2,True
World Intellectual Property Organization (WIPO),All,2017,12,True
United Kingdom,All,2019,295,False
Switzerland,All,2020,1,False
Peru,All,2016,2,True
Morocco,All,2018,4,True
Austria,All,2018,10,True
China (mainland),All,2015,2562,True
Singapore,All,2021,3,False
Israel,All,2020,14,False
Netherlands,Banking and Finance,2018,0,True
Morocco,Banking and Finance,2018,0,True
Russia,Banking and Finance,2020,5,False
Sweden,Banking and Finance,2017,1,True
Singapore,Banking and Finance,2019,19,False
Spain,Banking and Finance,2016,0,True
France,Banking and Finance,2020,5,False
Lithuania,Banking and Finance,2016,0,True
Ukraine,Banking and Finance,2018,0,True
Israel,Banking and Finance,2016,0,True
Serbia,Banking and Finance,2015,1,True
Norway,Banking and Finance,2019,1,False
Brazil,Business,2018,16,True
Sweden,Business,2017,0,True
Sweden,Business,2019,0,False
Austria,Business,2015,0,True
Turkey,Business,2021,0,False
Germany,Business,2022,17,False
Germany,Business,2023,9,False
New Zealand,Business,2022,1,False
Canada,Business,2018,84,True
Lithuania,Business,2015,1,True
Australia,Business,2019,74,False
Australia,Business,2020,72,False
Poland,Energy Management,2021,1,False
Canada,Energy Management,2020,12,False
Netherlands,Energy Management,2019,0,False
Japan,Energy Management,2024,0,False
Australia,Energy Management,2019,16,False
Germany,Energy Management,2023,7,False
Sweden,Energy Management,2015,0,True
Romania,Energy Management,2017,0,True
Hungary,Energy Management,2015,0,True
Serbia,Energy Management,2020,1,False
Portugal,Industry and Manufacturing,2016,1,True
Slovakia,Industry and Manufacturing,2015,0,True
Slovakia,Industry and Manufacturing,2023,0,False
Netherlands,Industry and Manufacturing,2015,0,True
Netherlands,Industry and Manufacturing,2019,1,False
Spain,Industry and Manufacturing,2023,1,False
Argentina,Industry and Manufacturing,2019,0,False
Belgium,Industry and Manufacturing,2016,1,True
Belgium,Industry and Manufacturing,2020,0,False
Morocco,Industry and Manufacturing,2018,1,True
China (mainland),Industry and Manufacturing,2016,169,True
Greece,Industry and Manufacturing,2016,0,True
South Korea,Industry and Manufacturing,2015,18,True
Mexico,Industry and Manufacturing,2016,5,True
Malaysia,Industry and Manufacturing,2020,0,False
Sweden,Life Sciences,2015,0,True
Ukraine,Life Sciences,2018,0,True
Croatia,Life Sciences,2018,0,True
South Korea,Life Sciences,2022,664,False
New Zealand,Life Sciences,2017,9,True
New Zealand,Life Sciences,2019,7,False
Italy,Life Sciences,2021,5,False
Japan,Life Sciences,2018,486,True
Czechia,Life Sciences,2018,0,True
Greece,Personal Devices and Computing,2015,1,True
Mexico,Personal Devices and Computing,2017,21,True
Russia,Personal Devices and Computing,2018,95,True
Canada,Personal Devices and Computing,2020,189,False
Brazil,Personal Devices and Computing,2018,56,True
Brazil,Personal Devices and Computing,2019,58,False
Eurasian Patent Organization,Physical Sciences and Engineering,2018,2,True
Jordan,Physical Sciences and Engineering,2021,0,False
World Intellectual Property Organization (WIPO),Physical Sciences and Engineering,2021,3,False
United Kingdom,Physical Sciences and Engineering,2019,35,False
Ireland,Physical Sciences and Engineering,2018,0,True
Australia,Physical Sciences and Engineering,2018,25,True
Bulgaria,Physical Sciences and Engineering,2021,0,False
Luxembourg,Security,2022,6,False
World Intellectual Property Organization (WIPO),Security,2019,6,False
Morocco,Security,2016,1,True
Norway,Security,2019,0,False
Jordan,Security,2021,1,False
Finland,Security,2021,0,False
South Africa,Security,2020,0,False
India,Security,2021,0,False
Denmark,Security,2017,1,True
Greece,Security,2020,0,False
Serbia,Telecommunications,2015,0,True
Czechia,Telecommunications,2020,0,False
Slovakia,Telecommunications,2015,0,True
Australia,Telecommunications,2018,76,True
Mexico,Telecommunications,2019,21,False
Argentina,Telecommunications,2019,1,False
Portugal,Telecommunications,2016,4,True
Sri Lanka,Transportation,2016,0,True
Poland,Transportation,2018,2,True
United States,Transportation,2018,1504,True
Turkey,Agriculture,2019,0,False
China (mainland),Agriculture,2015,12,True
Portugal,Agriculture,2020,0,False
Malaysia,Agriculture,2016,0,True
Netherlands,Agriculture,2015,1,True
Hungary,Agriculture,2018,1,True
Japan,Agriculture,2021,28,False
Israel,Agriculture,2017,0,True
Austria,Agriculture,2016,0,True
Luxembourg,All,2017,3,True
Brazil,All,2021,40,False
Netherlands,All,2024,5,False
Malaysia,All,2015,16,True
Slovenia,All,2016,3,True
Denmark,All,2019,24,False
Italy,All,2022,6,False
Portugal,All,2019,5,False
France,All,2017,82,True
France,All,2018,154,True
Norway,All,2017,2,True
Malaysia,Banking and Finance,2021,0,False
Portugal,Banking and Finance,2020,0,False
South Korea,Banking and Finance,2018,88,True
Peru,Banking and Finance,2017,0,True
Denmark,Business,2021,1,False
China (mainland),Business,2020,4193,False
Saudi Arabia,Business,2022,0,False
India,Business,2018,30,True
Peru,Business,2019,0,False
World Intellectual Property Organization (WIPO),Business,2022,3,False
Netherlands,Business,2015,0,True
Germany,Business,2015,8,True
Switzerland,Business,2017,0,True
Peru,Energy Management,2020,1,False
Lithuania,Energy Management,2015,0,True
World Intellectual Property Organization (WIPO),Energy Management,2016,0,True
Russia,Energy Management,2016,2,True
Japan,Energy Management,2019,108,False
Japan,Energy Management,2022,44,False
China (mainland),Energy Management,2021,2610,False
France,Energy Management,2016,3,True
United Kingdom,Energy Management,2016,1,True
United Kingdom,Energy Management,2017,6,True
United Kingdom,Energy Management,2023,1,False
Hungary,Energy Management,2019,2,False
Morocco,Energy Management,2016,0,True
Switzerland,Industry and Manufacturing,2018,1,True
Belgium,Industry and Manufacturing,2017,0,True
Philippines,Industry and Manufacturing,2015,1,True
Ireland,Industry and Manufacturing,2018,0,True
United States,Industry and Manufacturing,2017,307,True
Australia,Industry and Manufacturing,2018,24,True
Greece,Industry and Manufacturing,2015,1,True
Luxembourg,Industry and Manufacturing,2024,0,False
Norway,Industry and Manufacturing,2023,0,False
Malaysia,Life Sciences,2016,1,True
Luxembourg,Life Sciences,2017,0,True
European Patent Organization,Life Sciences,2017,67,True
Argentina,Life Sciences,2022,0,False
Norway,Life Sciences,2017,0,True
Italy,Life Sciences,2015,1,True
Brazil,Life Sciences,2016,22,True
Hungary,Life Sciences,2015,6,True
France,Personal Devices and Computing,2020,66,False
Latvia,Personal Devices and Computing,2020,0,False
Germany,Personal Devices and Computing,2022,64,False
Slovenia,Personal Devices and Computing,2018,3,True
Poland,Personal Devices and Computing,2023,0,False
Canada,Personal Devices and Computing,2021,84,False
Australia,Personal Devices and Computing,2020,259,False
Portugal,Personal Devices and Computing,2016,2,True
Denmark,Physical Sciences and Engineering,2021,1,False
Mexico,Physical Sciences and Engineering,2018,10,True
World Intellectual Property Organization (WIPO),Physical Sciences and Engineering,2022,3,False
Hungary,Physical Sciences and Engineering,2022,0,False
Finland,Physical Sciences and Engineering,2021,2,False
Romania,Physical Sciences and Engineering,2022,1,False
Austria,Physical Sciences and Engineering,2016,0,True
Bulgaria,Physical Sciences and Engineering,2022,0,False
Mexico,Security,2015,0,True
European Patent Organization,Security,2023,0,False
Norway,Security,2023,0,False
France,Security,2015,2,True
New Zealand,Security,2016,0,True
Germany,Security,2016,11,True
Germany,Security,2019,15,False
Austria,Telecommunications,2019,0,False
Italy,Telecommunications,2022,0,False
Spain,Telecommunications,2017,13,True
Canada,Telecommunications,2017,80,True
Poland,Transportation,2016,4,True
Indonesia,Transportation,2016,0,True
Denmark,Transportation,2022,0,False
Germany,Transportation,2024,3,False
Canada,Transportation,2020,30,False
Canada,Transportation,2022,1,False
Denmark,Agriculture,2017,0,True
Denmark,Agriculture,2021,0,False
Czechia,Agriculture,2021,1,False
Portugal,Agriculture,2022,0,False
Brazil,Agriculture,2022,1,False
Russia,Agriculture,2019,2,False
Bulgaria,Agriculture,2019,0,False
Luxembourg,Agriculture,2021,1,False
Cuba,Agriculture,2020,0,False
Israel,Agriculture,2020,1,False
Taiwan,Agriculture,2019,7,False
United Kingdom,All,2017,198,True
United Kingdom,All,2024,3,False
Australia,All,2021,1060,False
Belgium,Banking and Finance,2018,0,True
Mexico,Banking and Finance,2016,2,True
Spain,Banking and Finance,2015,4,True
Spain,Banking and Finance,2020,2,False
Japan,Banking and Finance,2019,88,False
Poland,Banking and Finance,2023,0,False
South Africa,Business,2020,1,False
Luxembourg,Business,2024,2,False
Iran,Business,2018,0,True
Germany,Business,2021,10,False
Ukraine,Business,2017,0,True
Romania,Business,2022,0,False
Canada,Business,2015,32,True
United States,Business,2017,1141,True
Malaysia,Energy Management,2021,0,False
Netherlands,Energy Management,2024,0,False
South Korea,Energy Management,2016,56,True
South Korea,Energy Management,2017,100,True
Ukraine,Energy Management,2023,0,False
Argentina,Energy Management,2020,0,False
United States,Energy Management,2023,4,False
Austria,Energy Management,2021,2,False
Germany,Energy Management,2018,13,True
France,Energy Management,2018,5,True
Poland,Industry and Manufacturing,2021,5,False
Brazil,Industry and Manufacturing,2020,13,False
Ireland,Industry and Manufacturing,2022,0,False
Hungary,Industry and Manufacturing,2019,0,False
European Patent Organization,Industry and Manufacturing,2022,13,False
South Africa,Industry and Manufacturing,2020,0,False
Luxembourg,Industry and Manufacturing,2020,3,False
Austria,Industry and Manufacturing,2023,0,False
Czechia,Industry and Manufacturing,2018,0,True
Czechia,Industry and Manufacturing,2019,0,False
Peru,Industry and Manufacturing,2023,0,False
Denmark,Industry and Manufacturing,2021,1,False
Morocco,Life Sciences,2018,1,True
United Kingdom,Life Sciences,2019,39,False
European Patent Organization,Life Sciences,2019,112,False
United States,Life Sciences,2015,503,True
Singapore,Life Sciences,2016,7,True
Iran,Life Sciences,2018,0,True
South Korea,Personal Devices and Computing,2022,980,False
France,Personal Devices and Computing,2015,10,True
Netherlands,Personal Devices and Computing,2024,1,False
Germany,Personal Devices and Computing,2018,165,True
Australia,Personal Devices and Computing,2018,183,True
Hungary,Personal Devices and Computing,2022,3,False
Denmark,Personal Devices and Computing,2019,11,False
Denmark,Personal Devices and Computing,2021,0,False
Belgium,Personal Devices and Computing,2022,1,False
Croatia,Physical Sciences and Engineering,2019,0,False
China (mainland),Physical Sciences and Engineering,2016,129,True
Ukraine,Physical Sciences and Engineering,2015,0,True
European Patent Organization,Physical Sciences and Engineering,2017,4,True
European Patent Organization,Physical Sciences and Engineering,2019,18,False
European Patent Organization,Physical Sciences and Engineering,2022,5,False
Japan,Physical Sciences and Engineering,2016,34,True
South Africa,Physical Sciences and Engineering,2017,1,True
Czechia,Physical Sciences and Engineering,2018,0,True
New Zealand,Physical Sciences and Engineering,2015,1,True
Latvia,Security,2020,0,False
South Korea,Security,2022,278,False
Israel,Security,2022,0,False
Austria,Security,2021,0,False
Netherlands,Security,2018,1,True
Italy,Security,2015,0,True
International Bureau of WIPO,Telecommunications,2015,1,True
Finland,Telecommunications,2019,8,False
Estonia,Telecommunications,2022,0,False
Cuba,Telecommunications,2020,1,False
South Korea,Telecommunications,2020,1076,False
Bulgaria,Telecommunications,2021,0,False
Luxembourg,Telecommunications,2016,0,True
Luxembourg,Telecommunications,2017,0,True
Luxembourg,Telecommunications,2020,1,False
Uruguay,Telecommunications,2020,0,False
Argentina,Transportation,2019,1,False
South Korea,Transportation,2022,216,False
India,Transportation,2017,11,True
Finland,Transportation,2023,0,False
Netherlands,Transportation,2019,1,False
Norway,Transportation,2020,1,False
South Africa,Transportation,2018,0,True
Denmark,Transportation,2016,3,True
Taiwan,Transportation,2016,5,True
Slovakia,Transportation,2023,0,False
New Zealand,Agriculture,2016,1,True
Poland,Agriculture,2023,0,False
Colombia,Agriculture,2019,0,False
Greece,Agriculture,2018,0,True
Costa Rica,Agriculture,2020,0,False
Bulgaria,Agriculture,2020,0,False
Romania,Agriculture,2015,0,True
Netherlands,Agriculture,2018,0,True
Peru,Agriculture,2019,0,False
Germany,Agriculture,2016,0,True
World Intellectual Property Organization (WIPO),All,2016,3,True
Jordan,All,2021,2,False
Mexico,All,2017,52,True
Romania,All,2016,1,True
Bulgaria,All,2021,3,False
European Patent Organization,All,2016,87,True
Russia,All,2019,165,False
Germany,All,2021,338,False
Eurasian Patent Organization,All,2015,2,True
Singapore,All,2015,25,True
Philippines,All,2019,12,False
Malaysia,Banking and Finance,2022,0,False
San Marino,Banking and Finance,2015,0,True
Germany,Banking and Finance,2019,14,False
Spain,Banking and Finance,2019,3,False
France,Banking and Finance,2017,3,True
South Africa,Banking and Finance,2018,0,True
United Kingdom,Banking and Finance,2018,14,True
Saudi Arabia,Banking and Finance,2021,0,False
International Bureau of WIPO,Banking and Finance,2017,0,True
Japan,Banking and Finance,2020,67,False
Poland,Banking and Finance,2022,0,False
Slovakia,Banking and Finance,2015,0,True
Luxembourg,Business,2023,16,False
China (mainland),Business,2018,1346,True
Israel,Business,2019,1,False
Israel,Business,2022,0,False
Belgium,Business,2016,0,True
Morocco,Business,2022,2,False
Portugal,Business,2021,0,False
Spain,Business,2020,5,False
Spain,Business,2021,4,False
Belgium,Energy Management,2019,0,False
Singapore,Energy Management,2019,1,False
Netherlands,Energy Management,2023,0,False
Czechia,Energy Management,2022,0,False
Switzerland,Energy Management,2018,0,True
Japan,Energy Management,2018,109,True
Uruguay,Energy Management,2017,0,True
Norway,Energy Management,2016,0,True
Luxembourg,Energy Management,2022,2,False
Bulgaria,Industry and Manufacturing,2020,0,False
Netherlands,Industry and Manufacturing,2021,5,False
Serbia,Industry and Manufacturing,2017,1,True
Germany,Industry and Manufacturing,2015,10,True
Germany,Industry and Manufacturing,2023,3,False
South Africa,Industry and Manufacturing,2024,0,False
Russia,Industry and Manufacturing,2020,7,False
China (mainland),Industry and Manufacturing,2015,71,True
China (mainland),Industry and Manufacturing,2023,3255,False
France,Industry and Manufacturing,2022,4,False
Greece,Industry and Manufacturing,2019,0,False
Uruguay,Industry and Manufacturing,2017,1,True
Austria,Industry and Manufacturing,2020,2,False
United Kingdom,Life Sciences,2017,34,True
Israel,Life Sciences,2018,0,True
Turkey,Life Sciences,2021,0,False
Portugal,Life Sciences,2019,1,False
Hungary,Life Sciences,2016,0,True
Netherlands,Personal Devices and Computing,2015,3,True
Netherlands,Personal Devices and Computing,2018,3,True
Germany,Personal Devices and Computing,2024,10,False
Norway,Personal Devices and Computing,2019,3,False
Morocco,Personal Devices and Computing,2019,3,False
Slovenia,Personal Devices and Computing,2015,2,True
Hungary,Personal Devices and Computing,2017,2,True
Serbia,Physical Sciences and Engineering,2020,0,False
France,Physical Sciences and Engineering,2017,4,True
International Bureau of WIPO,Physical Sciences and Engineering,2017,1,True
United Kingdom,Physical Sciences and Engineering,2018,29,True
Italy,Physical Sciences and Engineering,2021,5,False
San Marino,Physical Sciences and Engineering,2018,0,True
Sweden,Physical Sciences and Engineering,2017,2,True
Morocco,Physical Sciences and Engineering,2017,0,True
Turkey,Physical Sciences and Engineering,2016,0,True
United States,Physical Sciences and Engineering,2019,365,False
Luxembourg,Physical Sciences and Engineering,2021,2,False
Spain,Security,2024,0,False
Sweden,Security,2020,2,False
Morocco,Security,2019,2,False
Estonia,Security,2022,0,False
Australia,Security,2021,106,False
Israel,Security,2015,2,True
Lithuania,Security,2022,0,False
Costa Rica,Security,2020,0,False
Turkey,Security,2019,0,False
Finland,Telecommunications,2017,7,True
Israel,Telecommunications,2017,5,True
Malaysia,Telecommunications,2015,3,True
New Zealand,Telecommunications,2015,3,True
United States,Telecommunications,2023,111,False
Ukraine,Telecommunications,2015,0,True
Sweden,Transportation,2018,5,True
Costa Rica,Transportation,2020,0,False
United Kingdom,Transportation,2024,0,False
Morocco,Transportation,2020,0,False
China (mainland),Transportation,2015,104,True
European Patent Organization,Transportation,2021,46,False
Denmark,Agriculture,2020,1,False
France,Agriculture,2016,0,True
Philippines,Agriculture,2021,0,False
Czechia,Agriculture,2017,0,True
Czechia,Agriculture,2023,0,False
Italy,Agriculture,2023,0,False
Mexico,Agriculture,2018,7,True
United States,Agriculture,2021,58,False
Ireland,Agriculture,2018,0,True
Spain,Agriculture,2017,5,True
Switzerland,Agriculture,2021,0,False
Slovenia,Agriculture,2015,0,True
Taiwan,Agriculture,2024,0,False
Netherlands,All,2020,19,False
South Africa,All,2024,1,False
Greece,All,2016,3,True
Greece,All,2019,3,False
Australia,All,2018,400,True
Belgium,All,2023,1,False
South Korea,All,2022,4496,False
Hungary,Banking and Finance,2020,2,False
Ireland,Banking and Finance,2016,0,True
Switzerland,Banking and Finance,2021,0,False
India,Banking and Finance,2016,1,True
South Korea,Banking and Finance,2020,195,False
South Africa,Banking and Finance,2017,1,True
Lithuania,Banking and Finance,2018,0,True
Czechia,Banking and Finance,2023,0,False
Luxembourg,Banking and Finance,2023,1,False
South Korea,Business,2017,205,True
Greece,Business,2017,1,True
Ireland,Business,2023,0,False
Peru,Business,2016,0,True
Belgium,Business,2020,0,False
Netherlands,Business,2016,0,True
Cuba,Business,2020,0,False
World Intellectual Property Organization (WIPO),Energy Management,2021,1,False
Malaysia,Energy Management,2019,1,False
Czechia,Energy Management,2021,0,False
China (mainland),Energy Management,2017,380,True
Sweden,Energy Management,2022,4,False
Brazil,Energy Management,2022,0,False
Spain,Energy Management,2022,1,False
Slovenia,Energy Management,2018,1,True
Croatia,Energy Management,2019,0,False
Greece,Energy Management,2019,1,False
Taiwan,Energy Management,2015,2,True
Netherlands,Industry and Manufacturing,2017,0,True
Philippines,Industry and Manufacturing,2021,0,False
Taiwan,Industry and Manufacturing,2020,26,False
Hungary,Industry and Manufacturing,2021,2,False
Lithuania,Industry and Manufacturing,2016,1,True
Eurasian Patent Organization,Industry and Manufacturing,2016,0,True
Russia,Industry and Manufacturing,2016,3,True
Slovenia,Industry and Manufacturing,2016,0,True
Austria,Industry and Manufacturing,2018,0,True
Peru,Industry and Manufacturing,2018,0,True
Israel,Life Sciences,2016,0,True
Greece,Life Sciences,2019,0,False
Portugal,Life Sciences,2017,3,True
Poland,Life Sciences,2015,4,True
International Bureau of WIPO,Life Sciences,2016,2,True
Czechia,Life Sciences,2023,0,False
Mexico,Personal Devices and Computing,2016,14,True
Philippines,Personal Devices and Computing,2017,1,True
Norway,Personal Devices and Computing,2018,1,True
Luxembourg,Personal Devices and Computing,2016,1,True
Spain,Personal Devices and Computing,2018,39,True
World Intellectual Property Organization (WIPO),Personal Devices and Computing,2023,1,False
Estonia,Physical Sciences and Engineering,2022,0,False
Russia,Physical Sciences and Engineering,2020,18,False
Israel,Physical Sciences and Engineering,2017,0,True
Belgium,Physical Sciences and Engineering,2020,2,False
Hungary,Physical Sciences and Engineering,2017,1,True
France,Physical Sciences and Engineering,2022,5,False
United Kingdom,Physical Sciences and Engineering,2016,6,True
Romania,Physical Sciences and Engineering,2019,0,False
Germany,Physical Sciences and Engineering,2024,1,False
Iran,Physical Sciences and Engineering,2018,0,True
Mexico,Security,2020,2,False
Hungary,Security,2020,1,False
South Africa,Security,2023,0,False
Brazil,Security,2015,1,True
South Korea,Security,2015,12,True
South Korea,Security,2017,110,True
Greece,Security,2022,1,False
Czechia,Security,2018,0,True
Japan,Security,2022,35,False
European Patent Organization,Telecommunications,2015,12,True
Italy,Telecommunications,2023,0,False
Japan,Telecommunications,2018,404,True
Italy,Transportation,2022,1,False
Ukraine,Transportation,2019,0,False
Australia,Transportation,2022,4,False
Portugal,Transportation,2018,2,True
Saudi Arabia,Agriculture,2021,0,False
New Zealand,Agriculture,2020,0,False
Bulgaria,Agriculture,2017,0,True
Italy,Agriculture,2021,2,False
Uruguay,Agriculture,2020,1,False
Romania,All,2018,1,True
Spain,All,2018,104,True
Switzerland,All,2018,2,True
South Africa,All,2016,2,True
Belgium,All,2020,6,False
Portugal,All,2017,7,True
Singapore,All,2016,42,True
Philippines,All,2016,2,True
Russia,Banking and Finance,2021,0,False
Bulgaria,Banking and Finance,2022,0,False
Brazil,Banking and Finance,2022,0,False
South Africa,Business,2018,1,True
South Korea,Business,2021,858,False
South Korea,Business,2022,700,False
China (mainland),Business,2021,4951,False
Philippines,Business,2019,4,False
India,Business,2017,31,True
Slovenia,Business,2018,0,True
Finland,Business,2019,4,False
Mexico,Business,2016,11,True
Malaysia,Business,2015,2,True
Eurasian Patent Organization,Business,2017,0,True
United States,Business,2024,1,False
Colombia,Energy Management,2015,0,True
Russia,Energy Management,2015,2,True
New Zealand,Energy Management,2020,0,False
Sweden,Energy Management,2019,2,False
Israel,Energy Management,2021,0,False
Spain,Industry and Manufacturing,2020,9,False
Poland,Industry and Manufacturing,2018,2,True
Hungary,Industry and Manufacturing,2015,0,True
Denmark,Industry and Manufacturing,2018,1,True
Netherlands,Life Sciences,2024,0,False
Malaysia,Life Sciences,2019,5,False
United States,Life Sciences,2022,268,False
Taiwan,Life Sciences,2023,9,False
New Zealand,Life Sciences,2022,0,False
Slovenia,Life Sciences,2018,2,True
Japan,Life Sciences,2016,199,True
India,Life Sciences,2017,28,True
Mexico,Personal Devices and Computing,2015,4,True
International Bureau of WIPO,Personal Devices and Computing,2017,5,True
South Africa,Personal Devices and Computing,2024,0,False
Czechia,Personal Devices and Computing,2018,1,True
Czechia,Personal Devices and Computing,2023,0,False
Italy,Personal Devices and Computing,2022,2,False
United States,Personal Devices and Computing,2023,219,False
Spain,Personal Devices and Computing,2021,7,False
Canada,Personal Devices and Computing,2016,139,True
Denmark,Personal Devices and Computing,2022,0,False
European Patent Organization,Personal Devices and Computing,2020,313,False
Denmark,Physical Sciences and Engineering,2017,0,True
Japan,Physical Sciences and Engineering,2017,47,True
Japan,Physical Sciences and Engineering,2019,138,False
Italy,Physical Sciences and Engineering,2019,3,False
Peru,Physical Sciences and Engineering,2021,1,False
Singapore,Physical Sciences and Engineering,2015,3,True
South Korea,Physical Sciences and Engineering,2021,261,False
New Zealand,Physical Sciences and Engineering,2022,0,False
Poland,Security,2018,1,True
Serbia,Security,2015,0,True
Canada,Security,2015,7,True
European Patent Organization,Security,2015,2,True
Philippines,Security,2017,0,True
Peru,Security,2015,0,True
Saudi Arabia,Security,2021,0,False
France,Security,2018,11,True
Germany,Security,2018,22,True
Italy,Security,2021,1,False
Romania,Telecommunications,2015,1,True
Romania,Telecommunications,2016,0,True
Austria,Telecommunications,2022,0,False
Australia,Telecommunications,2019,92,False
Greece,Telecommunications,2021,2,False
Hungary,Telecommunications,2015,0,True
United Kingdom,Telecommunications,2018,51,True
Belgium,Telecommunications,2018,1,True
Germany,Telecommunications,2019,73,False
Colombia,Telecommunications,2019,0,False
China (mainland),Telecommunications,2023,2557,False
Uruguay,Transportation,2017,0,True
Romania,Transportation,2017,0,True
Netherlands,Transportation,2018,0,True
Turkey,Transportation,2017,0,True
Turkey,Transportation,2019,0,False
Japan,Transportation,2021,119,False
Germany,Transportation,2017,138,True
Czechia,Transportation,2020,0,False
Portugal,Transportation,2019,0,False
Serbia,Agriculture,2020,0,False
Romania,Agriculture,2023,0,False
Australia,Agriculture,2015,2,True
Mexico,Agriculture,2015,0,True
World Intellectual Property Organization (WIPO),Agriculture,2023,0,False
South Korea,Agriculture,2015,1,True
South Korea,Agriculture,2023,12,False
Poland,All,2021,14,False
Croatia,All,2015,2,True
Peru,All,2020,8,False
Germany,All,2024,29,False
Czechia,All,2020,2,False
Taiwan,All,2022,449,False
United States,All,2023,446,False
Netherlands,Banking and Finance,2017,0,True
Spain,Banking and Finance,2023,0,False
Israel,Banking and Finance,2020,0,False
Luxembourg,Business,2018,0,True
Sweden,Business,2015,1,True
Poland,Business,2015,1,True
Denmark,Business,2017,0,True
International Bureau of WIPO,Business,2015,0,True
India,Business,2015,16,True
Morocco,Business,2015,1,True
Netherlands,Business,2023,0,False
European Patent Organization,Business,2018,30,True
Singapore,Business,2016,12,True
Mexico,Business,2015,3,True
Russia,Business,2020,10,False
United States,Business,2019,1639,False
Indonesia,Energy Management,2016,0,True
Belgium,Energy Management,2020,1,False
Singapore,Energy Management,2015,1,True
New Zealand,Energy Management,2018,0,True
Ukraine,Energy Management,2018,0,True
European Patent Organization,Energy Management,2019,32,False
Spain,Energy Management,2021,4,False
Greece,Energy Management,2017,0,True
Greece,Energy Management,2023,0,False
Morocco,Energy Management,2015,0,True
Serbia,Energy Management,2015,0,True
Finland,Industry and Manufacturing,2017,1,True
International Bureau of WIPO,Industry and Manufacturing,2017,1,True
International Bureau of WIPO,Industry and Manufacturing,2018,1,True
Singapore,Industry and Manufacturing,2017,4,True
Switzerland,Industry and Manufacturing,2020,1,False
Spain,Industry and Manufacturing,2024,0,False
Poland,Industry and Manufacturing,2017,1,True
Brazil,Industry and Manufacturing,2018,12,True
Israel,Industry and Manufacturing,2017,3,True
Sweden,Industry and Manufacturing,2019,2,False
Netherlands,Life Sciences,2023,1,False
Sweden,Life Sciences,2022,3,False
Australia,Life Sciences,2020,189,False
Greece,Life Sciences,2016,0,True
Jordan,Life Sciences,2021,0,False
Portugal,Life Sciences,2018,2,True
Uruguay,Life Sciences,2017,0,True
Hungary,Life Sciences,2018,2,True
Turkey,Personal Devices and Computing,2015,2,True
China (mainland),Personal Devices and Computing,2023,12165,False
San Marino,Personal Devices and Computing,2018,0,True
Israel,Personal Devices and Computing,2018,6,True
Taiwan,Personal Devices and Computing,2019,112,False
Italy,Personal Devices and Computing,2023,1,False
Argentina,Personal Devices and Computing,2020,1,False
Ireland,Personal Devices and Computing,2016,1,True
Singapore,Personal Devices and Computing,2021,2,False
New Zealand,Personal Devices and Computing,2015,5,True
Denmark,Physical Sciences and Engineering,2020,0,False
Denmark,Physical Sciences and Engineering,2022,1,False
Colombia,Physical Sciences and Engineering,2015,1,True
China (mainland),Physical Sciences and Engineering,2023,1313,False
Israel,Physical Sciences and Engineering,2015,0,True
Finland,Physical Sciences and Engineering,2022,1,False
Malaysia,Physical Sciences and Engineering,2015,0,True
Argentina,Physical Sciences and Engineering,2019,2,False
South Africa,Physical Sciences and Engineering,2016,0,True
Philippines,Physical Sciences and Engineering,2021,0,False
Luxembourg,Security,2021,2,False
Belgium,Security,2019,0,False
Kenya,Security,2016,0,True
China (mainland),Security,2015,53,True
Malaysia,Security,2019,1,False
Croatia,Security,2018,0,True
Israel,Telecommunications,2015,4,True
Sweden,Telecommunications,2018,5,True
Peru,Telecommunications,2020,3,False
Japan,Telecommunications,2016,143,True
Japan,Telecommunications,2021,290,False
Morocco,Telecommunications,2015,1,True
Peru,Transportation,2020,0,False
Italy,Transportation,2021,2,False
Italy,Transportation,2023,0,False
Sweden,Transportation,2019,1,False
South Korea,Transportation,2020,370,False
France,Transportation,2018,30,True
Australia,Transportation,2019,22,False
Switzerland,Transportation,2018,0,True
Switzerland,Transportation,2020,0,False
United Kingdom,Transportation,2015,7,True
United Kingdom,Transportation,2017,33,True
Ireland,Transportation,2018,0,True
Malaysia,Transportation,2019,0,False
Denmark,Transportation,2017,2,True
World Intellectual Property Organization (WIPO),Transportation,2023,1,False
Luxembourg,Transportation,2016,0,True
Czechia,Agriculture,2019,0,False
Spain,Agriculture,2023,0,False
Uruguay,Agriculture,2017,1,True
India,All,2017,199,True
Netherlands,All,2016,6,True
Saudi Arabia,All,2021,1,False
Peru,All,2015,2,True
Greece,All,2017,10,True
Japan,All,2021,2567,False
Japan,All,2022,1062,False
Italy,All,2019,39,False
Germany,All,2018,447,True
Mexico,Banking and Finance,2020,3,False
New Zealand,Banking and Finance,2021,0,False
Canada,Banking and Finance,2022,1,False
Japan,Banking and Finance,2021,44,False
South Africa,Business,2017,0,True
Luxembourg,Business,2020,2,False
Luxembourg,Business,2021,6,False
Italy,Business,2015,0,True
Israel,Business,2017,3,True
World Intellectual Property Organization (WIPO),Business,2018,2,True
Singapore,Business,2015,5,True
New Zealand,Business,2019,0,False
Australia,Business,2017,33,True
Jordan,Business,2021,0,False
Peru,Energy Management,2016,0,True
Lithuania,Energy Management,2022,0,False
Poland,Energy Management,2018,1,True
Switzerland,Energy Management,2021,0,False
Ukraine,Energy Management,2017,0,True
France,Energy Management,2021,6,False
Italy,Energy Management,2016,0,True
Portugal,Energy Management,2021,0,False
Finland,Industry and Manufacturing,2022,1,False
Colombia,Industry and Manufacturing,2015,1,True
Netherlands,Industry and Manufacturing,2024,0,False
Belgium,Industry and Manufacturing,2023,0,False
Australia,Industry and Manufacturing,2021,61,False
Lithuania,Industry and Manufacturing,2018,0,True
Greece,Industry and Manufacturing,2017,1,True
South Korea,Industry and Manufacturing,2022,295,False
Peru,Industry and Manufacturing,2021,0,False
China (mainland),Life Sciences,2020,2547,False
Serbia,Life Sciences,2020,1,False
United States,Life Sciences,2016,712,True
Bulgaria,Life Sciences,2015,0,True
Greece,Life Sciences,2017,0,True
Finland,Life Sciences,2015,2,True
Germany,Life Sciences,2024,9,False
Hungary,Life Sciences,2020,2,False
Lithuania,Life Sciences,2018,4,True
Austria,Life Sciences,2019,0,False
South Korea,Personal Devices and Computing,2023,135,False
Russia,Personal Devices and Computing,2016,62,True
Taiwan,Personal Devices and Computing,2024,0,False
Czechia,Personal Devices and Computing,2022,0,False
Luxembourg,Personal Devices and Computing,2021,9,False
Singapore,Personal Devices and Computing,2016,29,True
Australia,Personal Devices and Computing,2017,112,True
Denmark,Personal Devices and Computing,2018,9,True
Netherlands,Physical Sciences and Engineering,2023,0,False
Belgium,Physical Sciences and Engineering,2021,1,False
Romania,Physical Sciences and Engineering,2021,0,False
Peru,Physical Sciences and Engineering,2019,1,False
South Korea,Physical Sciences and Engineering,2023,21,False
Norway,Physical Sciences and Engineering,2020,1,False
Morocco,Physical Sciences and Engineering,2020,0,False
Poland,Physical Sciences and Engineering,2022,0,False
Taiwan,Physical Sciences and Engineering,2022,5,False
Portugal,Physical Sciences and Engineering,2021,0,False
Luxembourg,Physical Sciences and Engineering,2020,2,False
Philippines,Physical Sciences and Engineering,2016,0,True
Philippines,Physical Sciences and Engineering,2020,1,False
Sweden,Security,2022,4,False
Canada,Security,2016,22,True
Australia,Security,2018,32,True
Portugal,Security,2019,0,False
New Zealand,Security,2019,2,False
South Korea,Security,2024,0,False
Israel,Security,2017,3,True
Bulgaria,Security,2023,0,False
Argentina,Security,2017,0,True
Greece,Telecommunications,2019,0,False
Brazil,Telecommunications,2022,0,False
Poland,Telecommunications,2020,1,False
Russia,Telecommunications,2021,5,False
Peru,Transportation,2018,0,True
Mexico,Transportation,2020,7,False
Sweden,Transportation,2017,5,True
Brazil,Transportation,2018,12,True
Russia,Transportation,2021,5,False
Norway,Transportation,2023,0,False
Malaysia,Transportation,2017,3,True
United States,Transportation,2023,23,False
European Patent Organization,Transportation,2023,0,False
Poland,Agriculture,2017,1,True
Poland,Agriculture,2020,1,False
Slovakia,Agriculture,2023,0,False
World Intellectual Property Organization (WIPO),Agriculture,2019,2,False
World Intellectual Property Organization (WIPO),Agriculture,2022,1,False
South Korea,Agriculture,2016,13,True
South Korea,Agriculture,2024,1,False
Belgium,Agriculture,2016,0,True
Japan,Agriculture,2023,1,False
Slovenia,Agriculture,2022,0,False
Ireland,All,2018,1,True
Italy,All,2021,21,False
Hungary,All,2021,6,False
Norway,All,2020,6,False
World Intellectual Property Organization (WIPO),Banking and Finance,2017,1,True
Italy,Banking and Finance,2022,0,False
Sweden,Banking and Finance,2021,1,False
India,Banking and Finance,2019,0,False
Taiwan,Banking and Finance,2024,1,False
Singapore,Banking and Finance,2017,10,True
Mexico,Banking and Finance,2017,1,True
Romania,Banking and Finance,2017,0,True
New Zealand,Banking and Finance,2016,0,True
Canada,Banking and Finance,2015,15,True
Sweden,Business,2021,1,False
Czechia,Business,2022,0,False
Croatia,Business,2019,0,False
Argentina,Business,2019,1,False
Malaysia,Energy Management,2022,1,False
New Zealand,Energy Management,2019,0,False
Philippines,Energy Management,2018,0,True
Philippines,Energy Management,2020,0,False
San Marino,Energy Management,2018,0,True
Brazil,Energy Management,2015,3,True
Spain,Energy Management,2023,1,False
Costa Rica,Energy Management,2020,0,False
United Kingdom,Energy Management,2024,1,False
Bulgaria,Industry and Manufacturing,2015,0,True
Bulgaria,Industry and Manufacturing,2023,0,False
United Kingdom,Industry and Manufacturing,2016,11,True
South Africa,Industry and Manufacturing,2017,0,True
Greece,Industry and Manufacturing,2023,0,False
South Korea,Industry and Manufacturing,2024,0,False
Norway,Industry and Manufacturing,2019,2,False
Canada,Industry and Manufacturing,2021,26,False
Peru,Industry and Manufacturing,2017,0,True
Netherlands,Life Sciences,2021,8,False
Morocco,Life Sciences,2022,0,False
Malaysia,Life Sciences,2021,1,False
Luxembourg,Life Sciences,2024,1,False
Bulgaria,Life Sciences,2018,0,True
South Korea,Life Sciences,2019,713,False
Hungary,Life Sciences,2017,2,True
Hungary,Life Sciences,2019,2,False
Austria,Life Sciences,2020,0,False
Taiwan,Personal Devices and Computing,2018,109,True
Philippines,Personal Devices and Computing,2018,1,True
Philippines,Personal Devices and Computing,2020,5,False
Norway,Personal Devices and Computing,2021,2,False
Estonia,Personal Devices and Computing,2022,0,False
Chile,Physical Sciences and Engineering,2015,0,True
Netherlands,Physical Sciences and Engineering,2020,0,False
France,Physical Sciences and Engineering,2021,5,False
Japan,Physical Sciences and Engineering,2022,48,False
Peru,Physical Sciences and Engineering,2018,1,True
Malaysia,Physical Sciences and Engineering,2020,1,False
Norway,Physical Sciences and Engineering,2021,1,False
Bulgaria,Physical Sciences and Engineering,2018,0,True
Poland,Physical Sciences and Engineering,2023,0,False
Portugal,Physical Sciences and Engineering,2020,0,False
Canada,Security,2022,1,False
Morocco,Security,2015,0,True
United Kingdom,Security,2018,20,True
Ukraine,Security,2015,0,True
Germany,Security,2023,9,False
Austria,Telecommunications,2023,0,False
Greece,Telecommunications,2018,0,True
Greece,Telecommunications,2020,0,False
Poland,Telecommunications,2023,0,False
Eurasian Patent Organization,Telecommunications,2015,0,True
Slovenia,Telecommunications,2022,0,False
Germany,Telecommunications,2018,75,True
Colombia,Telecommunications,2015,0,True
Ukraine,Telecommunications,2021,0,False
Sweden,Transportation,2015,1,True
Brazil,Transportation,2017,16,True
Ukraine,Transportation,2023,0,False
France,Transportation,2022,21,False
Switzerland,Transportation,2017,0,True
Eurasian Patent Organization,Transportation,2016,0,True
Ireland,Transportation,2022,0,False
Norway,Transportation,2016,0,True
Germany,Transportation,2021,79,False
European Patent Organization,Transportation,2015,18,True
Taiwan,Transportation,2022,9,False
Denmark,Agriculture,2022,0,False
Philippines,Agriculture,2019,1,False
China (mainland),Agriculture,2023,671,False
Netherlands,Agriculture,2020,0,False
Australia,Agriculture,2017,14,True
Luxembourg,Agriculture,2019,0,False
India,Agriculture,2021,0,False
Morocco,Agriculture,2017,0,True
World Intellectual Property Organization (WIPO),All,2023,4,False
United Kingdom,All,2018,260,True
Singapore,All,2017,80,True
South Korea,All,2024,47,False
China (mainland),Banking and Finance,2019,384,False
Philippines,Banking and Finance,2021,2,False
Ireland,Banking and Finance,2023,0,False
Jordan,Banking and Finance,2021,0,False
European Patent Organization,Banking and Finance,2021,11,False
South Korea,Banking and Finance,2021,178,False
Luxembourg,Banking and Finance,2021,0,False
China (mainland),Business,2019,2264,False
Greece,Business,2021,1,False
Greece,Business,2022,3,False
World Intellectual Property Organization (WIPO),Business,2023,0,False
Belgium,Business,2021,1,False
Ukraine,Business,2016,0,True
Bulgaria,Business,2019,0,False
Taiwan,Business,2023,4,False
United States,Business,2022,319,False
Australia,Business,2015,22,True
Finland,Energy Management,2017,0,True
India,Energy Management,2018,1,True
China (mainland),Energy Management,2018,642,True
United States,Energy Management,2024,1,False
South Africa,Energy Management,2017,0,True
Mexico,Energy Management,2017,2,True
Romania,Energy Management,2016,0,True
United Kingdom,Energy Management,2019,12,False
Bulgaria,Energy Management,2017,0,True
Romania,Industry and Manufacturing,2022,0,False
International Bureau of WIPO,Industry and Manufacturing,2015,0,True
Turkey,Industry and Manufacturing,2019,1,False
Israel,Industry and Manufacturing,2015,0,True
New Zealand,Industry and Manufacturing,2021,0,False
Slovenia,Industry and Manufacturing,2022,0,False
Eurasian Patent Organization,Life Sciences,2018,1,True
China (mainland),Life Sciences,2022,2383,False
Slovakia,Life Sciences,2015,0,True
Mexico,Life Sciences,2018,22,True
Mexico,Life Sciences,2019,20,False
Turkey,Life Sciences,2018,0,True
Switzerland,Life Sciences,2016,2,True
Japan,Life Sciences,2023,5,False
South Korea,Personal Devices and Computing,2021,1535,False
Mexico,Personal Devices and Computing,2021,7,False
China (mainland),Personal Devices and Computing,2018,6470,True
France,Personal Devices and Computing,2022,21,False
Ukraine,Personal Devices and Computing,2017,0,True
United States,Personal Devices and Computing,2020,6754,False
Romania,Personal Devices and Computing,2016,0,True
European Patent Organization,Personal Devices and Computing,2019,270,False
Romania,Physical Sciences and Engineering,2023,0,False
Malaysia,Physical Sciences and Engineering,2017,3,True
Norway,Physical Sciences and Engineering,2019,0,False
Norway,Physical Sciences and Engineering,2022,1,False
Taiwan,Physical Sciences and Engineering,2020,4,False
Turkey,Physical Sciences and Engineering,2019,0,False
Sweden,Security,2018,1,True
Canada,Security,2019,33,False
World Intellectual Property Organization (WIPO),Security,2022,2,False
Norway,Security,2020,2,False
Ukraine,Security,2023,0,False
Brazil,Security,2019,9,False
Romania,Security,2015,0,True
New Zealand,Security,2018,1,True
Chile,Security,2018,0,True
Netherlands,Security,2019,1,False
Italy,Security,2018,0,True
Italy,Telecommunications,2015,1,True
South Africa,Telecommunications,2022,0,False
United Kingdom,Telecommunications,2016,37,True
United Kingdom,Telecommunications,2017,37,True
Turkey,Telecommunications,2017,0,True
Eurasian Patent Organization,Telecommunications,2017,0,True
Canada,Telecommunications,2022,3,False
Argentina,Telecommunications,2022,1,False
China (mainland),Telecommunications,2022,3929,False
Poland,Transportation,2019,1,False
Poland,Transportation,2021,1,False
India,Transportation,2019,0,False
Turkey,Transportation,2021,0,False
Denmark,Transportation,2021,0,False
Lithuania,Transportation,2020,0,False
Argentina,Agriculture,2019,3,False
Singapore,Agriculture,2021,0,False
China (mainland),Agriculture,2019,292,False
Finland,Agriculture,2015,0,True
United States,Agriculture,2017,102,True
European Patent Organization,Agriculture,2023,0,False
European Patent Organization,All,2015,59,True
Norway,All,2023,1,False
United States,All,2018,11594,True
Australia,Banking and Finance,2017,17,True
San Marino,Banking and Finance,2018,0,True
Estonia,Banking and Finance,2022,0,False
Serbia,Banking and Finance,2020,0,False
Brazil,Banking and Finance,2016,2,True
China (mainland),Business,2016,302,True
Italy,Business,2019,1,False
Israel,Business,2016,0,True
Morocco,Business,2019,2,False
Spain,Business,2016,4,True
Singapore,Business,2017,16,True
Uruguay,Business,2020,0,False
Romania,Business,2023,0,False
Malaysia,Business,2017,6,True
Belgium,Energy Management,2022,0,False
Singapore,Energy Management,2017,0,True
Turkey,Energy Management,2018,0,True
European Patent Organization,Energy Management,2020,25,False
United States,Energy Management,2018,222,True
Austria,Energy Management,2016,2,True
San Marino,Energy Management,2015,0,True
Morocco,Energy Management,2018,0,True
Portugal,Industry and Manufacturing,2022,0,False
Bulgaria,Industry and Manufacturing,2019,0,False
Singapore,Industry and Manufacturing,2015,2,True
Argentina,Industry and Manufacturing,2022,0,False
Poland,Industry and Manufacturing,2019,3,False
Estonia,Industry and Manufacturing,2022,0,False
Australia,Industry and Manufacturing,2019,25,False
South Korea,Industry and Manufacturing,2017,127,True
Luxembourg,Industry and Manufacturing,2019,0,False
Luxembourg,Industry and Manufacturing,2023,5,False
Canada,Industry and Manufacturing,2018,38,True
Peru,Industry and Manufacturing,2019,0,False
Morocco,Life Sciences,2021,0,False
European Patent Organization,Life Sciences,2022,54,False
China (mainland),Life Sciences,2015,162,True
China (mainland),Life Sciences,2018,1033,True
Mexico,Life Sciences,2015,5,True
Ukraine,Life Sciences,2022,0,False
Italy,Life Sciences,2017,8,True
Peru,Life Sciences,2019,0,False
Czechia,Life Sciences,2020,0,False
Sweden,Personal Devices and Computing,2019,2,False
Norway,Personal Devices and Computing,2020,2,False
Luxembourg,Personal Devices and Computing,2023,23,False
Poland,Personal Devices and Computing,2021,3,False
Switzerland,Personal Devices and Computing,2018,1,True
Portugal,Personal Devices and Computing,2020,3,False
European Patent Organization,Personal Devices and Computing,2023,2,False
Croatia,Physical Sciences and Engineering,2018,0,True
Serbia,Physical Sciences and Engineering,2018,0,True
Belgium,Physical Sciences and Engineering,2023,0,False
Hungary,Physical Sciences and Engineering,2016,2,True
Finland,Physical Sciences and Engineering,2015,0,True
Sweden,Physical Sciences and Engineering,2021,1,False
Greece,Physical Sciences and Engineering,2019,1,False
Switzerland,Physical Sciences and Engineering,2016,1,True
Switzerland,Physical Sciences and Engineering,2021,0,False
South Africa,Physical Sciences and Engineering,2024,0,False
Poland,Physical Sciences and Engineering,2020,1,False
Slovenia,Security,2015,0,True
Russia,Security,2018,18,True
Ireland,Security,2016,0,True
Sri Lanka,Security,2016,0,True
Taiwan,Security,2019,5,False
Portugal,Security,2018,0,True
San Marino,Security,2015,0,True
Denmark,Security,2021,0,False
Greece,Security,2021,0,False
Switzerland,Telecommunications,2018,2,True
Australia,Telecommunications,2015,17,True
Denmark,Telecommunications,2015,5,True
Taiwan,Telecommunications,2016,13,True
Turkey,Telecommunications,2016,0,True
Malaysia,Telecommunications,2017,6,True
Slovenia,Telecommunications,2018,1,True
Canada,Telecommunications,2016,57,True
New Zealand,Telecommunications,2018,1,True
Morocco,Telecommunications,2016,0,True
China (mainland),Telecommunications,2021,4291,False
Peru,Transportation,2019,0,False
Mexico,Transportation,2021,1,False
International Bureau of WIPO,Transportation,2017,1,True
Morocco,Transportation,2022,0,False
South Africa,Transportation,2017,0,True
Luxembourg,Transportation,2022,0,False
San Marino,Agriculture,2015,0,True
Malaysia,Agriculture,2020,1,False
Brazil,Agriculture,2015,1,True
Lithuania,Agriculture,2015,0,True
Israel,Agriculture,2015,0,True
Poland,All,2023,2,False
Luxembourg,All,2022,72,False
United Kingdom,All,2021,192,False
Brazil,All,2019,147,False
Brazil,All,2020,86,False
European Patent Organization,All,2023,9,False
Spain,All,2024,2,False
Malaysia,All,2020,16,False
Switzerland,All,2017,1,True
Peru,All,2023,1,False
Japan,All,2015,662,True
Turkey,All,2015,3,True
Hungary,All,2015,8,True
Sweden,All,2019,9,False
Greece,Banking and Finance,2020,0,False
Germany,Banking and Finance,2024,0,False
South Korea,Banking and Finance,2019,163,False
Spain,Banking and Finance,2024,0,False
Brazil,Banking and Finance,2018,5,True
Czechia,Business,2018,0,True
Spain,Business,2018,5,True
Germany,Business,2018,31,True
New Zealand,Business,2020,0,False
Russia,Business,2015,9,True
Russia,Business,2019,15,False
United States,Business,2015,464,True
Canada,Energy Management,2018,19,True
Ireland,Energy Management,2016,0,True
New Zealand,Energy Management,2016,0,True
Ukraine,Energy Management,2019,0,False
Mexico,Energy Management,2021,1,False
Portugal,Energy Management,2015,0,True
Morocco,Energy Management,2017,0,True
Serbia,Industry and Manufacturing,2018,1,True
Sweden,Industry and Manufacturing,2018,3,True
Sweden,Industry and Manufacturing,2021,3,False
South Africa,Industry and Manufacturing,2018,0,True
World Intellectual Property Organization (WIPO),Industry and Manufacturing,2022,0,False
China (mainland),Industry and Manufacturing,2017,331,True
Greece,Industry and Manufacturing,2022,0,False
United Kingdom,Life Sciences,2015,8,True
Luxembourg,Life Sciences,2020,0,False
Russia,Life Sciences,2019,8,False
Russia,Life Sciences,2020,22,False
Turkey,Life Sciences,2016,0,True
Peru,Life Sciences,2017,0,True
Japan,Life Sciences,2021,356,False
International Bureau of WIPO,Life Sciences,2018,1,True
Romania,Life Sciences,2018,1,True
Denmark,Life Sciences,2022,2,False
South Korea,Personal Devices and Computing,2017,695,True
France,Personal Devices and Computing,2016,22,True
Ukraine,Personal Devices and Computing,2018,1,True
San Marino,Personal Devices and Computing,2015,0,True
International Bureau of WIPO,Personal Devices and Computing,2018,8,True
Malaysia,Personal Devices and Computing,2022,1,False
Japan,Personal Devices and Computing,2021,595,False
Luxembourg,Personal Devices and Computing,2024,4,False
Spain,Personal Devices and Computing,2022,14,False
Brazil,Personal Devices and Computing,2017,25,True
China (mainland),Physical Sciences and Engineering,2018,372,True
Sri Lanka,Physical Sciences and Engineering,2016,0,True
Netherlands,Physical Sciences and Engineering,2018,0,True
Saudi Arabia,Physical Sciences and Engineering,2022,1,False
Sweden,Physical Sciences and Engineering,2018,0,True
Australia,Physical Sciences and Engineering,2022,2,False
Germany,Physical Sciences and Engineering,2022,16,False
South Korea,Physical Sciences and Engineering,2020,303,False
Luxembourg,Physical Sciences and Engineering,2018,1,True
Sweden,Security,2019,1,False
Russia,Security,2016,13,True
World Intellectual Property Organization (WIPO),Security,2023,1,False
Hungary,Security,2021,0,False
Hungary,Security,2022,1,False
Portugal,Security,2021,1,False
Iran,Security,2018,1,True
Austria,Security,2017,0,True
Czechia,Security,2022,0,False
Japan,Security,2015,17,True
Japan,Security,2017,72,True
Austria,Telecommunications,2015,1,True
Austria,Telecommunications,2017,0,True
Sweden,Telecommunications,2019,3,False
Iran,Telecommunications,2018,1,True
Poland,Telecommunications,2018,6,True
Japan,Telecommunications,2023,7,False
Taiwan,Telecommunications,2015,9,True
Belgium,Telecommunications,2022,0,False
New Zealand,Telecommunications,2022,0,False
Austria,Transportation,2020,3,False
Mexico,Transportation,2019,6,False
South Korea,Transportation,2016,113,True
South Korea,Transportation,2021,289,False
Poland,Transportation,2017,2,True
India,Transportation,2021,0,False
United Kingdom,Transportation,2016,17,True
China (mainland),Transportation,2023,4401,False
Belgium,Transportation,2017,2,True
World Intellectual Property Organization (WIPO),Transportation,2021,4,False
France,Agriculture,2021,0,False
Serbia,Agriculture,2015,0,True
China (mainland),Agriculture,2016,50,True
China (mainland),Agriculture,2022,684,False
Finland,Agriculture,2019,0,False
Norway,Agriculture,2016,0,True
Eurasian Patent Organization,Agriculture,2015,0,True
European Patent Organization,Agriculture,2019,3,False
Belgium,Agriculture,2022,0,False
Germany,Agriculture,2015,1,True
World Intellectual Property Organization (WIPO),All,2021,78,False
Bulgaria,All,2015,1,True
Spain,All,2019,89,False
International Bureau of WIPO,All,2016,6,True
Slovenia,All,2015,2,True
Slovenia,All,2018,7,True
Finland,All,2017,20,True
Greece,All,2015,2,True
Greece,All,2018,5,True
Australia,All,2017,255,True
Belgium,All,2019,1,False
Italy,All,2017,19,True
China (mainland),All,2024,13573,False
United States,All,2022,3060,False
Australia,Banking and Finance,2015,9,True
Netherlands,Banking and Finance,2019,0,False
Philippines,Banking and Finance,2017,0,True
Finland,Banking and Finance,2020,0,False
Sweden,Business,2016,2,True
Poland,Business,2018,2,True
Norway,Business,2023,0,False
Hungary,Business,2015,0,True
Peru,Business,2020,2,False
Spain,Business,2023,1,False
Slovenia,Business,2015,1,True
Taiwan,Business,2020,21,False
Mexico,Business,2018,9,True
Romania,Business,2017,1,True
Denmark,Energy Management,2015,2,True
European Patent Organization,Energy Management,2017,6,True
Germany,Energy Management,2015,4,True
Germany,Energy Management,2024,0,False
Brazil,Energy Management,2019,6,False
Portugal,Energy Management,2019,0,False
United Kingdom,Energy Management,2022,5,False
Israel,Energy Management,2023,0,False
Bulgaria,Energy Management,2021,0,False
Kenya,Energy Management,2016,0,True
Taiwan,Energy Management,2018,7,True
Finland,Industry and Manufacturing,2016,1,True
Switzerland,Industry and Manufacturing,2016,0,True
Spain,Industry and Manufacturing,2019,9,False
United Kingdom,Industry and Manufacturing,2024,1,False
France,Industry and Manufacturing,2019,8,False
Norway,Industry and Manufacturing,2022,1,False
Russia,Life Sciences,2018,21,True
Argentina,Life Sciences,2018,1,True
Portugal,Life Sciences,2022,2,False
Japan,Life Sciences,2015,122,True
Austria,Life Sciences,2021,0,False
Turkey,Personal Devices and Computing,2016,0,True
Austria,Personal Devices and Computing,2023,0,False
China (mainland),Personal Devices and Computing,2015,621,True
Russia,Personal Devices and Computing,2015,43,True
Taiwan,Personal Devices and Computing,2015,12,True
Italy,Personal Devices and Computing,2018,8,True
Morocco,Personal Devices and Computing,2016,1,True
Japan,Personal Devices and Computing,2020,1001,False
Spain,Personal Devices and Computing,2024,0,False
Belgium,Physical Sciences and Engineering,2019,0,False
Hungary,Physical Sciences and Engineering,2015,0,True
South Africa,Physical Sciences and Engineering,2020,0,False
South Africa,Physical Sciences and Engineering,2021,0,False
South Korea,Physical Sciences and Engineering,2019,223,False
Lithuania,Physical Sciences and Engineering,2019,0,False
United States,Physical Sciences and Engineering,2015,91,True
Canada,Security,2018,44,True
Belgium,Security,2018,0,True
International Bureau of WIPO,Security,2018,0,True
Norway,Security,2017,0,True
Hungary,Security,2016,0,True
France,Security,2016,6,True
Finland,Security,2016,0,True
Brazil,Security,2017,2,True
China (mainland),Security,2021,1607,False
Greece,Security,2018,0,True
Bulgaria,Security,2022,0,False
Japan,Security,2023,4,False
Norway,Telecommunications,2016,0,True
Sweden,Telecommunications,2022,2,False
Greece,Telecommunications,2017,0,True
Peru,Telecommunications,2022,0,False
Japan,Telecommunications,2015,71,True
Bulgaria,Telecommunications,2015,0,True
Bulgaria,Telecommunications,2022,0,False
United Kingdom,Telecommunications,2019,62,False
Sri Lanka,Telecommunications,2016,0,True
Singapore,Transportation,2015,1,True
Mexico,Transportation,2017,14,True
Spain,Transportation,2015,6,True
Slovenia,Transportation,2018,0,True
Denmark,Transportation,2015,3,True
Singapore,Agriculture,2019,2,False
Malaysia,Agriculture,2015,0,True
South Africa,Agriculture,2017,0,True
Norway,Agriculture,2017,1,True
Romania,Agriculture,2021,0,False
Lithuania,Agriculture,2019,0,False
Germany,Agriculture,2024,1,False
Canada,Agriculture,2021,8,False
Austria,Agriculture,2022,0,False
Poland,All,2016,15,True
Poland,All,2018,23,True
United Kingdom,All,2015,62,True
Canada,All,2015,156,True
Greece,All,2020,3,False
Hungary,All,2018,5,True
China (mainland),All,2023,29764,False
Argentina,All,2018,6,True
Philippines,Banking and Finance,2018,0,True
Italy,Banking and Finance,2019,3,False
Italy,Banking and Finance,2021,1,False
European Patent Organization,Banking and Finance,2015,1,True
Germany,Banking and Finance,2015,2,True
Taiwan,Banking and Finance,2018,6,True
Taiwan,Banking and Finance,2022,2,False
Bulgaria,Banking and Finance,2021,0,False
Turkey,Banking and Finance,2018,1,True
Canada,Banking and Finance,2016,14,True
South Africa,Business,2023,0,False
South Korea,Business,2018,421,True
Israel,Business,2018,1,True
Ireland,Business,2018,0,True
Spain,Business,2024,0,False
Ukraine,Business,2019,0,False
Bulgaria,Business,2018,0,True
Finland,Business,2018,2,True
Finland,Business,2020,4,False
Peru,Energy Management,2018,0,True
Poland,Energy Management,2019,1,False
India,Energy Management,2019,0,False
Singapore,Energy Management,2021,0,False
Eurasian Patent Organization,Energy Management,2018,0,True
Ukraine,Energy Management,2016,0,True
United States,Energy Management,2019,229,False
France,Energy Management,2020,18,False
Taiwan,Energy Management,2016,3,True
Taiwan,Energy Management,2024,0,False
Finland,Industry and Manufacturing,2015,2,True
Argentina,Industry and Manufacturing,2017,0,True
Chile,Industry and Manufacturing,2018,0,True
Israel,Industry and Manufacturing,2022,0,False
New Zealand,Industry and Manufacturing,2022,0,False
United States,Industry and Manufacturing,2015,97,True
European Patent Organization,Industry and Manufacturing,2020,46,False
Russia,Industry and Manufacturing,2018,7,True
Slovenia,Industry and Manufacturing,2015,1,True
Greece,Industry and Manufacturing,2020,0,False
South Korea,Industry and Manufacturing,2021,311,False
Mexico,Industry and Manufacturing,2020,13,False
Sweden,Life Sciences,2016,1,True
Canada,Life Sciences,2020,146,False
Mexico,Life Sciences,2022,0,False
Belgium,Life Sciences,2021,2,False
Norway,Life Sciences,2022,0,False
South Korea,Life Sciences,2023,66,False
Peru,Life Sciences,2021,0,False
Lithuania,Life Sciences,2017,0,True
United Kingdom,Personal Devices and Computing,2023,11,False
France,Personal Devices and Computing,2017,37,True
Eurasian Patent Organization,Personal Devices and Computing,2015,0,True
Argentina,Personal Devices and Computing,2019,0,False
Japan,Personal Devices and Computing,2019,1198,False
Japan,Personal Devices and Computing,2024,4,False
Ireland,Personal Devices and Computing,2022,0,False
European Patent Organization,Personal Devices and Computing,2016,42,True
China (mainland),Physical Sciences and Engineering,2022,1490,False
World Intellectual Property Organization (WIPO),Physical Sciences and Engineering,2016,0,True
Cuba,Physical Sciences and Engineering,2020,1,False
Czechia,Physical Sciences and Engineering,2020,0,False
Morocco,Physical Sciences and Engineering,2016,0,True
Taiwan,Physical Sciences and Engineering,2016,2,True
United States,Physical Sciences and Engineering,2021,198,False
Slovenia,Security,2018,0,True
Luxembourg,Security,2016,0,True
European Patent Organization,Security,2022,11,False
Belgium,Security,2020,0,False
Belgium,Security,2021,1,False
Peru,Security,2021,0,False
Slovakia,Security,2015,0,True
Hungary,Security,2015,0,True
South Africa,Security,2021,0,False
Brazil,Security,2016,5,True
Taiwan,Security,2016,2,True
Portugal,Security,2015,0,True
Romania,Security,2019,0,False
New Zealand,Security,2020,0,False
Lithuania,Security,2020,1,False
Netherlands,Security,2021,1,False
Turkey,Security,2021,0,False
Japan,Security,2021,75,False
Norway,Telecommunications,2017,0,True
Finland,Telecommunications,2015,0,True
Australia,Telecommunications,2022,15,False
Israel,Telecommunications,2022,2,False
Peru,Telecommunications,2015,0,True
Belgium,Telecommunications,2019,1,False
Ireland,Telecommunications,2016,0,True
Ireland,Telecommunications,2022,0,False
Brazil,Transportation,2016,22,True
Russia,Transportation,2020,12,False
France,Transportation,2019,31,False
United Kingdom,Transportation,2021,12,False
Morocco,Transportation,2016,0,True
Portugal,Transportation,2021,0,False
Portugal,Agriculture,2019,1,False
Slovakia,Agriculture,2021,0,False
Brazil,Agriculture,2016,7,True
South Africa,Agriculture,2023,0,False
European Patent Organization,Agriculture,2016,4,True
Ireland,Agriculture,2016,0,True
Japan,Agriculture,2019,37,False
Austria,Agriculture,2017,0,True
Canada,All,2016,284,True
Canada,All,2022,24,False
Netherlands,All,2021,44,False
Netherlands,All,2022,63,False
Bulgaria,All,2019,3,False
South Africa,All,2023,94,False
Finland,All,2015,6,True
Finland,All,2023,2,False
Russia,All,2015,95,True
Czechia,All,2019,1,False
Hungary,All,2020,6,False
Taiwan,All,2015,42,True
Argentina,All,2022,3,False
Philippines,All,2017,1,True
Australia,Banking and Finance,2019,40,False
Morocco,Banking and Finance,2020,0,False
Mexico,Banking and Finance,2018,2,True
Lithuania,Banking and Finance,2022,0,False
Israel,Banking and Finance,2019,0,False
Israel,Banking and Finance,2021,0,False
Poland,Business,2017,1,True
Japan,Business,2022,78,False
China (mainland),Business,2024,1672,False
International Bureau of WIPO,Business,2018,0,True
Peru,Business,2017,0,True
Morocco,Business,2017,1,True
Portugal,Business,2022,0,False
Turkey,Business,2015,0,True
Netherlands,Business,2019,2,False
Netherlands,Energy Management,2017,0,True
United States,Energy Management,2021,158,False
Australia,Energy Management,2015,3,True
Austria,Energy Management,2017,4,True
Italy,Energy Management,2021,2,False
Spain,Energy Management,2020,6,False
Spain,Energy Management,2024,0,False
Bulgaria,Energy Management,2023,0,False
Slovakia,Energy Management,2021,0,False
Singapore,Industry and Manufacturing,2018,9,True
Switzerland,Industry and Manufacturing,2021,1,False
Spain,Industry and Manufacturing,2021,10,False
Serbia,Industry and Manufacturing,2015,1,True
Israel,Industry and Manufacturing,2023,0,False
New Zealand,Industry and Manufacturing,2019,1,False
United States,Industry and Manufacturing,2018,427,True
United States,Industry and Manufacturing,2024,0,False
Ukraine,Industry and Manufacturing,2022,0,False
European Patent Organization,Industry and Manufacturing,2021,35,False
Russia,Industry and Manufacturing,2019,6,False
France,Industry and Manufacturing,2016,2,True
South Korea,Industry and Manufacturing,2020,355,False
Mexico,Industry and Manufacturing,2021,11,False
Colombia,Life Sciences,2015,0,True
Serbia,Life Sciences,2017,0,True
United States,Life Sciences,2023,37,False
South Korea,Life Sciences,2021,974,False
Spain,Life Sciences,2020,17,False
Brazil,Life Sciences,2022,0,False
Denmark,Life Sciences,2021,2,False
South Korea,Personal Devices and Computing,2018,1108,True
Austria,Personal Devices and Computing,2016,5,True
United Kingdom,Personal Devices and Computing,2016,75,True
Lithuania,Personal Devices and Computing,2022,0,False
Ukraine,Personal Devices and Computing,2022,0,False
Ireland,Personal Devices and Computing,2018,0,True
Spain,Personal Devices and Computing,2023,1,False
Slovenia,Personal Devices and Computing,2016,0,True
Slovakia,Personal Devices and Computing,2021,0,False
Belgium,Personal Devices and Computing,2016,1,True
China (mainland),Physical Sciences and Engineering,2024,637,False
World Intellectual Property Organization (WIPO),Physical Sciences and Engineering,2018,1,True
Sweden,Physical Sciences and Engineering,2020,1,False
Switzerland,Physical Sciences and Engineering,2020,1,False
Spain,Physical Sciences and Engineering,2022,2,False
Singapore,Security,2016,7,True
World Intellectual Property Organization (WIPO),Security,2016,0,True
Norway,Security,2021,0,False
Ukraine,Security,2019,0,False
New Zealand,Security,2021,0,False
China (mainland),Security,2019,573,False
Lithuania,Security,2015,0,True
Austria,Security,2022,0,False
Netherlands,Security,2023,0,False
Netherlands,Security,2024,0,False
Netherlands,Telecommunications,2019,3,False
Taiwan,Telecommunications,2018,30,True
Malaysia,Telecommunications,2020,3,False
Mexico,Telecommunications,2017,11,True
Germany,Telecommunications,2022,43,False
China (mainland),Telecommunications,2020,4017,False
China (mainland),Telecommunications,2024,1152,False
Ukraine,Telecommunications,2023,0,False
Austria,Transportation,2023,0,False
Peru,Transportation,2022,0,False
Italy,Transportation,2018,4,True
Bulgaria,Transportation,2022,0,False
Spain,Transportation,2023,0,False
Malaysia,Transportation,2022,0,False
Luxembourg,Transportation,2023,4,False
Canada,Transportation,2018,53,True
Canada,Transportation,2019,24,False
Croatia,Agriculture,2018,1,True
France,Agriculture,2022,1,False
South Africa,Agriculture,2020,0,False
Hungary,Agriculture,2021,0,False
Belgium,Agriculture,2021,0,False
India,Agriculture,2016,3,True
Austria,Agriculture,2023,0,False
Luxembourg,All,2023,75,False
Canada,All,2017,352,True
Mexico,All,2016,31,True
European Patent Organization,All,2018,433,True
Spain,All,2023,7,False
Finland,All,2020,24,False
Sweden,All,2018,17,True
Portugal,Banking and Finance,2018,0,True
Austria,Banking and Finance,2023,0,False
Switzerland,Banking and Finance,2016,2,True
South Korea,Banking and Finance,2015,8,True
Lithuania,Banking and Finance,2020,0,False
Canada,Banking and Finance,2020,25,False
South Africa,Business,2021,0,False
Kenya,Business,2016,0,True
Hungary,Business,2018,1,True
Belgium,Business,2017,2,True
Belgium,Business,2018,1,True
Morocco,Business,2021,0,False
European Patent Organization,Business,2019,44,False
France,Business,2021,7,False
Mexico,Business,2021,6,False
Russia,Business,2018,11,True
Finland,Energy Management,2018,2,True
Denmark,Energy Management,2018,1,True
Czechia,Energy Management,2019,0,False
Czechia,Energy Management,2023,0,False
Sweden,Energy Management,2018,1,True
Portugal,Energy Management,2020,0,False
Greece,Energy Management,2015,1,True
Morocco,Energy Management,2019,0,False
Taiwan,Energy Management,2021,5,False
Finland,Industry and Manufacturing,2018,3,True
Romania,Industry and Manufacturing,2017,0,True
Bulgaria,Industry and Manufacturing,2021,0,False
Singapore,Industry and Manufacturing,2021,0,False
Ukraine,Industry and Manufacturing,2016,0,True
Sweden,Industry and Manufacturing,2015,0,True
China (mainland),Industry and Manufacturing,2021,2701,False
France,Industry and Manufacturing,2015,1,True
Austria,Industry and Manufacturing,2015,0,True
Canada,Life Sciences,2022,4,False
France,Life Sciences,2019,18,False
South Korea,Life Sciences,2015,55,True
Italy,Life Sciences,2018,3,True
Poland,Life Sciences,2017,4,True
Finland,Life Sciences,2020,0,False
Austria,Life Sciences,2017,3,True
World Intellectual Property Organization (WIPO),Life Sciences,2019,18,False
China (mainland),Personal Devices and Computing,2016,1958,True
Lithuania,Personal Devices and Computing,2017,1,True
Germany,Personal Devices and Computing,2020,184,False
Bulgaria,Personal Devices and Computing,2021,0,False
United States,Personal Devices and Computing,2019,7792,False
Luxembourg,Personal Devices and Computing,2022,23,False
Ukraine,Physical Sciences and Engineering,2022,0,False
Germany,Physical Sciences and Engineering,2016,7,True
Germany,Physical Sciences and Engineering,2021,17,False
Switzerland,Physical Sciences and Engineering,2018,0,True
Bulgaria,Physical Sciences and Engineering,2023,0,False
Taiwan,Physical Sciences and Engineering,2023,3,False
Luxembourg,Security,2020,1,False
European Patent Organization,Security,2019,32,False
International Bureau of WIPO,Security,2015,0,True
United Kingdom,Security,2021,8,False
Norway,Security,2022,0,False
Australia,Security,2020,56,False
Finland,Telecommunications,2023,2,False
France,Telecommunications,2021,21,False
Hungary,Telecommunications,2021,1,False
Netherlands,Telecommunications,2016,2,True
United Kingdom,Telecommunications,2024,1,False
Singapore,Telecommunications,2017,24,True
Germany,Telecommunications,2016,26,True
Portugal,Telecommunications,2022,0,False
Sweden,Transportation,2021,3,False
Hungary,Transportation,2016,2,True
Luxembourg,Transportation,2019,1,False
Denmark,Agriculture,2015,0,True
France,Agriculture,2020,3,False
Turkey,Agriculture,2015,0,True
Turkey,Agriculture,2021,0,False
Singapore,Agriculture,2015,1,True
Colombia,Agriculture,2015,0,True
Italy,Agriculture,2018,0,True
Mexico,Agriculture,2016,2,True
Lithuania,Agriculture,2018,1,True
Japan,Agriculture,2015,10,True
Spain,Agriculture,2024,0,False
Switzerland,Agriculture,2020,0,False
India,Agriculture,2015,1,True
India,Agriculture,2020,0,False
World Intellectual Property Organization (WIPO),All,2020,99,False
Ukraine,All,2015,12,True
Ireland,All,2016,2,True
Croatia,All,2018,2,True
Canada,All,2020,457,False
European Patent Organization,All,2020,606,False
Australia,All,2020,655,False
Turkey,All,2017,3,True
Hungary,All,2019,7,False
South Korea,All,2015,380,True
Eurasian Patent Organization,Banking and Finance,2015,0,True
Czechia,Banking and Finance,2018,0,True
Brazil,Business,2019,25,False
South Korea,Business,2023,88,False
Austria,Business,2022,0,False
Croatia,Business,2015,0,True
World Intellectual Property Organization (WIPO),Business,2021,6,False
Russia,Business,2016,10,True
Eurasian Patent Organization,Business,2015,0,True
Finland,Energy Management,2020,1,False
Poland,Energy Management,2023,0,False
South Africa,Energy Management,2024,0,False
France,Energy Management,2022,12,False
Romania,Energy Management,2015,1,True
Spain,Industry and Manufacturing,2018,15,True
Belgium,Industry and Manufacturing,2018,3,True
Philippines,Industry and Manufacturing,2019,2,False
Germany,Industry and Manufacturing,2016,13,True
New Zealand,Industry and Manufacturing,2018,0,True
Australia,Industry and Manufacturing,2015,8,True
Eurasian Patent Organization,Industry and Manufacturing,2017,1,True
Israel,Life Sciences,2022,0,False
Slovakia,Life Sciences,2023,0,False
Norway,Life Sciences,2019,1,False
Germany,Life Sciences,2023,12,False
Brazil,Life Sciences,2021,10,False
Serbia,Personal Devices and Computing,2020,0,False
Israel,Personal Devices and Computing,2020,10,False
Sweden,Personal Devices and Computing,2020,8,False
Colombia,Personal Devices and Computing,2015,0,True
South Africa,Personal Devices and Computing,2016,1,True
Czechia,Personal Devices and Computing,2019,0,False
Germany,Personal Devices and Computing,2019,173,False
Finland,Personal Devices and Computing,2016,4,True
World Intellectual Property Organization (WIPO),Personal Devices and Computing,2017,7,True
Denmark,Physical Sciences and Engineering,2019,3,False
India,Physical Sciences and Engineering,2017,1,True
International Bureau of WIPO,Physical Sciences and Engineering,2016,1,True
Peru,Physical Sciences and Engineering,2017,1,True
Sweden,Physical Sciences and Engineering,2016,1,True
Austria,Physical Sciences and Engineering,2019,0,False
South Korea,Physical Sciences and Engineering,2017,68,True
Turkey,Physical Sciences and Engineering,2021,0,False
Portugal,Physical Sciences and Engineering,2018,1,True
Mexico,Security,2017,4,True
Serbia,Security,2020,0,False
Russia,Security,2017,16,True
Singapore,Security,2019,8,False
Belgium,Security,2022,0,False
Ireland,Security,2023,0,False
United Kingdom,Security,2015,5,True
United Kingdom,Security,2020,13,False
Finland,Security,2022,1,False
Finland,Security,2023,0,False
United States,Security,2022,228,False
South Korea,Security,2021,364,False
India,Security,2017,9,True
Austria,Security,2015,0,True
Malaysia,Security,2021,0,False
Argentina,Security,2020,0,False
International Bureau of WIPO,Telecommunications,2016,1,True
Switzerland,Telecommunications,2016,0,True
European Patent Organization,Telecommunications,2023,4,False
Italy,Telecommunications,2019,7,False
Finland,Telecommunications,2022,6,False
France,Telecommunications,2017,15,True
Sweden,Telecommunications,2017,4,True
Sweden,Telecommunications,2020,8,False
Peru,Telecommunications,2021,1,False
Luxembourg,Telecommunications,2023,7,False
Eurasian Patent Organization,Telecommunications,2018,0,True
Singapore,Telecommunications,2018,36,True
Costa Rica,Telecommunications,2020,0,False
Ukraine,Telecommunications,2016,0,True
Peru,Transportation,2021,0,False
Brazil,Transportation,2015,22,True
Chile,Transportation,2015,0,True
Finland,Transportation,2017,1,True
Ireland,Transportation,2016,0,True
Luxembourg,Transportation,2018,1,True
Canada,Transportation,2016,44,True
Croatia,Transportation,2019,0,False
United Kingdom,Agriculture,2017,4,True
Philippines,Agriculture,2017,0,True
Greece,Agriculture,2015,0,True
Greece,Agriculture,2016,0,True
Brazil,Agriculture,2019,15,False
World Intellectual Property Organization (WIPO),Agriculture,2017,0,True
United States,Agriculture,2022,21,False
Belgium,Agriculture,2017,2,True
Germany,Agriculture,2019,9,False
Germany,Agriculture,2020,4,False
Luxembourg,All,2020,12,False
Australia,All,2016,207,True
Italy,All,2016,11,True
Sweden,All,2015,3,True
China (mainland),All,2018,16328,True
Argentina,All,2017,1,True
Israel,All,2017,14,True
China (mainland),Banking and Finance,2017,158,True
Ireland,Banking and Finance,2018,0,True
Portugal,Banking and Finance,2016,0,True
Portugal,Banking and Finance,2017,0,True
European Patent Organization,Banking and Finance,2016,3,True
Belgium,Banking and Finance,2020,0,False
France,Banking and Finance,2022,1,False
United Kingdom,Banking and Finance,2021,1,False
United Kingdom,Banking and Finance,2022,2,False
Japan,Banking and Finance,2016,32,True
Luxembourg,Business,2016,0,True
Brazil,Business,2021,8,False
Czechia,Business,2021,0,False
Czechia,Business,2023,1,False
Japan,Business,2023,12,False
Norway,Business,2022,0,False
Italy,Business,2017,2,True
Austria,Business,2017,1,True
Turkey,Business,2017,0,True
European Patent Organization,Business,2022,10,False
Switzerland,Business,2020,0,False
Taiwan,Business,2018,13,True
Taiwan,Business,2022,14,False
Australia,Business,2016,46,True
Japan,Energy Management,2017,71,True
Philippines,Energy Management,2019,1,False
Philippines,Energy Management,2021,0,False
Mexico,Energy Management,2015,0,True
Brazil,Energy Management,2017,2,True
Spain,Energy Management,2015,3,True
Spain,Energy Management,2016,4,True
Slovenia,Energy Management,2015,0,True
Slovenia,Energy Management,2016,0,True
Croatia,Energy Management,2018,0,True
Bulgaria,Energy Management,2020,0,False
Luxembourg,Energy Management,2024,0,False
San Marino,Industry and Manufacturing,2018,0,True
Chile,Industry and Manufacturing,2015,0,True
Japan,Industry and Manufacturing,2015,46,True
Japan,Industry and Manufacturing,2020,234,False
Brazil,Industry and Manufacturing,2019,10,False
Ukraine,Industry and Manufacturing,2015,0,True
World Intellectual Property Organization (WIPO),Industry and Manufacturing,2018,2,True
Mexico,Industry and Manufacturing,2017,9,True
Luxembourg,Industry and Manufacturing,2017,0,True
Austria,Industry and Manufacturing,2016,0,True
Czechia,Industry and Manufacturing,2022,0,False
Malaysia,Industry and Manufacturing,2022,0,False
South Africa,Life Sciences,2023,0,False
Switzerland,Life Sciences,2018,1,True
Norway,Life Sciences,2016,0,True
South Korea,Life Sciences,2016,134,True
Indonesia,Life Sciences,2016,1,True
Austria,Personal Devices and Computing,2019,0,False
Austria,Personal Devices and Computing,2020,5,False
Ukraine,Personal Devices and Computing,2016,0,True
Japan,Personal Devices and Computing,2018,1184,True
Switzerland,Personal Devices and Computing,2017,0,True
Iran,Personal Devices and Computing,2018,1,True
European Patent Organization,Personal Devices and Computing,2022,77,False
China (mainland),Physical Sciences and Engineering,2019,639,False
Mexico,Physical Sciences and Engineering,2020,7,False
United Kingdom,Physical Sciences and Engineering,2022,9,False
Italy,Physical Sciences and Engineering,2018,2,True
Australia,Physical Sciences and Engineering,2021,65,False
Austria,Physical Sciences and Engineering,2015,0,True
Uruguay,Physical Sciences and Engineering,2017,0,True
Germany,Physical Sciences and Engineering,2019,18,False
Spain,Physical Sciences and Engineering,2019,6,False
Czechia,Physical Sciences and Engineering,2019,0,False
Bulgaria,Physical Sciences and Engineering,2020,0,False
Sweden,Security,2017,0,True
Peru,Security,2019,1,False
Ukraine,Security,2021,0,False
Colombia,Security,2019,0,False
South Africa,Security,2018,0,True
India,Security,2019,2,False
Malaysia,Security,2016,2,True
Italy,Security,2019,3,False
Indonesia,Telecommunications,2016,1,True
France,Telecommunications,2016,11,True
Poland,Telecommunications,2022,0,False
South Korea,Telecommunications,2017,378,True
Spain,Telecommunications,2021,8,False
Singapore,Transportation,2021,1,False
Philippines,Transportation,2017,0,True
Mexico,Transportation,2022,0,False
Serbia,Transportation,2018,1,True
Argentina,Transportation,2022,0,False
Bulgaria,Transportation,2019,0,False
Latvia,Transportation,2020,0,False
Russia,Transportation,2018,11,True
Russia,Transportation,2019,16,False
Saudi Arabia,Transportation,2022,0,False
Chile,Transportation,2018,1,True
Eurasian Patent Organization,Transportation,2018,0,True
Finland,Transportation,2016,0,True
New Zealand,Transportation,2021,1,False
Israel,Transportation,2022,1,False
Denmark,Transportation,2019,4,False
European Patent Organization,Transportation,2018,36,True
Czechia,Transportation,2018,1,True
World Intellectual Property Organization (WIPO),Transportation,2018,4,True
United Kingdom,Agriculture,2022,1,False
Argentina,Agriculture,2022,0,False
Singapore,Agriculture,2020,0,False
Ukraine,Agriculture,2022,0,False
Finland,Agriculture,2018,1,True
Peru,Agriculture,2020,2,False
Luxembourg,Agriculture,2020,1,False
Luxembourg,Agriculture,2024,0,False
United States,Agriculture,2015,36,True
United States,Agriculture,2024,0,False
Lithuania,Agriculture,2016,0,True
Belgium,Agriculture,2019,0,False
Poland,All,2017,19,True
World Intellectual Property Organization (WIPO),All,2022,31,False
Ireland,All,2023,1,False
Croatia,All,2019,2,False
Mexico,All,2019,78,False
Bulgaria,All,2023,5,False
European Patent Organization,All,2017,232,True
Morocco,All,2019,5,False
Czechia,All,2018,1,True
Portugal,All,2015,5,True
Sweden,All,2016,11,True
United States,All,2020,11995,False
Israel,All,2015,10,True
Netherlands,Banking and Finance,2022,1,False
Italy,Banking and Finance,2016,1,True
Italy,Banking and Finance,2023,0,False
European Patent Organization,Banking and Finance,2017,6,True
Bulgaria,Banking and Finance,2019,0,False
Bulgaria,Banking and Finance,2023,0,False
Czechia,Banking and Finance,2020,0,False
United Kingdom,Banking and Finance,2016,7,True
Luxembourg,Business,2022,11,False
Poland,Business,2016,0,True
Poland,Business,2022,0,False
Philippines,Business,2018,1,True
Greece,Business,2016,1,True
India,Business,2019,1,False
Bulgaria,Business,2015,0,True
Taiwan,Business,2016,11,True
Peru,Energy Management,2021,0,False
World Intellectual Property Organization (WIPO),Energy Management,2019,5,False
Denmark,Energy Management,2016,1,True
Singapore,Energy Management,2018,4,True
Turkey,Energy Management,2021,0,False
Philippines,Energy Management,2017,0,True
Australia,Energy Management,2023,0,False
Portugal,Energy Management,2017,0,True
Hungary,Energy Management,2017,0,True
Poland,Industry and Manufacturing,2015,3,True
Turkey,Industry and Manufacturing,2021,0,False
United States,Industry and Manufacturing,2016,181,True
Sweden,Industry and Manufacturing,2017,1,True
Russia,Industry and Manufacturing,2021,1,False
Canada,Life Sciences,2015,49,True
Australia,Life Sciences,2015,34,True
United States,Life Sciences,2021,768,False
Ukraine,Life Sciences,2021,1,False
Singapore,Life Sciences,2015,11,True
Italy,Life Sciences,2022,2,False
Chile,Life Sciences,2015,0,True
Peru,Life Sciences,2022,0,False
Hungary,Life Sciences,2022,2,False
World Intellectual Property Organization (WIPO),Life Sciences,2020,20,False
World Intellectual Property Organization (WIPO),Life Sciences,2023,0,False
Serbia,Personal Devices and Computing,2015,1,True
Russia,Personal Devices and Computing,2020,76,False
Lithuania,Personal Devices and Computing,2019,0,False
Israel,Personal Devices and Computing,2016,2,True
Finland,Personal Devices and Computing,2021,4,False
Romania,Personal Devices and Computing,2018,0,True
Slovakia,Physical Sciences and Engineering,2021,0,False
Russia,Physical Sciences and Engineering,2015,3,True
Israel,Physical Sciences and Engineering,2023,1,False
Sweden,Physical Sciences and Engineering,2015,1,True
Philippines,Security,2016,0,True
Belgium,Security,2023,0,False
Peru,Security,2020,1,False
Norway,Security,2016,0,True
Cuba,Security,2020,0,False
New Zealand,Security,2015,2,True
Germany,Security,2015,1,True
Austria,Security,2018,0,True
Malaysia,Security,2020,3,False
Italy,Security,2016,1,True
Italy,Security,2020,1,False
Netherlands,Telecommunications,2020,1,False
South Korea,Telecommunications,2016,166,True
Canada,Telecommunications,2015,26,True
Canada,Telecommunications,2020,90,False
Singapore,Telecommunications,2015,6,True
Morocco,Telecommunications,2022,0,False
Ireland,Telecommunications,2023,0,False
Brazil,Transportation,2022,0,False
France,Transportation,2021,29,False
Finland,Transportation,2015,0,True
China (mainland),Transportation,2024,1460,False
Norway,Transportation,2019,1,False
Japan,Transportation,2017,362,True
United States,Transportation,2015,329,True
Greece,Transportation,2023,0,False
Lithuania,Transportation,2022,0,False
France,Agriculture,2019,1,False
Argentina,Agriculture,2017,1,True
Finland,Agriculture,2022,0,False
Slovakia,Agriculture,2015,0,True
Brazil,Agriculture,2021,2,False
Netherlands,Agriculture,2019,1,False
Japan,Agriculture,2016,16,True
Morocco,Agriculture,2018,0,True
Morocco,Agriculture,2021,0,False
Austria,Agriculture,2015,0,True
United Kingdom,All,2016,130,True
Mexico,All,2021,43,False
South Africa,All,2018,5,True
Belgium,All,2018,8,True
Austria,All,2021,11,False
San Marino,All,2018,1,True
United States,Banking and Finance,2015,127,True
Eurasian Patent Organization,Banking and Finance,2018,0,True
Canada,Banking and Finance,2021,15,False
Peru,Banking and Finance,2023,0,False
United Kingdom,Banking and Finance,2023,0,False
Cuba,Banking and Finance,2020,0,False
Luxembourg,Banking and Finance,2022,1,False
Norway,Banking and Finance,2017,1,True
South Africa,Business,2022,0,False
South Korea,Business,2016,107,True
China (mainland),Business,2015,87,True
European Patent Organization,Business,2023,0,False
Ukraine,Business,2015,0,True
New Zealand,Business,2018,1,True
Poland,Energy Management,2015,1,True
Malaysia,Energy Management,2018,1,True
China (mainland),Energy Management,2020,1867,False
European Patent Organization,Energy Management,2022,11,False
South Africa,Energy Management,2018,1,True
Australia,Energy Management,2017,8,True
Germany,Energy Management,2017,15,True
Italy,Energy Management,2023,0,False
Brazil,Energy Management,2020,1,False
Greece,Energy Management,2020,1,False
Hungary,Energy Management,2022,0,False
Taiwan,Energy Management,2023,2,False
Finland,Industry and Manufacturing,2021,3,False
Portugal,Industry and Manufacturing,2018,2,True
Poland,Industry and Manufacturing,2023,0,False
India,Industry and Manufacturing,2015,2,True
Italy,Industry and Manufacturing,2019,4,False
Italy,Industry and Manufacturing,2021,3,False
Brazil,Industry and Manufacturing,2017,4,True
United Kingdom,Industry and Manufacturing,2017,12,True
United States,Industry and Manufacturing,2020,433,False
Australia,Industry and Manufacturing,2017,18,True
Sweden,Industry and Manufacturing,2016,1,True
Malaysia,Industry and Manufacturing,2017,1,True
Malaysia,Industry and Manufacturing,2021,1,False
Sweden,Life Sciences,2020,4,False
Eurasian Patent Organization,Life Sciences,2015,1,True
Mexico,Life Sciences,2016,8,True
Belgium,Life Sciences,2018,1,True
Ireland,Life Sciences,2018,0,True
Spain,Life Sciences,2019,22,False
Finland,Life Sciences,2016,3,True
Romania,Life Sciences,2015,1,True
Lithuania,Life Sciences,2020,1,False
Chile,Personal Devices and Computing,2015,1,True
Peru,Personal Devices and Computing,2021,0,False
Netherlands,Personal Devices and Computing,2022,14,False
Netherlands,Personal Devices and Computing,2023,1,False
Israel,Personal Devices and Computing,2022,4,False
Sweden,Personal Devices and Computing,2015,2,True
Germany,Personal Devices and Computing,2021,80,False
Indonesia,Personal Devices and Computing,2016,1,True
Finland,Personal Devices and Computing,2022,4,False
Finland,Personal Devices and Computing,2023,0,False
Slovenia,Personal Devices and Computing,2022,0,False
India,Personal Devices and Computing,2021,0,False
Singapore,Personal Devices and Computing,2020,17,False
China (mainland),Physical Sciences and Engineering,2020,998,False
India,Physical Sciences and Engineering,2018,6,True
Ukraine,Physical Sciences and Engineering,2021,0,False
Japan,Physical Sciences and Engineering,2018,121,True
New Zealand,Physical Sciences and Engineering,2020,0,False
Spain,Security,2015,0,True
Finland,Security,2018,2,True
South Africa,Security,2016,1,True
China (mainland),Security,2016,113,True
Germany,Security,2022,11,False
Greece,Security,2016,0,True
Croatia,Telecommunications,2015,0,True
France,Telecommunications,2015,2,True
Sweden,Telecommunications,2016,3,True
Greece,Telecommunications,2023,2,False
Brazil,Telecommunications,2018,15,True
Peru,Telecommunications,2016,1,True
United Kingdom,Telecommunications,2020,51,False
Turkey,Telecommunications,2019,2,False
Canada,Telecommunications,2019,114,False
Ukraine,Telecommunications,2018,0,True
Peru,Transportation,2023,0,False
Italy,Transportation,2016,2,True
Philippines,Transportation,2021,0,False
Bulgaria,Transportation,2015,0,True
Bulgaria,Transportation,2020,0,False
Ukraine,Transportation,2015,0,True
Australia,Transportation,2020,37,False
Belgium,Transportation,2016,0,True
Belgium,Transportation,2022,1,False
New Zealand,Transportation,2015,1,True
South Africa,Transportation,2016,0,True
San Marino,Transportation,2015,0,True
Jordan,Transportation,2021,0,False
United States,Transportation,2021,528,False
Greece,Transportation,2021,0,False
Finland,Agriculture,2021,0,False
Sweden,Agriculture,2017,2,True
Chile,Agriculture,2018,0,True
Bulgaria,Agriculture,2023,0,False
Italy,Agriculture,2019,3,False
World Intellectual Property Organization (WIPO),Agriculture,2018,1,True
South Korea,Agriculture,2021,114,False
Hungary,Agriculture,2019,0,False
India,Agriculture,2017,0,True
Luxembourg,All,2021,37,False
Canada,All,2021,271,False
Spain,All,2022,38,False
Saudi Arabia,All,2022,1,False
International Bureau of WIPO,All,2018,17,True
Denmark,All,2022,4,False
Belgium,All,2016,2,True
Belgium,All,2022,6,False
Germany,All,2023,80,False
Eurasian Patent Organization,All,2017,2,True
United States,All,2019,13441,False
South Korea,All,2020,5868,False
Australia,Banking and Finance,2020,40,False
Hungary,Banking and Finance,2022,0,False
China (mainland),Banking and Finance,2015,17,True
Russia,Banking and Finance,2019,6,False
Austria,Banking and Finance,2022,0,False
Eurasian Patent Organization,Banking and Finance,2016,1,True
Taiwan,Banking and Finance,2017,4,True
Turkey,Banking and Finance,2021,0,False
New Zealand,Banking and Finance,2017,2,True
Canada,Banking and Finance,2017,23,True
Canada,Banking and Finance,2019,36,False
Japan,Banking and Finance,2017,64,True
Argentina,Banking and Finance,2020,0,False
Brazil,Business,2020,10,False
Israel,Business,2020,0,False
Belgium,Business,2019,0,False
Portugal,Business,2020,0,False
Argentina,Business,2020,2,False
Canada,Business,2021,38,False
Lithuania,Energy Management,2019,0,False
Ireland,Energy Management,2023,0,False
South Korea,Energy Management,2023,30,False
Ukraine,Energy Management,2015,0,True
Australia,Energy Management,2021,46,False
Italy,Energy Management,2022,0,False
Norway,Energy Management,2019,1,False
Serbia,Energy Management,2017,0,True
Luxembourg,Energy Management,2018,0,True
Spain,Industry and Manufacturing,2022,4,False
Germany,Industry and Manufacturing,2018,46,True
Taiwan,Industry and Manufacturing,2022,9,False
Ukraine,Industry and Manufacturing,2018,1,True
South Africa,Industry and Manufacturing,2016,0,True
Morocco,Industry and Manufacturing,2016,0,True
China (mainland),Industry and Manufacturing,2019,1294,False
Mexico,Industry and Manufacturing,2018,10,True
Peru,Industry and Manufacturing,2022,0,False
Croatia,Industry and Manufacturing,2015,0,True
Malaysia,Life Sciences,2018,2,True
Luxembourg,Life Sciences,2019,0,False
Serbia,Life Sciences,2018,0,True
Philippines,Life Sciences,2021,0,False
Bulgaria,Life Sciences,2021,0,False
South Korea,Personal Devices and Computing,2015,112,True
United Kingdom,Personal Devices and Computing,2017,102,True
China (mainland),Personal Devices and Computing,2024,6658,False
Netherlands,Personal Devices and Computing,2016,2,True
South Africa,Personal Devices and Computing,2018,1,True
Bulgaria,Personal Devices and Computing,2018,0,True
World Intellectual Property Organization (WIPO),Personal Devices and Computing,2022,10,False
India,Personal Devices and Computing,2019,6,False
Hungary,Personal Devices and Computing,2019,3,False
Croatia,Physical Sciences and Engineering,2015,0,True
Mexico,Physical Sciences and Engineering,2019,11,False
Italy,Physical Sciences and Engineering,2020,0,False
Canada,Physical Sciences and Engineering,2020,35,False
Austria,Physical Sciences and Engineering,2017,2,True
Germany,Physical Sciences and Engineering,2020,15,False
Singapore,Physical Sciences and Engineering,2019,2,False
New Zealand,Physical Sciences and Engineering,2019,1,False
United States,Physical Sciences and Engineering,2022,110,False
France,Security,2020,16,False
Taiwan,Security,2024,0,False
Denmark,Security,2022,0,False
France,Telecommunications,2018,20,True
Brazil,Telecommunications,2015,7,True
Taiwan,Telecommunications,2023,3,False
Mexico,Telecommunications,2015,3,True
Peru,Transportation,2016,0,True
Italy,Transportation,2017,6,True
Philippines,Transportation,2016,0,True
Sweden,Transportation,2022,2,False
International Bureau of WIPO,Transportation,2016,1,True
Ukraine,Transportation,2017,0,True
Finland,Transportation,2020,0,False
Belgium,Transportation,2020,0,False
Colombia,Transportation,2015,0,True
Turkey,Transportation,2016,1,True
South Africa,Transportation,2024,0,False
France,Agriculture,2015,1,True
United Kingdom,Agriculture,2019,7,False
Serbia,Agriculture,2018,1,True
New Zealand,Agriculture,2022,0,False
Singapore,Agriculture,2017,3,True
Greece,Agriculture,2017,0,True
Norway,Agriculture,2019,0,False
India,Agriculture,2019,0,False
Israel,Agriculture,2018,1,True
Luxembourg,All,2019,10,False
Mexico,All,2015,27,True
Switzerland,All,2021,1,False
Peru,All,2022,3,False
New Zealand,All,2022,1,False
Italy,All,2020,24,False
Turkey,All,2019,4,False
Norway,All,2021,4,False
United States,All,2016,5052,True
Israel,All,2022,5,False
Philippines,All,2020,16,False
United States,Banking and Finance,2024,0,False
Malaysia,Banking and Finance,2020,2,False
India,Banking and Finance,2015,3,True
International Bureau of WIPO,Banking and Finance,2016,0,True
Luxembourg,Banking and Finance,2016,0,True
Brazil,Banking and Finance,2017,2,True
Poland,Banking and Finance,2019,0,False
Serbia,Business,2017,0,True
Japan,Business,2019,295,False
South Korea,Business,2020,1065,False
Hungary,Business,2017,2,True
Philippines,Business,2015,2,True
Belgium,Business,2022,0,False
Morocco,Business,2020,1,False
Portugal,Business,2019,0,False
Ukraine,Business,2023,0,False
Costa Rica,Business,2020,0,False
France,Business,2017,6,True
Lithuania,Energy Management,2017,0,True
Czechia,Energy Management,2018,0,True
New Zealand,Energy Management,2021,1,False
France,Energy Management,2017,5,True
Italy,Energy Management,2020,0,False
Norway,Energy Management,2018,0,True
Brazil,Energy Management,2018,2,True
Israel,Energy Management,2020,0,False
Luxembourg,Energy Management,2019,0,False
Singapore,Industry and Manufacturing,2019,3,False
Turkey,Industry and Manufacturing,2016,0,True
Lithuania,Industry and Manufacturing,2015,1,True
World Intellectual Property Organization (WIPO),Industry and Manufacturing,2020,1,False
Morocco,Industry and Manufacturing,2020,0,False
Sweden,Life Sciences,2017,0,True
Canada,Life Sciences,2016,84,True
Luxembourg,Life Sciences,2023,11,False
Turkey,Life Sciences,2019,0,False
Ukraine,Life Sciences,2019,0,False
Slovenia,Life Sciences,2016,0,True
San Marino,Life Sciences,2018,0,True
Mexico,Personal Devices and Computing,2019,29,False
Peru,Personal Devices and Computing,2020,3,False
Morocco,Personal Devices and Computing,2017,1,True
Spain,Personal Devices and Computing,2019,31,False
Hungary,Personal Devices and Computing,2021,1,False
India,Physical Sciences and Engineering,2021,0,False
Netherlands,Physical Sciences and Engineering,2016,0,True
Belgium,Physical Sciences and Engineering,2016,1,True
World Intellectual Property Organization (WIPO),Physical Sciences and Engineering,2020,3,False
Romania,Physical Sciences and Engineering,2015,1,True
Romania,Physical Sciences and Engineering,2018,0,True
Germany,Physical Sciences and Engineering,2018,16,True
Luxembourg,Physical Sciences and Engineering,2023,3,False
Luxembourg,Security,2019,2,False
Singapore,Security,2015,2,True
Norway,Security,2018,0,True
Ukraine,Security,2017,0,True
United States,Security,2018,888,True
South Korea,Security,2020,438,False
China (mainland),Security,2023,1015,False
Lithuania,Security,2017,0,True
Austria,Telecommunications,2021,2,False
Finland,Telecommunications,2021,13,False
Israel,Telecommunications,2021,3,False
Hungary,Telecommunications,2022,1,False
Lithuania,Telecommunications,2019,1,False
Bulgaria,Telecommunications,2023,0,False
Germany,Telecommunications,2020,77,False
Ukraine,Telecommunications,2022,0,False
Ukraine,Transportation,2022,0,False
Morocco,Transportation,2019,0,False
Belgium,Transportation,2021,0,False
Malaysia,Transportation,2018,2,True
Czechia,Transportation,2023,0,False
World Intellectual Property Organization (WIPO),Transportation,2022,0,False
Denmark,Agriculture,2018,2,True
United Kingdom,Agriculture,2023,0,False
Serbia,Agriculture,2017,0,True
China (mainland),Agriculture,2020,446,False
Portugal,Agriculture,2017,0,True
South Africa,Agriculture,2021,0,False
Eurasian Patent Organization,Agriculture,2018,0,True
Japan,Agriculture,2017,27,True
Luxembourg,All,2018,9,True
Netherlands,All,2015,5,True
Romania,All,2023,1,False
Finland,All,2019,28,False
Australia,All,2023,14,False
Lithuania,All,2017,4,True
Japan,All,2023,137,False
Italy,All,2015,4,True
Italy,All,2023,2,False
Czechia,All,2017,1,True
Taiwan,All,2019,418,False
World Intellectual Property Organization (WIPO),Banking and Finance,2019,2,False
Morocco,Banking and Finance,2019,1,False
Sweden,Banking and Finance,2016,3,True
India,Banking and Finance,2020,0,False
Germany,Banking and Finance,2016,13,True
France,Banking and Finance,2019,12,False
Finland,Banking and Finance,2021,0,False
Brazil,Banking and Finance,2019,9,False
Brazil,Business,2017,5,True
Brazil,Business,2022,0,False
Philippines,Business,2016,0,True
Philippines,Business,2020,3,False
Israel,Business,2023,0,False
Greece,Business,2018,0,True
Greece,Business,2019,0,False
Austria,Business,2019,0,False
Colombia,Business,2019,0,False
Taiwan,Business,2019,11,False
Malaysia,Business,2021,0,False
Lithuania,Business,2022,0,False
Australia,Business,2018,55,True
Denmark,Energy Management,2022,1,False
Argentina,Energy Management,2022,0,False
Australia,Energy Management,2022,2,False
Austria,Energy Management,2015,2,True
Italy,Energy Management,2018,1,True
Brazil,Energy Management,2021,2,False
Portugal,Energy Management,2018,1,True
Greece,Energy Management,2021,1,False
Romania,Industry and Manufacturing,2021,0,False
Netherlands,Industry and Manufacturing,2023,0,False
Brazil,Industry and Manufacturing,2015,2,True
Brazil,Industry and Manufacturing,2016,4,True
Taiwan,Industry and Manufacturing,2019,20,False
Australia,Industry and Manufacturing,2023,1,False
World Intellectual Property Organization (WIPO),Industry and Manufacturing,2019,9,False
Russia,Industry and Manufacturing,2015,2,True
Morocco,Industry and Manufacturing,2019,0,False
France,Industry and Manufacturing,2021,3,False
South Korea,Industry and Manufacturing,2019,427,False
Mexico,Industry and Manufacturing,2022,0,False
Canada,Industry and Manufacturing,2017,30,True
Peru,Industry and Manufacturing,2020,2,False
Denmark,Industry and Manufacturing,2019,2,False
Australia,Life Sciences,2016,60,True
South Africa,Life Sciences,2018,0,True
Taiwan,Life Sciences,2019,48,False
Greece,Life Sciences,2018,1,True
Greece,Life Sciences,2023,4,False
Spain,Life Sciences,2024,1,False
Poland,Life Sciences,2020,5,False
Poland,Life Sciences,2021,1,False
Romania,Life Sciences,2021,0,False
Austria,Life Sciences,2015,0,True
United Kingdom,Personal Devices and Computing,2018,119,True
Russia,Personal Devices and Computing,2017,84,True
Lithuania,Personal Devices and Computing,2016,1,True
Kenya,Personal Devices and Computing,2016,0,True
Argentina,Personal Devices and Computing,2017,0,True
Spain,Personal Devices and Computing,2017,36,True
Finland,Personal Devices and Computing,2020,10,False
Poland,Personal Devices and Computing,2020,6,False
Serbia,Physical Sciences and Engineering,2015,0,True
Ukraine,Physical Sciences and Engineering,2017,0,True
Russia,Physical Sciences and Engineering,2017,7,True
Saudi Arabia,Physical Sciences and Engineering,2021,0,False
Finland,Physical Sciences and Engineering,2016,1,True
Greece,Physical Sciences and Engineering,2017,0,True
Poland,Physical Sciences and Engineering,2021,2,False
Portugal,Physical Sciences and Engineering,2016,1,True
Poland,Security,2015,0,True
Slovenia,Security,2022,0,False
United Kingdom,Security,2022,8,False
Portugal,Security,2016,1,True
Eurasian Patent Organization,Security,2017,0,True
Italy,Security,2022,0,False
Romania,Telecommunications,2022,0,False
Norway,Telecommunications,2023,0,False
Denmark,Telecommunications,2022,0,False
Spain,Telecommunications,2024,0,False
Morocco,Telecommunications,2017,0,True
Ukraine,Telecommunications,2019,0,False
Portugal,Telecommunications,2015,2,True
Brazil,Transportation,2020,4,False
Kenya,Transportation,2016,1,True
Netherlands,Transportation,2023,0,False
Czechia,Transportation,2017,0,True
Taiwan,Transportation,2023,3,False
Portugal,Transportation,2020,0,False
New Zealand,Agriculture,2019,0,False
China (mainland),Agriculture,2021,620,False
Ukraine,Agriculture,2016,0,True
International Bureau of WIPO,Agriculture,2017,0,True
Finland,Agriculture,2017,0,True
Italy,Agriculture,2015,0,True
Luxembourg,Agriculture,2022,2,False
Belgium,Agriculture,2020,0,False
Israel,Agriculture,2023,0,False
Iran,All,2018,1,True
Romania,All,2015,3,True
Peru,All,2018,4,True
Portugal,All,2016,6,True
United States,All,2017,8166,True
Australia,Banking and Finance,2022,4,False
Hungary,Banking and Finance,2018,0,True
World Intellectual Property Organization (WIPO),Banking and Finance,2020,3,False
United States,Banking and Finance,2019,687,False
Morocco,Banking and Finance,2015,1,True
Philippines,Banking and Finance,2015,2,True
Taiwan,Banking and Finance,2015,0,True
Mexico,Banking and Finance,2019,8,False
Mexico,Banking and Finance,2022,0,False
Turkey,Banking and Finance,2017,0,True
France,Banking and Finance,2021,2,False
Indonesia,Banking and Finance,2016,1,True
Finland,Banking and Finance,2015,0,True
Finland,Banking and Finance,2017,0,True
Chile,Business,2015,0,True
Chile,Business,2018,0,True
China (mainland),Business,2022,3610,False
Portugal,Business,2017,0,True
Turkey,Business,2016,1,True
Spain,Business,2017,8,True
Slovenia,Business,2016,0,True
France,Business,2016,1,True
Finland,Business,2017,0,True
Canada,Business,2019,76,False
United States,Business,2018,1394,True
Finland,Energy Management,2016,0,True
India,Energy Management,2020,0,False
Russia,Energy Management,2019,0,False
United States,Energy Management,2015,69,True
United States,Energy Management,2022,66,False
Spain,Energy Management,2019,7,False
Croatia,Energy Management,2015,0,True
Colombia,Industry and Manufacturing,2019,0,False
Belgium,Industry and Manufacturing,2021,2,False
United Kingdom,Industry and Manufacturing,2021,6,False
Israel,Industry and Manufacturing,2018,1,True
Australia,Industry and Manufacturing,2020,47,False
World Intellectual Property Organization (WIPO),Industry and Manufacturing,2021,4,False
Russia,Industry and Manufacturing,2017,5,True
Mexico,Industry and Manufacturing,2019,12,False
Luxembourg,Industry and Manufacturing,2016,0,True
Norway,Industry and Manufacturing,2020,1,False
Malaysia,Industry and Manufacturing,2019,1,False
Eurasian Patent Organization,Life Sciences,2016,1,True
Russia,Life Sciences,2021,15,False
Philippines,Life Sciences,2019,2,False
Greece,Life Sciences,2021,0,False
Norway,Life Sciences,2023,0,False
Spain,Life Sciences,2015,17,True
Poland,Life Sciences,2018,5,True
Finland,Life Sciences,2017,4,True
Finland,Life Sciences,2022,3,False
Turkey,Personal Devices and Computing,2017,1,True
Mexico,Personal Devices and Computing,2018,30,True
Lithuania,Personal Devices and Computing,2015,2,True
South Africa,Personal Devices and Computing,2017,2,True
South Africa,Personal Devices and Computing,2023,0,False
Malaysia,Personal Devices and Computing,2020,4,False
Malaysia,Personal Devices and Computing,2021,1,False
Germany,Personal Devices and Computing,2016,60,True
Norway,Personal Devices and Computing,2016,1,True
Bulgaria,Personal Devices and Computing,2015,0,True
Bulgaria,Personal Devices and Computing,2023,0,False
United States,Personal Devices and Computing,2022,1319,False
World Intellectual Property Organization (WIPO),Personal Devices and Computing,2016,2,True
World Intellectual Property Organization (WIPO),Personal Devices and Computing,2021,33,False
European Patent Organization,Personal Devices and Computing,2017,117,True
Ukraine,Physical Sciences and Engineering,2023,0,False
Brazil,Physical Sciences and Engineering,2017,8,True
Eurasian Patent Organization,Physical Sciences and Engineering,2015,0,True
Israel,Physical Sciences and Engineering,2019,0,False
France,Physical Sciences and Engineering,2019,3,False
International Bureau of WIPO,Physical Sciences and Engineering,2015,0,True
United Kingdom,Physical Sciences and Engineering,2015,10,True
Romania,Physical Sciences and Engineering,2017,0,True
Canada,Physical Sciences and Engineering,2017,32,True
Malaysia,Physical Sciences and Engineering,2019,1,False
Germany,Physical Sciences and Engineering,2015,1,True
South Africa,Physical Sciences and Engineering,2018,0,True
South Africa,Physical Sciences and Engineering,2022,0,False
South Korea,Physical Sciences and Engineering,2022,209,False
Norway,Physical Sciences and Engineering,2016,0,True
Lithuania,Physical Sciences and Engineering,2020,1,False
Taiwan,Physical Sciences and Engineering,2015,2,True
United States,Physical Sciences and Engineering,2016,125,True
Philippines,Physical Sciences and Engineering,2018,1,True
Spain,Security,2020,2,False
Mexico,Security,2019,5,False
Ukraine,Security,2022,0,False
France,Security,2019,18,False
Taiwan,Security,2021,8,False
Romania,Security,2023,0,False
Greece,Security,2017,0,True
Argentina,Security,2022,0,False
Netherlands,Security,2017,0,True
Czechia,Security,2019,0,False
Austria,Telecommunications,2018,0,True
World Intellectual Property Organization (WIPO),Telecommunications,2022,3,False
South Africa,Telecommunications,2020,0,False
Morocco,Telecommunications,2019,3,False
Austria,Transportation,2017,5,True
Austria,Transportation,2021,2,False
Philippines,Transportation,2020,2,False
Bulgaria,Transportation,2021,0,False
Ukraine,Transportation,2018,0,True
Ukraine,Transportation,2021,0,False
France,Transportation,2016,13,True
Belgium,Transportation,2023,0,False
Israel,Transportation,2018,0,True
San Marino,Transportation,2018,0,True
